cell,ident
AAACATACATTTCC.1,1
AAACATACCAGAAA.1,1
AAACATACCTCGCT.1,1
AAACATACCTGGTA.1,14
AAACATACGATGAA.1,3
AAACATACGGCATT.1,1
AAACATACTGCGTA.1,7
AAACATACTGCTGA.1,3
AAACATTGAGTGTC.1,6
AAACATTGCTTCGC.1,1
AAACCGTGAGCCAT.1,3
AAACCGTGGAGGCA.1,3
AAACCGTGTGCTAG.1,10
AAACGCACACTTTC.1,4
AAACGCACAGTACC.1,11
AAACGCACCAACCA.1,3
AAACGCACGCTGTA.1,6
AAACGCACGGGAGT.1,3
AAACGCACTCGCCT.1,1
AAACGCTGACCTTT.1,7
AAACGCTGCAGTTG.1,3
AAACGCTGCCTAAG.1,3
AAACGCTGCGTTGA.1,3
AAACGCTGCTGACA.1,6
AAACGCTGGATAAG.1,3
AAACGCTGGGACAG.1,1
AAACGCTGGGGATG.1,1
AAACGCTGGGTTTG.1,3
AAACGCTGTAGCGT.1,6
AAACGCTGTGCTAG.1,6
AAACGCTGTTCCAT.1,3
AAACGGCTAGAGTA.1,1
AAACGGCTAGTACC.1,3
AAACGGCTCTTCGC.1,1
AAACGGCTGGTCAT.1,7
AAACGGCTTACTCT.1,9
AAACGGCTTCTCTA.1,1
AAACTTGACCTGAA.1,1
AAACTTGACTCTTA.1,4
AAACTTGACTGAGT.1,6
AAACTTGACTGGAT.1,9
AAACTTGAGACGAG.1,10
AAACTTGAGCCCTT.1,3
AAACTTGAGGAAAT.1,3
AAAGACGAAACAGA.1,1
AAAGACGAACACGT.1,3
AAAGACGAAGTCTG.1,3
AAAGACGACCCGTT.1,10
AAAGACGACGCCTT.1,10
AAAGACGACGGAGA.1,3
AAAGACGAGTAAGA.1,1
AAAGAGACGAGGTG.1,1
AAAGAGACTCAGAC.1,3
AAAGAGACTCTGGA.1,3
AAAGATCTACCCTC.1,1
AAAGATCTGACACT.1,3
AAAGATCTTGCAGT.1,2
AAAGCAGAAGTTCG.1,11
AAAGCAGAGTTTCT.1,1
AAAGCAGATGCAAC.1,9
AAAGCCTGAAGTAG.1,1
AAAGCCTGACGTGT.1,3
AAAGCCTGCTAGCA.1,6
AAAGCCTGGCTAAC.1,10
AAAGCCTGGGATTC.1,9
AAAGCCTGTACAGC.1,3
AAAGCCTGTGGTAC.1,3
AAAGGCCTAAACGA.1,9
AAAGGCCTAGTCTG.1,1
AAAGGCCTCGAGAG.1,1
AAAGGCCTGAGGAC.1,1
AAAGTTTGAACCAC.1,6
AAAGTTTGACTCTT.1,7
AAAGTTTGCGAGAG.1,9
AAAGTTTGCTGAGT.1,3
AAAGTTTGCTTCTA.1,6
AAAGTTTGTAGCGT.1,3
AAAGTTTGTGTGGT.1,1
AAAGTTTGTTCGTT.1,1
AAATACTGGGTTCA.1,9
AAATACTGGTTCTT.1,1
AAATACTGGTTGAC.1,7
AAATCAACCTGTAG.1,9
AAATCAACGGTCAT.1,1
AAATCAACGTCGTA.1,1
AAATCATGACACCA.1,3
AAATCATGACACGT.1,3
AAATCATGCTCTAT.1,1
AAATCATGGAGAGC.1,1
AAATCATGGGTTCA.1,1
AAATCCCTAAGAAC.1,1
AAATCCCTACACAC.1,3
AAATCCCTCTTGAG.1,1
AAATCCCTGCTATG.1,3
AAATCCCTGTTGAC.1,1
AAATCCCTTAGCGT.1,10
AAATCCCTTTCCAT.1,6
AAATCTGACTTTAC.1,6
AAATCTGAGCTTCC.1,1
AAATGGGAAACCTG.1,11
AAATGGGACCTTTA.1,9
AAATGGGACTCATT.1,3
AAATGGGAGACAGG.1,6
AAATGGGAGGGAGT.1,1
AAATGGGAGTCCTC.1,3
AAATGGGAGTCTGA.1,1
AAATGTTGAGAGTA.1,10
AAATGTTGAGCTCA.1,1
AAATGTTGCCAAGT.1,3
AAATGTTGCCTCCA.1,9
AAATGTTGTCTTTG.1,1
AAATTCGAAGCTCA.1,1
AAATTCGATGTGCA.1,1
AAATTGACAAACAG.1,1
AAATTGACCACTTT.1,3
AAATTGACCTGAGT.1,1
AAATTGACCTGATG.1,1
AAATTGACTGCCCT.1,13
AAATTGACTTTCTG.1,3
AACAAACTCATGCA.1,6
AACAAACTTGATGC.1,14
AACAATACCCCAAA.1,3
AACAATACCCCTCA.1,1
AACAATACGCAAGG.1,1
AACAATACGGATTC.1,10
AACACGTGAAACGA.1,3
AACACGTGCCCTCA.1,9
AACACGTGCGCATA.1,3
AACACGTGCTGTGA.1,10
AACACGTGTCTCGC.1,6
AACACTCTAAGGGC.1,3
AACACTCTAAGTAG.1,1
AACACTCTCAGAGG.1,3
AACACTCTCTTGTT.1,1
AACACTCTGAAAGT.1,1
AACACTCTGGAGGT.1,1
AACAGAGAACGGTT.1,1
AACAGAGAAGTACC.1,3
AACAGAGACAGATC.1,3
AACAGAGACGTTGA.1,3
AACAGAGACTTCCG.1,6
AACAGAGAGGCGAA.1,3
AACAGAGATGCTTT.1,1
AACAGCACAACGTC.1,1
AACAGCACAGTCAC.1,1
AACAGCACATCGAC.1,3
AACAGCACGAGACG.1,1
AACAGCACGTCGAT.1,1
AACAGCACTGGGAG.1,1
AACCACGAAGTAGA.1,3
AACCACGAAGTGTC.1,6
AACCACGACCACCT.1,6
AACCACGAGAATCC.1,1
AACCACGAGGTGGA.1,6
AACCAGTGGACGAG.1,3
AACCAGTGTGAAGA.1,1
AACCAGTGTTTCTG.1,6
AACCCAGAAGCCAT.1,6
AACCCAGACCGATA.1,1
AACCCAGAGCTGTA.1,10
AACCCAGAGTAGGG.1,3
AACCCAGATCCTCG.1,7
AACCCAGATGAGGG.1,13
AACCGATGCTGATG.1,3
AACCGATGTCCAGA.1,7
AACCGCCTAGTTCG.1,1
AACCGCCTCAGGAG.1,7
AACCGCCTGCATAC.1,3
AACCGCCTGTGTAC.1,3
AACCGCCTTGCCTC.1,6
AACCTACTTCTCCG.1,3
AACCTTACAGGGTG.1,3
AACCTTACCAAGCT.1,1
AACCTTACGCTACA.1,3
AACCTTACGGTATC.1,3
AACCTTACGTAAAG.1,9
AACCTTACTCCCAC.1,3
AACCTTACTTTGTC.1,3
AACCTTTGAAGGTA.1,3
AACCTTTGCGCATA.1,6
AACCTTTGTGCCCT.1,1
AACGCAACTTGCAG.1,3
AACGCATGACCTAG.1,1
AACGCATGGAACTC.1,9
AACGCATGGCCATA.1,1
AACGCATGGGGAGT.1,10
AACGCATGTAGAAG.1,1
AACGCCCTAATCGC.1,3
AACGCCCTATTGGC.1,3
AACGCCCTTCTTAC.1,10
AACGCCCTTCTTTG.1,7
AACGGTACAAGAGT.1,1
AACGGTACGGTCTA.1,1
AACGGTTGACGTTG.1,6
AACGGTTGACTACG.1,9
AACGGTTGTAAGCC.1,1
AACGGTTGTCCAGA.1,1
AACGTCGACATTGG.1,13
AACGTCGACGTTGA.1,1
AACGTGTGAAGGTA.1,3
AACGTGTGCACTCC.1,1
AACGTGTGTATTCC.1,1
AACGTTCTATGTCG.1,1
AACGTTCTCGTTGA.1,1
AACGTTCTCTAGTG.1,1
AACGTTCTTCCGTC.1,7
AACGTTCTTTCATC.1,6
AACTACCTACCATG.1,3
AACTACCTCCCTAC.1,13
AACTACCTGTAAAG.1,9
AACTACCTGTACAC.1,3
AACTACCTTCGCCT.1,3
AACTACCTTTCGGA.1,11
AACTACCTTTGGCA.1,3
AACTCACTCTTGTT.1,9
AACTCACTGACGTT.1,1
AACTCACTTTAGGC.1,6
AACTCGGAATTCTC.1,1
AACTCGGACTGCAA.1,8
AACTCGGAGCATAC.1,6
AACTCGGATGCAGT.1,9
AACTCTTGCACACA.1,3
AACTCTTGCATTCT.1,9
AACTCTTGGTAGGG.1,1
AACTCTTGTTCACT.1,1
AACTCTTGTTCCCG.1,3
AACTGTCTATCTCT.1,1
AACTGTCTCAATCG.1,1
AACTGTCTGACGTT.1,6
AACTTGCTCGAGAG.1,3
AACTTGCTTGAGCT.1,3
AACTTGCTTGGTTG.1,9
AAGAACGAAACGAA.1,9
AAGAACGAAGAGTA.1,6
AAGAACGACAGGAG.1,1
AAGAACGACCTCAC.1,7
AAGAACGATACGCA.1,1
AAGAACGATCGCAA.1,3
AAGAAGACCCAAGT.1,1
AAGAAGACCGTGAT.1,1
AAGAAGACCTGTCC.1,3
AAGAAGACGGTGGA.1,1
AAGAAGACTGCTGA.1,3
AAGAATCTCTGTGA.1,10
AAGAATCTGTGAGG.1,1
AAGACAGAACCAGT.1,1
AAGACAGAACCTGA.1,1
AAGACAGAGCCCTT.1,1
AAGACAGAGTTAGC.1,1
AAGAGATGACGCTA.1,10
AAGAGATGGGTCAT.1,10
AAGAGATGTTGAGC.1,1
AAGATGGACCGATA.1,3
AAGATGGATCCAAG.1,10
AAGATGGATCTTTG.1,14
AAGATTACCAAGCT.1,10
AAGATTACGGAGTG.1,6
AAGATTACTCTCCG.1,1
AAGCAAGAAGGGTG.1,3
AAGCAAGATAACCG.1,9
AAGCAAGATATGCG.1,3
AAGCAAGATCACCC.1,1
AAGCAAGATGGTCA.1,9
AAGCAAGATTGCGA.1,3
AAGCACTGAGGTCT.1,1
AAGCACTGCAAAGA.1,9
AAGCACTGCCATGA.1,6
AAGCCAACAGAATG.1,3
AAGCCAACCTTGAG.1,1
AAGCCAACGTGTTG.1,6
AAGCCAACTTCGGA.1,1
AAGCCATGTCCCGT.1,6
AAGCCATGTGTGGT.1,9
AAGCCTGATCAGTG.1,3
AAGCGACTATGTCG.1,3
AAGCGACTCTGGAT.1,1
AAGCGACTGTCAAC.1,1
AAGCGACTGTCTGA.1,6
AAGCGACTTCTTAC.1,3
AAGCGACTTGCGTA.1,3
AAGCGACTTGCTAG.1,1
AAGCGTACGGTGTT.1,3
AAGCGTACTGAAGA.1,10
AAGCGTACTTTGCT.1,3
AAGGCTACCTTGTT.1,3
AAGGCTTGCGTACA.1,3
AAGGCTTGGAGACG.1,1
AAGGCTTGGTTCGA.1,11
AAGGCTTGTCAGAC.1,1
AAGGCTTGTCAGTG.1,1
AAGGCTTGTCCAGA.1,3
AAGGCTTGTTCCAT.1,10
AAGGTCACACCTTT.1,6
AAGGTCACCGGGAA.1,3
AAGGTCACTCGATG.1,3
AAGGTCACTGGAAA.1,6
AAGGTCTGACGGTT.1,3
AAGGTCTGTGTGGT.1,7
AAGGTGCTTAAGCC.1,1
AAGGTGCTTCAGAC.1,3
AAGTAACTATCAGC.1,1
AAGTAACTGTCAAC.1,3
AAGTAACTTCAGTG.1,10
AAGTAGGACACAAC.1,1
AAGTAGGAGACGTT.1,1
AAGTAGGAGGAAGC.1,1
AAGTAGGAGTCGTA.1,6
AAGTAGGATTATCC.1,1
AAGTATACCGCCTT.1,6
AAGTATACTGGAAA.1,3
AAGTCCGACGTAAC.1,3
AAGTCCGACTCAAG.1,9
AAGTCCGACTCTCG.1,3
AAGTCCGACTGGTA.1,7
AAGTCCGATTCGGA.1,3
AAGTCTCTGAAAGT.1,3
AAGTCTCTGGTAAA.1,9
AAGTGCACCCTTTA.1,1
AAGTGCACCTACGA.1,1
AAGTGCACCTACTT.1,3
AAGTGCACGTGAGG.1,1
AAGTGCACTCTAGG.1,1
AAGTGCACTCTATC.1,1
AAGTGCACTGCTCC.1,7
AAGTGGCTACCCTC.1,3
AAGTGGCTACGGGA.1,3
AAGTGGCTACTGTG.1,1
AAGTGGCTCCAGTA.1,1
AAGTGGCTCCTACC.1,1
AAGTGGCTCGGGAA.1,1
AAGTGGCTGGTGTT.1,6
AAGTGGCTGTAAAG.1,9
AAGTGGCTGTCAAC.1,7
AAGTTATGAAGATG.1,1
AAGTTATGAGTTCG.1,3
AAGTTATGCAAGCT.1,1
AAGTTATGCAGAAA.1,1
AAGTTATGCAGATC.1,1
AAGTTATGCGGGAA.1,3
AAGTTATGCTAAGC.1,1
AAGTTATGGGTGTT.1,6
AAGTTATGGTCGAT.1,1
AAGTTATGTGCTAG.1,3
AAGTTATGTTACTC.1,3
AAGTTCCTACCAAC.1,6
AAGTTCCTAGAAGT.1,3
AAGTTCCTTGCAAC.1,3
AATAACACTGGTTG.1,6
AATAAGCTAGTTCG.1,13
AATAAGCTCTATTC.1,3
AATAAGCTGGACGA.1,10
AATAAGCTTGCCCT.1,3
AATAAGCTTGGAAA.1,3
AATACCCTACCTTT.1,13
AATACCCTGACACT.1,10
AATACCCTGGACGA.1,11
AATACCCTGTCGAT.1,3
AATACCCTTTAGGC.1,3
AATACTGAAGGAGC.1,1
AATACTGAAGTTCG.1,1
AATACTGAGGTACT.1,1
AATACTGATCGCTC.1,1
AATACTGATTGTGG.1,3
AATAGGGAAAGGGC.1,1
AATAGGGACAGATC.1,10
AATAGGGACATTTC.1,7
AATAGGGAGGGAGT.1,1
AATAGGGATTATCC.1,13
AATATCGAGAGGCA.1,1
AATCAAACACCTTT.1,9
AATCAAACCCTGTC.1,1
AATCAAACTCCTTA.1,1
AATCCGGAGCTACA.1,3
AATCCGGATTGCTT.1,1
AATCCTACACGGGA.1,6
AATCCTACGGATTC.1,1
AATCCTACTCGTTT.1,9
AATCCTACTGCAGT.1,1
AATCCTACTGTCCC.1,3
AATCCTTGCGCTAA.1,1
AATCCTTGCTCTTA.1,1
AATCCTTGGTATGC.1,13
AATCCTTGGTGTTG.1,1
AATCGGTGAGGAGC.1,3
AATCGGTGGAGATA.1,3
AATCGGTGGGTACT.1,1
AATCGGTGGTAAAG.1,3
AATCGGTGGTCAAC.1,3
AATCGGTGTTGGTG.1,10
AATCTAGAAAAGCA.1,6
AATCTAGAGCCTTC.1,1
AATCTAGAGGCATT.1,1
AATCTAGATAGCCA.1,1
AATCTAGATTCTAC.1,3
AATCTCACGACGAG.1,10
AATCTCACTTCGCC.1,3
AATCTCTGAGTCGT.1,1
AATCTCTGAGTCTG.1,7
AATCTCTGTGGTCA.1,6
AATCTCTGTTCGTT.1,7
AATGAGGAGGGCAA.1,4
AATGCGTGCACACA.1,3
AATGCGTGGGGACA.1,3
AATGCGTGTCCCAC.1,10
AATGCGTGTGAACC.1,7
AATGGAGACAAAGA.1,1
AATGGAGAGTCTAG.1,1
AATGGAGATACGAC.1,3
AATGGAGATCTACT.1,1
AATGGAGATCTGGA.1,6
AATGGCTGAAGGTA.1,1
AATGGCTGCACCAA.1,3
AATGGCTGCATCAG.1,1
AATGGCTGGTTAGC.1,1
AATGGCTGTGGTTG.1,1
AATGGCTGTTCGTT.1,10
AATGTAACACGGTT.1,9
AATGTAACCTCCCA.1,3
AATGTAACGGTCAT.1,1
AATGTAACTGAGAA.1,1
AATGTAACTGCATG.1,1
AATGTAACTTTGCT.1,1
AATGTCCTAGCATC.1,3
AATGTCCTATCGGT.1,14
AATGTCCTCACAAC.1,3
AATGTCCTGGAACG.1,3
AATGTCCTTACGCA.1,6
AATGTTGAAAACAG.1,1
AATGTTGAAACAGA.1,7
AATGTTGAACTTTC.1,3
AATGTTGAATTTCC.1,1
AATGTTGAGAATAG.1,9
AATGTTGAGGTATC.1,6
AATGTTGATTGTGG.1,1
AATTACGAAAACGA.1,3
AATTACGAACCTTT.1,14
AATTACGACTATTC.1,3
AATTACGATTGCTT.1,1
AATTCCTGATCAGC.1,9
AATTCCTGCAGAAA.1,1
AATTCCTGCCACCT.1,1
AATTCCTGCTATTC.1,3
AATTCCTGGAACCT.1,9
AATTCCTGTTGACG.1,1
AATTCCTGTTTACC.1,1
AATTGATGCACTAG.1,1
AATTGATGCATTGG.1,6
AATTGATGCCACCT.1,13
AATTGATGGAACCT.1,3
AATTGATGTGCTCC.1,14
AATTGTGAAGATGA.1,7
AATTGTGACCTAAG.1,1
AATTGTGACGCTAA.1,3
AATTGTGACTGTTT.1,9
AATTGTGAGTACAC.1,1
ACAAAGGAACAGCT.1,1
ACAAAGGAAGATCC.1,1
ACAAAGGAAGGAGC.1,10
ACAAAGGATCCAGA.1,10
ACAAAGGATTATCC.1,3
ACAAATTGACCTGA.1,1
ACAAATTGGTTCGA.1,1
ACAAATTGTAGAAG.1,3
ACAACCGAAGCATC.1,1
ACAACCGACGAGAG.1,1
ACAACCGACTGGTA.1,7
ACAACCGATCCAGA.1,9
ACAACCGATCTTCA.1,6
ACAACCGATGCATG.1,1
ACAACCGATTCCAT.1,3
ACAACCGATTTACC.1,10
ACAAGAGAAAAACG.1,3
ACAAGAGAAAACGA.1,1
ACAAGAGACAATCG.1,3
ACAAGAGACAGTTG.1,1
ACAAGAGACGAGTT.1,6
ACAAGAGACTTGAG.1,1
ACAAGAGAGGTGAG.1,1
ACAAGAGATATCTC.1,13
ACAAGCACAATCGC.1,1
ACAAGCACCTTACT.1,1
ACAAGCACTACGAC.1,3
ACAAGCACTTCACT.1,3
ACAATAACACACTG.1,9
ACAATAACCGTACA.1,3
ACAATAACTGCCAA.1,9
ACAATCCTAGTCGT.1,1
ACAATCCTATCTCT.1,3
ACAATCCTCGTACA.1,1
ACAATCCTTCGACA.1,3
ACAATCCTTCTTCA.1,9
ACAATCCTTGGAGG.1,1
ACAATTGAAGCTCA.1,1
ACAATTGACTAGAC.1,3
ACAATTGATTCATC.1,1
ACACAGACTTTCAC.1,3
ACACATCTACCAGT.1,1
ACACATCTCGCCTT.1,1
ACACATCTCTAGAC.1,3
ACACATCTCTGTGA.1,3
ACACATCTGTATCG.1,3
ACACATCTTCACCC.1,10
ACACCAGACATGAC.1,9
ACACCAGACTAGTG.1,7
ACACCAGAGTCATG.1,1
ACACCCTGATGGTC.1,1
ACACCCTGTCCTAT.1,3
ACACGAACACTAGC.1,3
ACACGAACGCTGTA.1,6
ACACGAACTGTCCC.1,1
ACACGATGAGCGTT.1,3
ACACGATGCATGGT.1,6
ACACGATGGGCATT.1,1
ACACGATGTCCCAC.1,1
ACACGATGTTCTAC.1,3
ACACGTGAAGACTC.1,9
ACACGTGAAGATGA.1,3
ACACGTGATTCATC.1,1
ACAGACACAAGTAG.1,3
ACAGACACACCTAG.1,7
ACAGACACCTAAGC.1,7
ACAGCAACTCTTTG.1,9
ACAGCAACTTCGGA.1,1
ACAGCAACTTGTGG.1,13
ACAGGTACAGAATG.1,1
ACAGGTACCCTACC.1,1
ACAGGTACGAATCC.1,1
ACAGGTACGATGAA.1,7
ACAGGTACGTAGCT.1,3
ACAGGTACGTTGCA.1,0
ACAGGTACTTTGCT.1,3
ACAGTCGACATGAC.1,1
ACAGTCGACCCTAC.1,1
ACAGTCGACTACGA.1,13
ACAGTGACCCCTAC.1,3
ACAGTGACCGTTAG.1,1
ACAGTGACCTGCAA.1,6
ACAGTGACGTGCTA.1,3
ACAGTGTGCCAAGT.1,9
ACAGTGTGCCGCTT.1,6
ACAGTGTGCTGTAG.1,1
ACAGTGTGGCGAAG.1,3
ACAGTGTGTCTTAC.1,1
ACAGTGTGTGAACC.1,1
ACAGTGTGTTTGTC.1,10
ACAGTTCTGGTGAG.1,1
ACAGTTCTTACGAC.1,9
ACATACCTAAACGA.1,6
ACATACCTCTAGCA.1,9
ACATACCTCTCCCA.1,7
ACATACCTGTAAGA.1,3
ACATACCTGTGCTA.1,1
ACATACCTTCCAGA.1,13
ACATCACTAAAACG.1,3
ACATCACTCAACCA.1,3
ACATCACTTCTTTG.1,3
ACATCACTTGGAGG.1,7
ACATGGTGCGATAC.1,1
ACATGGTGGAATAG.1,1
ACATGGTGGATGAA.1,10
ACATGGTGGTTCTT.1,1
ACATGGTGTTCGGA.1,3
ACATTCTGATAAGG.1,1
ACATTCTGATGGTC.1,7
ACATTCTGCCCGTT.1,5
ACATTCTGTATGGC.1,1
ACATTCTGTCGCCT.1,3
ACATTCTGTTTGGG.1,3
ACCAACGAATAAGG.1,1
ACCAACGACATGGT.1,1
ACCAACGAGCTTAG.1,10
ACCAACGATACGAC.1,9
ACCACAGACGAGTT.1,1
ACCACAGACGCCTT.1,6
ACCACAGAGTGTTG.1,3
ACCACAGATGACAC.1,3
ACCACAGATGACTG.1,1
ACCACAGATTCTGT.1,1
ACCACCTGGTACGT.1,3
ACCACCTGGTGTTG.1,0
ACCACCTGGTTGAC.1,9
ACCACGCTACCTTT.1,7
ACCACGCTATCTTC.1,3
ACCACGCTCTATTC.1,1
ACCACGCTGACTAC.1,1
ACCACGCTTTTGTC.1,1
ACCAGCCTGCAGTT.1,9
ACCAGCCTGGGTGA.1,3
ACCAGCCTGGTTTG.1,1
ACCAGTGAAACGGG.1,1
ACCAGTGAACCTTT.1,6
ACCAGTGAACTGGT.1,7
ACCAGTGACCGATA.1,10
ACCAGTGACTCAGA.1,3
ACCATTACTCGCCT.1,3
ACCATTACTCTTTG.1,1
ACCATTACTTGCTT.1,3
ACCATTTGCCACCT.1,10
ACCCAAGAACTGTG.1,1
ACCCAAGACCTTAT.1,3
ACCCAAGACGTCTC.1,1
ACCCAAGACTCATT.1,6
ACCCACTGAACGGG.1,1
ACCCACTGCGGTAT.1,1
ACCCACTGCTGTAG.1,3
ACCCAGCTCCCTTG.1,6
ACCCAGCTTATCGG.1,1
ACCCAGCTTGGATC.1,1
ACCCAGCTTTGCAG.1,1
ACCCGTACAACCTG.1,10
ACCCGTACAGCGTT.1,1
ACCCGTACCGAGAG.1,1
ACCCGTACCGCAAT.1,1
ACCCGTACGGAACG.1,3
ACCCGTACGGACAG.1,3
ACCCGTACTGTGCA.1,1
ACCCGTTGACCAAC.1,3
ACCCGTTGCTACTT.1,10
ACCCGTTGGAGGTG.1,1
ACCCGTTGGCATCA.1,9
ACCCGTTGGCTATG.1,3
ACCCGTTGGCTGAT.1,1
ACCCGTTGGCTTAG.1,1
ACCCGTTGTGTGGT.1,10
ACCCTCGAACTCTT.1,3
ACCCTCGACGCAAT.1,9
ACCGAAACAGCGTT.1,1
ACCGAAACCTGTCC.1,1
ACCGAAACGTCCTC.1,1
ACCGAAACGTGTAC.1,1
ACCGCGGAACACGT.1,1
ACCGCGGACAATCG.1,3
ACCGCGGACACTTT.1,1
ACCGCGGAGAGCAG.1,6
ACCGTGCTTAACCG.1,1
ACCTATTGAGCACT.1,1
ACCTATTGTGAACC.1,3
ACCTATTGTGGAAA.1,6
ACCTCCGAATCTTC.1,1
ACCTCCGACACCAA.1,1
ACCTCCGAGAAAGT.1,3
ACCTCCGAGGTGAG.1,1
ACCTCGTGCTTGTT.1,9
ACCTGAGACCGCTT.1,9
ACCTGAGAGTTGGT.1,3
ACCTGAGATCGCAA.1,3
ACCTGAGATGCTAG.1,9
ACCTGGCTACGTGT.1,1
ACCTGGCTATCGTG.1,1
ACCTGGCTTCTTCA.1,1
ACCTTTGAAATGCC.1,1
ACCTTTGAAGATCC.1,10
ACCTTTGAAGCACT.1,3
ACCTTTGAAGTCTG.1,6
ACCTTTGATCCCGT.1,1
ACGAACACGAGCAG.1,1
ACGAACACGTCTAG.1,1
ACGAACTGACCTCC.1,1
ACGAACTGCTCCCA.1,11
ACGAACTGGCGGAA.1,10
ACGAACTGGTACCA.1,10
ACGAACTGGTCGTA.1,6
ACGAACTGTTTGCT.1,1
ACGAAGCTAGAGGC.1,3
ACGAAGCTATACCG.1,4
ACGAAGCTGACGAG.1,3
ACGAAGCTTCGTGA.1,3
ACGAAGCTTGACCA.1,1
ACGAAGCTTTCGTT.1,1
ACGACAACACACGT.1,11
ACGACAACGGAAGC.1,3
ACGACAACGTTACG.1,9
ACGACAACTTGTGG.1,1
ACGACCCTCAACTG.1,1
ACGACCCTGAACTC.1,11
ACGACCCTGGTGGA.1,1
ACGACCCTGTATGC.1,13
ACGACCCTTATGCG.1,13
ACGAGGGAACCTTT.1,1
ACGAGGGACCTTAT.1,0
ACGAGGGAGTCACA.1,1
ACGAGTACCTCCCA.1,3
ACGAGTACGTCCTC.1,9
ACGAGTACTATGGC.1,11
ACGATCGAACGCAT.1,1
ACGATCGAAGATGA.1,9
ACGATCGAATGGTC.1,6
ACGATCGACCGAAT.1,9
ACGATCGACGAGAG.1,1
ACGATCGATGAGGG.1,1
ACGATCGATTGCGA.1,7
ACGATGACAATGCC.1,1
ACGATGACCACACA.1,3
ACGATGACGAACTC.1,3
ACGATGACGGATCT.1,1
ACGATTCTCCCACT.1,9
ACGATTCTGACACT.1,6
ACGATTCTGCGATT.1,6
ACGATTCTGTCACA.1,1
ACGATTCTTGGAAA.1,1
ACGCAATGAAGGGC.1,6
ACGCAATGAGGGTG.1,1
ACGCAATGCACAAC.1,9
ACGCAATGCCGATA.1,6
ACGCAATGGTCTAG.1,1
ACGCAATGGTTCTT.1,9
ACGCAATGTATGGC.1,7
ACGCACCTCCATAG.1,1
ACGCACCTGCTATG.1,1
ACGCACCTTTCCGC.1,7
ACGCCACTACAGTC.1,3
ACGCCACTGACAGG.1,3
ACGCCACTTCTTTG.1,6
ACGCCACTTTCGGA.1,1
ACGCCGGAACTCAG.1,9
ACGCCGGACATGGT.1,1
ACGCCGGACGCAAT.1,9
ACGCCGGATTGCGA.1,1
ACGCCTTGACCTGA.1,3
ACGCCTTGCGCTAA.1,3
ACGCCTTGTGTCGA.1,3
ACGCCTTGTTCTGT.1,3
ACGCGGTGAATGCC.1,14
ACGCGGTGGACGTT.1,9
ACGCGGTGGGAAAT.1,1
ACGCGGTGTCTCCG.1,10
ACGCGGTGTGGCAT.1,3
ACGCTCACAGGTCT.1,1
ACGCTCACCTAGCA.1,6
ACGCTCACCTCCAC.1,1
ACGCTCACGTATGC.1,3
ACGCTCACTAGAGA.1,13
ACGCTCACTCTTTG.1,1
ACGCTGCTACTGGT.1,13
ACGCTGCTAGTTCG.1,9
ACGCTGCTATCGTG.1,9
ACGCTGCTCGTACA.1,1
ACGCTGCTGCGTAT.1,1
ACGCTGCTGCTGTA.1,1
ACGCTGCTGGAAAT.1,1
ACGGAACTCGCAAT.1,3
ACGGAACTGTGAGG.1,3
ACGGAACTGTTCAG.1,1
ACGGAACTTCCCAC.1,1
ACGGAGGACGTAAC.1,9
ACGGAGGATCTTTG.1,1
ACGGATTGCTCCAC.1,9
ACGGATTGGGGCAA.1,3
ACGGATTGGTTGTG.1,10
ACGGCGTGCAGCTA.1,9
ACGGCGTGCTTTAC.1,7
ACGGCGTGGACGTT.1,9
ACGGCGTGGCGGAA.1,6
ACGGCGTGGTCCTC.1,3
ACGGCGTGGTTCAG.1,1
ACGGCGTGTACTTC.1,3
ACGGCGTGTGCTCC.1,10
ACGGCTCTAGACTC.1,1
ACGGCTCTATCGGT.1,1
ACGGCTCTCATACG.1,1
ACGGCTCTCTGTTT.1,1
ACGGCTCTGTATGC.1,1
ACGGCTCTTTCTGT.1,10
ACGGGAGAAAGGCG.1,3
ACGGGAGAAGCCAT.1,7
ACGGGAGAATCTCT.1,10
ACGGGAGACCAACA.1,10
ACGGGAGACCAGTA.1,1
ACGGGAGACTCAAG.1,6
ACGGGAGAGGAAGC.1,6
ACGGGAGAGGACAG.1,1
ACGGGAGATACTCT.1,10
ACGGGAGATGTAGC.1,3
ACGGTATGACCAGT.1,1
ACGGTATGACCATG.1,1
ACGGTATGCCGCTT.1,1
ACGGTATGCTCAGA.1,3
ACGGTATGTTTCTG.1,6
ACGGTCCTACCCAA.1,1
ACGGTCCTGAGATA.1,1
ACGTAGACCGTTAG.1,10
ACGTCAGAAGGGTG.1,9
ACGTCAGACATTTC.1,1
ACGTCAGACTACTT.1,3
ACGTCAGAGCTACA.1,3
ACGTCCTGCCTTCG.1,1
ACGTCCTGCTGAAC.1,1
ACGTCCTGGGGTGA.1,3
ACGTCCTGGGTGAG.1,10
ACGTCCTGTCGCCT.1,3
ACGTCCTGTGCCTC.1,6
ACGTCCTGTTCTGT.1,9
ACGTCGCTAGATGA.1,3
ACGTCGCTATGCTG.1,3
ACGTCGCTCAGGAG.1,3
ACGTCGCTGCATCA.1,1
ACGTCGCTGTTGAC.1,1
ACGTGATGAACCGT.1,1
ACGTGATGAGATGA.1,1
ACGTGATGCCTGAA.1,3
ACGTGATGCTGAGT.1,9
ACGTGATGGCATCA.1,6
ACGTGATGGCTACA.1,1
ACGTGATGGTCGTA.1,7
ACGTGCCTCCATAG.1,7
ACGTGCCTGACGGA.1,1
ACGTGCCTTGTCCC.1,10
ACGTTACTCACTGA.1,3
ACGTTACTCTGTTT.1,1
ACGTTACTGCATCA.1,10
ACGTTACTGCGATT.1,10
ACGTTACTGCTTAG.1,1
ACGTTACTGGAGTG.1,3
ACGTTGGAACCTCC.1,1
ACGTTGGACGAACT.1,3
ACGTTGGACTCAGA.1,3
ACGTTTACACTAGC.1,3
ACGTTTACAGCTCA.1,7
ACTAAAACACCTAG.1,10
ACTAAAACCGTAGT.1,3
ACTAAAACCTCTTA.1,6
ACTAAAACGGAACG.1,1
ACTACGGAACCTGA.1,1
ACTACGGAATTCTC.1,3
ACTACGGACCCTAC.1,3
ACTACGGACTCATT.1,1
ACTACGGACTTGGA.1,3
ACTACGGAGAATGA.1,1
ACTACGGAGTTGTG.1,1
ACTACTACACTTTC.1,1
ACTAGGTGAGTACC.1,3
ACTAGGTGCAGAAA.1,1
ACTAGGTGCCGTTC.1,1
ACTAGGTGCCTAAG.1,3
ACTATCACGGAAGC.1,1
ACTATCACGGTATC.1,3
ACTATCACTTCACT.1,10
ACTCAGGAAGTCTG.1,3
ACTCAGGACATGCA.1,3
ACTCAGGACCAACA.1,3
ACTCAGGACTGTAG.1,3
ACTCAGGACTGTGA.1,3
ACTCAGGAGGCGAA.1,1
ACTCAGGATATGCG.1,10
ACTCAGGATATGGC.1,9
ACTCCTCTTAGAAG.1,3
ACTCCTCTTGTTCT.1,11
ACTCGAGAAGTAGA.1,10
ACTCGAGAATCGAC.1,3
ACTCGAGACTCATT.1,6
ACTCGAGAGAGAGC.1,3
ACTCGAGATGCTGA.1,3
ACTCGCACATCAGC.1,3
ACTCGCACATGTCG.1,3
ACTCGCACGACGTT.1,3
ACTCGCACTCTTTG.1,7
ACTCTATGACCCAA.1,6
ACTCTATGACTCTT.1,7
ACTCTATGAGATCC.1,3
ACTCTATGAGTACC.1,1
ACTCTATGCTAGCA.1,6
ACTCTATGCTTATC.1,6
ACTCTATGGTACGT.1,1
ACTCTATGTGCACA.1,1
ACTCTCCTCGAGTT.1,6
ACTCTCCTCTTACT.1,10
ACTCTCCTGCGAGA.1,1
ACTGAGACCGGGAA.1,9
ACTGAGACGGACTT.1,3
ACTGAGACTTCTTG.1,3
ACTGCCACCCTGAA.1,6
ACTGCCACCGGGAA.1,9
ACTGCCACTGTGCA.1,1
ACTGCCTGAGCTCA.1,3
ACTGCCTGCTCAAG.1,1
ACTGCCTGGAATAG.1,3
ACTGCCTGGGTTCA.1,10
ACTGCCTGTGAGCT.1,10
ACTGCCTGTTCTCA.1,1
ACTGCCTGTTCTTG.1,1
ACTGGCCTATGTCG.1,1
ACTGGCCTCTAAGC.1,1
ACTGGCCTGCAGAG.1,1
ACTGGCCTGCCAAT.1,1
ACTGGCCTGCTGTA.1,1
ACTGGCCTTAAGGA.1,1
ACTGGCCTTGGTTG.1,9
ACTGTGGAAACCAC.1,1
ACTGTGGAGAATCC.1,3
ACTGTGGAGGACGA.1,3
ACTGTGGAGTTCAG.1,6
ACTGTTACCAACCA.1,3
ACTGTTACGACAGG.1,1
ACTTAAGAACCATG.1,1
ACTTAAGAAGCTAC.1,1
ACTTAAGACTCTCG.1,3
ACTTAAGAGGTGAG.1,1
ACTTAAGATATGGC.1,6
ACTTAAGATGTGGT.1,14
ACTTAGCTATCTTC.1,1
ACTTAGCTCGATAC.1,3
ACTTAGCTCGGGAA.1,3
ACTTAGCTCTCCCA.1,10
ACTTAGCTTTCGCC.1,1
ACTTCAACACGCAT.1,1
ACTTCAACAGGAGC.1,9
ACTTCAACCGACTA.1,3
ACTTCAACGTGCTA.1,1
ACTTCAACTTTCGT.1,3
ACTTCCCTAGTCTG.1,1
ACTTCCCTGCTATG.1,10
ACTTCTGACACTCC.1,1
ACTTCTGATCAGGT.1,1
ACTTCTGATGGTCA.1,3
ACTTCTGATGTCAG.1,1
ACTTCTGATTCCGC.1,1
ACTTGACTCCAACA.1,6
ACTTGACTGGACTT.1,3
ACTTGACTTCACCC.1,1
ACTTGGGACTACCC.1,9
ACTTGGGAGCCAAT.1,1
ACTTGGGAGCTGAT.1,3
ACTTGGGATCAGTG.1,1
ACTTGTACACGTAC.1,3
ACTTGTACAGTCGT.1,3
ACTTGTACCCATGA.1,3
ACTTTGTGGTCAAC.1,6
ACTTTGTGGTCCTC.1,3
ACTTTGTGGTCGTA.1,1
ACTTTGTGTCCCAC.1,7
ACTTTGTGTGTTTC.1,9
AGAAACGAACAGCT.1,2
AGAAACGAACTCTT.1,3
AGAAACGACTGATG.1,10
AGAAACGAGCGATT.1,1
AGAAAGTGCATCAG.1,9
AGAAAGTGCCGATA.1,1
AGAAAGTGCTGCAA.1,3
AGAAAGTGGACAAA.1,10
AGAAAGTGTGCATG.1,3
AGAACAGAAACGTC.1,1
AGAACAGACCTCCA.1,3
AGAACAGAGAGACG.1,10
AGAACAGAGCTGTA.1,1
AGAACAGATATGGC.1,6
AGAACGCTAGGAGC.1,3
AGAACGCTCACTTT.1,10
AGAACGCTCAGATC.1,1
AGAACGCTGAATAG.1,3
AGAACGCTGAGATA.1,7
AGAACGCTTCCCGT.1,9
AGAAGATGAAGAGT.1,1
AGAAGATGACACAC.1,1
AGAAGATGCATTGG.1,9
AGAAGATGCCCTAC.1,1
AGAAGATGCCTCAC.1,3
AGAAGATGCTGCAA.1,1
AGAAGATGGCAGTT.1,3
AGAAGATGTGATGC.1,9
AGAAGATGTGCCTC.1,1
AGAATACTCAACTG.1,3
AGAATACTCATCAG.1,7
AGAATACTGGTACT.1,6
AGAATACTTCAGAC.1,3
AGAATACTTTCGTT.1,1
AGAATGGAAAACAG.1,1
AGAATGGAACTCAG.1,3
AGAATGGAAGTCAC.1,3
AGAATGGAATCTCT.1,1
AGAATTTGAACCGT.1,1
AGAATTTGATACCG.1,1
AGAATTTGATTGGC.1,3
AGAATTTGCAACTG.1,1
AGAATTTGCGACAT.1,1
AGAATTTGCGCATA.1,1
AGAATTTGCTCAGA.1,3
AGAATTTGCTTGAG.1,9
AGAATTTGGAGAGC.1,3
AGACACACACGCAT.1,10
AGACACACAGCCTA.1,3
AGACACACCGTGAT.1,1
AGACACACCGTTGA.1,9
AGACACACGAATAG.1,1
AGACACACGTCAAC.1,1
AGACACACTGATGC.1,11
AGACACACTGTCGA.1,3
AGACACTGAGCACT.1,1
AGACACTGCACACA.1,3
AGACACTGCTGGTA.1,1
AGACACTGTCCGAA.1,6
AGACCTGACATGAC.1,3
AGACCTGACTACTT.1,1
AGACCTGATACTTC.1,1
AGACGTACACCGAT.1,1
AGACGTACATCTTC.1,10
AGACGTACCAATCG.1,7
AGACTCGAAGTTCG.1,10
AGACTCGAGCAGTT.1,3
AGACTCGATTTACC.1,1
AGACTGACGATGAA.1,1
AGACTGACGGCATT.1,1
AGACTGACGTGCTA.1,3
AGACTTCTACGACT.1,10
AGACTTCTATCAGC.1,3
AGACTTCTCAGTTG.1,9
AGACTTCTCTGGAT.1,1
AGACTTCTGGAACG.1,6
AGACTTCTGGATCT.1,1
AGACTTCTGTGAGG.1,3
AGACTTCTTTGGCA.1,1
AGACTTCTTTGGTG.1,10
AGAGAAACACCAGT.1,6
AGAGAAACCCTTTA.1,1
AGAGAAACCTGGTA.1,4
AGAGAAACTAGAGA.1,10
AGAGAATGAACTGC.1,3
AGAGAATGGCATAC.1,10
AGAGAATGTGGAAA.1,3
AGAGAATGTTCTCA.1,3
AGAGAATGTTTGGG.1,1
AGAGATGACTACTT.1,1
AGAGATGACTTGAG.1,7
AGAGATGAGCGTAT.1,1
AGAGATGAGCTTAG.1,1
AGAGATGAGTATGC.1,10
AGAGATGAGTTTGG.1,6
AGAGATGATCCCAC.1,10
AGAGATGATGGATC.1,1
AGAGCGGACGTACA.1,1
AGAGCGGAGTAGCT.1,3
AGAGCGGAGTGCAT.1,1
AGAGCGGATGTGCA.1,10
AGAGCTACATCACG.1,1
AGAGCTACCCCTAC.1,10
AGAGCTACCCTTCG.1,1
AGAGCTACGCTCCT.1,3
AGAGCTACTAGAGA.1,6
AGAGGTCTAAACGA.1,1
AGAGGTCTAGATCC.1,3
AGAGGTCTTCCAGA.1,6
AGAGTCACAGAGGC.1,6
AGAGTCACCCGATA.1,1
AGAGTCACGTAGCT.1,1
AGAGTCACTGGTCA.1,1
AGAGTCTGACACGT.1,1
AGAGTCTGCCTCCA.1,3
AGAGTCTGGTGTAC.1,3
AGAGTCTGTGCTGA.1,1
AGAGTGCTCTCCAC.1,1
AGAGTGCTGACAGG.1,3
AGAGTGCTGCTTCC.1,3
AGAGTGCTTAGCGT.1,9
AGATATACACGACT.1,3
AGATATACAGCGTT.1,3
AGATATACCCGATA.1,10
AGATATACGTTACG.1,10
AGATATACTCACCC.1,3
AGATATACTCTGGA.1,3
AGATATACTTAGGC.1,3
AGATATTGACGTGT.1,3
AGATATTGCACTTT.1,9
AGATATTGCTCCAC.1,10
AGATATTGGGACTT.1,1
AGATATTGTAAAGG.1,3
AGATATTGTAGTCG.1,1
AGATATTGTGTTTC.1,1
AGATCGTGACCCTC.1,10
AGATCGTGACCTTT.1,1
AGATCGTGGGGTGA.1,6
AGATCGTGGTGAGG.1,10
AGATCTCTAGTCGT.1,3
AGATCTCTATTCTC.1,3
AGATCTCTCCTACC.1,3
AGATCTCTCGTGTA.1,1
AGATCTCTGGAAAT.1,9
AGATCTCTTAGAGA.1,1
AGATCTCTTGTCGA.1,1
AGATCTCTTTCCGC.1,3
AGATTAACGCTTAG.1,3
AGATTAACGGTGTT.1,6
AGATTAACGTATCG.1,1
AGATTAACTGAAGA.1,6
AGATTCCTACGCAT.1,3
AGATTCCTAGCGTT.1,1
AGATTCCTCTACTT.1,1
AGATTCCTCTGCAA.1,3
AGATTCCTGACTAC.1,3
AGATTCCTTAGTCG.1,9
AGATTCCTTCCAGA.1,1
AGCAAAGAAAAGCA.1,9
AGCAAAGAATGTGC.1,1
AGCAAAGATGGATC.1,3
AGCAACACAGCATC.1,1
AGCAACACAGCCTA.1,6
AGCAACACGACAAA.1,3
AGCAACACGCTCCT.1,1
AGCAACACTGCTAG.1,3
AGCAAGCTAACGGG.1,10
AGCAAGCTCAAGCT.1,3
AGCAAGCTCTGGAT.1,1
AGCAAGCTTGCTTT.1,1
AGCACAACACCTCC.1,3
AGCACAACCTTGTT.1,1
AGCACAACGACGAG.1,1
AGCACAACGATAGA.1,9
AGCACAACGGATTC.1,10
AGCACAACTCGCCT.1,3
AGCACAACTGTAGC.1,1
AGCACAACTTCGTT.1,1
AGCACTGAAACGAA.1,3
AGCACTGAAGCTCA.1,1
AGCACTGAGACGTT.1,3
AGCACTGATTCTTG.1,6
AGCATCGAGAGAGC.1,3
AGCATCGAGAGATA.1,3
AGCATCGATAGCCA.1,1
AGCATGACATCTTC.1,3
AGCATGACCTCGAA.1,1
AGCATGACGCAGTT.1,1
AGCATGACTAACGC.1,1
AGCATTCTGACTAC.1,1
AGCATTCTGTCTTT.1,3
AGCATTCTTGATGC.1,1
AGCCAATGAAACAG.1,1
AGCCAATGACGTAC.1,9
AGCCAATGCCCTAC.1,1
AGCCACCTCAAAGA.1,9
AGCCACCTCGGGAA.1,3
AGCCACCTTAGTCG.1,3
AGCCACCTTGGAAA.1,9
AGCCACCTTTGGCA.1,3
AGCCGGACAGCACT.1,3
AGCCGGACGAGCTT.1,3
AGCCGGACGTAAGA.1,3
AGCCGGACGTCCTC.1,3
AGCCGGACTCCGTC.1,6
AGCCGGACTTCCGC.1,1
AGCCGGTGCTGAGT.1,3
AGCCGGTGGAAAGT.1,7
AGCCGGTGGAAGGC.1,10
AGCCGGTGGGGATG.1,1
AGCCGGTGTTCCAT.1,1
AGCCGTCTGTCGAT.1,11
AGCCTCACACGGGA.1,3
AGCCTCACACGTGT.1,7
AGCCTCACTAACCG.1,1
AGCCTCACTAACGC.1,3
AGCCTCACTCGCCT.1,10
AGCCTCTGAAAAGC.1,3
AGCCTCTGCGTAAC.1,9
AGCCTCTGGAGGGT.1,3
AGCCTCTGGTCTGA.1,1
AGCGAACTGCGTAT.1,10
AGCGAACTGGACAG.1,7
AGCGAACTGGTACT.1,6
AGCGAACTGTTGCA.1,3
AGCGATACAAGCCT.1,1
AGCGATACGAGATA.1,10
AGCGATACGGTACT.1,9
AGCGATACTCAGAC.1,1
AGCGATTGTGTGCA.1,3
AGCGCCGAACTCTT.1,3
AGCGCCGACCTCAC.1,6
AGCGCCGACGTTGA.1,9
AGCGCCGAGATACC.1,7
AGCGCCGAGTTGCA.1,1
AGCGCTCTACCACA.1,12
AGCGCTCTCCTTTA.1,1
AGCGCTCTCGCATA.1,3
AGCGCTCTGTATGC.1,3
AGCGGCACAACTGC.1,9
AGCGGCACACGCAT.1,6
AGCGGCACCTTAGG.1,6
AGCGGCACGGTGAG.1,1
AGCGGCACTGCGTA.1,3
AGCGGCACTTGGCA.1,6
AGCGGCTGACACGT.1,1
AGCGGCTGCACACA.1,1
AGCGGCTGCTGACA.1,1
AGCGGCTGTATCTC.1,3
AGCGGCTGTCTAGG.1,6
AGCGGCTGTGCCCT.1,1
AGCGGGCTCAGATC.1,6
AGCGGGCTCGAGTT.1,6
AGCGGGCTCGCCTT.1,1
AGCGGGCTGGGAGT.1,1
AGCGTAACCGATAC.1,3
AGCGTAACTGCAGT.1,3
AGCGTAACTGTTTC.1,3
AGCTCGCTAAGGTA.1,1
AGCTCGCTAGAACA.1,9
AGCTCGCTATCGTG.1,3
AGCTCGCTCCTTCG.1,1
AGCTCGCTCTCTCG.1,3
AGCTGAACCCGCTT.1,1
AGCTGAACTAAAGG.1,1
AGCTGCCTGCTAAC.1,6
AGCTGCCTTCGCTC.1,6
AGCTGTGAACTAGC.1,1
AGCTGTGACCTTCG.1,9
AGCTGTGAGTATCG.1,3
AGCTGTGATAGTCG.1,1
AGCTGTGATGTCTT.1,3
AGCTGTGATTCGGA.1,1
AGCTTACTCGTCTC.1,6
AGCTTACTGAGGCA.1,10
AGCTTACTGTCGAT.1,3
AGCTTACTTCTAGG.1,3
AGCTTACTTTCACT.1,1
AGCTTTACAGAAGT.1,10
AGCTTTACAGAATG.1,1
AGCTTTACGACGTT.1,9
AGCTTTACGTAGCT.1,1
AGGAAATGAGACTC.1,3
AGGAAATGAGTGCT.1,3
AGGAAATGGCTACA.1,1
AGGAAATGGTCTTT.1,6
AGGAACCTCACCAA.1,13
AGGAACCTCCTTAT.1,10
AGGAACCTTACTGG.1,10
AGGAATGAACTGGT.1,9
AGGAATGACGTCTC.1,9
AGGAATGACTGTCC.1,3
AGGAATGATACTTC.1,1
AGGACACTGCCCTT.1,9
AGGACACTGGACAG.1,3
AGGACACTTAAAGG.1,3
AGGACTTGATCACG.1,1
AGGACTTGCAGAGG.1,6
AGGACTTGCGTTAG.1,3
AGGACTTGCTCTTA.1,3
AGGAGTCTAAGAGT.1,1
AGGAGTCTCGATAC.1,1
AGGAGTCTTCCTCG.1,3
AGGATAGAATCGAC.1,7
AGGATAGACACAAC.1,7
AGGATAGACATGGT.1,1
AGGATAGACGAACT.1,9
AGGATAGACGGAGA.1,3
AGGATAGAGACTAC.1,3
AGGATAGAGGTAAA.1,3
AGGATAGATCCCGT.1,1
AGGATAGATGCTAG.1,13
AGGATGCTAGAGGC.1,8
AGGATGCTCTGCAA.1,7
AGGATGCTGGACGA.1,3
AGGATGCTGTACAC.1,3
AGGATGCTTTGCAG.1,5
AGGATGCTTTGTGG.1,3
AGGCAGGAGTACGT.1,3
AGGCAGGATATCTC.1,3
AGGCAGGATGTCAG.1,10
AGGCCTCTCGTTGA.1,3
AGGCCTCTCTGGTA.1,3
AGGCCTCTGGGTGA.1,3
AGGCCTCTGTTGGT.1,1
AGGCCTCTTCACGA.1,1
AGGCCTCTTCGACA.1,6
AGGCTAACAGATGA.1,10
AGGCTAACAGGTCT.1,1
AGGCTAACAGTGTC.1,6
AGGCTAACTGTGGT.1,3
AGGGACGAAACGGG.1,3
AGGGACGAAGTACC.1,1
AGGGACGACCAAGT.1,3
AGGGACGACTCGCT.1,1
AGGGACGACTTCGC.1,1
AGGGACGATTCTGT.1,3
AGGGAGTGATGGTC.1,10
AGGGAGTGTGACCA.1,1
AGGGAGTGTGAGCT.1,10
AGGGCCACAAGGTA.1,11
AGGGCCACATCGAC.1,3
AGGGCCACGTGTAC.1,1
AGGGCCACTACAGC.1,1
AGGGCCACTATCTC.1,3
AGGGCCACTCGCAA.1,1
AGGGCCACTGACCA.1,1
AGGGCCTGAACGAA.1,9
AGGGCCTGTTACCT.1,6
AGGGCGCTACGGGA.1,1
AGGGCGCTATCGGT.1,1
AGGGCGCTCGTGAT.1,1
AGGGCGCTCTATGG.1,1
AGGGCGCTTGGTGT.1,3
AGGGCGCTTTACTC.1,13
AGGGTGGAAGACTC.1,13
AGGGTGGAAGGGTG.1,9
AGGGTGGAAGTCAC.1,9
AGGGTGGACACCAA.1,3
AGGGTGGACAGCTA.1,3
AGGGTGGACCCACT.1,10
AGGGTGGAGGTGGA.1,3
AGGGTTTGACAGTC.1,10
AGGGTTTGCGCTAA.1,6
AGGGTTTGTCCGAA.1,7
AGGTACACGAAAGT.1,3
AGGTACTGAGTAGA.1,1
AGGTCATGGTTTCT.1,1
AGGTCATGTGGTGT.1,10
AGGTCATGTGTCTT.1,1
AGGTCTGACGCTAA.1,3
AGGTCTGAGGTGAG.1,3
AGGTCTGAGTTGTG.1,1
AGGTCTGATCACGA.1,1
AGGTCTGATCGCTC.1,3
AGGTCTGATGGAGG.1,3
AGGTCTGATTATCC.1,3
AGGTGGGAATGCTG.1,3
AGGTGGGACCAATG.1,7
AGGTGGGATAACGC.1,13
AGGTGTTGCCATGA.1,3
AGGTGTTGCTCTCG.1,1
AGGTGTTGGAGAGC.1,3
AGGTGTTGGAGGTG.1,1
AGGTGTTGGTCACA.1,3
AGGTGTTGTGGTGT.1,1
AGGTGTTGTGTTCT.1,6
AGGTGTTGTTCTGT.1,1
AGGTTCGATAGAAG.1,10
AGGTTCGATTCCAT.1,3
AGGTTGTGACCCAA.1,1
AGGTTGTGAGCATC.1,1
AGGTTGTGCCGTAA.1,1
AGGTTGTGCGCCTT.1,10
AGGTTGTGGGCAAG.1,1
AGGTTGTGGTAAAG.1,6
AGGTTGTGGTCGAT.1,3
AGTAAGGAACCCAA.1,1
AGTAAGGATTGACG.1,3
AGTAATACACCACA.1,1
AGTAATACACTAGC.1,3
AGTAATACTGAAGA.1,1
AGTAATACTTGCGA.1,3
AGTAATTGCTTGGA.1,3
AGTAATTGGAGAGC.1,1
AGTAATTGGGTCAT.1,3
AGTAATTGTCGTTT.1,7
AGTAATTGTGCCCT.1,13
AGTAATTGTTCTTG.1,3
AGTACGTGCCATAG.1,1
AGTACGTGTGAGCT.1,1
AGTACGTGTGTAGC.1,10
AGTACGTGTTCCAT.1,1
AGTACTCTCACTAG.1,1
AGTACTCTCGGGAA.1,3
AGTACTCTGTAGGG.1,6
AGTAGAGAAAACGA.1,3
AGTAGAGAACAGCT.1,1
AGTAGAGAAGAAGT.1,3
AGTAGAGACAGGAG.1,3
AGTAGAGAGCAAGG.1,6
AGTAGAGATGAAGA.1,1
AGTAGAGATGCTGA.1,10
AGTAGGCTAAACGA.1,3
AGTAGGCTACACTG.1,9
AGTAGGCTACCTGA.1,7
AGTAGGCTAGGCGA.1,1
AGTAGGCTATTGGC.1,1
AGTAGGCTTGGTGT.1,1
AGTATAACCTCTTA.1,3
AGTATAACTAGAAG.1,3
AGTATAACTGCAGT.1,3
AGTATCCTACACTG.1,13
AGTATCCTACCATG.1,3
AGTATCCTGCGAAG.1,13
AGTCACGAACCTTT.1,3
AGTCACGAACGGAG.1,7
AGTCACGAGCTTCC.1,4
AGTCAGACACCTAG.1,14
AGTCAGACATTGGC.1,3
AGTCAGACCATGCA.1,1
AGTCAGACGCAGTT.1,6
AGTCAGACTAGCGT.1,14
AGTCAGACTGCATG.1,3
AGTCAGACTTACCT.1,9
AGTCGAACGGTTAC.1,3
AGTCGCCTGAACTC.1,10
AGTCGCCTTCGACA.1,3
AGTCGCCTTGGCAT.1,3
AGTCGCCTTTGCTT.1,9
AGTCTACTAAAACG.1,1
AGTCTACTCGTGAT.1,3
AGTCTTACCTCAGA.1,3
AGTCTTACGCTGTA.1,1
AGTCTTACTAGAAG.1,9
AGTCTTACTTCGCC.1,3
AGTGAAGAACTGTG.1,7
AGTGAAGACGTGAT.1,1
AGTGAAGAGTTCAG.1,10
AGTGACACAAGGTA.1,1
AGTGACACAGCAAA.1,10
AGTGACACCCTTAT.1,3
AGTGACACCTGGAT.1,1
AGTGACACGACGAG.1,3
AGTGACACGGACAG.1,1
AGTGACACTTTGCT.1,6
AGTGACTGAAGGTA.1,1
AGTGACTGATCGGT.1,1
AGTGACTGATCGTG.1,9
AGTGACTGCGTGTA.1,1
AGTGACTGCTCTTA.1,1
AGTGACTGGAGCAG.1,1
AGTGACTGTTTCGT.1,10
AGTGCAACAATCGC.1,1
AGTGCAACATCGTG.1,9
AGTGCAACCGTCTC.1,3
AGTGCAACGGCGAA.1,3
AGTGCAACTAACGC.1,9
AGTGTGACAGTCGT.1,1
AGTGTGACTGCCTC.1,10
AGTGTTCTAGCGTT.1,3
AGTGTTCTCTGATG.1,3
AGTGTTCTTTGCGA.1,1
AGTTAAACACTCTT.1,6
AGTTAAACCTGACA.1,3
AGTTAAACGGACAG.1,3
AGTTATGAACCTAG.1,3
AGTTATGAATCTCT.1,1
AGTTATGACACACA.1,1
AGTTATGAGGAAAT.1,3
AGTTATGAGGAGCA.1,1
AGTTATGAGTAAAG.1,1
AGTTATGATGGATC.1,1
AGTTCTACGACGAG.1,7
AGTTCTACTTTCAC.1,6
AGTTCTTGAACGGG.1,3
AGTTCTTGCAGTCA.1,13
AGTTGTCTAAACAG.1,6
AGTTGTCTAAAGTG.1,1
AGTTGTCTACTTTC.1,10
AGTTGTCTATGCTG.1,3
AGTTGTCTCATTGG.1,3
AGTTGTCTGAGGTG.1,1
AGTTGTCTGCTACA.1,7
AGTTGTCTTCCGAA.1,1
AGTTTAGAATTCTC.1,3
AGTTTAGAGTTCGA.1,1
AGTTTAGATAAGCC.1,1
AGTTTCACACACTG.1,1
AGTTTCACAGCACT.1,9
AGTTTCACGCATCA.1,6
AGTTTCACTCACCC.1,1
AGTTTGCTCGAGTT.1,3
AGTTTGCTCTTTAC.1,3
AGTTTGCTGAATCC.1,1
AGTTTGCTGGTCAT.1,11
AGTTTGCTTCCTGC.1,1
AGTTTGCTTCTTCA.1,1
ATAAACACACGTGT.1,1
ATAAACACCTTCGC.1,3
ATAACAACAAGAGT.1,3
ATAACAACCAGATC.1,6
ATAACATGCAGGAG.1,9
ATAACATGCTGTCC.1,6
ATAACATGCTTGCC.1,3
ATAACATGGATACC.1,3
ATAACATGGGTTCA.1,6
ATAACCCTACCTCC.1,1
ATAACCCTTGACTG.1,1
ATAAGTACACCCAA.1,1
ATAAGTTGATCTCT.1,10
ATAAGTTGCCTTAT.1,9
ATAAGTTGCTCCAC.1,1
ATAAGTTGCTTAGG.1,1
ATAAGTTGGGAGCA.1,6
ATAAGTTGTACTTC.1,3
ATAAGTTGTGAGAA.1,6
ATAATCGAAAACGA.1,3
ATAATCGATTCTGT.1,1
ATAATGACAACGGG.1,3
ATAATGACACCTTT.1,3
ATAATGACCACTGA.1,10
ATAATGACGACAAA.1,1
ATAATGACTTATCC.1,1
ATACAATGACGTAC.1,10
ATACAATGATTCCT.1,1
ATACAATGTCAGAC.1,1
ATACAATGTCTTTG.1,1
ATACACCTAAAGTG.1,1
ATACACCTACAGTC.1,1
ATACACCTGGACGA.1,1
ATACACCTTGCTAG.1,9
ATACCACTAGGTCT.1,3
ATACCACTATCAGC.1,10
ATACCACTCCTGAA.1,6
ATACCACTGGTGAG.1,3
ATACCACTGTCACA.1,1
ATACCACTTGTGGT.1,3
ATACCGGAATCGAC.1,10
ATACCGGACCCACT.1,3
ATACCGGACTCTCG.1,9
ATACCTACATCGTG.1,1
ATACCTACGACTAC.1,3
ATACCTACGGAAGC.1,11
ATACCTACGTCTGA.1,1
ATACCTACTGCAAC.1,6
ATACCTTGAAAAGC.1,1
ATACCTTGATGACC.1,1
ATACCTTGATGTGC.1,1
ATACCTTGGACAAA.1,3
ATACCTTGTTCTGT.1,1
ATACGGACAGTCAC.1,3
ATACGGACCAACTG.1,3
ATACGTCTAAGTAG.1,6
ATACGTCTATCGGT.1,10
ATACGTCTCACCAA.1,3
ATACGTCTGAAACA.1,1
ATACGTCTGGTTAC.1,1
ATACTCTGATTTCC.1,6
ATACTCTGCACTAG.1,6
ATACTCTGCTTAGG.1,1
ATACTCTGGACGTT.1,10
ATAGAACTACTCAG.1,3
ATAGAACTCTCAGA.1,11
ATAGAACTGAGAGC.1,1
ATAGAACTGGATCT.1,7
ATAGAACTGTCCTC.1,1
ATAGAACTGTCGTA.1,1
ATAGAACTTCACGA.1,3
ATAGAACTTTTCAC.1,3
ATAGATACACCTGA.1,3
ATAGATACCATGGT.1,1
ATAGATACCGTTAG.1,10
ATAGATACGTTCAG.1,1
ATAGATTGAAACAG.1,3
ATAGATTGAATCGC.1,1
ATAGATTGTCGTTT.1,10
ATAGCCGACGATAC.1,9
ATAGCCGAGTACGT.1,3
ATAGCCGAGTTAGC.1,3
ATAGCGTGGCGAGA.1,10
ATAGCGTGTAACGC.1,3
ATAGCTCTAAGTGA.1,1
ATAGCTCTACGTGT.1,3
ATAGCTCTCATGGT.1,1
ATAGCTCTCGCATA.1,1
ATAGCTCTGATAAG.1,6
ATAGCTCTGGATCT.1,1
ATAGCTCTTCCGTC.1,1
ATAGGAGACTAGAC.1,1
ATAGGAGATGAAGA.1,1
ATAGGAGATGAGCT.1,10
ATAGGAGATTTCTG.1,1
ATAGGCTGAAAGTG.1,1
ATAGGCTGAGAAGT.1,1
ATAGGCTGCTGCTC.1,3
ATAGGCTGGGACGA.1,11
ATAGTCCTCCGCTT.1,10
ATAGTCCTGGACTT.1,7
ATAGTCCTGGTGTT.1,1
ATAGTCCTTGCTTT.1,1
ATAGTTGAAAGGCG.1,1
ATAGTTGAAAGTAG.1,1
ATAGTTGAACTAGC.1,10
ATAGTTGAAGTCTG.1,1
ATAGTTGACTCGCT.1,3
ATAGTTGATAAAGG.1,14
ATAGTTGATTCGCC.1,7
ATAGTTGATTGGTG.1,1
ATAGTTGATTTGTC.1,3
ATATACGACTGAAC.1,6
ATATACGACTGTTT.1,10
ATATACGAGGGCAA.1,10
ATATACGAGGTTTG.1,6
ATATACGAGTCACA.1,3
ATATACGAGTCTAG.1,1
ATATACGATCCCAC.1,3
ATATACGATGCATG.1,3
ATATAGTGTGACTG.1,3
ATATGAACGTGTTG.1,1
ATATGAACTGAACC.1,6
ATATGCCTAAGATG.1,6
ATATGCCTATGTGC.1,11
ATATGCCTCCTTTA.1,10
ATATGCCTCTGTGA.1,3
ATCAAATGAGTACC.1,3
ATCAAATGATTCCT.1,1
ATCAAATGCTGTCC.1,1
ATCAACCTCAACCA.1,1
ATCAACCTGGACGA.1,1
ATCAACCTTAGAAG.1,1
ATCAACCTTCTCGC.1,6
ATCAACCTTTCGTT.1,10
ATCACACTGACGAG.1,1
ATCACACTGCTTAG.1,6
ATCACACTGTTGCA.1,6
ATCACGGAAAAGCA.1,9
ATCACGGAACCCTC.1,1
ATCACGGAACTGTG.1,14
ATCACGGAGCGATT.1,9
ATCACGGATAACGC.1,10
ATCACGGATCAGGT.1,3
ATCACTACCTATTC.1,3
ATCACTACCTTCTA.1,1
ATCACTACTGCACA.1,3
ATCACTACTGGTAC.1,1
ATCACTTGCGCAAT.1,3
ATCACTTGCTAGCA.1,1
ATCACTTGGCGAGA.1,7
ATCACTTGTCCGTC.1,3
ATCACTTGTTCCGC.1,6
ATCACTTGTTGCAG.1,3
ATCAGGTGACTGTG.1,3
ATCAGGTGGAACCT.1,1
ATCAGGTGGAACTC.1,3
ATCAGGTGGGCGAA.1,1
ATCAGGTGGGGCAA.1,1
ATCAGGTGTCCAAG.1,1
ATCATCTGAGCAAA.1,3
ATCATCTGTTCTGT.1,1
ATCATGCTGCTGTA.1,4
ATCCAGGACCGATA.1,1
ATCCAGGACTACTT.1,13
ATCCAGGACTCCAC.1,1
ATCCAGGATATGGC.1,1
ATCCATACATTCCT.1,1
ATCCCGTGCCAAGT.1,10
ATCCCGTGCGTTGA.1,1
ATCCCGTGCTGCAA.1,9
ATCCCGTGGTCTAG.1,1
ATCCCGTGTACTGG.1,1
ATCCCGTGTCACGA.1,3
ATCCCGTGTCTCAT.1,9
ATCCGCACAACAGA.1,3
ATCCGCACGTCACA.1,9
ATCCGCACTCCCGT.1,1
ATCCTAACATCAGC.1,1
ATCCTAACATCGAC.1,3
ATCCTAACCAACTG.1,3
ATCCTAACTGCCTC.1,9
ATCGACGAGTAAGA.1,13
ATCGACGATAAGGA.1,1
ATCGACGATTGTGG.1,1
ATCGAGTGTCTCGC.1,1
ATCGCAGAAGCATC.1,10
ATCGCAGACAGGAG.1,10
ATCGCAGACGACAT.1,10
ATCGCAGACTTCCG.1,1
ATCGCAGATTCTAC.1,1
ATCGCCACACGGTT.1,1
ATCGCCACAGGCGA.1,1
ATCGCCACCTGTAG.1,3
ATCGCCTGAGGAGC.1,1
ATCGCGCTACGACT.1,1
ATCGCGCTACTTTC.1,1
ATCGCGCTAGCTAC.1,3
ATCGCGCTATGGTC.1,6
ATCGCGCTGGGAGT.1,3
ATCGCGCTGTGCTA.1,1
ATCGCGCTTACTTC.1,3
ATCGCGCTTTGCAG.1,9
ATCGGAACAAACGA.1,1
ATCGGAACACTGTG.1,1
ATCGGAACAGCAAA.1,1
ATCGGAACCATCAG.1,3
ATCGGAACCCTCCA.1,1
ATCGGAACTGGCAT.1,3
ATCGGAACTGGTCA.1,3
ATCGGAACTTCTAC.1,1
ATCGGAACTTTCGT.1,3
ATCGGTGAAGCGGA.1,6
ATCGGTGAAGCGTT.1,1
ATCGGTGACCCTAC.1,3
ATCGGTGACTACGA.1,1
ATCGGTGAGGTTCA.1,9
ATCGGTGATATGGC.1,3
ATCGTTTGGAGATA.1,3
ATCGTTTGGCGGAA.1,9
ATCGTTTGTATGGC.1,1
ATCTACACACCCTC.1,3
ATCTACACAGATGA.1,3
ATCTACACCAACCA.1,3
ATCTACACCATTTC.1,11
ATCTACACCTGTTT.1,1
ATCTACACGGAGGT.1,6
ATCTACACGGGTGA.1,3
ATCTACACGTTGGT.1,1
ATCTACACTGTCTT.1,3
ATCTACTGAAGGTA.1,3
ATCTACTGATTTCC.1,1
ATCTACTGCCAAGT.1,1
ATCTACTGTGTGGT.1,3
ATCTACTGTTTCAC.1,1
ATCTCAACACAGTC.1,3
ATCTCAACGCTGAT.1,3
ATCTCAACGGGACA.1,10
ATCTCAACGGTGTT.1,1
ATCTCAACTTGCAG.1,7
ATCTGACTACAGCT.1,1
ATCTGACTACGGGA.1,1
ATCTGACTCTCCCA.1,3
ATCTGACTGTACGT.1,1
ATCTGGGACATTCT.1,1
ATCTGGGACCTTAT.1,1
ATCTGGGATCCAGA.1,1
ATCTGGGATCCGAA.1,3
ATCTGTTGATGTCG.1,3
ATCTGTTGCTTAGG.1,1
ATCTGTTGGCTCCT.1,10
ATCTGTTGTAGAGA.1,6
ATCTGTTGTGGCAT.1,1
ATCTTGACGCCATA.1,9
ATCTTGACGGGATG.1,10
ATCTTGACGTCGAT.1,6
ATCTTTCTCACTAG.1,3
ATCTTTCTCTTGTT.1,1
ATCTTTCTGAACTC.1,9
ATCTTTCTGGCATT.1,9
ATCTTTCTTGCATG.1,3
ATCTTTCTTTCATC.1,13
ATGAAACTAACCAC.1,1
ATGAAACTAACGTC.1,10
ATGAAACTACCAGT.1,3
ATGAAACTGCTGTA.1,1
ATGAAACTGTCACA.1,3
ATGAAACTGTGCTA.1,1
ATGAAACTTCCTGC.1,1
ATGAAACTTCGCAA.1,10
ATGAAGGACACAAC.1,1
ATGAAGGACGATAC.1,1
ATGACGTGCATTTC.1,1
ATGACGTGCCAAGT.1,1
ATGACGTGGCATAC.1,6
ATGAGAGAAACCTG.1,3
ATGAGAGAAGCGGA.1,2
ATGAGAGACGACTA.1,9
ATGAGAGACTCCCA.1,1
ATGAGCACGCTAAC.1,9
ATGAGCACGTAGCT.1,3
ATGAGCACTCGCAA.1,3
ATGAGCACTTTGGG.1,3
ATGATATGAAGCCT.1,10
ATGATATGCGCTAA.1,1
ATGATATGTCTAGG.1,9
ATGATATGTTGGCA.1,3
ATGATATGTTTGCT.1,5
ATGCACGAGCTTCC.1,1
ATGCACGAGTTAGC.1,11
ATGCACGATCCGTC.1,1
ATGCAGACGCAAGG.1,3
ATGCAGACGTAAGA.1,9
ATGCAGACTGGATC.1,1
ATGCAGTGACACCA.1,1
ATGCAGTGACCCAA.1,1
ATGCAGTGCTTCCG.1,6
ATGCAGTGTCAGGT.1,1
ATGCCAGAAAGGTA.1,3
ATGCCAGAAGATCC.1,3
ATGCCAGACCGTAA.1,11
ATGCCAGACCTTCG.1,3
ATGCCAGAGTGTTG.1,1
ATGCCAGATGTAGC.1,3
ATGCCGCTGGACTT.1,1
ATGCCGCTGTATCG.1,1
ATGCCGCTGTCATG.1,3
ATGCCGCTTGAAGA.1,3
ATGCGATGAAAACG.1,13
ATGCGATGTGCTGA.1,3
ATGCGCCTAGAAGT.1,7
ATGCGCCTATTTCC.1,11
ATGCGCCTCTGACA.1,9
ATGCGCCTCTTCTA.1,1
ATGCGCCTGCAAGG.1,11
ATGCTTTGACTTTC.1,3
ATGCTTTGCTTCCG.1,1
ATGCTTTGGTGCAT.1,1
ATGCTTTGGTGCTA.1,1
ATGCTTTGTCTATC.1,10
ATGCTTTGTTCTGT.1,1
ATGGACACAAACAG.1,7
ATGGACACAACTGC.1,3
ATGGACACCCGCTT.1,1
ATGGACACGGTTTG.1,9
ATGGGTACAGACTC.1,1
ATGGGTACCCCGTT.1,1
ATGGGTACCTGATG.1,1
ATGGGTACTCGTAG.1,3
ATGGGTACTGAGAA.1,3
ATGGGTACTGGAGG.1,6
ATGGTGACTCGTGA.1,1
ATGTAAACACTACG.1,13
ATGTAAACACTCTT.1,9
ATGTAAACATGGTC.1,3
ATGTAAACGATAGA.1,1
ATGTAAACGTTTGG.1,9
ATGTACCTACGGTT.1,6
ATGTACCTAGCTAC.1,6
ATGTACCTCGACAT.1,10
ATGTACCTCTAGCA.1,1
ATGTACCTCTCAAG.1,1
ATGTCACTAAAAGC.1,3
ATGTCACTGTCTAG.1,1
ATGTCACTGTTGAC.1,1
ATGTCGGAATGCTG.1,3
ATGTCGGACTGGAT.1,3
ATGTCGGATGAAGA.1,7
ATGTCGGATGGAGG.1,3
ATGTCGGATGTGAC.1,3
ATGTCGGATGTGGT.1,3
ATGTTAGACACTCC.1,1
ATGTTAGAGCCATA.1,7
ATGTTAGAGTGCTA.1,1
ATGTTCACACCAGT.1,11
ATGTTCACAGTCTG.1,1
ATGTTCACCTACGA.1,1
ATGTTCACGCTGAT.1,6
ATGTTCACTTCGCC.1,3
ATGTTGCTAAGTAG.1,14
ATGTTGCTACCTCC.1,6
ATGTTGCTCCATAG.1,3
ATTAACGAAAGAGT.1,13
ATTAACGAACTGTG.1,3
ATTAACGACCATGA.1,3
ATTAACGAGACACT.1,1
ATTAACGATCAGTG.1,3
ATTAAGACTTCAGG.1,4
ATTACCACCTGGAT.1,3
ATTACCTGGGAGTG.1,1
ATTACCTGTCCAGA.1,1
ATTAGATGAAAGCA.1,1
ATTAGATGAAGCCT.1,10
ATTAGATGCACTGA.1,1
ATTAGATGCCGTAA.1,1
ATTAGATGGAGGAC.1,6
ATTAGATGTCACGA.1,9
ATTAGATGTGCTTT.1,10
ATTAGTGACATTCT.1,1
ATTAGTGACGGTAT.1,10
ATTAGTGACTCTCG.1,7
ATTAGTGATACGAC.1,1
ATTAGTGATTCTAC.1,7
ATTATGGAAGATCC.1,3
ATTATGGACAGCTA.1,1
ATTATGGAGAGACG.1,6
ATTATGGATCGTGA.1,3
ATTATGGATCTACT.1,7
ATTCAAGAAGTGCT.1,10
ATTCAAGAGACTAC.1,3
ATTCAAGAGGAGCA.1,1
ATTCAAGATGCAAC.1,3
ATTCAGCTATCGTG.1,3
ATTCAGCTGGAGGT.1,3
ATTCCATGACCAAC.1,1
ATTCCATGCAGAAA.1,1
ATTCCATGCTATTC.1,3
ATTCCATGCTTGCC.1,1
ATTCCATGGATGAA.1,1
ATTCGACTACGTTG.1,1
ATTCGACTATTGGC.1,3
ATTCGACTGTCATG.1,9
ATTCGGGAGAGGCA.1,1
ATTCGGGATGAACC.1,6
ATTCTGACGCTCCT.1,10
ATTCTTCTAGTGTC.1,10
ATTCTTCTCTGATG.1,1
ATTCTTCTGGCAAG.1,1
ATTGAAACAGTCTG.1,13
ATTGAAACGATACC.1,7
ATTGAAACGGTACT.1,1
ATTGAAACTTCGGA.1,1
ATTGAATGACGGGA.1,1
ATTGAATGGGACTT.1,6
ATTGATGAAAAACG.1,3
ATTGATGAGGTGGA.1,1
ATTGATGATCCTCG.1,3
ATTGCACTTACTTC.1,7
ATTGCACTTCGATG.1,3
ATTGCACTTGTCGA.1,1
ATTGCGGAACCACA.1,1
ATTGCGGAATTGGC.1,10
ATTGCGGATCGTTT.1,3
ATTGCGGATGTCTT.1,1
ATTGCGGATGTTTC.1,10
ATTGCTACACCTCC.1,9
ATTGCTACACTCAG.1,1
ATTGCTACACTGTG.1,1
ATTGCTACCTCTCG.1,9
ATTGCTACGAGCTT.1,1
ATTGCTACGGCAAG.1,3
ATTGCTACTCCGAA.1,10
ATTGCTTGCGTCTC.1,1
ATTGCTTGCTGGTA.1,6
ATTGCTTGGTCATG.1,6
ATTGCTTGTACTGG.1,1
ATTGCTTGTCACCC.1,10
ATTGCTTGTGCAAC.1,3
ATTGGGTGGAGGCA.1,4
ATTGGTCTCTCAGA.1,3
ATTGGTCTGACAAA.1,3
ATTGGTCTGCATAC.1,11
ATTGTAGAATGGTC.1,13
ATTGTAGAGACGGA.1,10
ATTGTAGAGGCAAG.1,3
ATTGTCTGACGGAG.1,1
ATTGTCTGAGAATG.1,3
ATTGTCTGCACAAC.1,3
ATTGTCTGCTTTAC.1,1
ATTGTCTGGAATAG.1,1
ATTGTCTGGTTTGG.1,10
ATTGTCTGTACAGC.1,9
ATTTAGGAAACGAA.1,1
ATTTAGGAAGAGAT.1,1
ATTTAGGACGAGTT.1,10
ATTTAGGAGATACC.1,1
ATTTAGGAGTGAGG.1,1
ATTTAGGATGCAGT.1,10
ATTTAGGATTTACC.1,3
ATTTCCGAATGTCG.1,6
ATTTCCGACTCGCT.1,6
ATTTCGTGCACTAG.1,7
ATTTCGTGTCATTC.1,1
ATTTCGTGTTTCTG.1,3
ATTTCTCTAAGTGA.1,1
ATTTCTCTATAAGG.1,1
ATTTCTCTCATGCA.1,3
ATTTCTCTCTACTT.1,1
ATTTCTCTCTTGGA.1,3
ATTTCTCTGTCACA.1,9
ATTTCTCTGTTTGG.1,1
ATTTGCACCAAGCT.1,1
ATTTGCACCCTATT.1,3
ATTTGCACCTTCGC.1,1
ATTTGCACGTGAGG.1,3
ATTTGCACTATCGG.1,1
CAAACTCTAGCATC.1,3
CAAACTCTATCGGT.1,10
CAAACTCTTCGTAG.1,1
CAAACTCTTGGTGT.1,7
CAAACTCTTTACCT.1,1
CAAAGCACACACAC.1,10
CAAAGCACACACTG.1,1
CAAAGCACCGACAT.1,7
CAAAGCACCTACGA.1,3
CAAAGCACGAATGA.1,1
CAAAGCACTCTATC.1,1
CAAAGCTGCATTGG.1,1
CAAAGCTGCCTACC.1,3
CAAAGCTGCTATTC.1,1
CAAAGCTGTGAGGG.1,3
CAAATATGACGTGT.1,9
CAAATATGCGTAAC.1,6
CAAATTGAACACGT.1,3
CAAATTGACATTCT.1,1
CAAATTGACCCTCA.1,1
CAAATTGAGCGTAT.1,1
CAAATTGATATGCG.1,1
CAACAGACAGGAGC.1,3
CAACAGACATACCG.1,10
CAACAGACCGCATA.1,1
CAACAGACGTACGT.1,1
CAACCAGAGGAAGC.1,1
CAACCAGAGTGCAT.1,3
CAACCGCTCAGAAA.1,3
CAACCGCTCTGACA.1,10
CAACCGCTGACAGG.1,3
CAACCGCTGTTTCT.1,3
CAACCGCTTCTGGA.1,1
CAACGAACCTCCCA.1,1
CAACGAACGTCACA.1,10
CAACGAACTGTCAG.1,3
CAACGATGACGTTG.1,11
CAACGTGACGAGTT.1,1
CAACGTGAGACACT.1,11
CAACGTGAGCCTTC.1,3
CAACTTTGTAACCG.1,6
CAACTTTGTGGTCA.1,1
CAAGAAGAAGTCGT.1,6
CAAGAAGAAGTTCG.1,1
CAAGAAGACCAACA.1,3
CAAGAAGAGACGTT.1,1
CAAGAAGAGAGGAC.1,6
CAAGAAGAGGAGTG.1,7
CAAGAAGAGTCACA.1,10
CAAGAAGATAGACC.1,10
CAAGAAGATCCTGC.1,1
CAAGACACCTGGTA.1,1
CAAGACACGCATCA.1,1
CAAGACACGGGTGA.1,3
CAAGACACTCGTAG.1,1
CAAGACACTGCATG.1,3
CAAGACTGAACGGG.1,10
CAAGACTGTGGAGG.1,3
CAAGACTGTTCGCC.1,6
CAAGCATGAAGCCT.1,1
CAAGCATGACGGGA.1,1
CAAGCATGCAGATC.1,3
CAAGCATGCTAGTG.1,3
CAAGCATGGGTAAA.1,1
CAAGCATGGGTTAC.1,1
CAAGCATGGTTGCA.1,1
CAAGCATGTAGCGT.1,9
CAAGCATGTGTGAC.1,3
CAAGCCCTACAGCT.1,10
CAAGCCCTCAATCG.1,3
CAAGCCCTCTCGAA.1,1
CAAGCTGACTCCAC.1,13
CAAGCTGAGAGAGC.1,3
CAAGCTGAGGTACT.1,7
CAAGCTGATTCTCA.1,1
CAAGGACTCCAACA.1,3
CAAGGACTCCACAA.1,1
CAAGGACTCCTTGC.1,1
CAAGGACTCGTAGT.1,3
CAAGGACTTCCGTC.1,6
CAAGGACTTTGCGA.1,1
CAAGGTTGAGTCAC.1,6
CAAGGTTGCCTTAT.1,7
CAAGGTTGGAGGAC.1,9
CAAGGTTGGTCTGA.1,9
CAAGGTTGTGAACC.1,3
CAAGGTTGTGACAC.1,6
CAAGTTCTACGACT.1,1
CAAGTTCTACTCTT.1,1
CAAGTTCTAGTCTG.1,1
CAAGTTCTGCTTCC.1,3
CAAGTTCTGGCATT.1,1
CAAGTTCTGTCGTA.1,3
CAAGTTCTTCCAGA.1,7
CAAGTTCTTCTTAC.1,6
CAATAAACGACAGG.1,3
CAATAAACGTACCA.1,3
CAATAATGCCCTCA.1,3
CAATAATGCCGCTT.1,3
CAATAATGCGAATC.1,1
CAATAATGGAATCC.1,1
CAATAATGGTTGAC.1,7
CAATATGAAACGTC.1,1
CAATATGAAGCCAT.1,3
CAATATGAGACAAA.1,13
CAATATGATGAGGG.1,3
CAATATGATGGAAA.1,1
CAATCGGAACCAAC.1,7
CAATCGGAGATAAG.1,3
CAATCGGATCGTTT.1,10
CAATCGGATGGTGT.1,3
CAATCTACAGGTCT.1,3
CAATCTACATCGGT.1,7
CAATCTACCCAGTA.1,3
CAATCTACGGTCTA.1,14
CAATCTACGGTTAC.1,1
CAATGGACAAGAGT.1,3
CAATGGACCAGGAG.1,3
CAATGGACCAGTTG.1,10
CAATGGACTCCAGA.1,9
CAATGGACTCTTAC.1,1
CAATTCACTGAGAA.1,1
CAATTCTGAACCAC.1,3
CAATTCTGCCCTAC.1,1
CAATTCTGGTAGCT.1,9
CACAACGAACGACT.1,6
CACAACGACCGTTC.1,6
CACAACGACCTCAC.1,9
CACAATCTCATCAG.1,1
CACAATCTGCCATA.1,9
CACAATCTTGAGGG.1,6
CACACCTGAGTCTG.1,10
CACACCTGCAGATC.1,3
CACACCTGCATACG.1,1
CACACCTGTATCTC.1,1
CACACCTGTCCCAC.1,14
CACACCTGTGTCTT.1,7
CACAGAACACCATG.1,3
CACAGAACGCATCA.1,14
CACAGAACGGTACT.1,3
CACAGAACGTCCTC.1,1
CACAGATGAAGAGT.1,3
CACAGATGAGTGTC.1,1
CACAGATGGAGGTG.1,3
CACAGATGGCTGTA.1,3
CACAGCCTCTACGA.1,10
CACAGCCTGTCACA.1,3
CACAGTGAACCATG.1,11
CACAGTGACCGCTT.1,1
CACAGTGACTTAGG.1,3
CACAGTGAGGGTGA.1,3
CACAGTGATGTTCT.1,1
CACATACTAGCGTT.1,13
CACATACTATCTTC.1,3
CACATACTCATGCA.1,1
CACATACTCTGCTC.1,6
CACATACTTGTGGT.1,3
CACATGGACGGAGA.1,1
CACATGGACTTTAC.1,3
CACATGGATCCTTA.1,3
CACCACTGACGTAC.1,10
CACCACTGCTACCC.1,3
CACCACTGCTGGAT.1,3
CACCACTGGCTATG.1,3
CACCACTGGTAAAG.1,6
CACCACTGTAGAGA.1,1
CACCCATGACGTTG.1,1
CACCCATGGACACT.1,1
CACCCATGGTTTGG.1,1
CACCGGGACTGGAT.1,6
CACCGGGAGACGTT.1,1
CACCGGGAGCGAGA.1,6
CACCGGGATCTTCA.1,3
CACCGTACACTCAG.1,1
CACCGTACCCCGTT.1,9
CACCGTACCCTTAT.1,3
CACCGTACGGACGA.1,3
CACCGTACGGTTTG.1,3
CACCGTACTACTTC.1,6
CACCGTTGACTAGC.1,3
CACCGTTGCAGAAA.1,3
CACCGTTGCTGGTA.1,1
CACCGTTGGTTCGA.1,1
CACCGTTGTAGTCG.1,1
CACCGTTGTCGTAG.1,9
CACCTGACGACAGG.1,1
CACCTGACGACGAG.1,1
CACCTGACGGGCAA.1,1
CACCTGACGTGTTG.1,3
CACCTGACTGACTG.1,3
CACCTGACTTGCTT.1,9
CACGAAACCGCAAT.1,1
CACGAAACCGTAGT.1,3
CACGAAACGCAGTT.1,1
CACGACCTACACGT.1,3
CACGACCTCGATAC.1,10
CACGATGAAACCAC.1,3
CACGATGACGTACA.1,1
CACGATGAGCAAGG.1,6
CACGATGAGCTACA.1,7
CACGATGATAACCG.1,1
CACGCTACCGTCTC.1,6
CACGCTACTAAGCC.1,13
CACGGGACCTAAGC.1,3
CACGGGACGAGACG.1,6
CACGGGACGCTGAT.1,3
CACGGGACGGATCT.1,1
CACGGGACTCGATG.1,6
CACGGGACTTCTCA.1,6
CACGGGTGGAACCT.1,1
CACGGGTGTCGCAA.1,6
CACTAACTACACGT.1,10
CACTAACTCGCCTT.1,11
CACTAACTGTCGAT.1,3
CACTAACTTGGGAG.1,1
CACTAACTTTGACG.1,3
CACTAGGAACACCA.1,9
CACTAGGACAACCA.1,1
CACTAGGACTAAGC.1,1
CACTAGGAGTAAAG.1,1
CACTAGGATACGAC.1,6
CACTATACCAGAAA.1,1
CACTATACGTATCG.1,3
CACTATACGTTACG.1,6
CACTATACTTCTCA.1,10
CACTCCGACATGAC.1,13
CACTCCGACCGTTC.1,1
CACTCCGAGCCCTT.1,10
CACTCCGATTCAGG.1,9
CACTCTCTAGCACT.1,1
CACTCTCTAGCTAC.1,1
CACTCTCTCGGTAT.1,3
CACTCTCTTGCAGT.1,1
CACTGAGACAGATC.1,3
CACTGAGACCCTTG.1,6
CACTGAGACTGTTT.1,3
CACTGAGAGGAACG.1,1
CACTGCACACAGCT.1,1
CACTGCACATCAGC.1,1
CACTGCACCTACCC.1,1
CACTGCACGTAGGG.1,1
CACTGCTGACCCTC.1,3
CACTGCTGCAGGAG.1,4
CACTGCTGCTGCTC.1,14
CACTGCTGGAATCC.1,10
CACTGCTGTCCAGA.1,3
CACTGCTGTGCAAC.1,10
CACTGCTGTGCGTA.1,13
CACTGCTGTGGTCA.1,3
CACTTAACAGAATG.1,13
CACTTAACATTCTC.1,10
CACTTAACCCGATA.1,3
CACTTATGCCCAAA.1,1
CACTTATGGGACGA.1,10
CACTTATGTGCCTC.1,1
CACTTATGTGGTCA.1,7
CACTTTGAACTCAG.1,3
CACTTTGAAGCTCA.1,1
CACTTTGACACTCC.1,13
CACTTTGAGAGCAG.1,10
CACTTTGATCTCTA.1,3
CAGAAGCTCACTTT.1,7
CAGAAGCTGCGAAG.1,3
CAGACAACAACTGC.1,3
CAGACAACCGCCTT.1,13
CAGACAACCGTACA.1,1
CAGACAACCTCAGA.1,6
CAGACATGAACGTC.1,3
CAGACATGACTACG.1,9
CAGACATGCATTGG.1,1
CAGACATGCCCACT.1,3
CAGACATGCTCGCT.1,3
CAGACCCTGAAACA.1,1
CAGACTGAAAGGTA.1,1
CAGACTGACAATCG.1,3
CAGACTGACAGAAA.1,9
CAGACTGAGGCATT.1,1
CAGACTGATAGCGT.1,3
CAGAGGGAAAAGTG.1,3
CAGAGGGAACTAGC.1,3
CAGAGGGAGACACT.1,1
CAGAGGGAGCTGAT.1,7
CAGATGACAGAACA.1,3
CAGATGACAGAATG.1,1
CAGATGACAGTGTC.1,1
CAGATGACCCTCGT.1,13
CAGATGACCGAGTT.1,9
CAGATGACGAGGAC.1,1
CAGATGACGGGCAA.1,1
CAGCAATGACTAGC.1,6
CAGCAATGCGTAGT.1,10
CAGCAATGGCCATA.1,3
CAGCAATGGGTACT.1,3
CAGCAATGGTCACA.1,7
CAGCACCTCCTACC.1,10
CAGCACCTCTTGCC.1,10
CAGCATGAACCCAA.1,1
CAGCATGAGTTTGG.1,3
CAGCATGATATCTC.1,1
CAGCATGATGTCAG.1,1
CAGCATGATTAGGC.1,9
CAGCCTACGAGGAC.1,10
CAGCCTACTCTCGC.1,1
CAGCCTTGACACGT.1,3
CAGCCTTGCTGAGT.1,1
CAGCCTTGTGCAAC.1,1
CAGCCTTGTTGCGA.1,3
CAGCGGACAGCGTT.1,9
CAGCGGACCACAAC.1,3
CAGCGGACCCAGTA.1,3
CAGCGGACTTATCC.1,6
CAGCGGACTTTGCT.1,3
CAGCGTCTAACGGG.1,1
CAGCGTCTATGTCG.1,1
CAGCGTCTATGTGC.1,3
CAGCGTCTGTTCTT.1,1
CAGCGTCTTCGTGA.1,3
CAGCTAGACCGAAT.1,1
CAGCTCACGGTACT.1,7
CAGCTCACTGAGGG.1,1
CAGCTCACTTCCCG.1,3
CAGCTCTGAGGTCT.1,9
CAGGAACTCCACAA.1,1
CAGGAACTCTTTAC.1,1
CAGGAACTGACGTT.1,10
CAGGCCGAAAGATG.1,3
CAGGCCGAGAGGTG.1,1
CAGGCCGAGTCGAT.1,3
CAGGGCACACGCAT.1,3
CAGGGCACCTTGAG.1,3
CAGGGCACGCGAAG.1,7
CAGGGCACTCTGGA.1,14
CAGGTAACGCCCTT.1,11
CAGGTAACGTTCAG.1,1
CAGGTATGCCAATG.1,3
CAGGTATGCCCTTG.1,6
CAGGTATGCTTCGC.1,1
CAGGTATGGAATGA.1,1
CAGGTTGAAACAGA.1,3
CAGGTTGACTCGCT.1,3
CAGGTTGAGAGAGC.1,1
CAGGTTGAGGGATG.1,3
CAGGTTGAGTATGC.1,9
CAGGTTGATTTGGG.1,6
CAGTCAGAAGGCGA.1,1
CAGTCAGACATGGT.1,1
CAGTCAGAGTTAGC.1,3
CAGTGATGAGCAAA.1,3
CAGTGATGCCTCCA.1,1
CAGTGATGCTATTC.1,10
CAGTGATGGATGAA.1,13
CAGTGATGGGTCAT.1,1
CAGTGATGGTATCG.1,3
CAGTGTGAATTCTC.1,9
CAGTGTGACCTCCA.1,3
CAGTGTGACTGCTC.1,3
CAGTGTGAGAGCAG.1,6
CAGTGTGATCAGGT.1,10
CAGTGTGATGTGCA.1,1
CAGTGTGATTCGGA.1,1
CAGTGTGATTTGGG.1,10
CAGTTACTCCCACT.1,3
CAGTTACTTGAACC.1,1
CAGTTACTTGCCCT.1,4
CAGTTACTTTCGTT.1,3
CAGTTGGAACGACT.1,7
CAGTTGGAAGTCGT.1,1
CAGTTGGACGGGAA.1,1
CAGTTGGAGGAGCA.1,1
CAGTTGGATTCCCG.1,9
CAGTTTACCCAGTA.1,1
CAGTTTACGTTCGA.1,6
CAGTTTACTATCTC.1,1
CATAAAACACCCTC.1,1
CATAAAACAGAGAT.1,1
CATAAAACGTCCTC.1,10
CATAAAACTGAGAA.1,1
CATAAATGCAAGCT.1,1
CATAAATGCCTTAT.1,3
CATAAATGGGTCTA.1,1
CATAACCTACCTAG.1,1
CATAACCTGGTAGG.1,3
CATAACCTGTATGC.1,13
CATAACCTGTTCAG.1,3
CATAACCTTAACGC.1,1
CATACTACCCGAAT.1,3
CATACTACCTATGG.1,6
CATACTACTGTGCA.1,1
CATACTTGACTACG.1,3
CATACTTGGGGTGA.1,3
CATACTTGGGTAGG.1,10
CATACTTGTGCCAA.1,3
CATAGTCTACACAC.1,13
CATAGTCTACACTG.1,1
CATAGTCTCCCTTG.1,3
CATAGTCTCTGTTT.1,1
CATAGTCTGGAACG.1,3
CATAGTCTTAGCCA.1,1
CATATAGAATCGTG.1,1
CATATAGACCTGTC.1,3
CATATAGAGTACGT.1,10
CATATAGATAAGCC.1,3
CATATAGATATCTC.1,7
CATATAGATCTTTG.1,1
CATATAGATGTCCC.1,3
CATCAACTACTACG.1,3
CATCAACTGCCCTT.1,14
CATCAACTTAACGC.1,3
CATCAACTTAGACC.1,13
CATCAACTTTCAGG.1,3
CATCAACTTTCCAT.1,1
CATCAACTTTCCCG.1,3
CATCAGGAGCGGAA.1,8
CATCAGGAGGGACA.1,6
CATCAGGAGGTGTT.1,3
CATCAGGAGTCCTC.1,6
CATCAGGATGCTGA.1,1
CATCAGGATTGACG.1,13
CATCATACCCTGTC.1,1
CATCATACCGTCTC.1,3
CATCATACTCAGAC.1,1
CATCATACTGTGCA.1,3
CATCCCGATCATTC.1,3
CATCGGCTATGTGC.1,9
CATCGGCTGCATCA.1,6
CATCGGCTTCGATG.1,3
CATCTCCTAGTCTG.1,9
CATCTCCTCTATGG.1,3
CATCTCCTTGAGAA.1,10
CATCTCCTTTGGCA.1,1
CATCTCCTTTTACC.1,1
CATCTTGAAGCACT.1,1
CATCTTGAGCTAAC.1,3
CATCTTGAGTACCA.1,1
CATCTTGATTTGCT.1,1
CATGAGACAGGTCT.1,1
CATGAGACATGCTG.1,3
CATGAGACCTATTC.1,10
CATGAGACCTCTCG.1,7
CATGCCACTCATTC.1,3
CATGCGCTCCTTCG.1,6
CATGCGCTCTGAAC.1,3
CATGCGCTGGTTTG.1,3
CATGCGCTTTGTCT.1,7
CATGGCCTCCCTTG.1,3
CATGGCCTTAGAAG.1,1
CATGGCCTTCCAAG.1,6
CATGGCCTTGTCTT.1,3
CATGGCCTTTCTAC.1,7
CATGTACTAAGTGA.1,1
CATGTACTCAAGCT.1,1
CATGTACTCAATCG.1,1
CATGTACTGATAAG.1,1
CATGTACTGGAGTG.1,3
CATGTACTTCAGTG.1,3
CATGTTACATCGGT.1,1
CATGTTACCATGGT.1,3
CATGTTACCGTGAT.1,3
CATGTTACGCAGTT.1,9
CATGTTACGTTTCT.1,1
CATGTTACTGTCTT.1,1
CATGTTTGAAAACG.1,1
CATGTTTGCCTGAA.1,1
CATGTTTGCGAGAG.1,3
CATGTTTGGATAGA.1,3
CATGTTTGTGTGGT.1,1
CATTACACCGAGAG.1,10
CATTACACTCTTAC.1,6
CATTAGCTACGGGA.1,1
CATTAGCTATTCCT.1,1
CATTAGCTCTTTAC.1,9
CATTAGCTGGGATG.1,1
CATTCCCTAAGTAG.1,1
CATTCCCTAGTGCT.1,1
CATTCCCTATTGGC.1,1
CATTCCCTCCTTAT.1,3
CATTCCCTGTTCTT.1,2
CATTGACTGCGATT.1,1
CATTGACTTATGGC.1,10
CATTGGGAGGGATG.1,3
CATTGGGATGTCAG.1,3
CATTGTACAACGTC.1,1
CATTGTACACTGTG.1,3
CATTGTTGAACAGA.1,3
CATTGTTGCAACTG.1,11
CATTGTTGGGGAGT.1,10
CATTGTTGGGTATC.1,3
CATTGTTGTACGAC.1,3
CATTGTTGTGTCCC.1,1
CATTGTTGTGTGCA.1,1
CATTTCGAACCACA.1,6
CATTTCGAACCTCC.1,10
CATTTCGACACTGA.1,1
CATTTCGATTAGGC.1,3
CATTTGACACTTTC.1,1
CATTTGACGTTCAG.1,1
CATTTGACGTTGAC.1,13
CATTTGTGGAGCAG.1,3
CATTTGTGGATGAA.1,3
CATTTGTGGGTCTA.1,3
CATTTGTGTGTCAG.1,3
CATTTGTGTTATCC.1,6
CCAAAGTGATCAGC.1,9
CCAAAGTGATCGGT.1,1
CCAACCTGAGGCGA.1,3
CCAACCTGATGTCG.1,1
CCAACCTGGAAGGC.1,6
CCAACCTGTACGAC.1,1
CCAACCTGTGCCAA.1,3
CCAAGAACCACTTT.1,1
CCAAGAACCTAGCA.1,3
CCAAGAACGGTTAC.1,3
CCAAGAACGTACAC.1,3
CCAAGAACGTGCAT.1,1
CCAAGAACTGACCA.1,13
CCAAGAACTGTCCC.1,7
CCAAGATGAGTCAC.1,4
CCAAGATGCGACAT.1,1
CCAAGATGTCAGGT.1,1
CCAAGATGTGTCGA.1,3
CCAAGATGTGTGAC.1,3
CCAAGTGAAGCTCA.1,3
CCAAGTGACACTGA.1,3
CCAAGTGAGCTTAG.1,1
CCAAGTGATAACGC.1,14
CCAAGTGATACGAC.1,1
CCAAGTGATCCGTC.1,1
CCAATGGATGCATG.1,1
CCAATTTGAGATCC.1,7
CCAATTTGCAGGAG.1,3
CCAATTTGCCTACC.1,1
CCAATTTGGTTAGC.1,1
CCAATTTGTCTCAT.1,3
CCAATTTGTGGAAA.1,1
CCACCATGCAGTCA.1,3
CCACCATGGCCATA.1,1
CCACCTGACCGTAA.1,3
CCACCTGACGAGAG.1,7
CCACCTGATAGTCG.1,3
CCACGGGAACGGGA.1,1
CCACGGGAGGGAGT.1,3
CCACTGACGACAGG.1,10
CCACTGACTCGCAA.1,7
CCACTGACTGTCCC.1,7
CCACTGTGACTGTG.1,10
CCACTGTGATGCTG.1,1
CCACTGTGCGTCTC.1,3
CCACTGTGCGTGTA.1,1
CCACTGTGCTTCTA.1,3
CCACTGTGGACGAG.1,1
CCACTGTGGCTAAC.1,1
CCACTTCTAACGTC.1,1
CCACTTCTCACTGA.1,1
CCACTTCTCTCGCT.1,1
CCACTTCTCTTGCC.1,3
CCAGAAACCTTCGC.1,7
CCAGAAACTAGAAG.1,3
CCAGACCTCTATGG.1,3
CCAGATGATGACCA.1,10
CCAGCACTAGAGTA.1,3
CCAGCACTGCATAC.1,13
CCAGCGGACTTCGC.1,6
CCAGCGGAGAGGCA.1,3
CCAGCGGATCTTAC.1,1
CCAGCGGATTATCC.1,1
CCAGCGGATTCTCA.1,6
CCAGCGGATTTACC.1,1
CCAGCTACAACGGG.1,3
CCAGCTACCAATCG.1,3
CCAGCTACCAGTCA.1,3
CCAGCTACCCGTTC.1,6
CCAGGTCTCGTAGT.1,10
CCAGGTCTGACGAG.1,10
CCAGTCTGACAGTC.1,6
CCAGTCTGTCTTCA.1,3
CCAGTGCTGGCATT.1,9
CCAGTGCTGGGCAA.1,3
CCAGTGCTGTCTAG.1,1
CCAGTGCTTAACCG.1,3
CCATAGGACCTATT.1,1
CCATAGGAGGTAAA.1,6
CCATATACAAGATG.1,1
CCATATACACACTG.1,7
CCATATACGATGAA.1,3
CCATATACTGGTGT.1,9
CCATATACTTTACC.1,1
CCATCCGAACTTTC.1,6
CCATCCGAGGTTTG.1,3
CCATCCGAGTGCTA.1,3
CCATCCGATCTACT.1,13
CCATCCGATTCTAC.1,3
CCATCGTGAAGCCT.1,1
CCATCGTGAAGGGC.1,1
CCATCGTGACCCTC.1,10
CCATCGTGCTGGAT.1,3
CCATCGTGGACGAG.1,10
CCATCGTGTCGCAA.1,3
CCATGCTGAAACGA.1,3
CCATGCTGCCAAGT.1,3
CCATGCTGCTAAGC.1,1
CCATGCTGGAGATA.1,7
CCATGCTGGGATCT.1,10
CCATGCTGTCACGA.1,3
CCATTAACGTGAGG.1,3
CCCAAAGAATCACG.1,10
CCCAAAGAGTCCTC.1,1
CCCAAAGATCTTCA.1,13
CCCAACACAGTAGA.1,1
CCCAACACCAAGCT.1,1
CCCAACACTCCGTC.1,14
CCCAACACTGAGGG.1,3
CCCAACACTGATGC.1,9
CCCAACTGACGTTG.1,1
CCCAACTGCCTACC.1,4
CCCAACTGGATACC.1,1
CCCAACTGGCCATA.1,7
CCCAACTGGTGCAT.1,1
CCCAACTGGTGTAC.1,3
CCCAACTGGTTGAC.1,6
CCCACATGCTTTAC.1,6
CCCACATGGGTGGA.1,1
CCCAGACTAAACGA.1,7
CCCAGACTCCAAGT.1,1
CCCAGACTTCCCAC.1,9
CCCAGACTTCCTAT.1,9
CCCAGTTGACAGTC.1,9
CCCAGTTGTCGTTT.1,3
CCCAGTTGTTTCTG.1,6
CCCATCGACCCGTT.1,1
CCCATCGAGAGGGT.1,1
CCCATCGAGTAAAG.1,1
CCCATGTGACGTTG.1,1
CCCATGTGCCGAAT.1,3
CCCATGTGCCTCAC.1,3
CCCATGTGCGTAAC.1,3
CCCATGTGCTTGGA.1,1
CCCATGTGTGACCA.1,7
CCCATGTGTGCACA.1,6
CCCGAACTACCAAC.1,10
CCCGAACTCCAACA.1,3
CCCGAACTTAGCGT.1,1
CCCGAACTTCCCAC.1,3
CCCGATTGAAGAGT.1,1
CCCGATTGAGCGGA.1,10
CCCGATTGCCCGTT.1,3
CCCGATTGCTGATG.1,6
CCCGATTGCTTACT.1,6
CCCGATTGCTTATC.1,13
CCCGGAGACAACCA.1,1
CCCGGAGACTTGCC.1,3
CCCGGAGAGGGAGT.1,1
CCCGGAGAGGTTCA.1,3
CCCGGAGATACTTC.1,1
CCCGGAGATCTTAC.1,1
CCCTACGACATTCT.1,3
CCCTACGACTGAAC.1,1
CCCTACGATTCGGA.1,4
CCCTAGTGCAACCA.1,13
CCCTAGTGCAGGAG.1,3
CCCTAGTGTTCTCA.1,2
CCCTCAGAACCACA.1,1
CCCTCAGAGAGGCA.1,3
CCCTGAACAATCGC.1,3
CCCTGAACACTGTG.1,1
CCCTGAACATTTCC.1,9
CCCTGATGCTGAGT.1,9
CCCTGATGGAACCT.1,7
CCCTGATGGAGACG.1,1
CCCTGATGGGTCAT.1,10
CCCTGATGTGCAGT.1,10
CCCTTACTACCAAC.1,3
CCCTTACTCATTGG.1,1
CCCTTACTCGTGTA.1,6
CCCTTACTCTCGAA.1,6
CCCTTACTGACGAG.1,3
CCGAAAACATACCG.1,3
CCGAAAACCAGAAA.1,3
CCGAAAACCGATAC.1,11
CCGAAAACTTTGCT.1,9
CCGACACTGAGAGC.1,3
CCGACACTGGACAG.1,9
CCGACACTTGACCA.1,7
CCGACTACTTTACC.1,9
CCGATAGACTTGTT.1,3
CCGATAGAGCGGAA.1,3
CCGATAGAGGTCAT.1,9
CCGCGAGAACGCAT.1,7
CCGCGAGAGCAGAG.1,1
CCGCGAGATCTCGC.1,10
CCGCGAGATGCATG.1,3
CCGCTATGCAGCTA.1,1
CCGCTATGCCCACT.1,1
CCGCTATGGGGTGA.1,1
CCGCTATGGTCACA.1,3
CCGGAGACTAGTCG.1,1
CCGGAGACTCTACT.1,3
CCGGAGTGCCGTAA.1,1
CCGGAGTGCCTCCA.1,3
CCGGAGTGCTGCAA.1,1
CCGGAGTGCTTGGA.1,7
CCGGAGTGTATGGC.1,3
CCGGAGTGTGCCTC.1,3
CCGGTACTAGGAGC.1,3
CCGGTACTCTGATG.1,3
CCGGTACTTCTCTA.1,3
CCGTAAGACAGGAG.1,1
CCGTAAGACATGAC.1,13
CCGTACACCTCCAC.1,3
CCGTACACCTTGGA.1,13
CCGTACACTATGCG.1,3
CCTAAACTCCTTCG.1,1
CCTAAACTGTGTAC.1,3
CCTAAACTTCAGGT.1,1
CCTAAACTTCCGTC.1,1
CCTAAGGAAACTGC.1,1
CCTAAGGAAAGGGC.1,11
CCTAAGGAGGATCT.1,1
CCTAAGGATGTCAG.1,1
CCTAAGGATTACCT.1,10
CCTACCGAAAGAGT.1,1
CCTACCGAAGTCTG.1,3
CCTACCGACATGAC.1,1
CCTACCGACGTACA.1,10
CCTACCGAGACACT.1,3
CCTACCGAGCGTTA.1,3
CCTACCGAGGTTTG.1,1
CCTACCGATCGACA.1,1
CCTACCGATTACCT.1,3
CCTACCGATTGGCA.1,3
CCTACCGATTTCTG.1,6
CCTAGAGAAGTTCG.1,3
CCTAGAGACGACAT.1,13
CCTAGAGAGCGTTA.1,6
CCTAGAGATACGCA.1,1
CCTAGAGATGTCTT.1,10
CCTATAACCTCAGA.1,1
CCTATAACGGCAAG.1,1
CCTATTGAACCAAC.1,1
CCTATTGACCCTAC.1,13
CCTATTGACCTACC.1,3
CCTATTGATCCTCG.1,1
CCTCATCTAGCGGA.1,1
CCTCATCTCACTGA.1,3
CCTCATCTCCGCTT.1,1
CCTCATCTCTCGAA.1,1
CCTCGAACCCCACT.1,9
CCTCGAACGTAAAG.1,10
CCTCTACTAGATCC.1,9
CCTCTACTCCTACC.1,1
CCTCTACTCGTTGA.1,9
CCTCTACTGGAAGC.1,1
CCTGACTGACGGGA.1,1
CCTGACTGCTCTTA.1,3
CCTGACTGGTCACA.1,1
CCTGACTGTAAGGA.1,10
CCTGAGCTACACTG.1,1
CCTGAGCTACAGTC.1,3
CCTGAGCTGTCAAC.1,1
CCTGCAACAGCGGA.1,1
CCTGCAACCACTAG.1,13
CCTGCAACCTCAGA.1,3
CCTGCAACTAAGGA.1,10
CCTGCAACTCATTC.1,3
CCTGCAACTCGCCT.1,3
CCTGCAACTTTGGG.1,1
CCTGGACTCGTAAC.1,1
CCTGGACTCTAAGC.1,3
CCTTAATGAAGGTA.1,3
CCTTAATGCTCGAA.1,3
CCTTAATGGACGTT.1,10
CCTTAATGGATGAA.1,10
CCTTAATGGGGTGA.1,6
CCTTAATGTCCGAA.1,10
CCTTAATGTCGATG.1,1
CCTTAATGTGCATG.1,1
CCTTAATGTTGCTT.1,7
CCTTCACTTGTCTT.1,1
CCTTTAGACACTGA.1,3
CCTTTAGACCATGA.1,3
CCTTTAGACTACGA.1,1
CCTTTAGAGAAACA.1,1
CCTTTAGAGGTATC.1,13
CCTTTAGAGTGTTG.1,3
CCTTTAGATAGAAG.1,3
CCTTTAGATCAGTG.1,3
CCTTTAGATGCCTC.1,1
CCTTTAGATGGAAA.1,1
CGAACATGAATCGC.1,1
CGAAGACTACGGAG.1,6
CGAAGACTATCGTG.1,1
CGAAGACTCCTCGT.1,1
CGAAGACTGTAAAG.1,10
CGAAGACTTACGAC.1,1
CGAAGGGAAAGATG.1,9
CGAAGGGAACTCTT.1,3
CGAAGGGAAGAGGC.1,10
CGAAGGGACTGAGT.1,1
CGAAGTACAAACGA.1,1
CGAAGTACAACCGT.1,10
CGAAGTACAAGCAA.1,3
CGAAGTACACCTCC.1,1
CGAAGTACAGCCAT.1,1
CGAAGTACCGTAGT.1,3
CGAAGTACGGAAAT.1,9
CGAAGTACGGTGTT.1,3
CGAAGTACTAGAAG.1,9
CGAAGTACTTTACC.1,4
CGAATCGAGCAGAG.1,3
CGAATCGATGTCAG.1,1
CGACAAACAGCAAA.1,7
CGACAAACAGTCTG.1,9
CGACAAACATACCG.1,3
CGACAAACATCAGC.1,3
CGACAAACATGTGC.1,1
CGACAAACCCCAAA.1,3
CGACAAACGATGAA.1,10
CGACAAACGTACGT.1,1
CGACAAACTGTAGC.1,1
CGACCACTAATCGC.1,6
CGACCACTGTTCAG.1,3
CGACCACTTTCCCG.1,3
CGACCGGACGTCTC.1,1
CGACCGGAGAATCC.1,9
CGACCGGAGCAGTT.1,9
CGACCGGATATTCC.1,1
CGACCGGATCGCTC.1,1
CGACCGGATCTACT.1,1
CGACCTACCCCTAC.1,3
CGACCTACCTATGG.1,10
CGACCTACGCAGAG.1,1
CGACCTACGCGATT.1,9
CGACCTACGGTCAT.1,3
CGACCTACTCACGA.1,1
CGACCTTGACCGAT.1,1
CGACCTTGCAGTTG.1,4
CGACCTTGCCAGTA.1,1
CGACCTTGGTAAAG.1,3
CGACCTTGTACTGG.1,1
CGACCTTGTCCAAG.1,1
CGACCTTGTCCCAC.1,1
CGACGTCTCAGCTA.1,6
CGACGTCTGTGCAT.1,1
CGACTCACAACGGG.1,1
CGACTCACACCAGT.1,9
CGACTCACACGTTG.1,1
CGACTCACCTGGAT.1,3
CGACTCACGAAACA.1,1
CGACTCACGTAAAG.1,3
CGACTCACTGGTGT.1,10
CGACTCTGACGTTG.1,2
CGACTCTGATGTGC.1,9
CGACTCTGCAGGAG.1,6
CGACTCTGCCAAGT.1,1
CGACTCTGCGGAGA.1,6
CGACTCTGCTAGAC.1,13
CGACTCTGGCGTAT.1,1
CGACTCTGGTTTCT.1,1
CGACTCTGTATCTC.1,3
CGACTCTGTCACCC.1,1
CGACTCTGTCGTGA.1,1
CGACTCTGTCTTCA.1,1
CGACTGCTAGTACC.1,1
CGACTGCTCGTCTC.1,3
CGACTGCTGTATGC.1,1
CGACTGCTGTTGAC.1,6
CGACTGCTTGTCGA.1,1
CGAGATTGGAATCC.1,3
CGAGATTGTATCTC.1,6
CGAGCCGACCCAAA.1,11
CGAGCCGACCTCCA.1,1
CGAGCCGAGAAAGT.1,6
CGAGCGTGGCATAC.1,1
CGAGCGTGGGTGGA.1,1
CGAGCGTGTGCTGA.1,10
CGAGGAGAATCACG.1,6
CGAGGAGACCAATG.1,6
CGAGGAGACTCAGA.1,3
CGAGGAGAGGAAGC.1,3
CGAGGAGAGGAGGT.1,1
CGAGGAGATTACCT.1,7
CGAGGAGATTCTGT.1,1
CGAGGCACAAGAAC.1,3
CGAGGCACAGTCGT.1,9
CGAGGCACGAAACA.1,6
CGAGGCACGTCCTC.1,1
CGAGGCACTTTGTC.1,3
CGAGGCTGACACAC.1,1
CGAGGCTGATTTCC.1,1
CGAGGCTGCTTCCG.1,3
CGAGGCTGGAAAGT.1,3
CGAGGCTGGAACCT.1,1
CGAGGCTGGATAGA.1,3
CGAGGCTGGGACAG.1,3
CGAGTATGACCTCC.1,10
CGAGTATGATCGAC.1,3
CGAGTATGATTTCC.1,7
CGAGTATGCTATTC.1,1
CGAGTATGGCTCCT.1,3
CGAGTATGTCCGTC.1,3
CGATACGAAGAGAT.1,3
CGATACGACATTCT.1,4
CGATACGATCCGAA.1,6
CGATAGACACCTGA.1,9
CGATAGACCAAAGA.1,10
CGATAGACGAGGAC.1,1
CGATAGACGGTGGA.1,1
CGATCAGATGGAAA.1,3
CGATCAGATTCGGA.1,1
CGATCCACACAGCT.1,1
CGATCCACCACTGA.1,3
CGATCCACTCTCGC.1,1
CGATCCACTGCTGA.1,9
CGATCCACTTGTGG.1,3
CGCAAATGAACCTG.1,10
CGCAAATGACGGTT.1,3
CGCAAATGCCCTAC.1,1
CGCAAATGTGATGC.1,1
CGCAACCTCCACCT.1,9
CGCAACCTCCTATT.1,3
CGCAACCTCTGGAT.1,3
CGCAACCTTGCCTC.1,3
CGCAACCTTGTCGA.1,8
CGCACGGACACAAC.1,1
CGCACGGACTATGG.1,1
CGCACGGAGCTGTA.1,1
CGCACTACCTAGCA.1,1
CGCACTACTACGCA.1,3
CGCACTACTCGCAA.1,6
CGCACTACTCTAGG.1,1
CGCACTTGAAGCAA.1,3
CGCACTTGTCCTGC.1,3
CGCAGGACAGTTCG.1,1
CGCAGGACCATGGT.1,1
CGCAGGACGCATAC.1,1
CGCAGGTGACGCAT.1,1
CGCAGGTGCACACA.1,9
CGCATAGAAGTCGT.1,3
CGCATAGAGATGAA.1,1
CGCATAGAGCGTTA.1,9
CGCATAGAGTGTAC.1,1
CGCATAGATCCGTC.1,1
CGCATAGATGCACA.1,1
CGCCATACATTCTC.1,6
CGCCATACCCATAG.1,10
CGCCATACCGAGTT.1,10
CGCCATACGAGATA.1,1
CGCCATACGCGTTA.1,6
CGCCATACGCTTAG.1,9
CGCCATTGATAAGG.1,3
CGCCATTGCACCAA.1,3
CGCCATTGGAAAGT.1,3
CGCCATTGTCCCGT.1,7
CGCCATTGTTAGGC.1,3
CGCCGAGAGGGAGT.1,10
CGCCTAACAACGAA.1,6
CGCCTAACACCAGT.1,7
CGCCTAACAGAACA.1,6
CGCCTAACCGCAAT.1,1
CGCCTAACGTCTAG.1,3
CGCCTAACTTCATC.1,9
CGCGAGACCCTTTA.1,1
CGCGAGACCGATAC.1,1
CGCGAGACCTCAGA.1,9
CGCGAGACTATCTC.1,6
CGCGAGACTCCGTC.1,3
CGCGAGACTCGTTT.1,3
CGCGATCTAGCGGA.1,11
CGCGATCTATCACG.1,3
CGCGATCTATCAGC.1,7
CGCGGATGCTCATT.1,10
CGCGGATGCTGAAC.1,3
CGCGGATGTGCTAG.1,10
CGCTAAGAAGAAGT.1,3
CGCTAAGAAGCCAT.1,3
CGCTAAGAAGGCGA.1,1
CGCTAAGACATTTC.1,1
CGCTAAGACCTCGT.1,3
CGCTAAGAGCAGAG.1,1
CGCTAAGATGAGGG.1,3
CGCTACACAGATCC.1,6
CGCTACACCTGAGT.1,1
CGCTACACGAGAGC.1,1
CGCTACTGCTGTGA.1,10
CGCTACTGGCTAAC.1,1
CGCTACTGTTATCC.1,3
CGCTCATGCGACAT.1,3
CGCTCATGCTACTT.1,3
CGCTCATGCTTGAG.1,0
CGCTCATGCTTGTT.1,10
CGCTCATGGATGAA.1,3
CGCTCATGGGACTT.1,1
CGCTCATGGGCGAA.1,11
CGCTCATGTCAGTG.1,1
CGCTCATGTCTCGC.1,7
CGCTCATGTGTCGA.1,1
CGGAATTGCGACAT.1,5
CGGACCGAAGTGCT.1,3
CGGACCGACCTTCG.1,9
CGGACTCTAAGAAC.1,1
CGGACTCTCTTAGG.1,3
CGGACTCTGGAAGC.1,1
CGGACTCTGTCTAG.1,1
CGGACTCTGTCTTT.1,6
CGGACTCTTCGCAA.1,1
CGGACTCTTGCATG.1,1
CGGAGGCTTGATGC.1,6
CGGAGGCTTGTCAG.1,1
CGGATAACATCTCT.1,1
CGGATAACCCACAA.1,1
CGGATAACTTATCC.1,1
CGGATATGAAGGTA.1,1
CGGATATGATTCGG.1,10
CGGATATGCACTGA.1,1
CGGATATGCATGAC.1,3
CGGATATGCCCAAA.1,3
CGGATATGTTCGGA.1,10
CGGCACGAAAGGTA.1,3
CGGCACGAAGACTC.1,1
CGGCACGACAGTTG.1,10
CGGCACGACCTTGC.1,3
CGGCACGACTATGG.1,10
CGGCACGACTTCGC.1,1
CGGCACGATACTCT.1,3
CGGCACGATAGAGA.1,3
CGGCACGATCGCCT.1,1
CGGCACGATGTCTT.1,9
CGGCACGATTCGGA.1,1
CGGCATCTACCGAT.1,1
CGGCATCTATCGTG.1,1
CGGCATCTCGTAGT.1,10
CGGCATCTCTGTAG.1,3
CGGCATCTGGTACT.1,7
CGGCATCTGTTGGT.1,6
CGGCATCTTAAAGG.1,1
CGGCCAGACAGCTA.1,1
CGGCCAGACCCACT.1,6
CGGCCAGACTACCC.1,1
CGGCCAGAGTCTGA.1,9
CGGCCAGATTATCC.1,3
CGGCGAACAGTACC.1,10
CGGCGAACATGTCG.1,1
CGGCGAACCATTCT.1,1
CGGCGAACCCTCCA.1,7
CGGCGAACCGGGAA.1,1
CGGCGAACCTGATG.1,11
CGGCGAACTCCCAC.1,10
CGGCGAACTGCAAC.1,3
CGGCGAACTTCGGA.1,1
CGGCGATGAGCGGA.1,6
CGGCGATGCCTGTC.1,1
CGGCGATGCTCAAG.1,3
CGGCGATGTGGTTG.1,7
CGGGACTGCTTGAG.1,7
CGGGACTGGCAAGG.1,6
CGGGACTGTTCGCC.1,3
CGGGCATGATTGGC.1,11
CGGGCATGCAGAAA.1,6
CGGGCATGTCTTTG.1,1
CGGGCATGTGAGAA.1,3
CGGTAAACCGTTAG.1,1
CGGTAAACCTGAGT.1,1
CGGTAAACCTTGAG.1,3
CGGTAAACGTTCTT.1,1
CGGTAAACTGGTTG.1,13
CGGTAAACTTACCT.1,1
CGGTACCTTGCAAC.1,1
CGGTCACTACTGTG.1,1
CGGTCACTCAGATC.1,1
CGGTCACTCTGCTC.1,3
CGTAACGAACGGGA.1,3
CGTAACGACTAGTG.1,1
CGTAACGAGGTCAT.1,3
CGTAACGATCAGAC.1,3
CGTAACGATTCTGT.1,9
CGTACAGAAGTAGA.1,3
CGTACAGAAGTTCG.1,1
CGTACAGAGTAAAG.1,3
CGTACAGAGTATGC.1,1
CGTACAGATCGCAA.1,1
CGTACCACCGAATC.1,14
CGTACCACCTTATC.1,3
CGTACCACTCGACA.1,3
CGTACCTGAACCGT.1,1
CGTACCTGAACGTC.1,1
CGTACCTGACGCAT.1,6
CGTACCTGATTCTC.1,3
CGTACCTGGCGTTA.1,6
CGTACCTGTAGAGA.1,3
CGTACCTGTCCGTC.1,10
CGTACCTGTGAGGG.1,3
CGTAGCCTCGAGTT.1,13
CGTAGCCTGCTCCT.1,1
CGTAGCCTGGTATC.1,3
CGTAGCCTTAAGCC.1,1
CGTAGCCTTATGCG.1,9
CGTCAAGAAAGAGT.1,3
CGTCAAGAACGCAT.1,1
CGTCAAGACAGCTA.1,3
CGTCAAGACGTACA.1,1
CGTCAAGATGCACA.1,1
CGTCCAACAAGGTA.1,3
CGTCCAACGTGCTA.1,3
CGTCCATGTCCCGT.1,3
CGTCCATGTTTGTC.1,6
CGTCGACTACTCTT.1,10
CGTCGACTCCTATT.1,1
CGTCGACTCGACAT.1,3
CGTCGACTGCTGAT.1,3
CGTCGACTTCAGGT.1,1
CGTCGACTTCGCAA.1,7
CGTCGACTTTCATC.1,3
CGTGAAACATTGGC.1,3
CGTGAAACTGGTTG.1,1
CGTGAATGCACACA.1,9
CGTGAATGCGAACT.1,9
CGTGAATGCTACTT.1,1
CGTGAATGCTTGAG.1,9
CGTGAATGGGATTC.1,3
CGTGAATGGGCGAA.1,9
CGTGAATGGGTAAA.1,1
CGTGAATGTCAGGT.1,7
CGTGATGAACGGTT.1,3
CGTGATGACACTTT.1,3
CGTGATGAGCGTAT.1,10
CGTGATGATCTAGG.1,3
CGTGCACTTCTCTA.1,1
CGTGTAGACGCATA.1,6
CGTGTAGACTCAGA.1,1
CGTGTAGACTGTTT.1,3
CGTGTAGAGCAAGG.1,1
CGTGTAGAGTCACA.1,3
CGTGTAGAGTTGCA.1,10
CGTGTAGATCCTTA.1,1
CGTGTAGATTCGCC.1,9
CGTGTAGATTTACC.1,1
CGTTAACTACACTG.1,1
CGTTAACTACGCTA.1,3
CGTTAACTGGTCTA.1,3
CGTTAACTTCCGTC.1,3
CGTTAACTTTAGGC.1,3
CGTTAGGAATTCTC.1,10
CGTTAGGACAAAGA.1,3
CGTTAGGACATGAC.1,1
CGTTAGGACTCGCT.1,3
CGTTAGGACTTAGG.1,3
CGTTAGGAGTTCTT.1,1
CGTTATACACGACT.1,1
CGTTATACACGTAC.1,6
CGTTATACAGGAGC.1,3
CGTTATACAGTGTC.1,1
CGTTATACTGGTGT.1,3
CGTTTAACACAGCT.1,1
CGTTTAACAGGGTG.1,9
CGTTTAACCGTACA.1,3
CGTTTAACGACGAG.1,1
CGTTTAACGACGTT.1,1
CGTTTAACGCTTCC.1,1
CGTTTAACTCCAGA.1,1
CGTTTAACTGACTG.1,1
CGTTTAACTTTACC.1,7
CTAAACCTGGAACG.1,1
CTAAACCTGTCAAC.1,10
CTAACACTGATAGA.1,1
CTAACACTGGTTAC.1,1
CTAACACTGTGTTG.1,6
CTAACACTTCGACA.1,9
CTAACGGAACCAAC.1,1
CTAACGGACTGCTC.1,1
CTAACGGAGGGATG.1,3
CTAACGGAGTATGC.1,1
CTAACGGATGCTGA.1,6
CTAACGGATGCTTT.1,1
CTAACTACACCAGT.1,9
CTAACTACCGATAC.1,10
CTAAGGACACCATG.1,9
CTAAGGACATGGTC.1,1
CTAAGGACTAAGGA.1,3
CTAAGGACTCTTAC.1,3
CTAAGGTGTAGAAG.1,3
CTAAGGTGTCGCTC.1,7
CTAAGGTGTTATCC.1,9
CTAATAGAGAATAG.1,1
CTAATAGAGCCATA.1,9
CTAATAGAGTGTCA.1,3
CTAATAGAGTTACG.1,3
CTAATAGATAGACC.1,1
CTAATAGATCCTTA.1,1
CTAATGCTAAGAAC.1,9
CTAATGCTACGCTA.1,3
CTAATGCTATGTCG.1,7
CTAATGCTGCGTTA.1,1
CTAATGCTTCTAGG.1,1
CTACAACTCTCTCG.1,1
CTACAACTGGTTCA.1,1
CTACAACTGTTCTT.1,3
CTACAACTTCCAGA.1,3
CTACAACTTGAGCT.1,6
CTACCTCTGCGAAG.1,9
CTACGCACAGCTAC.1,7
CTACGCACCGAATC.1,3
CTACGCACCTGGAT.1,3
CTACGCACGGAAAT.1,10
CTACGGCTACACTG.1,1
CTACGGCTCGTACA.1,1
CTACGGCTGACGTT.1,6
CTACGGCTTCCTCG.1,1
CTACGGCTTGCACA.1,3
CTACGGCTTTGGTG.1,7
CTACTATGAGGTCT.1,9
CTACTATGATCGTG.1,3
CTACTATGCTCATT.1,1
CTACTATGGTATCG.1,3
CTACTCCTCGGAGA.1,3
CTACTCCTGTTAGC.1,3
CTACTCCTTTTACC.1,10
CTAGAGACCGCATA.1,1
CTAGAGACTTAGGC.1,10
CTAGAGACTTTGGG.1,3
CTAGATCTAAAAGC.1,1
CTAGATCTAGAGAT.1,11
CTAGATCTAGTCAC.1,1
CTAGATCTGGGAGT.1,13
CTAGATCTTCCAAG.1,3
CTAGGATGAAACGA.1,3
CTAGGATGCACCAA.1,3
CTAGGATGCATGGT.1,1
CTAGGATGCTGAGT.1,1
CTAGGATGCTGTAG.1,1
CTAGGATGGAGGCA.1,3
CTAGGATGTAGAGA.1,6
CTAGGATGTCAGAC.1,3
CTAGGATGTGCCAA.1,3
CTAGGATGTGTCCC.1,1
CTAGGATGTGTCTT.1,1
CTAGGCCTACGCTA.1,9
CTAGGCCTGGAGCA.1,1
CTAGGCCTTGTCCC.1,1
CTAGGTGACAATCG.1,1
CTAGGTGACACAAC.1,9
CTAGGTGACCACAA.1,1
CTAGGTGACGTTAG.1,7
CTAGGTGAGGACTT.1,3
CTAGGTGAGGTAGG.1,1
CTAGGTGATTATCC.1,1
CTAGTTACCGTGTA.1,1
CTAGTTTGCCATAG.1,6
CTAGTTTGGATAAG.1,3
CTAGTTTGGCGTTA.1,3
CTATAAGACCAGTA.1,14
CTATAAGACCCGTT.1,3
CTATAAGATGGATC.1,1
CTATACTGAGCTAC.1,7
CTATACTGAGTGTC.1,6
CTATACTGCGGAGA.1,9
CTATACTGCTCTAT.1,7
CTATACTGGGCATT.1,9
CTATACTGGTCCTC.1,13
CTATACTGGTGAGG.1,10
CTATACTGTCCCGT.1,6
CTATACTGTGTCGA.1,3
CTATACTGTTATCC.1,1
CTATACTGTTTGTC.1,1
CTATAGCTACCATG.1,1
CTATCAACATCTCT.1,1
CTATCAACGACTAC.1,3
CTATCAACGAGACG.1,1
CTATCAACGGTTCA.1,9
CTATCAACTCTCAT.1,1
CTATCAACTGCATG.1,3
CTATCATGTCTCGC.1,6
CTATCCCTCGATAC.1,1
CTATCCCTTGCCAA.1,1
CTATGACTCGAATC.1,6
CTATGACTGCTACA.1,7
CTATGACTTGTCGA.1,6
CTATGACTTTAGGC.1,6
CTATGACTTTTGTC.1,10
CTATGTACGCATCA.1,1
CTATGTACGCTGAT.1,3
CTATGTACTCGCCT.1,6
CTATGTTGACCTCC.1,1
CTATGTTGTGGTCA.1,6
CTATGTTGTGTTCT.1,1
CTATTGACAACAGA.1,9
CTATTGACGTCAAC.1,9
CTATTGACTCTAGG.1,3
CTATTGTGAACGAA.1,1
CTATTGTGTACTGG.1,3
CTATTGTGTAGAGA.1,1
CTATTGTGTCCTAT.1,3
CTATTGTGTGTCTT.1,1
CTCAATTGCCAATG.1,6
CTCAATTGCGTTAG.1,1
CTCAATTGGACACT.1,3
CTCAATTGGCGATT.1,7
CTCAATTGGCTTCC.1,3
CTCAATTGGTCCTC.1,7
CTCAATTGTTGGCA.1,1
CTCAGAGAAAGGCG.1,6
CTCAGAGAGCAAGG.1,3
CTCAGAGAGGTAGG.1,9
CTCAGAGATCTGGA.1,1
CTCAGCACAAAGCA.1,3
CTCAGCACCCAATG.1,3
CTCAGCACCGATAC.1,3
CTCAGCACCTGCTC.1,1
CTCAGCACGGTAAA.1,9
CTCAGCACTGGTGT.1,1
CTCAGCTGCATCAG.1,1
CTCAGCTGCTACTT.1,9
CTCAGCTGCTGATG.1,1
CTCAGCTGGAGGCA.1,1
CTCAGCTGGTTTGG.1,7
CTCAGCTGTGGATC.1,9
CTCAGGCTAAAGTG.1,3
CTCAGGCTAAGCCT.1,1
CTCAGGCTAGAGAT.1,1
CTCAGGCTATCTTC.1,10
CTCAGGCTCCAGTA.1,3
CTCAGGCTCGTGTA.1,1
CTCAGGCTCTCGAA.1,1
CTCAGGCTGGACAG.1,3
CTCATTGAATGACC.1,1
CTCATTGAGGTCAT.1,1
CTCATTGATGGTAC.1,10
CTCCACGAAACGTC.1,1
CTCCACGAAAGGGC.1,3
CTCCACGAACGGGA.1,3
CTCCACGACTCGCT.1,1
CTCCACGACTCTTA.1,1
CTCCACGAGGAGTG.1,1
CTCCACGATAGACC.1,9
CTCCACGATTGAGC.1,10
CTCCATCTAAAGTG.1,1
CTCCATCTAAGAAC.1,3
CTCCATCTATGCTG.1,3
CTCCATCTGAATGA.1,3
CTCCATCTGTATGC.1,1
CTCCATCTTAGCCA.1,4
CTCCGAACCCTATT.1,6
CTCCGAACGGATCT.1,10
CTCCTACTAGTAGA.1,1
CTCCTACTGCGATT.1,1
CTCCTACTGTCATG.1,1
CTCCTACTGTGCTA.1,3
CTCCTACTTGTCCC.1,9
CTCGAAGAGAGGAC.1,1
CTCGAAGAGCGAAG.1,6
CTCGAAGAGTGTCA.1,1
CTCGACACAATGCC.1,9
CTCGACACGGTTAC.1,3
CTCGACACGTTCAG.1,6
CTCGACTGAGATGA.1,1
CTCGACTGCATTTC.1,1
CTCGACTGCGACAT.1,3
CTCGACTGGACACT.1,11
CTCGACTGGCTAAC.1,6
CTCGACTGGTACCA.1,1
CTCGAGCTATGACC.1,3
CTCGAGCTATGGTC.1,9
CTCGAGCTCAGATC.1,1
CTCGAGCTCATTCT.1,6
CTCGCATGAGAGAT.1,1
CTCGCATGCTTATC.1,1
CTCGCATGTCGCAA.1,9
CTCTAAACCCCTTG.1,1
CTCTAAACCTACGA.1,1
CTCTAAACCTCTAT.1,3
CTCTAAACGGACAG.1,1
CTCTAAACTTTGGG.1,3
CTCTAATGCTTGTT.1,3
CTCTAATGGAACCT.1,10
CTCTAATGGTAAGA.1,7
CTCTAATGGTTCTT.1,1
CTCTAATGTCCTAT.1,8
CTCTAATGTCGTTT.1,3
CTCTAATGTGCACA.1,3
CTCTAATGTGTCAG.1,6
CTGAACGAGATAGA.1,1
CTGAACGAGTAAAG.1,4
CTGAAGACAGTACC.1,6
CTGAAGACAGTCAC.1,1
CTGAAGACCACTCC.1,1
CTGAAGTGACCGAT.1,3
CTGAAGTGATCTCT.1,1
CTGAAGTGCTCTTA.1,10
CTGAAGTGGATGAA.1,1
CTGAAGTGTTTACC.1,9
CTGAATCTTAGCCA.1,1
CTGAATCTTTTACC.1,1
CTGACAGAAAACAG.1,6
CTGACAGACCTTGC.1,1
CTGACAGACGCCTT.1,10
CTGACAGACGTACA.1,1
CTGACAGAGAATGA.1,3
CTGACAGAGAGGGT.1,6
CTGACAGAGTCTAG.1,9
CTGACAGATGCCCT.1,3
CTGACCACGGAGGT.1,1
CTGACCACTGTCTT.1,3
CTGAGAACGTCAAC.1,10
CTGAGAACTAAAGG.1,6
CTGAGAACTGAGCT.1,6
CTGAGAACTGCCAA.1,9
CTGAGAACTTGCAG.1,1
CTGAGCCTAACCGT.1,3
CTGAGCCTCCCTCA.1,1
CTGAGCCTCTTATC.1,1
CTGAGCCTTGAACC.1,6
CTGAGCCTTTGTGG.1,1
CTGATACTAATCGC.1,1
CTGATACTACGTAC.1,1
CTGATACTCTAGTG.1,3
CTGATACTGGACGA.1,1
CTGATACTTCTACT.1,6
CTGATGGACTATTC.1,3
CTGATGGAGGTATC.1,9
CTGATGGATCCTCG.1,10
CTGATGGATGGTGT.1,7
CTGATGGATTTGGG.1,7
CTGATTTGAACCAC.1,9
CTGATTTGACTAGC.1,3
CTGCAGCTCCTTCG.1,10
CTGCAGCTCGTTAG.1,1
CTGCAGCTCTTACT.1,9
CTGCAGCTGAAACA.1,3
CTGCAGCTTACAGC.1,1
CTGCAGCTTCGACA.1,3
CTGCAGCTTTCTAC.1,9
CTGCCAACGACACT.1,1
CTGCCAACGTACCA.1,1
CTGCGACTAGTCAC.1,9
CTGCGACTATCGTG.1,7
CTGGAAACATACCG.1,1
CTGGAAACGCTAAC.1,1
CTGGAAACGGTACT.1,9
CTGGAAACGTTCGA.1,3
CTGGATGAAACGAA.1,6
CTGGATGAACAGCT.1,1
CTGGATGAAGGAGC.1,1
CTGGATGAAGTCTG.1,13
CTGGATGACGAGAG.1,3
CTGGATGAGCAGAG.1,1
CTGGATGATAGTCG.1,1
CTGGATGATTTCTG.1,10
CTGGCACTTATCGG.1,1
CTGTAACTAAAGTG.1,3
CTGTAACTACACGT.1,3
CTGTAACTAGACTC.1,3
CTGTAACTCTTGAG.1,3
CTGTAACTGGATTC.1,1
CTGTAACTGTTAGC.1,3
CTGTATACAAGTAG.1,6
CTGTATACATGCTG.1,3
CTGTATACTGTCAG.1,3
CTGTGAGATGGGAG.1,1
CTTAAAGAATACCG.1,3
CTTAACACCTGACA.1,1
CTTAACACGGAGTG.1,9
CTTAACACTCTCTA.1,3
CTTAACACTTACTC.1,10
CTTAAGCTAGCCTA.1,1
CTTAAGCTATGCCA.1,1
CTTAAGCTGCTGTA.1,1
CTTAAGCTTAACGC.1,7
CTTAAGCTTACTCT.1,3
CTTAAGCTTTCCCG.1,1
CTTACAACAGCAAA.1,1
CTTACAACCCAGTA.1,1
CTTACAACCCTTTA.1,1
CTTACAACGCGTTA.1,9
CTTACATGAGTGTC.1,3
CTTACATGCAGGAG.1,3
CTTACATGGTACAC.1,3
CTTACATGGTCATG.1,1
CTTACATGGTGTCA.1,3
CTTACATGTCGATG.1,7
CTTACTGACCGTTC.1,3
CTTACTGACGAGTT.1,13
CTTACTGATGCAAC.1,7
CTTACTGATGCTTT.1,3
CTTAGACTAGAGAT.1,10
CTTAGACTCGTAGT.1,3
CTTAGACTCTTGAG.1,3
CTTAGACTGGGCAA.1,3
CTTAGACTGGTTCA.1,9
CTTAGACTGTCATG.1,3
CTTAGACTGTGCAT.1,6
CTTAGGGAAATGCC.1,1
CTTAGGGAACTGTG.1,10
CTTAGGGACAGCTA.1,9
CTTAGGGACGTGAT.1,3
CTTAGGGACTAGTG.1,7
CTTAGGGATTCACT.1,1
CTTATCGAACACGT.1,3
CTTATCGAGACGGA.1,3
CTTATCGATCGCCT.1,6
CTTATCGATCTCGC.1,1
CTTCACCTACGGGA.1,3
CTTCACCTCGAGTT.1,1
CTTCACCTCGTTAG.1,10
CTTCACCTGGTGTT.1,10
CTTCACCTTTTCGT.1,6
CTTCATGACTCCCA.1,1
CTTCTAGAACGTTG.1,1
CTTCTAGAAGTGCT.1,3
CTTCTAGAATTTCC.1,1
CTTCTAGACCTTCG.1,1
CTTCTAGACGCAAT.1,1
CTTCTAGACTCCAC.1,1
CTTCTAGAGCCTTC.1,1
CTTCTAGATACGCA.1,6
CTTCTAGATGTGAC.1,1
CTTGAACTAAGGCG.1,1
CTTGAACTCTTATC.1,6
CTTGAACTGAATAG.1,4
CTTGAACTGCTGAT.1,1
CTTGAACTGTGCAT.1,1
CTTGAACTTGACTG.1,1
CTTGAGGATAGCCA.1,1
CTTGATTGACGGGA.1,10
CTTGATTGTATTCC.1,10
CTTGATTGTCCTTA.1,7
CTTGATTGTGGTTG.1,6
CTTGTATGAGTACC.1,10
CTTGTATGATCTTC.1,3
CTTGTATGGGTGAG.1,9
CTTGTATGGTTACG.1,3
CTTGTATGTTGCAG.1,3
CTTTACGAAAAGCA.1,13
CTTTACGACAGAAA.1,1
CTTTACGAGGAAGC.1,3
CTTTACGAGGATTC.1,1
CTTTAGACGCCATA.1,1
CTTTAGACTGGGAG.1,13
CTTTAGTGACCATG.1,6
CTTTAGTGAGGCGA.1,9
CTTTAGTGTCCCAC.1,3
CTTTCAGATCCGAA.1,3
CTTTCAGATTGCAG.1,1
CTTTGATGGCATCA.1,1
CTTTGATGGGACGA.1,9
CTTTGATGGTTGCA.1,9
CTTTGATGTGGAAA.1,3
CTTTGATGTTCTAC.1,14
GAAACAGACTGGTA.1,3
GAAACAGAGAGGCA.1,3
GAAACAGATGCTCC.1,1
GAAACAGATGTCCC.1,3
GAAACCTGCCACAA.1,4
GAAACCTGCGTCTC.1,1
GAAACCTGGCCCTT.1,3
GAAACCTGGGTAGG.1,1
GAAACCTGTCCTAT.1,1
GAAACCTGTCTATC.1,8
GAAACCTGTTCTCA.1,9
GAAAGATGATTCTC.1,7
GAAAGATGCTTGTT.1,1
GAAAGCCTACCTAG.1,9
GAAAGCCTTCTTAC.1,3
GAAAGTGACGATAC.1,3
GAAAGTGAGCAGTT.1,3
GAAAGTGATGCTGA.1,11
GAAATACTCCAGTA.1,6
GAAATACTGGACAG.1,3
GAACACACAACAGA.1,3
GAACACACACCCAA.1,6
GAACACACACTACG.1,1
GAACACACATCGTG.1,13
GAACACACCCGCTT.1,1
GAACACACGGCAAG.1,3
GAACAGCTAAGGCG.1,3
GAACAGCTAAGTAG.1,7
GAACAGCTACGGAG.1,3
GAACAGCTCTAGCA.1,1
GAACAGCTTGTTTC.1,1
GAACCAACGGAGGT.1,3
GAACCAACGTGCTA.1,1
GAACCAACTACGCA.1,6
GAACCAACTGCTCC.1,3
GAACCTGAACGGGA.1,9
GAACCTGAATGCTG.1,1
GAACCTGAATGGTC.1,3
GAACCTGACCCGTT.1,3
GAACCTGAGCTCCT.1,1
GAACCTGATATCTC.1,3
GAACCTGATCGCAA.1,6
GAACGGGACACTCC.1,3
GAACGGGATACGCA.1,6
GAACGGGATGAGGG.1,3
GAACGTTGCCCACT.1,7
GAACGTTGGCCTTC.1,6
GAACGTTGGTTTGG.1,3
GAACGTTGTCGTAG.1,3
GAACGTTGTGCAAC.1,1
GAACGTTGTGGTTG.1,3
GAACTGTGACGGTT.1,3
GAACTGTGCAGATC.1,3
GAACTGTGCGAATC.1,3
GAACTGTGCTGAGT.1,1
GAACTGTGTATCTC.1,3
GAACTGTGTGAGCT.1,10
GAAGAATGCCTACC.1,6
GAAGAATGCTACCC.1,1
GAAGATGAACCTGA.1,10
GAAGATGAGCAGTT.1,9
GAAGATGAGTCTAG.1,3
GAAGATGATATGGC.1,1
GAAGCGGAACGCTA.1,6
GAAGCGGAAGAAGT.1,3
GAAGCGGACATCAG.1,1
GAAGCGGATGAAGA.1,1
GAAGCGGATGGAGG.1,1
GAAGCTACCAGAAA.1,10
GAAGCTACCAGTTG.1,1
GAAGCTACCCATAG.1,1
GAAGCTACTAAGGA.1,9
GAAGCTACTGGATC.1,6
GAAGCTTGACCTTT.1,1
GAAGCTTGACGGTT.1,3
GAAGCTTGATGTGC.1,6
GAAGCTTGCCACAA.1,3
GAAGCTTGCCCTTG.1,1
GAAGCTTGCTCATT.1,1
GAAGCTTGGGAGTG.1,7
GAAGCTTGGGGAGT.1,7
GAAGGGTGAGCTCA.1,7
GAAGGGTGCTGGAT.1,7
GAAGGGTGGTACGT.1,1
GAAGGGTGTGTGGT.1,1
GAAGGGTGTTATCC.1,9
GAAGGTCTACGACT.1,1
GAAGGTCTCAGGAG.1,7
GAAGGTCTTAGCCA.1,1
GAAGTAGACCCTTG.1,1
GAAGTCACACCACA.1,9
GAAGTCACACCTAG.1,13
GAAGTCTGAACGAA.1,1
GAAGTCTGAACGGG.1,9
GAAGTCTGCATGAC.1,1
GAAGTCTGGTTACG.1,9
GAAGTCTGTAAGGA.1,1
GAAGTCTGTCCGAA.1,1
GAAGTCTGTTCGTT.1,6
GAAGTCTGTTTCAC.1,9
GAAGTGCTTAGCCA.1,6
GAAGTGCTTTTCGT.1,1
GAATGCACCTTCCG.1,1
GAATGCACCTTTAC.1,3
GAATGCACTATCTC.1,7
GAATGCACTCTTTG.1,10
GAATGCTGGATAGA.1,9
GAATGCTGTTGCAG.1,3
GAATGGCTCTCAAG.1,7
GAATGGCTCTGGAT.1,1
GAATGGCTGAAGGC.1,6
GAATGGCTGCTTAG.1,1
GAATGGCTGTGTAC.1,6
GAATGGCTTTCAGG.1,1
GAATTAACAGATGA.1,13
GAATTAACTCTTAC.1,10
GACAACACACGTTG.1,3
GACAACTGCGTACA.1,3
GACAACTGTACAGC.1,3
GACAACTGTCGTAG.1,1
GACAACTGTCTTTG.1,7
GACAACTGTGACAC.1,1
GACAACTGTTGGTG.1,14
GACACTGAAGGAGC.1,3
GACACTGACACTCC.1,1
GACACTGACTGCAA.1,3
GACACTGAGTTGGT.1,1
GACACTGATTTGCT.1,1
GACAGGGAACTGTG.1,13
GACAGGGAAGATGA.1,9
GACAGGGAATCTTC.1,1
GACAGGGATCGTTT.1,1
GACAGGGATTGGCA.1,1
GACAGTACCCTGAA.1,1
GACAGTACGAATCC.1,9
GACAGTACGTCTTT.1,3
GACAGTACTATTCC.1,11
GACAGTACTGTCAG.1,6
GACAGTTGATCGGT.1,3
GACAGTTGGTTGCA.1,1
GACAGTTGTAAGGA.1,1
GACATTCTGAGGGT.1,3
GACATTCTGATACC.1,4
GACATTCTGGGACA.1,1
GACATTCTGTCTTT.1,10
GACATTCTGTGCAT.1,10
GACATTCTTCTTAC.1,3
GACCAAACCTAAGC.1,6
GACCAAACCTGACA.1,7
GACCATGACTTGCC.1,1
GACCATGAGGGACA.1,1
GACCCTACACGTAC.1,3
GACCCTACCGAACT.1,10
GACCCTACGGAGCA.1,3
GACCCTACTGGAGG.1,10
GACCTAGAAGTCAC.1,3
GACCTAGAATACCG.1,3
GACCTAGACGACTA.1,1
GACCTAGACTGAGT.1,3
GACCTAGAGAGGTG.1,3
GACCTAGATACGAC.1,13
GACCTAGATGGAGG.1,4
GACCTCACAGATCC.1,10
GACCTCACCCAACA.1,1
GACCTCACGTCGAT.1,3
GACCTCACTTCCGC.1,1
GACCTCTGCGCAAT.1,3
GACCTCTGTCCTAT.1,6
GACCTCTGTGGAAA.1,3
GACCTCTGTTGAGC.1,1
GACGAACTAACCTG.1,9
GACGAACTAGTCGT.1,9
GACGAACTCCGCTT.1,1
GACGAGGAAGTTCG.1,1
GACGAGGATTCCGC.1,1
GACGATTGACCACA.1,1
GACGATTGCTAGAC.1,7
GACGATTGGCATCA.1,1
GACGATTGTGTGCA.1,6
GACGCCGAACCTGA.1,1
GACGCCGAACGTAC.1,3
GACGCCGACGTAGT.1,1
GACGCCGAGTCATG.1,7
GACGCCGAGTCCTC.1,1
GACGCCGATCCTCG.1,1
GACGCTCTCATTTC.1,6
GACGCTCTCTGCAA.1,13
GACGCTCTTCTAGG.1,3
GACGGCACAATCGC.1,6
GACGGCACCTCCCA.1,1
GACGGCACCTGAGT.1,14
GACGGCACGGCGAA.1,1
GACGGCACGGTTTG.1,9
GACGTAACACCTAG.1,6
GACGTAACCGCTAA.1,1
GACGTAACCGGTAT.1,10
GACGTAACCTGACA.1,1
GACGTAACGAACCT.1,7
GACGTATGACAGCT.1,1
GACGTATGAGTAGA.1,3
GACGTATGATTCTC.1,3
GACGTATGCCCACT.1,1
GACGTATGCCTGAA.1,6
GACGTATGGTACAC.1,3
GACGTATGTGCAAC.1,3
GACGTATGTTGTGG.1,1
GACGTCCTATTCCT.1,6
GACGTCCTCAGTTG.1,3
GACGTCCTCCGTTC.1,1
GACGTCCTGATGAA.1,1
GACGTCCTTGTCAG.1,3
GACTACGAGTGAGG.1,9
GACTACGATCCTGC.1,3
GACTACGATGGAAA.1,1
GACTACGATTCTCA.1,1
GACTCCTGACAGTC.1,3
GACTCCTGAGATCC.1,1
GACTCCTGCGGGAA.1,3
GACTCCTGGAGAGC.1,6
GACTCCTGGTCCTC.1,3
GACTCCTGTCTACT.1,3
GACTGAACCGCATA.1,9
GACTGAACCTCGCT.1,3
GACTGAACTGGAGG.1,3
GACTGATGCCGTAA.1,10
GACTGATGGTAGGG.1,3
GACTGATGGTCACA.1,3
GACTGATGTACTGG.1,11
GACTGATGTGAAGA.1,1
GACTGTGACGGGAA.1,1
GACTGTGAGTTACG.1,7
GACTGTGATAGAAG.1,3
GACTTTACATAAGG.1,7
GACTTTACATGCTG.1,3
GACTTTACCATGCA.1,1
GACTTTACCTCATT.1,1
GACTTTACGCGAAG.1,3
GACTTTACGCTTAG.1,1
GACTTTACGTACGT.1,3
GACTTTACTCAGGT.1,9
GAGAAATGCCCGTT.1,3
GAGAAATGCCTTGC.1,9
GAGAAATGCGAGTT.1,14
GAGAAATGCTACGA.1,9
GAGAAATGTCTGGA.1,1
GAGAGGTGAAGGCG.1,1
GAGAGGTGAGCATC.1,9
GAGAGGTGCAGTCA.1,3
GAGAGGTGCTCCAC.1,3
GAGAGGTGGAATCC.1,3
GAGAGGTGGGAGCA.1,0
GAGAGGTGGGAGTG.1,1
GAGAGGTGTCCTAT.1,6
GAGATAGAACCTCC.1,1
GAGATAGAATCGTG.1,1
GAGATAGACTGACA.1,3
GAGATAGAGTTAGC.1,1
GAGATAGATCTCAT.1,3
GAGATAGATTTCTG.1,3
GAGATGCTACGGGA.1,1
GAGATGCTGGGTGA.1,10
GAGATGCTGTTACG.1,1
GAGCAACTATCAGC.1,3
GAGCAACTGAGGGT.1,10
GAGCAACTGGTCTA.1,3
GAGCAGGACTTAGG.1,9
GAGCAGGATGCTAG.1,3
GAGCATACAGCCTA.1,6
GAGCATACGAGCTT.1,3
GAGCATACGGGAGT.1,6
GAGCATACTCGCCT.1,1
GAGCATACTGATGC.1,1
GAGCGAGAAACCGT.1,1
GAGCGAGAGGAGTG.1,7
GAGCGAGATCATTC.1,3
GAGCGCTGATTCGG.1,3
GAGCGCTGCATACG.1,9
GAGCGCTGTGTTCT.1,1
GAGCGGCTGTTACG.1,2
GAGCGGCTTACAGC.1,3
GAGCTCCTAGCATC.1,1
GAGCTCCTATACCG.1,10
GAGCTCCTCACTTT.1,1
GAGCTCCTGCATCA.1,13
GAGGACGACGAATC.1,1
GAGGACGACGATAC.1,6
GAGGACGACGTGAT.1,1
GAGGACGAGGAGCA.1,3
GAGGACGATAGACC.1,3
GAGGACGATTTGTC.1,3
GAGGATCTGACAAA.1,1
GAGGATCTTGGTAC.1,1
GAGGCAGAACTGTG.1,9
GAGGCAGAGAATAG.1,1
GAGGCAGAGAGACG.1,3
GAGGCCACATGTGC.1,6
GAGGCCACCGAATC.1,3
GAGGCCACCTAAGC.1,2
GAGGCCACTCTCCG.1,1
GAGGCCACTTCGTT.1,1
GAGGGAACAATGCC.1,1
GAGGGAACATGTCG.1,6
GAGGGAACCAGAAA.1,3
GAGGGAACCCTATT.1,3
GAGGGAACTATCTC.1,1
GAGGGATGAAGGGC.1,1
GAGGGATGTATTCC.1,6
GAGGGCCTAGCTAC.1,3
GAGGGCCTTGAGAA.1,3
GAGGGTGAATGCCA.1,3
GAGGGTGACAATCG.1,6
GAGGGTGACCCTTG.1,6
GAGGGTGAGGCAAG.1,3
GAGGGTGATGCAAC.1,6
GAGGTACTAGGTCT.1,3
GAGGTACTGCGAAG.1,7
GAGGTACTGTGTCA.1,11
GAGGTACTGTTGAC.1,3
GAGGTGGAACGTAC.1,7
GAGGTGGAAGAGAT.1,3
GAGGTGGAAGTCAC.1,3
GAGGTGGAGCTAAC.1,1
GAGGTGGATGCCCT.1,1
GAGGTGGATGTGGT.1,3
GAGGTTACACCTGA.1,1
GAGGTTACAGGCGA.1,1
GAGGTTACCATACG.1,3
GAGGTTACTGCCTC.1,1
GAGGTTACTTGAGC.1,7
GAGGTTTGAGTCAC.1,3
GAGGTTTGGACGTT.1,1
GAGGTTTGGTCGTA.1,3
GAGTACACATACCG.1,3
GAGTACACCATTTC.1,6
GAGTACACCCACCT.1,1
GAGTACACCTGACA.1,9
GAGTACACTACAGC.1,1
GAGTACACTGAGGG.1,9
GAGTACTGACCGAT.1,7
GAGTACTGTTCCAT.1,3
GAGTCAACGGGAGT.1,1
GAGTCAACTCGCAA.1,1
GAGTCAACTCTACT.1,3
GAGTCAACTGACAC.1,10
GAGTCTGAAAGCCT.1,3
GAGTCTGAGAGGCA.1,9
GAGTCTGAGGTAGG.1,6
GAGTCTGAGTAAAG.1,3
GAGTCTGATACTGG.1,6
GAGTGACTAGTCTG.1,1
GAGTGACTCCACCT.1,1
GAGTGACTGACACT.1,6
GAGTGACTTGAACC.1,1
GAGTGACTTGTTTC.1,10
GAGTGGGACTAGTG.1,3
GAGTGGGACTATTC.1,10
GAGTGGGATCTATC.1,14
GAGTGGGATGTCAG.1,6
GAGTGTTGCACTTT.1,1
GAGTGTTGCCTGTC.1,1
GAGTGTTGCGGGAA.1,6
GAGTGTTGGCTTAG.1,9
GAGTGTTGTGTGCA.1,3
GAGTTGTGAACGAA.1,5
GAGTTGTGATAAGG.1,1
GAGTTGTGTGCTCC.1,1
GATAAGGAATTTCC.1,3
GATAAGGACACAAC.1,1
GATAAGGACCGCTT.1,3
GATAAGGAGAGATA.1,6
GATAAGGAGTTGAC.1,3
GATAAGGATGGTTG.1,1
GATAAGGATTACCT.1,9
GATAATACAGTGCT.1,1
GATAATACCAACCA.1,6
GATAATACCGCCTT.1,3
GATAATACCTTCGC.1,1
GATAATACGGAGGT.1,9
GATAATACTTCTAC.1,1
GATACTCTGAGGAC.1,9
GATACTCTGCATAC.1,1
GATACTCTTGCATG.1,3
GATAGAGAAGAAGT.1,1
GATAGAGACGAGAG.1,9
GATAGAGACGGAGA.1,6
GATAGCACTGAGGG.1,9
GATAGCACTTTCGT.1,10
GATATAACAGGTCT.1,1
GATATAACCCACAA.1,3
GATATAACTTTGCT.1,6
GATATATGCCTGAA.1,1
GATATATGGGGAGT.1,3
GATATATGGTAAAG.1,3
GATATATGTGCTTT.1,1
GATATATGTGTTTC.1,3
GATATTGAAACTGC.1,1
GATATTGAAATGCC.1,1
GATATTGAACACGT.1,3
GATATTGAAGTCGT.1,6
GATATTGACGCTAA.1,3
GATATTGAGGTGGA.1,1
GATATTGATCGACA.1,6
GATCATCTAGGGTG.1,9
GATCATCTCTGGAT.1,3
GATCCCTGAGCCTA.1,6
GATCCCTGATTGGC.1,10
GATCCCTGCTCCAC.1,1
GATCCCTGGCATCA.1,3
GATCCCTGGCTTAG.1,9
GATCCCTGTCTTCA.1,3
GATCCGCTAAGGGC.1,6
GATCCGCTACCCAA.1,1
GATCCGCTGGTTTG.1,1
GATCGAACAATGCC.1,3
GATCGAACATCAGC.1,1
GATCGAACATCGGT.1,6
GATCGAACGGGTGA.1,1
GATCGATGACCACA.1,3
GATCGATGACCTTT.1,3
GATCGATGCCATAG.1,1
GATCGATGTAAGGA.1,3
GATCGTGAACCTAG.1,6
GATCTACTATCTTC.1,3
GATCTACTCGGTAT.1,3
GATCTTACCTACCC.1,1
GATCTTACCTGAAC.1,9
GATCTTACCTGATG.1,1
GATCTTACGGACAG.1,3
GATCTTACTATCTC.1,10
GATCTTTGCACCAA.1,9
GATCTTTGCCTCAC.1,3
GATCTTTGCTTCTA.1,1
GATCTTTGGACGAG.1,3
GATCTTTGGAGGCA.1,3
GATGACACAGCTCA.1,7
GATGACACTGCTAG.1,6
GATGCAACACCACA.1,3
GATGCAACACCAGT.1,1
GATGCAACCATGGT.1,1
GATGCAACGCCTTC.1,3
GATGCATGAGGTTC.1,10
GATGCATGATTCGG.1,6
GATGCATGGTACGT.1,3
GATGCATGTAACGC.1,11
GATGCCCTAGAATG.1,1
GATGCCCTCTCGCT.1,13
GATGCCCTGACACT.1,8
GATGCCCTGCGATT.1,3
GATGCCCTGGTCTA.1,10
GATGCCCTTGGGAG.1,1
GATTACCTAATGCC.1,1
GATTACCTCGACAT.1,1
GATTACCTCTCCCA.1,7
GATTACCTGCGTAT.1,1
GATTACCTGCTACA.1,3
GATTACCTGGCAAG.1,7
GATTACCTGGTGTT.1,9
GATTACCTTATTCC.1,1
GATTCGGAATAAGG.1,1
GATTCGGAATCTCT.1,1
GATTCGGAATGGTC.1,1
GATTCGGACGCCTT.1,3
GATTCGGAGAACTC.1,1
GATTCGGAGAATAG.1,6
GATTCGGAGGCATT.1,1
GATTCGGAGTATCG.1,3
GATTCTACAAGAGT.1,4
GATTCTACCCCACT.1,3
GATTCTACCGGGAA.1,1
GATTCTACGCAGAG.1,3
GATTCTACGGTCTA.1,3
GATTCTTGAACCAC.1,1
GATTCTTGTCAGAC.1,3
GATTCTTGTGCAAC.1,9
GATTCTTGTGGTTG.1,1
GATTGGACAGACTC.1,1
GATTGGACATCACG.1,10
GATTGGACCATGCA.1,1
GATTGGACCGTACA.1,1
GATTGGACCTCCAC.1,3
GATTGGACGGAGGT.1,3
GATTGGACTGGTTG.1,1
GATTGGTGCTGATG.1,1
GATTGGTGTAACCG.1,7
GATTGGTGTTCCGC.1,3
GATTTAGAGCTATG.1,1
GATTTAGAGTACAC.1,6
GATTTAGAGTACGT.1,3
GATTTAGAGTGAGG.1,3
GATTTAGATGCGTA.1,1
GATTTGCTAGTCTG.1,3
GATTTGCTCTAGCA.1,1
GATTTGCTGAGACG.1,6
GATTTGCTGCGTTA.1,1
GCAAACTGAGATCC.1,7
GCAAACTGCGGGAA.1,10
GCAAACTGCGTAAC.1,1
GCAACCCTCAGAGG.1,1
GCAACCCTCCAATG.1,6
GCAACCCTGAGGGT.1,1
GCAACCCTGGCAAG.1,10
GCAACCCTTACTGG.1,1
GCAACCCTTGGAAA.1,6
GCAACCCTTGTCGA.1,3
GCAACTGAAGAGGC.1,1
GCAACTGACCGAAT.1,3
GCAACTGACTCGCT.1,9
GCAACTGATCAGGT.1,3
GCAACTGATTCAGG.1,1
GCAAGACTGGTAGG.1,10
GCAAGACTGTTCTT.1,3
GCAATCGAGGAAGC.1,3
GCAATCGAGGAGCA.1,1
GCAATCGAGGTAGG.1,3
GCAATCGATCTCCG.1,9
GCAATTCTAAAGTG.1,3
GCAATTCTCTCGCT.1,6
GCAATTCTTGAGAA.1,3
GCAATTCTTGGAAA.1,6
GCACAAACACAGTC.1,1
GCACAATGACTACG.1,9
GCACAATGCTACGA.1,6
GCACAATGCTTGCC.1,1
GCACAATGGCTAAC.1,3
GCACAATGTCCCGT.1,1
GCACACCTACGTAC.1,6
GCACACCTCTGAGT.1,3
GCACACCTCTGTCC.1,6
GCACACCTGGGATG.1,1
GCACCACTAGGTTC.1,6
GCACCACTCGTCTC.1,3
GCACCACTGCGGAA.1,9
GCACCACTTAAGCC.1,9
GCACCTACAACGGG.1,1
GCACCTACACTCTT.1,3
GCACCTACGCTCCT.1,9
GCACCTACGTAGGG.1,3
GCACGGACACGCAT.1,11
GCACGGACCCAATG.1,1
GCACGGACCCGCTT.1,3
GCACGGACCCTTAT.1,6
GCACGGACCGATAC.1,3
GCACGGACTGTTCT.1,1
GCACGGTGCTTGCC.1,7
GCACGGTGCTTGTT.1,1
GCACGGTGTCTACT.1,9
GCACGGTGTGCCCT.1,10
GCACGGTGTGTTTC.1,1
GCACGTCTAACCGT.1,13
GCACGTCTCCTCAC.1,1
GCACGTCTGAGGGT.1,10
GCACGTCTGGTGGA.1,3
GCACGTCTGGTGTT.1,1
GCACGTCTTTACTC.1,1
GCACGTCTTTCACT.1,1
GCACTAGAAGGTTC.1,3
GCACTAGACAGAGG.1,6
GCACTAGAGGAGTG.1,3
GCACTAGATACTTC.1,3
GCACTGCTGCAGAG.1,3
GCACTGCTTCTCGC.1,11
GCACTGCTTTCCCG.1,1
GCAGATACCGATAC.1,6
GCAGATACCTTGCC.1,13
GCAGATACGACTAC.1,3
GCAGATACGGCGAA.1,6
GCAGATACTTGACG.1,6
GCAGATACTTTGTC.1,1
GCAGCCGAAGAGAT.1,3
GCAGCGTGAAGTGA.1,1
GCAGCGTGTAAGCC.1,3
GCAGCGTGTAGCGT.1,3
GCAGCGTGTGACAC.1,1
GCAGCTCTATTCGG.1,3
GCAGCTCTGTTGTG.1,1
GCAGCTCTTACTTC.1,6
GCAGGCACGGCATT.1,5
GCAGGCACTTACCT.1,9
GCAGGGCTAGATGA.1,9
GCAGGGCTGAACCT.1,3
GCAGGGCTGGCGAA.1,6
GCAGGGCTGTACAC.1,1
GCAGGGCTTCGCCT.1,3
GCAGTCCTAGTTCG.1,1
GCAGTCCTATAAGG.1,1
GCAGTCCTCGGAGA.1,10
GCAGTCCTGAGCTT.1,1
GCAGTCCTTCGTAG.1,6
GCAGTTGAAACCTG.1,3
GCAGTTGACCGTAA.1,9
GCAGTTGACGAATC.1,1
GCAGTTGACGCAAT.1,1
GCAGTTGACTACGA.1,1
GCAGTTGACTGAGT.1,1
GCAGTTGAGGTGGA.1,1
GCAGTTGAGTTGTG.1,3
GCAGTTGATCCGAA.1,3
GCATCAGAAACCGT.1,1
GCATCAGACATTCT.1,14
GCATCAGAGGTTTG.1,7
GCATCAGATGCTCC.1,1
GCATGATGAACTGC.1,10
GCATGATGGCCCTT.1,3
GCATGTGACATGAC.1,6
GCATGTGACCGAAT.1,13
GCATGTGAGCCAAT.1,3
GCATTGGACTCAAG.1,3
GCATTGGAGTTGGT.1,3
GCATTGGATAACCG.1,3
GCATTGGATCCGAA.1,1
GCATTGGATTCATC.1,4
GCCAAAACGGGCAA.1,1
GCCAAATGATCGTG.1,3
GCCAAATGCGTACA.1,9
GCCAAATGGTTGAC.1,1
GCCAACCTAACGAA.1,1
GCCAACCTCTTCGC.1,3
GCCAACCTGTTCTT.1,1
GCCAACCTTCCTTA.1,1
GCCAACCTTGCTTT.1,1
GCCACGGAACGTTG.1,9
GCCACGGAAGCGTT.1,7
GCCACGGACATGGT.1,1
GCCACGGACGAATC.1,1
GCCACGGACGATAC.1,3
GCCACGGACTGTCC.1,7
GCCACGGAGGATCT.1,1
GCCACTACAGCCAT.1,1
GCCACTACCCATAG.1,9
GCCACTACGCGAGA.1,10
GCCACTACTTACCT.1,3
GCCACTACTTTACC.1,9
GCCATCACAGGAGC.1,11
GCCATCACTATGGC.1,9
GCCATGCTCTCCCA.1,1
GCCCAACTACTGGT.1,1
GCCCAACTTGCTTT.1,10
GCCCAGGAAGTCTG.1,6
GCCCAGGACTAGTG.1,1
GCCCAGGAGAAGGC.1,3
GCCCAGGAGGATCT.1,3
GCCCAGGATGAGCT.1,10
GCCCATACACTTTC.1,6
GCCCATACTGATGC.1,1
GCCGACGACCACCT.1,9
GCCGACGATAACCG.1,13
GCCGACGATACTCT.1,6
GCCGACGATGGTCA.1,1
GCCGACGATTCCAT.1,10
GCCGAGTGACAGTC.1,3
GCCGAGTGCTGAGT.1,1
GCCGAGTGGCTCCT.1,9
GCCGAGTGGTTCTT.1,10
GCCGAGTGGTTTGG.1,1
GCCGAGTGTGCCCT.1,3
GCCGGAACAATGCC.1,6
GCCGGAACACCAGT.1,1
GCCGGAACCTACTT.1,1
GCCGGAACGTCTTT.1,10
GCCGGAACTTCGTT.1,1
GCCGTACTAACCTG.1,1
GCCGTACTCAGTTG.1,10
GCCGTACTCCACCT.1,6
GCCGTACTCCGATA.1,3
GCCGTACTTGTGGT.1,6
GCCTACACATAAGG.1,3
GCCTACACCCCGTT.1,1
GCCTACACGAATGA.1,1
GCCTACACTGTCTT.1,1
GCCTAGCTACCAGT.1,1
GCCTAGCTCCACCT.1,9
GCCTAGCTCCATAG.1,1
GCCTAGCTGCATCA.1,6
GCCTAGCTGTCGTA.1,3
GCCTAGCTTGCCTC.1,1
GCCTCAACCCCTCA.1,9
GCCTCAACCCTCCA.1,1
GCCTCAACGGGATG.1,3
GCCTCAACTCTAGG.1,1
GCCTCATGAAGAGT.1,1
GCCTCATGCCTGTC.1,7
GCCTCATGCGGGAA.1,1
GCCTCATGGTCCTC.1,6
GCCTCATGTAAGGA.1,3
GCCTCATGTGCGTA.1,3
GCCTGACTCCTTCG.1,1
GCCTGACTCGTGTA.1,6
GCCTGACTTAAGCC.1,3
GCCTGACTTAGTCG.1,9
GCGAAGGACTAGTG.1,1
GCGAAGGACTGAAC.1,1
GCGAAGGAGAGGGT.1,9
GCGAAGGAGGTAAA.1,1
GCGAAGGAGGTTAC.1,3
GCGAAGGATCTCCG.1,3
GCGACTCTAGAGGC.1,1
GCGACTCTAGTGTC.1,1
GCGACTCTTCGACA.1,1
GCGAGAGAAGTCAC.1,6
GCGAGAGAAGTGCT.1,10
GCGAGAGAGAACTC.1,3
GCGAGAGATGCTGA.1,9
GCGAGCACAGTCAC.1,10
GCGAGCACGGTAGG.1,7
GCGCACGAGGTGAG.1,10
GCGCACGATTCACT.1,3
GCGCATCTACACGT.1,1
GCGCATCTACGGTT.1,3
GCGCATCTCCCTTG.1,1
GCGCATCTCGTACA.1,1
GCGCATCTGCTGTA.1,3
GCGCGAACAACAGA.1,6
GCGCGAACTGTCAG.1,9
GCGCGAACTTCGGA.1,11
GCGCGATGCAGAAA.1,3
GCGCGATGTAAGGA.1,1
GCGCGATGTAGAAG.1,1
GCGGACTGATACCG.1,10
GCGGACTGCCAACA.1,1
GCGGACTGGAAGGC.1,3
GCGGACTGGTCACA.1,1
GCGGAGCTCTCCCA.1,6
GCGGAGCTGGCATT.1,3
GCGGAGCTTATGGC.1,3
GCGGAGCTTTACTC.1,3
GCGGAGCTTTTCTG.1,1
GCGGCAACCGACTA.1,3
GCGGGACTGGACAG.1,4
GCGGGACTGTCCTC.1,3
GCGGGACTGTGTCA.1,9
GCGGGACTTCCTGC.1,1
GCGTAAACATTTCC.1,3
GCGTAAACCAAAGA.1,10
GCGTAAACCACAAC.1,3
GCGTAAACTCTTTG.1,1
GCGTAATGCACTAG.1,9
GCGTAATGCGTTGA.1,3
GCGTAATGTATCTC.1,13
GCGTAATGTGGCAT.1,1
GCGTACCTCGGGAA.1,9
GCGTACCTTATCGG.1,1
GCGTACCTTGCAAC.1,1
GCGTACCTTGCATG.1,1
GCGTATGACGAACT.1,3
GCGTATGATCCGAA.1,3
GCGTATGATGAGAA.1,1
GCGTATGATTGGCA.1,10
GCTACAGAGTCGAT.1,9
GCTACAGATTCAGG.1,1
GCTACAGATTCGTT.1,3
GCTACCTGTCCTCG.1,1
GCTACGCTTGGTAC.1,9
GCTAGAACACGACT.1,3
GCTAGAACCAATCG.1,3
GCTAGAACGAACTC.1,1
GCTAGAACTCGACA.1,9
GCTAGAACTCGCAA.1,1
GCTAGATGCGCAAT.1,6
GCTAGATGCTTCGC.1,3
GCTAGATGGCCATA.1,1
GCTAGATGTGAGCT.1,3
GCTAGATGTGGTGT.1,3
GCTAGATGTGGTTG.1,3
GCTATACTAAAGTG.1,1
GCTATACTATCGTG.1,10
GCTATACTCATTCT.1,7
GCTATACTGCCATA.1,1
GCTATACTGGAGCA.1,10
GCTATACTGGCATT.1,1
GCTATACTTTGACG.1,6
GCTATACTTTGCGA.1,1
GCTCAAGAGGACAG.1,9
GCTCAAGAGTGAGG.1,6
GCTCAAGAGTGTCA.1,9
GCTCAAGATATCGG.1,3
GCTCACTGCAAAGA.1,3
GCTCACTGCCTTAT.1,9
GCTCACTGGGGAGT.1,1
GCTCAGCTAAACAG.1,6
GCTCAGCTATTCGG.1,1
GCTCAGCTGAGGCA.1,1
GCTCAGCTGGCATT.1,6
GCTCAGCTGTTACG.1,1
GCTCAGCTTGTCAG.1,1
GCTCAGCTTTCGTT.1,3
GCTCAGCTTTCTTG.1,7
GCTCCATGACGTAC.1,1
GCTCCATGCCTCGT.1,1
GCTCCATGTCTACT.1,10
GCTCCATGTTGCGA.1,1
GCTCGACTACACCA.1,1
GCTGATGAAGTACC.1,1
GCTGATGAATCTCT.1,1
GCTGATGACTCAAG.1,3
GCTGATGATAGACC.1,1
GCTTAACTACCTAG.1,1
GCTTAACTCCTTGC.1,1
GCTTAACTGGAAAT.1,3
GCTTAACTTCAGTG.1,6
GCTTGAGAGTACCA.1,3
GCTTGAGAGTTAGC.1,1
GCTTGAGATAGTCG.1,1
GCTTGAGATCTCGC.1,13
GGAACACTACCAGT.1,1
GGAACACTAGGCGA.1,6
GGAACACTCCGTAA.1,1
GGAACACTCTTACT.1,1
GGAACACTGAACCT.1,1
GGAACACTTCTCAT.1,3
GGAACTACACCATG.1,1
GGAACTTGCCCAAA.1,7
GGAACTTGCGTGTA.1,1
GGAACTTGCTCCCA.1,1
GGAACTTGGGTCAT.1,7
GGAACTTGTTCATC.1,3
GGAAGGTGGACGGA.1,10
GGAAGGTGTCGACA.1,11
GGAAGGTGTGCACA.1,3
GGAATCTGAGTGTC.1,9
GGAATGCTACCTGA.1,1
GGAATGCTCGATAC.1,1
GGAATGCTCGGTAT.1,3
GGAATGCTGACAGG.1,1
GGAATGCTGCAGTT.1,1
GGAATGCTGGCATT.1,1
GGACAACTAGAGTA.1,1
GGACAACTAGTGCT.1,13
GGACAACTCCGCTT.1,9
GGACAACTTTCTCA.1,3
GGACAGGACCCAAA.1,1
GGACAGGACTAGTG.1,1
GGACAGGACTGCAA.1,6
GGACAGGATCTTTG.1,3
GGACATTGATGCTG.1,10
GGACATTGTATTCC.1,9
GGACCCGACCGTTC.1,1
GGACCCGAGCTTCC.1,3
GGACCCGAGTCAAC.1,3
GGACCCGATCCTAT.1,1
GGACCCGATGGAAA.1,3
GGACCGTGAAAGTG.1,3
GGACCGTGACTTTC.1,7
GGACCGTGCAAAGA.1,1
GGACCGTGCATTTC.1,7
GGACCGTGCCAATG.1,3
GGACCGTGGACGGA.1,9
GGACCGTGGCCTTC.1,1
GGACCTCTCACCAA.1,1
GGACCTCTGTTGTG.1,1
GGACCTCTTCAGAC.1,1
GGACCTCTTCGTTT.1,1
GGACCTCTTTGACG.1,9
GGACGAGAAAGGGC.1,1
GGACGAGACTTGCC.1,3
GGACGAGAGAGCAG.1,13
GGACGAGAGCATAC.1,13
GGACGCACAAGATG.1,3
GGACGCACACGTGT.1,3
GGACGCACACTACG.1,3
GGACGCACCATGAC.1,6
GGACGCACTAACCG.1,6
GGACGCTGAGTACC.1,1
GGACGCTGGGTATC.1,1
GGACTATGAAGGTA.1,10
GGACTATGCTCTAT.1,3
GGACTATGGGAGGT.1,9
GGACTATGTACAGC.1,1
GGAGACGAGTCAAC.1,6
GGAGAGACCGCAAT.1,6
GGAGAGACGTGTTG.1,1
GGAGAGACGTTGGT.1,10
GGAGAGACTCGTGA.1,13
GGAGAGACTGATGC.1,9
GGAGCAGACCATGA.1,6
GGAGCAGAGGGTGA.1,6
GGAGCAGAGTAAAG.1,7
GGAGCAGATAGCCA.1,6
GGAGCAGATGTAGC.1,10
GGAGCCACAAGGTA.1,3
GGAGCCACAGAGAT.1,7
GGAGCCACCTATGG.1,1
GGAGCCACGAACCT.1,3
GGAGCCACGTCGTA.1,1
GGAGCCACTTTGCT.1,1
GGAGCGCTAAGAAC.1,13
GGAGCGCTACACTG.1,1
GGAGCGCTCCACCT.1,1
GGAGCGCTGTCGAT.1,7
GGAGCGCTTCTCGC.1,4
GGAGGATGGATAGA.1,1
GGAGGCCTCACTCC.1,1
GGAGGCCTCATGCA.1,3
GGAGGCCTCCGATA.1,9
GGAGGCCTGGAGGT.1,1
GGAGGCCTTGAGCT.1,3
GGAGGTGACACACA.1,6
GGAGGTGAGGCGAA.1,3
GGAGGTGATTGACG.1,1
GGAGTTACACCAAC.1,1
GGAGTTACTCCCGT.1,6
GGAGTTACTTTGTC.1,1
GGAGTTTGAACCTG.1,10
GGAGTTTGAAGATG.1,1
GGAGTTTGTGTCCC.1,3
GGATACTGCTTAGG.1,10
GGATACTGGAGCTT.1,1
GGATACTGGGACAG.1,1
GGATACTGTGTGAC.1,9
GGATAGCTCAGTCA.1,1
GGATAGCTCTTGGA.1,1
GGATAGCTGTATCG.1,9
GGATAGCTTCCTGC.1,1
GGATAGCTTGAGGG.1,3
GGATGTACCCCTCA.1,3
GGATGTACCTGTAG.1,6
GGATGTACGATAAG.1,3
GGATGTACGTTTGG.1,10
GGATGTACTGATGC.1,9
GGATGTTGACTGGT.1,3
GGATGTTGAGTCTG.1,3
GGATGTTGCGGAGA.1,3
GGATGTTGGGAAGC.1,1
GGATGTTGGGGATG.1,3
GGATTGTGAACGTC.1,14
GGATTGTGACGGGA.1,3
GGATTGTGGCTTCC.1,1
GGATTGTGGTGCAT.1,1
GGATTGTGTGCTCC.1,1
GGATTTCTCCCGTT.1,3
GGATTTCTCTCTTA.1,3
GGATTTCTGGGTGA.1,13
GGATTTCTGGTTCA.1,1
GGATTTCTTGGAGG.1,3
GGATTTCTTTTCTG.1,1
GGCAAGGAACACTG.1,3
GGCAATACACCTAG.1,3
GGCAATACGGGAGT.1,7
GGCAATACTTCGTT.1,3
GGCACGTGCACTAG.1,6
GGCACGTGCCGATA.1,3
GGCACGTGGGTAAA.1,7
GGCACTCTAGCTAC.1,10
GGCACTCTCACTGA.1,3
GGCACTCTCTGGAT.1,1
GGCACTCTGCAGTT.1,1
GGCACTCTTTCACT.1,6
GGCATATGGGGACA.1,3
GGCCACGAACGGGA.1,1
GGCCACGAATGTGC.1,3
GGCCACGACACTCC.1,10
GGCCACGAGAGGGT.1,1
GGCCACGATAACGC.1,1
GGCCAGACAAGTGA.1,1
GGCCAGACATCTTC.1,13
GGCCAGACCGAGAG.1,1
GGCCAGACCGAGTT.1,1
GGCCAGACGCTGAT.1,1
GGCCAGACGTTAGC.1,6
GGCCAGACGTTTGG.1,1
GGCCAGACTCTAGG.1,3
GGCCCAGATCGCTC.1,1
GGCCCAGATGCTTT.1,1
GGCCGAACCAGAGG.1,1
GGCCGAACCTGACA.1,1
GGCCGAACGCTGAT.1,10
GGCCGAACGTACGT.1,1
GGCCGATGCCACAA.1,1
GGCCGATGCCGTTC.1,1
GGCCGATGTCGACA.1,3
GGCGACACCACTTT.1,9
GGCGACACCTTAGG.1,10
GGCGACACGGTAGG.1,10
GGCGACACTGATGC.1,3
GGCGACACTTTGGG.1,1
GGCGACTGAACCTG.1,2
GGCGACTGAACTGC.1,1
GGCGACTGCTATGG.1,1
GGCGACTGTGCATG.1,3
GGCGCATGACTCAG.1,1
GGCGCATGACTTTC.1,9
GGCGCATGCCTTGC.1,1
GGCGCATGCGTTAG.1,6
GGCGCATGCTTATC.1,13
GGCGCATGGAGGGT.1,7
GGCGCATGGCAAGG.1,4
GGCGGACTCATGGT.1,3
GGCGGACTGAACCT.1,9
GGCGGACTTGAGCT.1,1
GGCGGACTTTCATC.1,1
GGCTAAACACACGT.1,3
GGCTAAACCACTAG.1,1
GGCTAAACGGTTTG.1,3
GGCTAAACGTATGC.1,7
GGCTAAACTTCTGT.1,3
GGCTAATGATTTCC.1,10
GGCTAATGCTGATG.1,6
GGCTAATGGAACTC.1,3
GGCTAATGGCTACA.1,3
GGCTAATGTAGACC.1,1
GGCTAATGTCTCAT.1,1
GGCTAATGTTTGGG.1,10
GGCTACCTAGCTCA.1,1
GGCTACCTAGGCGA.1,3
GGCTACCTATCGAC.1,3
GGCTACCTATGTCG.1,4
GGCTACCTCTCGAA.1,1
GGCTACCTGGACGA.1,3
GGCTACCTTCGCCT.1,9
GGCTACCTTGCTCC.1,3
GGCTACCTTTCCGC.1,1
GGCTCACTCAGATC.1,3
GGCTCACTCTGGTA.1,11
GGCTCACTGTGTTG.1,3
GGCTCACTTCCCGT.1,10
GGGAACGAACAGCT.1,1
GGGAACGAAGGGTG.1,3
GGGAACGAGAGGTG.1,6
GGGAACGAGGTGGA.1,3
GGGAACGATGCTGA.1,1
GGGAACGATTATCC.1,4
GGGAAGACAGTTCG.1,11
GGGAAGACGCTACA.1,1
GGGAAGACTCCCGT.1,3
GGGAAGACTCTTTG.1,3
GGGAAGTGCAGAAA.1,3
GGGAAGTGCTTCTA.1,6
GGGACCACACCCTC.1,1
GGGACCACAGGAGC.1,3
GGGACCACCAAGCT.1,3
GGGACCACGAGACG.1,1
GGGACCACTCAAGC.1,14
GGGACCTGGAGACG.1,10
GGGACCTGTTGTGG.1,3
GGGATGGAACTGTG.1,3
GGGATGGAAGGAGC.1,1
GGGATGGAATGGTC.1,1
GGGATGGACAAGCT.1,7
GGGATGGATAAAGG.1,3
GGGATGGATCTATC.1,6
GGGATGGATGCCCT.1,3
GGGATGGATGTAGC.1,1
GGGATTACCACTTT.1,7
GGGATTACCTCCCA.1,10
GGGATTACGGTTAC.1,1
GGGATTACTTGTGG.1,3
GGGCAAGAGCTGAT.1,1
GGGCAAGAGCTGTA.1,1
GGGCACACACTTTC.1,11
GGGCACACATGTCG.1,1
GGGCACACCAGAGG.1,13
GGGCACACCGTAGT.1,3
GGGCACACGTTCGA.1,3
GGGCACACTGGAAA.1,6
GGGCAGCTCACTAG.1,3
GGGCAGCTCATGAC.1,6
GGGCAGCTGGGATG.1,1
GGGCAGCTGTCGTA.1,6
GGGCAGCTTGTCGA.1,6
GGGCCAACCTTGCC.1,1
GGGCCAACGCAAGG.1,3
GGGCCAACGGTCTA.1,7
GGGCCAACTCTTTG.1,1
GGGCCAACTTCCGC.1,6
GGGCCAACTTCTGT.1,1
GGGCCATGAAGGGC.1,1
GGGCCATGCCGAAT.1,1
GGGCCATGCCTTGC.1,3
GGGCCATGCGCAAT.1,9
GGGCCATGCTACTT.1,3
GGGCCATGGGTATC.1,6
GGGCCATGTTCTCA.1,3
GGGTAACTACACCA.1,1
GGGTAACTATCACG.1,1
GGGTAACTATGTCG.1,3
GGGTAACTCCTACC.1,1
GGGTAACTCGTCTC.1,1
GGGTAACTGTTTCT.1,1
GGGTTAACACCTCC.1,1
GGGTTAACAGAAGT.1,3
GGGTTAACGGGAGT.1,7
GGGTTAACTTCTGT.1,1
GGGTTATGGCCTTC.1,1
GGGTTATGGGAAGC.1,1
GGGTTATGTCTCTA.1,1
GGTAAAGACACTTT.1,1
GGTAAAGAGTCATG.1,1
GGTACAACAGACTC.1,4
GGTACAACGGAACG.1,6
GGTACAACTCACCC.1,3
GGTACAACTCTAGG.1,9
GGTACATGCCTCGT.1,7
GGTACATGCTATGG.1,10
GGTACTGAACGCAT.1,9
GGTACTGAACGGGA.1,3
GGTACTGAATGACC.1,6
GGTACTGACGCAAT.1,1
GGTACTGAGGTGTT.1,3
GGTACTGATCCCAC.1,1
GGTACTGATCGACA.1,3
GGTAGTACAACCTG.1,1
GGTAGTACCGTAAC.1,1
GGTATCGAAGCAAA.1,3
GGTATCGACACTTT.1,1
GGTATCGAGAGGTG.1,1
GGTATCGAGGTCTA.1,3
GGTATGACAGATGA.1,1
GGTATGACTGACTG.1,3
GGTCAAACGGGATG.1,1
GGTCAAACTCCAGA.1,1
GGTCTAGACAAGCT.1,1
GGTCTAGACCCAAA.1,1
GGTCTAGAGCTAAC.1,6
GGTCTAGAGTCCTC.1,1
GGTCTAGATGTAGC.1,1
GGTGATACAGAGTA.1,3
GGTGATACCAATCG.1,4
GGTGATACCTTGCC.1,1
GGTGATACGAGCTT.1,3
GGTGATACGAGGCA.1,1
GGTGGAGAGAGGCA.1,1
GGTGGAGAGGAACG.1,3
GGTGGAGAGTTGGT.1,3
GGTTGAACAAGGGC.1,1
GGTTGAACCATGCA.1,1
GGTTGAACTAGCCA.1,1
GGTTGAACTCTTAC.1,1
GGTTGAACTGACTG.1,1
GGTTGAACTGCTGA.1,4
GGTTGAACTGGTCA.1,1
GGTTGAACTGTGCA.1,3
GGTTTACTAAGCCT.1,3
GGTTTACTCTCCAC.1,3
GGTTTACTCTCGCT.1,6
GGTTTACTGAACCT.1,3
GGTTTACTGACTAC.1,3
GGTTTACTGATGAA.1,1
GTAACGTGAACCAC.1,3
GTAACGTGCTTCTA.1,3
GTAACGTGGGTAAA.1,1
GTAACGTGGTCGTA.1,1
GTAACGTGTCTAGG.1,10
GTAAGCACAGAACA.1,6
GTAAGCACCTAGTG.1,1
GTAAGCACTGTTTC.1,7
GTAAGCTGAGTTCG.1,3
GTAAGCTGTCAGAC.1,3
GTAATAACCCTCCA.1,1
GTAATAACGAGACG.1,6
GTAATAACTATGGC.1,1
GTAATAACTGGTTG.1,1
GTAATATGAAAACG.1,1
GTAATATGAAGAAC.1,3
GTAATATGTCCTTA.1,1
GTAATATGTTTGGG.1,9
GTACAGTGACCCAA.1,9
GTACAGTGGAACTC.1,3
GTACAGTGGCCAAT.1,1
GTACAGTGGCTTAG.1,1
GTACCCTGGAGCAG.1,1
GTACCCTGGGTTCA.1,6
GTACCCTGGTAAGA.1,10
GTACCCTGTCGCTC.1,6
GTACCCTGTGACCA.1,1
GTACCCTGTTCGTT.1,9
GTACGAACACCTAG.1,1
GTACGAACCAAGCT.1,1
GTACGAACTCAGAC.1,1
GTACGTGACAATCG.1,6
GTACGTGACTAGCA.1,1
GTACGTGAGCATAC.1,1
GTACGTGAGTTGTG.1,10
GTACTACTAAACAG.1,6
GTACTACTCATACG.1,9
GTACTACTCCTCCA.1,1
GTACTACTTAAAGG.1,13
GTACTTTGAAGGTA.1,3
GTACTTTGCCACCT.1,3
GTACTTTGCCGTAA.1,10
GTACTTTGTCTAGG.1,3
GTACTTTGTGCGTA.1,11
GTACTTTGTGCTGA.1,3
GTAGACTGCCAACA.1,3
GTAGACTGCTACCC.1,7
GTAGACTGTTATCC.1,1
GTAGCAACACACCA.1,1
GTAGCAACACCTTT.1,6
GTAGCAACAGTGCT.1,1
GTAGCAACGAATAG.1,7
GTAGCAACGTTTCT.1,9
GTAGCAACTCCTAT.1,1
GTAGCAACTCTCAT.1,3
GTAGCATGATCTTC.1,3
GTAGCATGGGACAG.1,11
GTAGCATGTCGACA.1,3
GTAGCCCTATCTCT.1,4
GTAGCCCTTACGCA.1,3
GTAGCTGAGCGTTA.1,1
GTAGCTGAGGCGAA.1,3
GTAGCTGATATTCC.1,9
GTAGGTACAACGTC.1,9
GTAGGTACAATCGC.1,1
GTAGGTACAGTGCT.1,3
GTAGGTACCCAATG.1,3
GTAGGTACCCCGTT.1,1
GTAGGTACCCCTCA.1,1
GTAGGTACCTCATT.1,3
GTAGGTACGTCACA.1,1
GTAGGTACGTCGAT.1,6
GTAGGTACTCAGAC.1,3
GTAGGTACTTCCCG.1,10
GTAGTCGAAGTGCT.1,7
GTAGTCGAGCTGAT.1,1
GTAGTCGATCAGAC.1,3
GTAGTGACGCCATA.1,9
GTAGTGACGTATCG.1,9
GTAGTGACTGACCA.1,1
GTAGTGTGATCAGC.1,3
GTAGTGTGGGTCAT.1,3
GTAGTGTGGTTTCT.1,6
GTAGTGTGGTTTGG.1,6
GTAGTGTGTCCAGA.1,9
GTAGTGTGTGCCTC.1,6
GTAGTGTGTTATCC.1,1
GTAGTGTGTTCGTT.1,10
GTATCACTACCTTT.1,1
GTATCACTAGTAGA.1,3
GTATCACTATCTTC.1,1
GTATCACTCCAACA.1,3
GTATCTACCCTGTC.1,3
GTATCTACCGAGTT.1,1
GTATGGTGACACAC.1,1
GTATGGTGAGAGTA.1,1
GTATGGTGCACTTT.1,3
GTATGGTGGTGAGG.1,10
GTATGGTGTTTCAC.1,6
GTATGGTGTTTCGT.1,3
GTATGGTGTTTGGG.1,1
GTATTAGACAACCA.1,3
GTATTAGACGCATA.1,3
GTATTAGAGCATAC.1,7
GTATTAGAGCGGAA.1,1
GTATTCACAATGCC.1,1
GTATTCACGACGTT.1,10
GTATTCACGCTCCT.1,3
GTATTCACGGAGGT.1,10
GTATTCACTCACCC.1,1
GTCAACGAGAGGGT.1,1
GTCAACGAGATAAG.1,3
GTCAACGAGCAGAG.1,3
GTCAATCTCACTCC.1,3
GTCAATCTCCTCGT.1,7
GTCACAGACGGAGA.1,1
GTCACAGAGTATGC.1,3
GTCACCTGAAAAGC.1,3
GTCACCTGAACGAA.1,1
GTCACCTGTGCTAG.1,1
GTCATACTGGTTAC.1,11
GTCATACTGTATGC.1,3
GTCATACTTAGAAG.1,1
GTCATACTTAGACC.1,6
GTCATACTTCCTAT.1,3
GTCCAAGATGAACC.1,1
GTCCAAGATGGCAT.1,3
GTCCACACAAGGCG.1,1
GTCCACACCGACTA.1,1
GTCCACACTACGAC.1,9
GTCCACACTCAGAC.1,1
GTCCACACTCCTGC.1,3
GTCCACTGCAGCTA.1,7
GTCCACTGCAGTCA.1,6
GTCCACTGCTTGAG.1,3
GTCCACTGTGCTAG.1,9
GTCCACTGTTCACT.1,3
GTCCACTGTTCGGA.1,1
GTCCAGCTAAGCCT.1,3
GTCCAGCTCTGTGA.1,3
GTCCAGCTGAATAG.1,3
GTCCAGCTGTGTTG.1,1
GTCCAGCTTGCCCT.1,6
GTCCAGCTTGTTTC.1,9
GTCCAGCTTTACTC.1,7
GTCCCATGAGTACC.1,1
GTCCCATGCAATCG.1,6
GTCCCATGCCGATA.1,3
GTCCCATGCTTGTT.1,1
GTCGAATGACACTG.1,14
GTCGAATGACGCAT.1,7
GTCGAATGATGCCA.1,9
GTCGAATGCTCTAT.1,1
GTCGAATGCTTCCG.1,3
GTCGAATGGGTCAT.1,6
GTCGACCTATTTCC.1,6
GTCGACCTCGCTAA.1,3
GTCGACCTGAAAGT.1,1
GTCGACCTGCATCA.1,1
GTCGACCTTCTCGC.1,1
GTCGCACTAGCGGA.1,1
GTCGCACTGCCTTC.1,1
GTCGCACTTCGTTT.1,3
GTCTAACTAGAATG.1,3
GTCTAACTAGGTTC.1,3
GTCTAACTCTACGA.1,1
GTCTAACTGACGAG.1,7
GTCTAACTTCAGGT.1,9
GTCTAACTTGCAGT.1,9
GTCTAGGACAACTG.1,3
GTCTAGGAGCAGAG.1,3
GTCTAGGATTGAGC.1,1
GTCTGAGACACCAA.1,3
GTCTGAGACCTTCG.1,1
GTCTGAGAGACACT.1,3
GTCTGAGATGGGAG.1,1
GTCTGAGATGGTGT.1,9
GTGAACACACCACA.1,13
GTGAACACACGTTG.1,9
GTGAACACGCCTTC.1,1
GTGAACACTACTTC.1,3
GTGACAACCACCAA.1,1
GTGACAACGGCAAG.1,3
GTGACAACTAGTCG.1,3
GTGACAACTTCATC.1,3
GTGACCCTACCTAG.1,1
GTGACCCTACTGTG.1,6
GTGACCCTAGAATG.1,1
GTGACCCTATCACG.1,1
GTGACCCTCGTTGA.1,1
GTGACCCTGTTCGA.1,1
GTGACCCTTAAGCC.1,6
GTGACCCTTCCAGA.1,10
GTGAGGGAAGGGTG.1,1
GTGAGGGACTAGTG.1,1
GTGAGGGAGGAAGC.1,9
GTGAGGGAGGGATG.1,1
GTGAGGGATTGGTG.1,1
GTGATCGATGCTCC.1,1
GTGATGACCCATGA.1,3
GTGATGACTTCAGG.1,3
GTGATTCTAAAGTG.1,3
GTGATTCTCGCCTT.1,3
GTGATTCTGTACGT.1,3
GTGATTCTTAGAAG.1,7
GTGCAAACAAGTAG.1,1
GTGCAAACCAGATC.1,1
GTGCAAACTGAGGG.1,1
GTGCCACTTGCCCT.1,10
GTGCTAGAAACGAA.1,6
GTGCTAGAGTATCG.1,4
GTGCTAGATTTGGG.1,3
GTGGAGGAGTCTTT.1,7
GTGGATTGAGAACA.1,1
GTGGATTGCCATGA.1,1
GTGGATTGGATAGA.1,3
GTGGATTGGGAGTG.1,6
GTGGTAACACAGTC.1,3
GTGGTAACCAGATC.1,1
GTGGTAACCCCAAA.1,1
GTGGTAACGGATCT.1,3
GTGGTAACGTGAGG.1,1
GTGTACGAAAACGA.1,6
GTGTACGAAAGCCT.1,3
GTGTACGAACTCAG.1,1
GTGTACGACATGAC.1,1
GTGTACGACTAGTG.1,6
GTGTACGAGAACTC.1,1
GTGTACGATTGTGG.1,1
GTGTAGTGAACGTC.1,3
GTGTAGTGACTACG.1,3
GTGTAGTGGCAGTT.1,10
GTGTAGTGGTTGTG.1,3
GTGTAGTGTAGAGA.1,1
GTGTAGTGTCAGGT.1,13
GTGTAGTGTTCTTG.1,3
GTGTATCTGCGTAT.1,3
GTGTATCTTGGAGG.1,7
GTGTATCTTGGTAC.1,3
GTGTATCTTTCGGA.1,1
GTGTCAGAATAAGG.1,1
GTGTCAGAATGCCA.1,3
GTGTCAGAGGAGCA.1,1
GTGTCAGATCGCTC.1,1
GTGTGATGCTAAGC.1,1
GTGTGATGCTGAAC.1,6
GTGTGATGGTACCA.1,1
GTTAAAACCGGAGA.1,11
GTTAAAACCTCAAG.1,9
GTTAAAACGTAAAG.1,10
GTTAAAACTAGCGT.1,1
GTTAAATGACTGTG.1,6
GTTAAATGATGTGC.1,6
GTTAAATGCGCCTT.1,10
GTTAAATGCTTGAG.1,1
GTTAAATGGGTTCA.1,10
GTTAAATGGTATCG.1,3
GTTAAATGTATGGC.1,3
GTTAAATGTGGTGT.1,10
GTTAACCTCATTCT.1,1
GTTAACCTCGCAAT.1,10
GTTAACCTGTTTCT.1,1
GTTACGGAACTGGT.1,9
GTTACGGATTGCGA.1,6
GTTACTACACACAC.1,3
GTTACTACGGACAG.1,6
GTTAGGTGACAGCT.1,10
GTTAGGTGAGAGGC.1,1
GTTAGGTGCCTGAA.1,1
GTTAGGTGGAGGAC.1,3
GTTAGGTGGCCATA.1,1
GTTAGGTGGGTGAG.1,4
GTTAGTCTAGGTCT.1,6
GTTAGTCTGGTGAG.1,3
GTTATAGACTATTC.1,1
GTTATAGATATCTC.1,6
GTTATAGATCAGTG.1,7
GTTATAGATGCTCC.1,3
GTTATAGATTATCC.1,1
GTTATAGATTGCAG.1,1
GTTATCTGCACTAG.1,4
GTTATCTGCTCTTA.1,3
GTTATCTGTCATTC.1,6
GTTATGCTTCAAGC.1,3
GTTATGCTTCGCAA.1,6
GTTCAACTACGCTA.1,3
GTTCAACTACTGTG.1,3
GTTCAACTAGATCC.1,3
GTTCAACTCACCAA.1,1
GTTCAACTGACAAA.1,11
GTTCAACTTGCAGT.1,3
GTTCAACTTGCCAA.1,7
GTTCAGGAAGCTCA.1,11
GTTCAGGAGCTTCC.1,10
GTTCAGGAGTGCTA.1,3
GTTCATACACACCA.1,1
GTTCATACACACGT.1,3
GTTCATACAGCTAC.1,10
GTTCATACATTGGC.1,7
GTTCATACCAGCTA.1,1
GTTCATACCCCGTT.1,6
GTTCATACGTGTTG.1,3
GTTGACGAATCGAC.1,7
GTTGACGAGACTAC.1,1
GTTGACGAGTCGTA.1,10
GTTGACGATGTGCA.1,1
GTTGACGATTATCC.1,7
GTTGACGATTTCGT.1,3
GTTGAGTGAACAGA.1,10
GTTGAGTGATTCCT.1,1
GTTGAGTGCAGAAA.1,1
GTTGAGTGTCAGTG.1,3
GTTGAGTGTGAGAA.1,6
GTTGAGTGTGAGGG.1,1
GTTGAGTGTGGAGG.1,7
GTTGAGTGTTCATC.1,1
GTTGATCTACTTTC.1,1
GTTGATCTAGCTCA.1,9
GTTGATCTCACCAA.1,7
GTTGATCTTCGACA.1,1
GTTGGATGACAGCT.1,4
GTTGGATGCGCAAT.1,9
GTTGGATGTCACGA.1,3
GTTGGATGTCAGAC.1,3
GTTGGATGTGCTTT.1,1
GTTGTACTAAGTGA.1,3
GTTGTACTCACTGA.1,3
GTTTAAGACACTAG.1,1
GTTTAAGAGAATGA.1,9
GTTTAAGAGCGAGA.1,10
GTTTAAGAGGAAGC.1,11
GTTTAAGAGTCAAC.1,1
GTTTAAGATGCTTT.1,3
TAAACAACAAAAGC.1,7
TAAACAACACCAGT.1,10
TAAACAACCCATGA.1,1
TAAACAACCGAGTT.1,1
TAAACAACTCTCGC.1,6
TAAAGACTACGTAC.1,1
TAAAGACTCGCATA.1,3
TAAAGACTCTGTTT.1,3
TAAAGACTGGACAG.1,1
TAAAGACTGGGCAA.1,6
TAAAGACTTTTGGG.1,3
TAAAGTTGAGTCGT.1,3
TAAAGTTGAGTTCG.1,1
TAAAGTTGATTGGC.1,1
TAAAGTTGTCAGGT.1,3
TAAAGTTGTCCGTC.1,0
TAAAGTTGTCGACA.1,1
TAAATCGAAACTGC.1,3
TAAATCGAACCATG.1,3
TAAATCGAACCTGA.1,3
TAAATCGAACGGTT.1,6
TAAATCGACCATAG.1,1
TAAATCGACTAAGC.1,1
TAAATCGATACTGG.1,6
TAAATCGATCCCAC.1,1
TAAATCGATGCCTC.1,3
TAAATGTGAGGAGC.1,3
TAAATGTGCTCAGA.1,7
TAAATGTGCTTAGG.1,1
TAAATGTGTCCTGC.1,1
TAACAATGAGGTTC.1,3
TAACAATGCCTCCA.1,3
TAACAATGTAGTCG.1,1
TAACAATGTGGGAG.1,3
TAACACCTAAGATG.1,1
TAACACCTAGCAAA.1,1
TAACACCTGTCATG.1,10
TAACACCTGTTACG.1,13
TAACACCTTTGTGG.1,6
TAACATGACTCGAA.1,3
TAACATGAGTCTAG.1,3
TAACATGATGCTTT.1,9
TAACCGGAAACGAA.1,14
TAACCGGAATTCCT.1,1
TAACCGGACATGGT.1,11
TAACCGGACCGTAA.1,1
TAACCGGAGAGATA.1,7
TAACCGGAGAGGTG.1,1
TAACCGGAGGTTCA.1,3
TAACCGGATATCTC.1,3
TAACCGGATGAACC.1,3
TAACCGGATGACAC.1,11
TAACCGGATGTCCC.1,1
TAACGTCTACCGAT.1,1
TAACGTCTCCTCAC.1,3
TAACGTCTCGCAAT.1,6
TAACTAGAAAAAGC.1,10
TAACTAGAGAGCTT.1,1
TAACTAGAGCCTTC.1,3
TAACTAGATCCTGC.1,9
TAACTAGATCGCCT.1,6
TAACTAGATTAGGC.1,3
TAACTAGATTGCGA.1,3
TAACTCACACGCAT.1,6
TAACTCACAGTAGA.1,4
TAACTCACCATTTC.1,1
TAACTCACTACAGC.1,9
TAACTCACTTCCCG.1,1
TAAGAACTCTTAGG.1,3
TAAGAACTTACTCT.1,7
TAAGAACTTCTCAT.1,10
TAAGAGGAATTGGC.1,3
TAAGAGGACCCTAC.1,0
TAAGAGGACCTCGT.1,3
TAAGAGGAGTCGTA.1,1
TAAGAGGATGATGC.1,1
TAAGAGGATGCTAG.1,7
TAAGAGGATTGTGG.1,6
TAAGAGGATTTGTC.1,1
TAAGATACCCCTTG.1,1
TAAGATACCCTAAG.1,13
TAAGATACGAAACA.1,14
TAAGATACGAGCAG.1,9
TAAGATACTCACCC.1,6
TAAGATACTTGTCT.1,6
TAAGATTGGCGATT.1,1
TAAGATTGGTGAGG.1,1
TAAGATTGTCTGGA.1,4
TAAGATTGTGGTTG.1,1
TAAGATTGTGTCGA.1,9
TAAGCGTGATTGGC.1,9
TAAGCGTGCCTACC.1,3
TAAGCGTGCTGTTT.1,11
TAAGCGTGGTCACA.1,11
TAAGCTCTACTACG.1,3
TAAGCTCTCCTAAG.1,6
TAAGCTCTGCTAAC.1,10
TAAGGCTGAACTGC.1,1
TAAGGCTGACCTGA.1,1
TAAGGCTGAGCATC.1,3
TAAGGCTGATGACC.1,3
TAAGGCTGTAGCCA.1,3
TAAGGGCTACCTGA.1,1
TAAGGGCTCATTGG.1,1
TAAGGGCTCTTCCG.1,1
TAAGGGCTGGTTAC.1,3
TAAGGGCTTAAGGA.1,1
TAAGTAACGGAGCA.1,6
TAAGTAACTCCAAG.1,6
TAAGTAACTGCTGA.1,3
TAAGTCCTCGAGTT.1,1
TAAGTCCTGTATGC.1,3
TAATCCACACAGCT.1,3
TAATCCACATGTGC.1,1
TAATCCACCGTGAT.1,3
TAATCCACCTCTAT.1,1
TAATCCACGGTCTA.1,10
TAATCGCTACCATG.1,10
TAATCGCTCGGGAA.1,1
TAATCGCTCTACCC.1,1
TAATCGCTGAGCTT.1,6
TAATCGCTGCGTTA.1,1
TAATCGCTTGGCAT.1,10
TAATGAACCAGTTG.1,1
TAATGAACCCTTAT.1,7
TAATGAACGGTCTA.1,1
TAATGAACTCTAGG.1,1
TAATGATGATCGTG.1,1
TAATGATGGCTGAT.1,1
TAATGATGGGTGAG.1,10
TAATGCCTAGCTAC.1,10
TAATGCCTAGTCGT.1,9
TAATGCCTCAGAAA.1,3
TAATGCCTCATGGT.1,6
TAATGCCTCTGGAT.1,9
TAATGCCTGACGAG.1,1
TAATGCCTGCAGAG.1,1
TAATGCCTTGATGC.1,9
TAATGTGAACGTAC.1,9
TAATGTGACCCTCA.1,3
TAATGTGACCGTAA.1,1
TAATGTGAGCTTAG.1,3
TAATGTGAGGATCT.1,3
TAATGTGATATTCC.1,1
TAATGTGATGACAC.1,3
TAATGTGATGAGCT.1,1
TACAAATGCGAACT.1,10
TACAAATGGTGCAT.1,3
TACAAATGTCAGTG.1,7
TACAAATGTGCTGA.1,13
TACAATGACTCAAG.1,1
TACACACTAACAGA.1,1
TACACACTACCGAT.1,3
TACACACTATGTCG.1,3
TACACACTGGTTAC.1,1
TACACACTTAACGC.1,1
TACACACTTGCTTT.1,1
TACACACTTTGCTT.1,3
TACATAGATGGTGT.1,3
TACATCACACACTG.1,3
TACATCACACGGGA.1,1
TACATCACCTGTAG.1,9
TACATCACCTTCGC.1,9
TACATCACGTTCAG.1,1
TACATCACTCTGGA.1,3
TACCATTGCGTTAG.1,10
TACCATTGCTTATC.1,3
TACCATTGGCTACA.1,1
TACCATTGGTCTAG.1,1
TACCATTGTCGACA.1,1
TACCATTGTGCGTA.1,1
TACCATTGTGCTCC.1,3
TACCATTGTTATCC.1,1
TACCATTGTTGGCA.1,3
TACCGAGAACCCAA.1,7
TACCGAGACCTCAC.1,3
TACCGAGATGTGAC.1,9
TACCGAGATTCTCA.1,3
TACCGCTGACAGCT.1,6
TACCGCTGGATAAG.1,3
TACCGCTGGGTCAT.1,7
TACCGCTGGTCGAT.1,9
TACCGCTGGTTGGT.1,3
TACCGCTGTCCCGT.1,6
TACCGCTGTGAGCT.1,3
TACCGGCTAACGTC.1,1
TACCGGCTCCATGA.1,1
TACCGGCTCTCGCT.1,3
TACCGGCTTAACGC.1,10
TACGACGAAACCGT.1,3
TACGACGAAACGGG.1,9
TACGACGAGGTCTA.1,13
TACGAGACCACCAA.1,1
TACGAGACCATACG.1,3
TACGAGACCTCTAT.1,1
TACGAGACTCCAAG.1,1
TACGAGACTGGCAT.1,1
TACGAGACTGGTGT.1,3
TACGAGTGACTAGC.1,3
TACGAGTGAGTGCT.1,1
TACGAGTGCGCCTT.1,1
TACGAGTGCTACGA.1,1
TACGAGTGCTCTCG.1,3
TACGAGTGTTATCC.1,9
TACGATCTAAGTGA.1,7
TACGATCTATAAGG.1,1
TACGATCTCCAGTA.1,1
TACGATCTCGAGAG.1,1
TACGATCTCTATGG.1,3
TACGATCTGATAAG.1,9
TACGCAGAAGGTCT.1,1
TACGCAGAATGTGC.1,11
TACGCAGACTCATT.1,3
TACGCAGACTTGTT.1,3
TACGCAGATGTCAG.1,1
TACGCCACAAGGGC.1,6
TACGCCACACGACT.1,1
TACGCCACGCGGAA.1,1
TACGCCACTGGCAT.1,1
TACGCCACTTCGTT.1,3
TACGCGCTACTCTT.1,3
TACGCGCTCTCCAC.1,6
TACGCGCTGTTAGC.1,1
TACGCGCTTCATTC.1,6
TACGCGCTTGCAAC.1,3
TACGGAACCGTGAT.1,3
TACGGAACGTGTCA.1,3
TACGGCCTCAACCA.1,1
TACGGCCTTCCAGA.1,1
TACGTACTAGCGTT.1,1
TACGTACTATTTCC.1,10
TACGTACTCACTAG.1,1
TACGTTACCGAATC.1,1
TACGTTACTGTAGC.1,9
TACTAAGAAACGAA.1,6
TACTAAGAATCGTG.1,3
TACTAAGAGAGACG.1,1
TACTAAGATACGAC.1,1
TACTACACAAGGCG.1,1
TACTACACACCCTC.1,7
TACTACACCGATAC.1,1
TACTACACTACTCT.1,3
TACTACACTCACGA.1,3
TACTACACTGAACC.1,3
TACTACACTTCTTG.1,1
TACTACTGACTGTG.1,9
TACTACTGCGAATC.1,1
TACTACTGCGTGAT.1,7
TACTACTGTCAGGT.1,3
TACTACTGTGACAC.1,9
TACTCAACCTAGAC.1,3
TACTCAACCTAGTG.1,3
TACTCCCTCACTAG.1,7
TACTCCCTGAAAGT.1,3
TACTCCCTTGGGAG.1,1
TACTCTGACCCGTT.1,4
TACTCTGAGAACTC.1,6
TACTCTGAGAATCC.1,3
TACTCTGATCTTTG.1,3
TACTGGGAACTGGT.1,3
TACTGGGAGACGTT.1,3
TACTGGGAGCTACA.1,10
TACTGGGATTGAGC.1,13
TACTGGGATTTCGT.1,3
TACTGTTGCCCTTG.1,1
TACTGTTGCCTCCA.1,1
TACTGTTGCGCTAA.1,9
TACTGTTGCTATGG.1,10
TACTGTTGCTGAGT.1,9
TACTGTTGCTGCTC.1,3
TACTGTTGGTAAAG.1,6
TACTGTTGTCCGAA.1,1
TACTGTTGTTTGTC.1,6
TACTTGACAACCGT.1,1
TACTTGACATGCTG.1,1
TACTTGACCGCTAA.1,11
TACTTGACCTGACA.1,1
TACTTGACTGAGGG.1,6
TACTTGACTTCCAT.1,1
TACTTTCTAACGGG.1,3
TACTTTCTAACTGC.1,3
TACTTTCTCATTTC.1,1
TACTTTCTGCTATG.1,10
TAGAAACTACCATG.1,1
TAGAAACTACTTTC.1,7
TAGAAACTATCGAC.1,1
TAGAAACTGTAAAG.1,3
TAGAAACTGTCTGA.1,6
TAGAATACAAGGCG.1,9
TAGAATACATCGAC.1,3
TAGAATACCATTTC.1,3
TAGAATACCCGATA.1,1
TAGAATACCGTTGA.1,3
TAGAATACGTACGT.1,1
TAGAATACTACAGC.1,1
TAGAATTGAGATGA.1,9
TAGAATTGATCGAC.1,1
TAGAATTGCGAGTT.1,6
TAGAATTGCTCATT.1,10
TAGAATTGGTAAAG.1,9
TAGAATTGGTCATG.1,6
TAGAATTGTACGAC.1,3
TAGAATTGTCTCGC.1,6
TAGAATTGTGGTGT.1,1
TAGAATTGTGTTCT.1,1
TAGACGTGATAAGG.1,3
TAGACGTGATCGTG.1,6
TAGACGTGTATGGC.1,6
TAGAGAGAACGCAT.1,3
TAGAGAGAAGTACC.1,6
TAGAGAGAATCACG.1,1
TAGAGAGACTGGTA.1,1
TAGAGAGAGTACCA.1,1
TAGAGCACATTGGC.1,1
TAGAGCACCGAATC.1,10
TAGAGCACGAGCAG.1,6
TAGAGCACGCGAGA.1,1
TAGAGCACGGAGGT.1,3
TAGAGCACGGGCAA.1,6
TAGAGCACGGTGTT.1,1
TAGAGCACTCCAGA.1,1
TAGATCCTCATACG.1,3
TAGATCCTCCGCTT.1,1
TAGATCCTCGTTGA.1,3
TAGATCCTTCTCTA.1,1
TAGATTGAACCTCC.1,1
TAGATTGACGCTAA.1,10
TAGATTGACTATTC.1,3
TAGATTGACTCCCA.1,6
TAGATTGAGCGTAT.1,3
TAGCATCTTCGCCT.1,6
TAGCCCACAAGCCT.1,1
TAGCCCACGTTGTG.1,1
TAGCCCTGGTAAAG.1,3
TAGCCGCTAGGTTC.1,3
TAGCCGCTGAAGGC.1,1
TAGCCGCTGCGAAG.1,6
TAGCGATGGCGGAA.1,14
TAGCGATGGGACTT.1,3
TAGCGATGTTGTGG.1,6
TAGCTACTAGCGTT.1,3
TAGCTACTATCGTG.1,1
TAGCTACTCCAATG.1,1
TAGCTACTCTACCC.1,3
TAGCTACTGGGAGT.1,13
TAGCTACTGGTGTT.1,9
TAGGACTGAAGAAC.1,9
TAGGACTGCATCAG.1,1
TAGGACTGGCTCCT.1,3
TAGGACTGTGAGCT.1,1
TAGGACTGTTCAGG.1,1
TAGGAGCTACCTCC.1,1
TAGGAGCTAGAGTA.1,1
TAGGAGCTGCGGAA.1,10
TAGGAGCTTCATTC.1,1
TAGGCAACATTTCC.1,6
TAGGCAACCGGGAA.1,10
TAGGCAACGCTTAG.1,1
TAGGCAACGGACAG.1,9
TAGGCAACGTCTGA.1,3
TAGGCATGAAGCCT.1,3
TAGGCATGACGGTT.1,7
TAGGCATGGGGAGT.1,3
TAGGCATGGGGATG.1,1
TAGGCATGTCCTGC.1,1
TAGGCTGACACTCC.1,3
TAGGCTGAGCCATA.1,1
TAGGGACTACCCAA.1,3
TAGGGACTAGTGTC.1,1
TAGGGACTATTCTC.1,1
TAGGGACTCACAAC.1,1
TAGGGACTCTAAGC.1,3
TAGGGACTTGCATG.1,9
TAGGGACTTTCACT.1,3
TAGGGACTTTGCGA.1,1
TAGGTCGAACGTGT.1,1
TAGGTCGACCAAGT.1,7
TAGGTCGACCTATT.1,1
TAGGTCGACTACTT.1,11
TAGGTCGACTGTGA.1,3
TAGGTCGAGGCAAG.1,10
TAGGTCGATCTGGA.1,1
TAGGTGACAGGAGC.1,1
TAGGTGACCGACTA.1,6
TAGGTGACCTCGAA.1,3
TAGGTGACTGCTGA.1,0
TAGGTGTGACCCTC.1,1
TAGGTGTGCAGATC.1,1
TAGGTGTGGAGGAC.1,1
TAGGTGTGGCGGAA.1,1
TAGGTGTGTCCCAC.1,11
TAGGTTCTGAGGAC.1,10
TAGGTTCTGAGGTG.1,3
TAGGTTCTGGAGCA.1,1
TAGGTTCTTCGTTT.1,3
TAGGTTCTTCTACT.1,3
TAGGTTCTTCTGGA.1,1
TAGGTTCTTGAGGG.1,7
TAGGTTCTTGTCAG.1,10
TAGTAAACAGAACA.1,1
TAGTAAACAGAGTA.1,3
TAGTAAACCCCTAC.1,3
TAGTAAACTAACCG.1,9
TAGTAATGAAAAGC.1,1
TAGTAATGAACAGA.1,3
TAGTAATGCGTCTC.1,9
TAGTAATGTTTCAC.1,3
TAGTACCTAAGCCT.1,1
TAGTACCTCCTCCA.1,3
TAGTACCTCTAGCA.1,9
TAGTATGAAGCTAC.1,1
TAGTATGACCGCTT.1,3
TAGTATGACTACGA.1,3
TAGTCACTCATTCT.1,1
TAGTCACTCTAAGC.1,3
TAGTCACTGGGACA.1,3
TAGTCACTGTCGAT.1,1
TAGTCACTTGACTG.1,3
TAGTCGGAAGTCGT.1,3
TAGTCGGACAGAGG.1,1
TAGTCGGATACTGG.1,9
TAGTCGGATCCTAT.1,3
TAGTCGGATGATGC.1,3
TAGTCTTGGAAAGT.1,9
TAGTCTTGGGGATG.1,13
TAGTCTTGGTTGAC.1,3
TAGTCTTGTAGCCA.1,1
TAGTCTTGTCCCGT.1,7
TAGTGGTGAAAAGC.1,11
TAGTGGTGAGTCTG.1,11
TAGTGGTGAGTGTC.1,3
TAGTGGTGCACTCC.1,1
TAGTGGTGCTACCC.1,1
TAGTGGTGCTGGAT.1,11
TAGTGGTGGAATCC.1,3
TAGTGGTGGGACAG.1,3
TAGTGGTGGGGTGA.1,3
TAGTTAGAAAACAG.1,3
TAGTTAGAGGACGA.1,13
TAGTTAGAGTCAAC.1,7
TAGTTCACAACGTC.1,3
TAGTTCACAAGGTA.1,1
TAGTTCACCTGACA.1,1
TAGTTCACGTTGAC.1,1
TAGTTCACTCAGTG.1,7
TAGTTCACTGTCGA.1,13
TAGTTGCTCTACTT.1,10
TAGTTGCTTATCGG.1,3
TAGTTGCTTCGCCT.1,3
TAGTTGCTTGCCCT.1,1
TAGTTGCTTGGTGT.1,13
TATAAGACGCTGAT.1,1
TATAAGTGAGCATC.1,3
TATAAGTGTTACTC.1,1
TATACAGACTGTAG.1,9
TATACAGAGACGTT.1,1
TATACAGAGTGTCA.1,3
TATACAGATAGAGA.1,3
TATACAGATTCCAT.1,1
TATACCACAAAACG.1,1
TATACCACCTGTGA.1,3
TATACCACGCAAGG.1,3
TATACCACTTATCC.1,3
TATACGCTAGGGTG.1,4
TATACGCTATGTGC.1,3
TATACGCTGTCATG.1,6
TATACGCTTCGCCT.1,10
TATACGCTTGCCAA.1,10
TATAGATGCTTCGC.1,3
TATAGATGGCTGAT.1,1
TATAGATGTGCAAC.1,1
TATAGCCTATCAGC.1,3
TATAGCCTCTCGCT.1,1
TATAGCCTGTAAAG.1,1
TATAGCCTTCTTTG.1,10
TATAGCCTTGCTTT.1,9
TATAGCCTTTCATC.1,9
TATAGCCTTTCTTG.1,3
TATAGCCTTTGACG.1,1
TATCAAGACGTAGT.1,7
TATCAAGATCTCTA.1,3
TATCAAGATTCTAC.1,1
TATCACTGACCTTT.1,3
TATCACTGCACTCC.1,9
TATCACTGCCTCCA.1,3
TATCACTGGTCGTA.1,3
TATCACTGTAACCG.1,3
TATCAGCTAGTAGA.1,6
TATCAGCTCCAACA.1,3
TATCAGCTCCTGAA.1,3
TATCAGCTTGAACC.1,3
TATCAGCTTTATCC.1,9
TATCAGCTTTTACC.1,3
TATCCAACCTCTAT.1,3
TATCCAACCTTTAC.1,1
TATCCAACTTTGTC.1,6
TATCCTGAAGTGCT.1,3
TATCCTGACCCAAA.1,6
TATCCTGAGGATTC.1,3
TATCCTGATGACAC.1,6
TATCCTGATGCCTC.1,7
TATCGACTAAGATG.1,3
TATCGACTACGACT.1,3
TATCGACTACTACG.1,1
TATCGACTAGCAAA.1,4
TATCGACTCACTCC.1,6
TATCGACTCGAGAG.1,3
TATCGACTTACGAC.1,1
TATCGACTTGCACA.1,10
TATCGACTTGGTGT.1,1
TATCGTACTATCGG.1,1
TATCGTACTTGCGA.1,1
TATCTCGAACAGCT.1,3
TATCTCGACAGTCA.1,1
TATCTCGAGTAAAG.1,9
TATCTCGATCTATC.1,1
TATCTGACAAAAGC.1,1
TATCTGACTGTGAC.1,3
TATCTTCTAAGTAG.1,1
TATCTTCTAGAACA.1,3
TATCTTCTATCGAC.1,6
TATCTTCTCTCCCA.1,3
TATCTTCTGGGAGT.1,3
TATCTTCTTCTACT.1,1
TATCTTCTTTCGGA.1,3
TATGAATGATTCTC.1,10
TATGAATGCTTCGC.1,3
TATGAATGGCAAGG.1,3
TATGAATGGTATCG.1,1
TATGAATGTCTTAC.1,3
TATGAATGTTTCGT.1,3
TATGCGGAAGTCAC.1,3
TATGCGGAATTCGG.1,1
TATGCGGACGTCTC.1,10
TATGCGGACTATTC.1,1
TATGGGACACCCAA.1,1
TATGGGACATCGTG.1,6
TATGGGACGGAAGC.1,10
TATGGGACGTTGCA.1,10
TATGGGACTACTCT.1,3
TATGGGTGCAGGAG.1,10
TATGGGTGCGTGAT.1,1
TATGGGTGGCCATA.1,6
TATGGGTGGTAGCT.1,3
TATGGGTGTGTCAG.1,1
TATGGTCTACACCA.1,6
TATGGTCTCCGAAT.1,9
TATGGTCTTGCATG.1,3
TATGTCACCAACCA.1,1
TATGTCACCTCATT.1,6
TATGTCACCTGACA.1,1
TATGTCACTATCTC.1,3
TATGTCACTCGTAG.1,1
TATGTCTGCTGCAA.1,1
TATGTCTGGAACCT.1,1
TATGTCTGGTGAGG.1,1
TATGTCTGTAGAGA.1,1
TATGTCTGTGATGC.1,3
TATGTGCTATGGTC.1,1
TATGTGCTCTCCAC.1,1
TATGTGCTCTTGAG.1,1
TATGTGCTTCAGTG.1,3
TATTGCTGAATCGC.1,3
TATTGCTGAGAGAT.1,3
TATTGCTGCAACTG.1,3
TATTGCTGCGCTAA.1,6
TATTGCTGTATCTC.1,3
TATTGCTGTATGGC.1,1
TATTGCTGTGGTGT.1,3
TATTTCCTAACCGT.1,1
TATTTCCTAAGTGA.1,9
TATTTCCTACGCTA.1,1
TATTTCCTAGGGTG.1,3
TATTTCCTCCTAAG.1,3
TATTTCCTCGGAGA.1,1
TATTTCCTGTATGC.1,3
TCAACACTAGCGTT.1,3
TCAACACTATCGAC.1,9
TCAACACTGGCAAG.1,3
TCAACACTTGGTAC.1,1
TCAAGGACCCGTTC.1,1
TCAAGGACCTTCCG.1,3
TCAAGGACGGAGCA.1,9
TCAAGGTGAGATGA.1,3
TCAAGGTGCAATCG.1,3
TCAAGGTGCTCAAG.1,6
TCAAGGTGTAGAAG.1,6
TCAAGGTGTCTCGC.1,3
TCAAGGTGTCTTCA.1,3
TCAAGTCTACCATG.1,6
TCAAGTCTCTCATT.1,11
TCAAGTCTCTTATC.1,10
TCAAGTCTGAAAGT.1,3
TCAAGTCTGTCATG.1,10
TCAAGTCTGTTAGC.1,1
TCAAGTCTTACTTC.1,3
TCAAGTCTTAGCCA.1,3
TCAAGTCTTCTAGG.1,3
TCAAGTCTTGTCGA.1,3
TCAATAGAAGCTAC.1,1
TCAATAGAGCGATT.1,1
TCAATAGAGTAGGG.1,2
TCAATAGATAGCCA.1,6
TCAATAGATTTGCT.1,3
TCAATCACACGGGA.1,1
TCAATCACCTTGCC.1,10
TCAATCACGGAGGT.1,3
TCAATCACGGGATG.1,6
TCAATCACTTGAGC.1,10
TCACAACTACCTGA.1,10
TCACAACTGGTGGA.1,1
TCACAACTGGTTTG.1,1
TCACAACTTGCATG.1,3
TCACAACTTTTCTG.1,4
TCACATACAACTGC.1,1
TCACATACCTTGCC.1,1
TCACATACGGTCAT.1,0
TCACATACTTTCAC.1,1
TCACCCGAACTGGT.1,1
TCACCCGAACTTTC.1,1
TCACCCGAATTCGG.1,6
TCACCCGATCCTCG.1,1
TCACCGTGAACCAC.1,1
TCACCGTGAAGGTA.1,1
TCACCGTGCTGAGT.1,10
TCACCGTGGCTTCC.1,1
TCACCGTGGGGCAA.1,7
TCACCGTGTAAGCC.1,3
TCACCGTGTGATGC.1,9
TCACCGTGTTCAGG.1,10
TCACCTCTAGGTTC.1,1
TCACCTCTCACTTT.1,3
TCACCTCTGAATGA.1,10
TCACCTCTGGACGA.1,10
TCACGAGAATTCGG.1,1
TCACGAGACCCGTT.1,3
TCACGAGAGCGATT.1,3
TCACGAGATCTACT.1,1
TCACGAGATGTCCC.1,3
TCACTATGATCACG.1,3
TCACTATGCACTAG.1,10
TCACTATGCGACAT.1,1
TCACTATGCTTCTA.1,1
TCACTATGTGACTG.1,6
TCACTATGTTCATC.1,10
TCACTATGTTGAGC.1,1
TCAGACGAAACCAC.1,3
TCAGACGAGGTCAT.1,1
TCAGAGACAAGCCT.1,1
TCAGAGACCTCTAT.1,6
TCAGAGACCTTGGA.1,1
TCAGAGACTCTGGA.1,3
TCAGAGACTTTCGT.1,1
TCAGCAGAAACCGT.1,10
TCAGCAGAACGTGT.1,6
TCAGCAGAAGAACA.1,1
TCAGCAGATAAAGG.1,10
TCAGCAGATTTGGG.1,10
TCAGCGCTAAGGTA.1,3
TCAGCGCTACACTG.1,1
TCAGCGCTCCTTAT.1,4
TCAGCGCTGGTCAT.1,1
TCAGCGCTTGGAGG.1,3
TCAGGATGAGCACT.1,3
TCAGGATGCTCAAG.1,1
TCAGGATGGCATCA.1,3
TCAGGATGGCGAAG.1,3
TCAGGATGTAAGCC.1,1
TCAGGATGTCCTAT.1,9
TCAGGATGTGCATG.1,1
TCAGGATGTGGTCA.1,3
TCAGGATGTTGCTT.1,1
TCAGTACTAAGAAC.1,1
TCAGTACTACTGTG.1,9
TCAGTACTCCACCT.1,3
TCAGTACTCCCTTG.1,3
TCAGTACTGCTGTA.1,6
TCAGTACTTGTTTC.1,6
TCAGTGGAATCGGT.1,1
TCAGTGGACAATCG.1,1
TCAGTGGAGGAGGT.1,7
TCAGTTACCTCCCA.1,3
TCAGTTACGAGGGT.1,1
TCATCAACAGGTTC.1,1
TCATCAACCGTTGA.1,3
TCATCAACGCATAC.1,1
TCATCAACGTTCTT.1,9
TCATCAACTATGCG.1,1
TCATCAACTCACCC.1,1
TCATCATGCACTCC.1,3
TCATCATGCAGCTA.1,1
TCATCCCTAACGGG.1,1
TCATCCCTACACGT.1,6
TCATCCCTAGCGGA.1,1
TCATCCCTCCCACT.1,1
TCATGTACAAAAGC.1,1
TCATGTACATCGTG.1,3
TCATGTACTGACAC.1,3
TCATTCGAATCACG.1,1
TCATTCGAGATACC.1,1
TCATTCGATGCAAC.1,4
TCATTGACACCATG.1,3
TCATTGACACCCTC.1,6
TCATTGACACGCTA.1,1
TCATTGACCTGATG.1,6
TCATTGACTGCCTC.1,9
TCCACGTGCGTGTA.1,1
TCCACGTGCTTACT.1,6
TCCACGTGTCGTTT.1,1
TCCACGTGTGCAGT.1,3
TCCACGTGTGTGGT.1,1
TCCACTCTAAAGCA.1,1
TCCACTCTGGGTGA.1,3
TCCAGAGAACTACG.1,3
TCCAGAGAATAAGG.1,1
TCCAGAGATAGAGA.1,7
TCCAGAGATCTCGC.1,6
TCCATAACCCTTCG.1,3
TCCATAACGGAAAT.1,9
TCCATAACGTATGC.1,1
TCCATCCTAGCCTA.1,1
TCCATCCTGGAACG.1,1
TCCATCCTTCGCAA.1,9
TCCCACGACTGGTA.1,3
TCCCACGATCCTAT.1,3
TCCCAGACAGCCAT.1,1
TCCCAGACCAAAGA.1,1
TCCCAGACTTCTTG.1,1
TCCCAGACTTGTCT.1,3
TCCCATCTCGTACA.1,1
TCCCATCTGCTACA.1,1
TCCCATCTGGAAAT.1,9
TCCCATCTTGAGGG.1,10
TCCCGAACACGCAT.1,1
TCCCGAACAGTTCG.1,1
TCCCGAACCAGATC.1,3
TCCCGAACGCCAAT.1,3
TCCCGAACTCCTCG.1,1
TCCCGATGACGTTG.1,10
TCCCGATGAGCATC.1,10
TCCCGATGCTACCC.1,1
TCCCGATGGTTAGC.1,9
TCCCTACTAACCTG.1,13
TCCCTACTACTGTG.1,10
TCCCTACTAGATGA.1,10
TCCCTACTCAACCA.1,10
TCCCTACTCCTTAT.1,1
TCCCTACTCTGGTA.1,3
TCCCTACTGATGAA.1,3
TCCCTACTTGAGAA.1,3
TCCCTACTTGCTCC.1,10
TCCGAAGAACCTGA.1,9
TCCGAAGATACTTC.1,1
TCCGAAGATATGCG.1,3
TCCGAGCTAGATGA.1,3
TCCTAAACAAGTGA.1,10
TCCTAAACCGCATA.1,1
TCCTAAACGCATAC.1,9
TCCTAATGAGCACT.1,3
TCCTAATGCTGCAA.1,1
TCCTAATGCTTGTT.1,10
TCCTAATGGGTAAA.1,3
TCCTAATGTCTGGA.1,3
TCCTAATGTGTGGT.1,3
TCCTAATGTTCATC.1,9
TCCTACCTACAGCT.1,3
TCCTACCTCTCAGA.1,1
TCCTACCTTGAGGG.1,3
TCCTATGAAGCCTA.1,1
TCCTATGAAGCTAC.1,1
TCCTATGATAAAGG.1,6
TCCTATGATATCTC.1,1
TCGAATCTCCTCAC.1,3
TCGAATCTCCTTCG.1,1
TCGAATCTCTTCGC.1,1
TCGAATCTGTACGT.1,3
TCGAATCTTTCATC.1,1
TCGACCTGACCTGA.1,6
TCGACCTGTCATTC.1,1
TCGACCTGTTATCC.1,4
TCGACGCTCAGCTA.1,3
TCGACGCTGAGCTT.1,6
TCGACGCTGGTTCA.1,1
TCGACGCTTAGAGA.1,3
TCGAGAACGGTAAA.1,3
TCGAGAACTCTCCG.1,1
TCGAGAACTGCAAC.1,1
TCGAGAACTGCTTT.1,3
TCGAGCCTCACAAC.1,7
TCGAGCCTCCTCGT.1,3
TCGAGCCTCCTTAT.1,1
TCGAGCCTGACGGA.1,1
TCGAGCCTTCGTGA.1,9
TCGATACTAGAACA.1,7
TCGATACTCACAAC.1,1
TCGATACTGAGGCA.1,1
TCGATTTGACGGAG.1,3
TCGATTTGGATACC.1,3
TCGATTTGGGTGGA.1,3
TCGATTTGGTCAAC.1,3
TCGATTTGTGACAC.1,1
TCGATTTGTGCCTC.1,10
TCGATTTGTGCTTT.1,3
TCGCAAGACAGAAA.1,3
TCGCAAGAGCGATT.1,1
TCGCAAGATGAGCT.1,1
TCGCAAGATGCCAA.1,1
TCGCAAGATGCCTC.1,3
TCGCACACCCTTGC.1,1
TCGCACACGGTTTG.1,10
TCGCACACTACTTC.1,1
TCGCACACTAGCCA.1,3
TCGCACACTGGAAA.1,10
TCGCACACTGGTGT.1,3
TCGCACTGACTCAG.1,1
TCGCACTGATGGTC.1,1
TCGCACTGATTCCT.1,3
TCGCACTGCTCGCT.1,1
TCGCACTGCTGATG.1,1
TCGCACTGGGTCTA.1,3
TCGCACTGTACAGC.1,1
TCGCACTGTTAGGC.1,10
TCGCACTGTTGCAG.1,7
TCGCAGCTAGTACC.1,6
TCGCAGCTGCCATA.1,3
TCGCCATGAGCTAC.1,7
TCGCCATGATGTCG.1,3
TCGCCATGCAACTG.1,3
TCGCCATGCATTGG.1,1
TCGCCATGCCGATA.1,7
TCGCCATGCCTTAT.1,6
TCGCCATGCGGGAA.1,3
TCGCCATGCGTAGT.1,3
TCGCCATGCTGCAA.1,9
TCGCCATGTATTCC.1,10
TCGGACCTCCTATT.1,3
TCGGACCTCTCAAG.1,3
TCGGACCTCTCATT.1,1
TCGGCACTCCCACT.1,1
TCGGCACTGGTATC.1,3
TCGGCACTTGTCAG.1,11
TCGTAGGACGAGTT.1,3
TCGTAGGACTGTTT.1,6
TCGTAGGATGCTCC.1,13
TCGTGAGAACCCTC.1,5
TCGTGAGAACGCTA.1,1
TCGTGAGACCTATT.1,3
TCGTGAGAGGTGAG.1,1
TCGTTATGAAGATG.1,6
TCGTTATGAGAGAT.1,3
TCGTTATGAGATCC.1,1
TCGTTATGCTGTCC.1,1
TCGTTATGGACACT.1,10
TCGTTATGGTCATG.1,6
TCGTTATGTTCAGG.1,6
TCTAACACAAAAGC.1,1
TCTAACACATTTCC.1,1
TCTAACACGAATGA.1,1
TCTAACACGCTAAC.1,9
TCTAACACTCTGGA.1,10
TCTAACACTGCAAC.1,6
TCTAACACTGGTTG.1,1
TCTAACTGAAGGGC.1,1
TCTAACTGGCGAGA.1,3
TCTAAGCTCTCTAT.1,1
TCTAAGCTTGGAGG.1,9
TCTACAACAACAGA.1,3
TCTACAACAACCAC.1,1
TCTACAACAGGCGA.1,3
TCTACAACCCGCTT.1,1
TCTACAACCGATAC.1,1
TCTAGACTCAAGCT.1,9
TCTAGACTCGTCTC.1,3
TCTAGACTTGGGAG.1,9
TCTAGACTTTGGTG.1,6
TCTAGTTGACCCAA.1,6
TCTAGTTGAGAACA.1,6
TCTAGTTGATTGGC.1,9
TCTAGTTGCCATGA.1,3
TCTAGTTGGAAAGT.1,3
TCTAGTTGTCTTAC.1,6
TCTATGTGAGAACA.1,3
TCTATGTGCCGTAA.1,10
TCTATGTGGATAAG.1,6
TCTATGTGGTGAGG.1,6
TCTATGTGTCTTCA.1,1
TCTATGTGTTCTCA.1,1
TCTCAAACAAGGGC.1,3
TCTCAAACACCTCC.1,1
TCTCAAACCTTGAG.1,3
TCTCAAACTCCAAG.1,7
TCTCAAACTGGTCA.1,3
TCTCCACTCAAAGA.1,1
TCTCCACTCCCTAC.1,3
TCTCCACTCTACCC.1,11
TCTCCACTGGTCTA.1,6
TCTCCACTTTCTGT.1,7
TCTCTAGAACTTTC.1,1
TCTCTAGAGGAACG.1,13
TCTCTAGAGGAGCA.1,1
TCTCTAGATGGGAG.1,3
TCTCTAGATTCCGC.1,1
TCTCTAGATTCGTT.1,1
TCTGATACCGTGAT.1,3
TCTGATACGGAACG.1,1
TCTGATACTTACCT.1,3
TCTGATACTTGTCT.1,1
TCTTACGAAGAATG.1,1
TCTTACGAGAAGGC.1,2
TCTTACGAGGTAGG.1,6
TCTTACGATCGCCT.1,6
TCTTCAGAACCTAG.1,3
TCTTCAGAAGTAGA.1,10
TCTTCAGACGACTA.1,1
TCTTCAGAGTCCTC.1,3
TCTTGATGGACGAG.1,9
TCTTGATGGCGATT.1,3
TCTTGATGGCTTAG.1,3
TCTTGATGTTCGCC.1,1
TGAAATTGCTCTAT.1,6
TGAAATTGGTGCAT.1,7
TGAAATTGTCCAGA.1,1
TGAAATTGTCTAGG.1,9
TGAACCGATAGCCA.1,10
TGAAGCACCTGTGA.1,8
TGAAGCACGTACCA.1,5
TGAAGCACTTACTC.1,1
TGAAGCTGCGAACT.1,7
TGAAGCTGGGCAAG.1,1
TGAAGCTGTATGCG.1,3
TGAATAACACCGAT.1,14
TGAATAACCTGGAT.1,3
TGAATAACGGACAG.1,14
TGAATAACTCTAGG.1,3
TGAATAACTTGCGA.1,9
TGACACGAAAGTGA.1,1
TGACACGACATACG.1,6
TGACACGACCACCT.1,3
TGACACGAGGATCT.1,3
TGACACGAGGTAAA.1,6
TGACACGAGTACCA.1,1
TGACCAGAAAGGTA.1,3
TGACCAGAATCGAC.1,3
TGACCAGACCAATG.1,6
TGACCAGATCAGTG.1,1
TGACCAGATGCACA.1,1
TGACCAGATTCTCA.1,3
TGACCGCTCTAGCA.1,3
TGACCGCTCTGGTA.1,3
TGACCGCTTAAGGA.1,10
TGACGAACCCAGTA.1,6
TGACGAACTGTCTT.1,6
TGACGATGACACAC.1,6
TGACGATGACACGT.1,6
TGACGATGTCAAGC.1,7
TGACGATGTCTGGA.1,1
TGACGCCTAGTTCG.1,1
TGACGCCTCACCAA.1,9
TGACGCCTCAGTCA.1,1
TGACGCCTCGTGTA.1,6
TGACGCCTGCCCTT.1,10
TGACGCCTGCCTTC.1,9
TGACGCCTTCTGGA.1,7
TGACGCCTTGTAGC.1,1
TGACTGGAAGGAGC.1,3
TGACTGGACACTTT.1,1
TGACTGGACTCTTA.1,1
TGACTGGAGCCCTT.1,3
TGACTGGAGTCTAG.1,1
TGACTGGATAACCG.1,3
TGACTGGATCGATG.1,10
TGACTGGATGTGGT.1,1
TGACTTACAGAAGT.1,1
TGACTTACGGTGTT.1,1
TGACTTACTAAAGG.1,3
TGACTTACTGAACC.1,1
TGACTTTGAGATGA.1,1
TGACTTTGCTGACA.1,1
TGACTTTGTGGCAT.1,9
TGACTTTGTTCATC.1,3
TGAGACACAAAAGC.1,6
TGAGACACGCGTAT.1,1
TGAGACACGCTTAG.1,6
TGAGACACGGGACA.1,6
TGAGACACTCTTAC.1,6
TGAGACACTTTGTC.1,1
TGAGCAACAGAGAT.1,3
TGAGCAACCTCAGA.1,3
TGAGCAACGATAAG.1,10
TGAGCTGAAAGATG.1,9
TGAGCTGAAGTACC.1,3
TGAGCTGACAGCTA.1,1
TGAGCTGACCGATA.1,6
TGAGCTGATAGCCA.1,3
TGAGCTGATCGTGA.1,7
TGAGCTGATGTGCA.1,3
TGAGGACTGACTAC.1,1
TGAGGACTTTTCGT.1,10
TGAGGTACAGGCGA.1,3
TGAGGTACAGTCTG.1,1
TGAGGTACATGCTG.1,3
TGAGGTACGGTCAT.1,1
TGAGGTACGTTAGC.1,3
TGAGGTACTATCGG.1,3
TGAGGTACTCACGA.1,1
TGAGGTACTCTCCG.1,9
TGAGTCGACCCAAA.1,7
TGAGTCGACCTATT.1,6
TGAGTCGAGCGTAT.1,1
TGAGTCGATAACCG.1,13
TGAGTCGATATCTC.1,3
TGAGTCGATCTATC.1,1
TGAGTCGATTGCTT.1,1
TGAGTGACAAGGCG.1,7
TGAGTGACAGAGTA.1,1
TGAGTGACCCAATG.1,11
TGAGTGACTCCTCG.1,1
TGAGTGACTTTCGT.1,10
TGATAAACAGGTTC.1,10
TGATAAACCCGTAA.1,1
TGATACCTATGTGC.1,10
TGATACCTCCAATG.1,9
TGATACCTCGGTAT.1,1
TGATACCTTCCTTA.1,10
TGATATGATGTTCT.1,3
TGATCACTCCTCGT.1,3
TGATCACTTGGCAT.1,3
TGATCGGACTCTCG.1,3
TGATCGGAGGTAAA.1,9
TGATCGGATCGCAA.1,1
TGATCGGATGTAGC.1,9
TGATTAGACCCGTT.1,1
TGATTCACCAGCTA.1,10
TGATTCACCCTTCG.1,10
TGATTCACCGAATC.1,1
TGATTCACGGCGAA.1,1
TGATTCACTAGCGT.1,1
TGATTCTGACGTTG.1,3
TGATTCTGATTCCT.1,10
TGATTCTGGCTATG.1,9
TGATTCTGGTAGGG.1,1
TGATTCTGTCAGGT.1,1
TGCAACGACACACA.1,9
TGCAACGACCCAAA.1,3
TGCAACGAGGAGCA.1,13
TGCAACGATCAAGC.1,3
TGCAAGACCTTGCC.1,1
TGCAAGTGACACTG.1,11
TGCAAGTGCTCCAC.1,3
TGCAAGTGGAATAG.1,7
TGCAAGTGGTAGGG.1,3
TGCAAGTGGTCTTT.1,1
TGCAAGTGTCTAGG.1,1
TGCAAGTGTGGTTG.1,1
TGCAAGTGTTCCGC.1,3
TGCAATCTAAGTGA.1,9
TGCAATCTACGCAT.1,1
TGCACAGAAAGCAA.1,3
TGCACAGATCGCAA.1,3
TGCACAGATTTGTC.1,1
TGCACGCTCAGAAA.1,10
TGCACGCTGGACTT.1,1
TGCACGCTGGTTAC.1,1
TGCAGATGACGTTG.1,1
TGCAGATGAGCGGA.1,3
TGCAGATGGCGAGA.1,1
TGCAGATGGCTCCT.1,3
TGCAGATGTCGTTT.1,1
TGCAGATGTTGGCA.1,3
TGCATGGACTGCAA.1,3
TGCATGGATGTGGT.1,6
TGCCAAGAACCAGT.1,1
TGCCAAGACTCGCT.1,1
TGCCAAGATAGACC.1,3
TGCCAAGATCAGTG.1,7
TGCCACTGCACTAG.1,3
TGCCACTGCTAGCA.1,7
TGCCACTGCTGTGA.1,1
TGCCACTGGGTGTT.1,7
TGCCACTGTATGGC.1,1
TGCCACTGTCGCCT.1,1
TGCCAGCTAGCACT.1,1
TGCCAGCTCCGCTT.1,3
TGCCAGCTGCTATG.1,6
TGCCCAACAGGTTC.1,1
TGCCCAACCACTGA.1,6
TGCCCAACCTGACA.1,3
TGCCCAACGCCATA.1,9
TGCCCAACTTCTGT.1,1
TGCCGACTATCGTG.1,6
TGCCGACTATGCTG.1,3
TGCCGACTGCATCA.1,1
TGCCGACTGTGTAC.1,3
TGCCGACTTATGCG.1,3
TGCCGACTTGCAGT.1,1
TGCGAAACCGCTAA.1,11
TGCGAAACGCATCA.1,3
TGCGAAACGCCATA.1,1
TGCGAAACGGGATG.1,3
TGCGAAACTGAAGA.1,13
TGCGATGAAAAAGC.1,1
TGCGATGACTGTGA.1,9
TGCGATGATCGTGA.1,3
TGCGATGATGGAGG.1,1
TGCGATGATGTGCA.1,10
TGCGATGATTCGGA.1,9
TGCGCACTAGGGTG.1,3
TGCGCACTAGTTCG.1,1
TGCGTAGACTCTTA.1,9
TGCGTAGAGTCGTA.1,3
TGCGTAGATAAGGA.1,9
TGCGTAGATTTCGT.1,6
TGCTAGGACCGAAT.1,3
TGCTAGGACCGTAA.1,9
TGCTAGGACTTACT.1,9
TGCTAGGAGTACGT.1,1
TGCTATACCGCAAT.1,9
TGCTATACTCAAGC.1,3
TGCTATACTGAGAA.1,3
TGCTATACTTAGGC.1,1
TGCTGAGAGCGTTA.1,9
TGCTGAGAGTGTCA.1,9
TGCTGAGATCCTAT.1,1
TGCTGAGATGCTAG.1,1
TGCTTAACACTGTG.1,3
TGCTTAACATTCCT.1,6
TGCTTAACTTTCTG.1,1
TGGAAAGAACACCA.1,1
TGGAAAGAAGTTCG.1,1
TGGAAAGAGGATTC.1,11
TGGAAAGATTCCCG.1,3
TGGAACACGAAACA.1,14
TGGAACACTCTCCG.1,1
TGGAACACTTATCC.1,1
TGGAACTGTAAGGA.1,10
TGGAACTGTCTCTA.1,1
TGGAAGCTGATAGA.1,3
TGGAAGCTGGCATT.1,1
TGGAAGCTTCCGTC.1,3
TGGACCCTGGGATG.1,1
TGGACCCTGTACGT.1,6
TGGACCCTTCGCTC.1,7
TGGACCCTTTGCAG.1,10
TGGACTGAAACTGC.1,7
TGGACTGAAGATGA.1,3
TGGACTGACCAAGT.1,1
TGGACTGATCGCTC.1,6
TGGACTGATGCCCT.1,3
TGGAGACTACTTTC.1,1
TGGAGACTAGCAAA.1,3
TGGAGACTCTTTAC.1,1
TGGAGACTGCCTTC.1,3
TGGAGACTTAAGGA.1,3
TGGAGGGAACTGTG.1,10
TGGAGGGAGGTTAC.1,3
TGGAGGGATATCTC.1,1
TGGAGGGATGTAGC.1,3
TGGATCGAGCGTTA.1,3
TGGATCGAGTGTCA.1,9
TGGATCGATCCTGC.1,1
TGGATCGATCGCCT.1,4
TGGATCGATGCAAC.1,3
TGGATGACAGCAAA.1,1
TGGATGACCTATGG.1,9
TGGATGACTGTGGT.1,1
TGGATGTGAAGAGT.1,3
TGGATGTGAGCTAC.1,9
TGGATGTGCACTTT.1,3
TGGATGTGCATTTC.1,1
TGGATGTGGTATCG.1,6
TGGATGTGGTTGTG.1,3
TGGATGTGTAGCGT.1,3
TGGATGTGTCTTAC.1,1
TGGATGTGTGAGCT.1,1
TGGATGTGTGCTCC.1,10
TGGATGTGTGTGCA.1,3
TGGATTCTATAAGG.1,1
TGGATTCTCAGTCA.1,1
TGGATTCTGAGGAC.1,1
TGGATTCTGTCACA.1,3
TGGCAATGAGAAGT.1,6
TGGCAATGAGGGTG.1,6
TGGCAATGATACCG.1,1
TGGCAATGATCACG.1,3
TGGCAATGCCATAG.1,9
TGGCAATGCTACGA.1,1
TGGCAATGGGTCTA.1,7
TGGCAATGTGCCTC.1,1
TGGCAATGTGTTCT.1,3
TGGCACCTACAGTC.1,7
TGGCACCTGATAAG.1,1
TGGGTATGACCATG.1,1
TGGGTATGAGATCC.1,1
TGGGTATGCGATAC.1,1
TGGGTATGCGGAGA.1,1
TGGGTATGGACACT.1,3
TGGGTATGTACTGG.1,3
TGGGTATGTGGTAC.1,1
TGGGTATGTTGACG.1,3
TGGTACGAACCTAG.1,1
TGGTACGAAGCTAC.1,1
TGGTACGACTTAGG.1,1
TGGTACGATACGAC.1,3
TGGTAGACACCACA.1,1
TGGTAGACACCCTC.1,6
TGGTAGACGGAGTG.1,1
TGGTAGACGTTCAG.1,7
TGGTAGACTAACCG.1,7
TGGTAGACTACTGG.1,1
TGGTAGACTCTTTG.1,3
TGGTAGTGAAGAAC.1,7
TGGTAGTGACTACG.1,1
TGGTAGTGGGACTT.1,1
TGGTAGTGGTCATG.1,10
TGGTAGTGTGTGAC.1,3
TGGTATCTAAGTAG.1,1
TGGTATCTACAGCT.1,3
TGGTATCTAGCTAC.1,9
TGGTATCTCGGAGA.1,7
TGGTATCTTTCGCC.1,10
TGGTCAGAAGGTTC.1,3
TGGTCAGATTCACT.1,3
TGGTTACTCCATAG.1,1
TGGTTACTGCGTTA.1,1
TGGTTACTTTCTTG.1,1
TGGTTACTTTGCTT.1,1
TGGTTACTTTGGTG.1,1
TGTAAAACAGGGTG.1,1
TGTAAAACATACCG.1,0
TGTAAAACCAACTG.1,6
TGTAAAACCAGATC.1,7
TGTAAAACCTCGAA.1,1
TGTAAAACGAAAGT.1,10
TGTAACCTAAGTAG.1,6
TGTAACCTACGTAC.1,1
TGTAACCTCCACAA.1,7
TGTAACCTCCCTCA.1,1
TGTAACCTCTCCAC.1,3
TGTAACCTTTCATC.1,3
TGTAATGAACTTTC.1,1
TGTAATGAATCGGT.1,1
TGTAATGACAGTCA.1,7
TGTAATGACCCGTT.1,3
TGTAATGACCGATA.1,10
TGTAATGACTCGCT.1,3
TGTACTTGCACAAC.1,10
TGTACTTGCAGAGG.1,10
TGTACTTGCGACAT.1,9
TGTACTTGCGCATA.1,1
TGTACTTGGCAAGG.1,3
TGTACTTGGTTAGC.1,3
TGTACTTGTCCAGA.1,1
TGTACTTGTCCTAT.1,3
TGTACTTGTCGCAA.1,7
TGTACTTGTGTCTT.1,1
TGTAGGTGTCCCAC.1,3
TGTAGTCTACCCAA.1,3
TGTAGTCTGCGGAA.1,6
TGTAGTCTTAACCG.1,3
TGTAGTCTTCGCAA.1,1
TGTAGTCTTTGAGC.1,3
TGTATCTGAACGAA.1,1
TGTATCTGGTAAGA.1,3
TGTATCTGGTGTTG.1,3
TGTATGCTAACGTC.1,6
TGTATGCTCGTCTC.1,1
TGTATGCTTCTCGC.1,3
TGTCAGGACATGAC.1,1
TGTCAGGACGAATC.1,6
TGTCAGGACTTGAG.1,13
TGTCTAACGGAGCA.1,10
TGTGACGAAACGTC.1,1
TGTGACGAAGCCTA.1,1
TGTGACGACAACCA.1,10
TGTGACGACCCTCA.1,1
TGTGACGAGAGATA.1,3
TGTGACGATCATTC.1,3
TGTGACGATCTAGG.1,10
TGTGAGACATTCCT.1,3
TGTGAGACCATACG.1,3
TGTGAGACCATGCA.1,3
TGTGAGACCGCAAT.1,3
TGTGAGTGAACCAC.1,1
TGTGAGTGAAGTAG.1,3
TGTGAGTGCTGATG.1,4
TGTGAGTGCTTCTA.1,6
TGTGAGTGTATTCC.1,3
TGTGAGTGTTATCC.1,3
TGTGAGTGTTTCAC.1,6
TGTGATCTTAACGC.1,3
TGTGGATGAGCCTA.1,9
TGTGGATGGGCAAG.1,1
TGTGGATGGGTTCA.1,7
TGTGGATGTTACTC.1,3
TGTTAAGACAAAGA.1,4
TGTTAAGACTATTC.1,1
TGTTAAGAGTGTCA.1,3
TGTTAAGATTGTCT.1,3
TGTTACACAGTGCT.1,9
TGTTACACATCGAC.1,3
TGTTACACGTTCTT.1,6
TGTTACACTCCTAT.1,1
TGTTACACTGTAGC.1,9
TGTTACTGAAACAG.1,3
TGTTACTGAAAGCA.1,9
TGTTACTGCGACAT.1,1
TGTTACTGCTTCCG.1,7
TGTTACTGGAGCTT.1,1
TGTTACTGTCAGTG.1,3
TGTTACTGTGCTCC.1,3
TTAACCACGGTGAG.1,3
TTAACCACTGTCAG.1,3
TTACAGCTCATGCA.1,3
TTACAGCTCGTGTA.1,6
TTACAGCTTACTGG.1,1
TTACCATGCCTATT.1,6
TTACCATGCCTTTA.1,10
TTACCATGGACAGG.1,3
TTACCATGTTCGTT.1,6
TTACGACTAACCTG.1,1
TTACGACTCCGCTT.1,13
TTACGACTCCTCCA.1,3
TTACGACTCGATAC.1,13
TTACGACTCTCAGA.1,1
TTACGACTGGACAG.1,9
TTACGACTTGCCCT.1,1
TTACGTACGTAAGA.1,3
TTACGTACTGTCAG.1,1
TTACGTACTGTGAC.1,1
TTACTCGAAACGAA.1,3
TTACTCGAACCAAC.1,3
TTAGAATGAAAGTG.1,6
TTAGAATGTGTGAC.1,7
TTAGACCTAAGAGT.1,1
TTAGACCTAGAATG.1,3
TTAGACCTAGTGTC.1,1
TTAGACCTCCATAG.1,1
TTAGACCTGTTAGC.1,10
TTAGCTACTGTCAG.1,1
TTAGGGACAAGAGT.1,10
TTAGGGACAGCAAA.1,1
TTAGGGACCCACAA.1,1
TTAGGGACGTACGT.1,9
TTAGGGACTCTATC.1,3
TTAGGGACTGAAGA.1,3
TTAGGGTGACGCAT.1,3
TTAGGGTGAGCCTA.1,9
TTAGGGTGGCTGAT.1,3
TTAGGGTGTTTCGT.1,1
TTAGGTCTTCTGGA.1,3
TTAGGTCTTTGGTG.1,6
TTAGTCACCGAGTT.1,1
TTAGTCACGGTCAT.1,6
TTAGTCACGTACCA.1,7
TTAGTCACTATGCG.1,3
TTAGTCACTGAGGG.1,9
TTAGTCTGAGTCGT.1,1
TTAGTCTGCTGTAG.1,3
TTAGTCTGGAAGGC.1,3
TTAGTCTGGCGAGA.1,3
TTAGTCTGTAGCCA.1,1
TTAGTCTGTGGATC.1,1
TTAGTCTGTTCACT.1,10
TTATCCGAAGGTTC.1,3
TTATCCGAGATACC.1,6
TTATCCGAGTGTTG.1,3
TTATCCGATCCTTA.1,10
TTATCCGATTGGCA.1,1
TTATGAGAGGCAAG.1,3
TTATGAGATACGCA.1,1
TTATGCACCACTAG.1,3
TTATGCACCCGCTT.1,10
TTATGCACCCTCAC.1,3
TTATGGCTCCTTCG.1,6
TTATGGCTGGTCAT.1,3
TTATGGCTTCATTC.1,1
TTATGGCTTGGAGG.1,3
TTATTCCTCCAACA.1,9
TTATTCCTCGTGTA.1,1
TTATTCCTGAGCTT.1,1
TTATTCCTGCGATT.1,1
TTATTCCTTCTCTA.1,1
TTATTCCTTCTTTG.1,9
TTCAAAGAACCCTC.1,1
TTCAAAGAAGGTCT.1,1
TTCAAAGACATGAC.1,1
TTCAAAGACCCGTT.1,1
TTCAAAGACGTCTC.1,3
TTCAAAGATAACCG.1,3
TTCAAAGATGACCA.1,3
TTCAAAGATTGACG.1,7
TTCAACACATGCCA.1,3
TTCAACACCAACTG.1,1
TTCAACACCTGTGA.1,10
TTCAAGCTACAGTC.1,7
TTCAAGCTGACAAA.1,1
TTCAAGCTGTACAC.1,1
TTCAAGCTGTTACG.1,3
TTCACAACATCTTC.1,3
TTCACAACCCGTTC.1,1
TTCACAACCTGAGT.1,1
TTCACAACTGACTG.1,6
TTCACAACTGCAAC.1,1
TTCACCCTACGACT.1,3
TTCACCCTGGTAGG.1,1
TTCACCCTTGCACA.1,1
TTCAGACTAAGGGC.1,1
TTCAGACTAGCCTA.1,1
TTCAGACTCCGAAT.1,3
TTCAGTACAGCCAT.1,3
TTCAGTACCTGTTT.1,3
TTCAGTACGCTAAC.1,1
TTCAGTACTTCGCC.1,1
TTCAGTTGAAAGCA.1,1
TTCAGTTGCCCTTG.1,1
TTCAGTTGCGAATC.1,6
TTCAGTTGCGTCTC.1,1
TTCAGTTGCTACGA.1,3
TTCAGTTGTCTTTG.1,1
TTCATCGAGTCTGA.1,3
TTCATCGATCAGGT.1,1
TTCATCGATGAGAA.1,1
TTCATCGATTGCAG.1,1
TTCATGACAGCCAT.1,10
TTCATGACAGCGGA.1,10
TTCATGACCTGACA.1,1
TTCATGTGCGACTA.1,7
TTCATGTGCGTGAT.1,9
TTCATGTGCTCTAT.1,1
TTCATGTGGCGTTA.1,3
TTCATGTGGTATCG.1,9
TTCATGTGTTCTCA.1,3
TTCATTCTAAAAGC.1,3
TTCATTCTACAGCT.1,1
TTCATTCTACAGTC.1,6
TTCATTCTCACAAC.1,3
TTCATTCTCCAAGT.1,1
TTCATTCTTCCTGC.1,3
TTCATTCTTCTCGC.1,1
TTCCAAACAGGTTC.1,1
TTCCAAACGGCGAA.1,9
TTCCAAACGTGTCA.1,3
TTCCAAACGTTCTT.1,1
TTCCATGAAAGGTA.1,6
TTCCATGAATGACC.1,3
TTCCATGACTTACT.1,3
TTCCATGAGCATCA.1,3
TTCCATGATCGCCT.1,1
TTCCCACTGCAGTT.1,1
TTCCCACTTTACCT.1,3
TTCCTAGACTGTCC.1,1
TTCCTAGAGGATCT.1,1
TTCGAGGACATGCA.1,1
TTCGAGGATGCAGT.1,13
TTCGATTGAAGTGA.1,1
TTCGATTGCTTGGA.1,3
TTCGATTGTGCCTC.1,6
TTCGGAGAATTCGG.1,3
TTCGGAGACATTGG.1,3
TTCGGAGACGAACT.1,9
TTCGGAGACGTGTA.1,1
TTCGTATGATCGAC.1,1
TTCGTATGTCCGTC.1,1
TTCGTATGTGACAC.1,3
TTCTACGAAACGTC.1,3
TTCTACGAGAGATA.1,1
TTCTACGAGTCGAT.1,1
TTCTACGATACAGC.1,3
TTCTAGTGAGGAGC.1,3
TTCTAGTGAGTGTC.1,9
TTCTAGTGCGCCTT.1,9
TTCTAGTGGAAAGT.1,6
TTCTCAGAAAAACG.1,1
TTCTCAGAAATCGC.1,1
TTCTCAGACCTTAT.1,3
TTCTCAGATACGCA.1,10
TTCTCAGATACTGG.1,3
TTCTCAGATCTCGC.1,6
TTCTGATGAGCATC.1,10
TTCTGATGAGCTAC.1,1
TTCTGATGAGTTCG.1,9
TTCTGATGCCAACA.1,11
TTCTGATGGAGGAC.1,13
TTCTGATGGCCTTC.1,1
TTCTGATGGTCATG.1,3
TTCTGATGTACTTC.1,1
TTCTGATGTCATTC.1,3
TTCTGATGTCTCGC.1,3
TTCTTACTCGGAGA.1,3
TTCTTACTGGTAGG.1,9
TTGAACCTAACTGC.1,6
TTGAACCTAATGCC.1,1
TTGAACCTCCGTAA.1,1
TTGAACCTCGGTAT.1,3
TTGAACCTCTACCC.1,9
TTGAATGAAAACGA.1,3
TTGAATGAAGTTCG.1,9
TTGAATGACTGACA.1,1
TTGACACTCTGCTC.1,6
TTGACACTGACACT.1,9
TTGACACTGAGGTG.1,3
TTGAGGACATGCTG.1,3
TTGAGGACCTTGCC.1,1
TTGAGGACTAGCCA.1,3
TTGAGGTGACGTAC.1,3
TTGAGGTGATCAGC.1,7
TTGAGGTGCATCAG.1,3
TTGAGGTGGGTTTG.1,3
TTGAGGTGTAGACC.1,3
TTGATCTGACGGGA.1,9
TTGATCTGGACGTT.1,1
TTGATCTGGCTGAT.1,1
TTGATCTGGGAACG.1,1
TTGATCTGGGTTTG.1,3
TTGATCTGTACTGG.1,3
TTGCATTGACCACA.1,3
TTGCATTGAGCACT.1,3
TTGCATTGCAGAGG.1,3
TTGCATTGCAGTTG.1,9
TTGCATTGCTCATT.1,1
TTGCATTGCTGAGT.1,3
TTGCATTGGGTAGG.1,1
TTGCATTGGGTCAT.1,7
TTGCATTGGGTGGA.1,14
TTGCATTGGTAGCT.1,7
TTGCATTGTTTGGG.1,11
TTGCTAACACCACA.1,1
TTGCTAACCGCATA.1,1
TTGCTAACCTAGCA.1,3
TTGCTATGGCTCCT.1,9
TTGCTATGGTGTAC.1,3
TTGCTATGTCAGGT.1,3
TTGCTATGTGCGTA.1,1
TTGGAGACACGTAC.1,3
TTGGAGTGAGGGTG.1,6
TTGGAGTGCACTGA.1,1
TTGGAGTGCTCGAA.1,3
TTGGAGTGCTGTAG.1,1
TTGGAGTGGTATGC.1,3
TTGGAGTGGTTGTG.1,3
TTGGAGTGTATTCC.1,1
TTGGAGTGTTCCCG.1,3
TTGGGAACTAGCCA.1,3
TTGGTACTACACCA.1,1
TTGGTACTCTCTTA.1,1
TTGGTACTGCTTAG.1,3
TTGGTACTGGTTCA.1,1
TTGGTACTGTCATG.1,3
TTGGTACTGTTCGA.1,6
TTGGTACTTACTGG.1,10
TTGGTACTTAGAAG.1,1
TTGTACACATAAGG.1,1
TTGTACACCAGAAA.1,3
TTGTACACCGGTAT.1,3
TTGTAGCTAAGATG.1,1
TTGTAGCTAATGCC.1,3
TTGTAGCTAGTCAC.1,3
TTGTAGCTCGCCTT.1,7
TTGTAGCTCTCATT.1,1
TTGTAGCTCTCGCT.1,1
TTGTAGCTGCGTTA.1,3
TTGTAGCTGGTGAG.1,13
TTGTCATGAGATGA.1,4
TTGTCATGCTAGTG.1,3
TTGTCATGCTGGTA.1,11
TTGTCATGGTCACA.1,3
TTTAGAGAATCAGC.1,3
TTTAGAGACTGGAT.1,3
TTTAGAGAGACGAG.1,1
TTTAGAGAGCATAC.1,11
TTTAGAGAGGACTT.1,3
TTTAGAGATCCAAG.1,3
TTTAGAGATCCTAT.1,3
TTTAGAGATTCATC.1,1
TTTAGCTGATTCCT.1,1
TTTAGCTGCAATCG.1,1
TTTAGCTGCATCAG.1,6
TTTAGCTGTGTCAG.1,9
TTTAGCTGTTTGTC.1,1
TTTAGGCTACACGT.1,6
TTTAGGCTCCCTAC.1,1
TTTAGGCTCTCGAA.1,6
TTTAGGCTTAGCCA.1,1
TTTAGGCTTTCGGA.1,1
TTTATCCTAAGTGA.1,3
TTTATCCTCCCTTG.1,6
TTTATCCTGCGAGA.1,9
TTTATCCTGGAAAT.1,1
TTTATCCTGGGATG.1,3
TTTCACGAGAAACA.1,1
TTTCACGATACTTC.1,6
TTTCACGATGCTGA.1,3
TTTCAGTGCCTGTC.1,3
TTTCAGTGGACGAG.1,3
TTTCAGTGTCCTGC.1,3
TTTCCAGACGCATA.1,3
TTTCGAACCAGATC.1,3
TTTCGAACTTGCGA.1,3
TTTCGAACTTGCTT.1,1
TTTCTACTATGACC.1,3
TTTCTACTGAGGGT.1,6
TTTCTACTGGTCTA.1,3
TTTCTACTTGACCA.1,1
TTTGACTGAAGCAA.1,3
TTTGACTGAGTCGT.1,6
TTTGACTGCCGCTT.1,3
TTTGACTGTTACCT.1,1
TTTGCATGCTTCGC.1,6
TTTGCATGGTCCTC.1,6
AAACATACCAAGCT.1,4
AAACATACCCCTAC.1,14
AAACATACCCGTAA.1,3
AAACATACCCTCGT.1,5
AAACATACGAGGTG.1,0
AAACATACGCGAAG.1,2
AAACATACGTCGTA.1,0
AAACATACTCAGGT.1,2
AAACATTGACCTGA.1,2
AAACATTGACTTTC.1,0
AAACATTGGTACCA.1,5
AAACATTGGTGTCA.1,5
AAACATTGTAGCCA.1,2
AAACATTGTCCAGA.1,2
AAACATTGTGCTAG.1,7
AAACATTGTGTCCC.1,14
AAACATTGTGTGGT.1,7
AAACATTGTTTGTC.1,2
AAACCGTGCTCTCG.1,2
AAACCGTGCTGGAT.1,7
AAACGCACAAGGGC.1,2
AAACGCACGCAGAG.1,2
AAACGCACGTACAC.1,2
AAACGCTGAAGAAC.1,2
AAACGCTGAGCACT.1,0
AAACGCTGGCCCTT.1,0
AAACGCTGGGTGGA.1,2
AAACGGCTCTTGGA.1,2
AAACGGCTTACTCT.11,2
AAACGGCTTGCTCC.1,6
AAACTTGACGTGTA.11,2
AAACTTGAGACACT.1,2
AAACTTGAGCTATG.1,2
AAACTTGATCTAGG.1,2
AAACTTGATCTCAT.1,0
AAAGAGACAGCCAT.1,4
AAAGAGACCTCTAT.1,5
AAAGAGACGCAGAG.1,7
AAAGAGACTGTGAC.1,2
AAAGATCTCCTTTA.1,12
AAAGATCTGAGAGC.1,8
AAAGATCTTGCGTA.1,0
AAAGATCTTTCTCA.1,5
AAAGCAGAAACAGA.1,2
AAAGCAGAACGGGA.1,2
AAAGCAGAACGTGT.1,6
AAAGCAGAATTGGC.1,5
AAAGCAGATTGCGA.1,4
AAAGCCTGGGTTCA.1,5
AAAGCCTGGTATCG.1,2
AAAGCCTGTTCTAC.1,0
AAAGGCCTACCATG.1,0
AAAGGCCTAGCTCA.1,2
AAAGGCCTCAAAGA.1,2
AAAGGCCTCCGATA.1,2
AAAGGCCTGACACT.1,2
AAAGGCCTGTCTTT.1,0
AAAGGCCTTCCCAC.1,0
AAAGGCCTTGAGGG.1,2
AAAGGCCTTTGCAG.1,2
AAAGTTTGACCCTC.1,8
AAAGTTTGCTTTAC.1,0
AAAGTTTGTCCTTA.1,8
AAAGTTTGTTATCC.1,0
AAAGTTTGTTCGCC.1,4
AAATACTGCAGCTA.1,8
AAATACTGCATGAC.1,7
AAATACTGGACGAG.1,14
AAATCAACAAGAAC.1,4
AAATCAACGGCGAA.1,2
AAATCAACTTACTC.1,5
AAATCATGAAGGTA.1,4
AAATCATGCTCATT.1,0
AAATCATGGATAGA.1,12
AAATCATGGGACTT.1,11
AAATCATGTCTAGG.1,8
AAATCATGTTGAGC.1,0
AAATCCCTAGACTC.1,0
AAATCCCTAGGTCT.1,0
AAATCTGAACCACA.1,4
AAATCTGATCGCCT.1,4
AAATGGGAAACGTC.1,0
AAATGGGAAGATCC.11,2
AAATGGGACATGGT.1,4
AAATGGGACCTCCA.1,12
AAATGGGACGTTAG.1,0
AAATGGGAGTATGC.1,10
AAATGGGATAGCGT.1,5
AAATGGGATGAGAA.1,5
AAATGTTGACCTAG.1,2
AAATGTTGAGTAGA.1,8
AAATGTTGCCTTCG.1,0
AAATGTTGCGTAGT.1,0
AAATGTTGCTACTT.1,0
AAATGTTGGATAGA.1,2
AAATGTTGGATGAA.1,8
AAATGTTGTAAGGA.1,0
AAATTCGAATACCG.1,0
AAATTCGACTCTAT.1,0
AAATTCGACTGTCC.1,7
AAATTCGAGTACAC.1,5
AAATTCGATACTTC.1,5
AAATTCGATAGACC.1,11
AAATTCGATCTCGC.1,0
AAATTCGATGCTAG.1,2
AAATTCGATGTGCA.11,11
AAATTGACGACAGG.1,6
AACAAACTATACCG.1,0
AACAAACTCAGGAG.1,0
AACAAACTGCGTAT.1,0
AACAAACTTGAAGA.1,2
AACAATACAAGTGA.1,2
AACAATACCGTTAG.1,0
AACAATACCTGAAC.1,0
AACAATACGATAAG.1,4
AACAATACGCAGAG.1,0
AACACGTGCAATCG.1,5
AACACGTGTGCTTT.1,7
AACACTCTTCAAGC.1,2
AACACTCTTGATGC.1,7
AACAGAGAACGGAG.1,0
AACAGAGAAGTTCG.1,0
AACAGAGACATGCA.1,8
AACAGAGACTACCC.1,5
AACAGAGATCTGGA.1,0
AACAGAGATGCTAG.1,2
AACAGCACAATCGC.1,8
AACAGCACAGAGTA.1,2
AACAGCACCCCAAA.1,2
AACAGCACCCGTAA.1,5
AACAGCACTATGGC.1,8
AACAGCACTCTTTG.1,8
AACATATGAGTACC.1,0
AACATATGCACTGA.1,4
AACATATGGCAAGG.1,0
AACATATGGCTCCT.1,2
AACATTGAAGAACA.1,0
AACATTGAAGTTCG.1,0
AACATTGACAGGAG.1,2
AACATTGACTCAAG.1,2
AACATTGAGTTTGG.1,8
AACATTGATGGTGT.1,2
AACCACGAAGCCAT.1,2
AACCACGAAGGTTC.1,0
AACCACGAGAATCC.11,2
AACCACGAGCCATA.1,2
AACCACGAGCCCTT.1,2
AACCACGAGGTGTT.1,0
AACCACGAGTTCGA.1,8
AACCACGATCGATG.1,2
AACCACGATCTTAC.1,0
AACCACGATGCCTC.1,2
AACCACGATTCTTG.1,2
AACCAGTGACGCAT.1,2
AACCAGTGATCTCT.1,14
AACCAGTGATGTCG.1,2
AACCAGTGCTGCAA.1,8
AACCAGTGGGAACG.1,0
AACCAGTGTGCACA.1,4
AACCCAGAACCCAA.1,7
AACCCAGAACGGTT.1,2
AACCCAGAAGCTAC.1,4
AACCCAGAGCCTTC.1,8
AACCCAGAGTGAGG.1,2
AACCCAGATTGCTT.1,0
AACCGATGACACGT.1,4
AACCGATGAGAACA.1,2
AACCGATGCAGATC.1,14
AACCGATGCTGAAC.1,0
AACCGATGGAGGGT.1,2
AACCGATGGCGGAA.1,0
AACCGCCTAATCGC.1,0
AACCGCCTATCGAC.1,0
AACCGCCTCAACTG.1,2
AACCGCCTCACTCC.1,0
AACCGCCTCCCACT.1,0
AACCGCCTCTTCTA.1,2
AACCGCCTGTGTCA.1,8
AACCGCCTTAACCG.1,0
AACCGCCTTTCGGA.1,6
AACCTACTATTGGC.1,4
AACCTACTCCCGTT.1,0
AACCTACTCTCATT.1,2
AACCTACTCTCGAA.1,7
AACCTTACATACCG.1,8
AACCTTACGCTGTA.1,2
AACCTTACGTACCA.1,0
AACCTTTGAAACGA.1,0
AACCTTTGACGTGT.1,2
AACCTTTGAGTAGA.1,0
AACCTTTGCATTGG.1,8
AACCTTTGTTTCAC.1,5
AACCTTTGTTTGGG.1,4
AACGCAACAGGGTG.1,4
AACGCAACGCGAAG.1,12
AACGCAACGTTACG.1,7
AACGCAACTCCTAT.1,12
AACGCATGACTACG.1,8
AACGCATGTAGACC.1,0
AACGCATGTGCTCC.1,2
AACGCATGTGTCCC.1,4
AACGCCCTCCCTCA.11,5
AACGCCCTCCCTTG.1,8
AACGCCCTCCTCGT.1,4
AACGCCCTCGATAC.1,2
AACGCCCTGTAAAG.1,0
AACGGTACATGCCA.1,8
AACGGTACCGTGAT.1,3
AACGGTACGAGGCA.1,2
AACGGTACGCTATG.1,0
AACGGTACGGACGA.1,14
AACGGTACGTATGC.1,0
AACGGTACGTTACG.1,0
AACGGTACTACAGC.1,5
AACGGTACTCGATG.1,7
AACGGTACTGTCAG.1,2
AACGGTTGCTGACA.1,8
AACGGTTGGGTCTA.1,2
AACGGTTGGTATGC.1,0
AACGGTTGTCCCAC.1,2
AACGTCGACAAAGA.1,2
AACGTCGACCTGAA.1,0
AACGTGTGAAAAGC.1,2
AACGTGTGAAGGGC.1,0
AACGTGTGGACGGA.1,2
AACGTGTGTGAGGG.1,12
AACGTTCTAGCAAA.1,2
AACGTTCTAGCGTT.1,8
AACGTTCTCCTATT.1,0
AACGTTCTGGGTGA.1,5
AACGTTCTGTTGGT.1,0
AACGTTCTTACTTC.1,0
AACGTTCTTCGCTC.11,0
AACGTTCTTTTGCT.1,4
AACTACCTAAACAG.1,0
AACTACCTAAGCCT.1,2
AACTACCTAGATCC.1,8
AACTACCTCAATCG.1,0
AACTACCTCTAGCA.1,6
AACTCACTCCCTAC.1,12
AACTCACTGAGGGT.1,7
AACTCACTTATCGG.1,0
AACTCACTTGAGGG.1,0
AACTCGGACCCAAA.1,5
AACTCGGACTAGCA.1,2
AACTCGGAGTTCAG.1,7
AACTCGGATAAGGA.1,8
AACTCTTGGGCATT.1,0
AACTCTTGGTCTTT.1,2
AACTCTTGTGTGCA.1,2
AACTCTTGTTGACG.1,2
AACTGTCTCGGAGA.1,2
AACTGTCTCTATGG.1,2
AACTGTCTGCTTAG.1,8
AACTGTCTGGACTT.1,5
AACTGTCTGGATCT.1,2
AACTGTCTTAAGCC.1,5
AACTGTCTTGGTAC.1,0
AACTTGCTATGCTG.1,8
AACTTGCTCAACTG.1,2
AACTTGCTCACTGA.1,5
AACTTGCTCCCACT.1,0
AACTTGCTGGGACA.1,2
AACTTGCTGGGATG.1,8
AACTTGCTTCTGGA.1,2
AAGAACGAATTCGG.1,4
AAGAACGACCCAAA.11,2
AAGAACGACTACTT.1,2
AAGAACGACTTGTT.1,0
AAGAACGATGTGCA.1,14
AAGAAGACGGGATG.1,5
AAGAAGACTCTACT.1,7
AAGAAGACTCTTCA.1,0
AAGAAGACTGTAGC.1,7
AAGAAGACTTCCAT.1,2
AAGAATCTACTGTG.1,2
AAGAATCTATCGGT.1,5
AAGAATCTCGTACA.1,2
AAGAATCTCTGCTC.1,2
AAGAATCTGACGAG.1,2
AAGAATCTGAGCAG.1,0
AAGAATCTGGTTAC.1,0
AAGAATCTGTGCAT.1,4
AAGACAGAAAAACG.1,4
AAGACAGACGTACA.1,0
AAGACAGATTCGGA.1,0
AAGACAGATTGGCA.1,2
AAGAGATGAACAGA.1,2
AAGAGATGCAAAGA.1,2
AAGAGATGCCGATA.1,5
AAGAGATGTACGAC.1,2
AAGAGATGTGCAAC.1,2
AAGAGATGTTGCTT.1,5
AAGATGGAAGACTC.1,0
AAGATGGACGGTAT.1,2
AAGATGGAGTCAAC.1,4
AAGATTACACACCA.1,8
AAGATTACGAATCC.1,2
AAGATTACGCTATG.1,0
AAGATTACGGTTTG.1,4
AAGCAAGACCCTCA.1,2
AAGCAAGAGGTATC.1,0
AAGCAAGATTCACT.1,8
AAGCACTGAGGGTG.1,8
AAGCACTGCCGCTT.1,4
AAGCACTGGAATGA.1,2
AAGCACTGTTCGCC.1,2
AAGCCAACCCGCTT.1,0
AAGCCAACGCCATA.1,8
AAGCCAACGTGTCA.1,0
AAGCCAACTCTCCG.1,2
AAGCCAACTGACCA.1,12
AAGCCATGGTCACA.1,7
AAGCCATGGTCTTT.1,12
AAGCCATGTCCTCG.1,4
AAGCCATGTCGTTT.1,0
AAGCCATGTGACTG.1,10
AAGCCATGTTCGCC.1,0
AAGCCTGAAACGTC.1,0
AAGCCTGAAGCTCA.1,2
AAGCGACTAGTCAC.1,11
AAGCGACTCCACAA.1,0
AAGCGACTCCTATT.1,12
AAGCGACTGCAGTT.1,0
AAGCGACTGTACAC.1,2
AAGCGACTTAAAGG.1,2
AAGCGTACTACAGC.1,2
AAGCGTACTCTGGA.1,0
AAGCGTACTGTCAG.1,0
AAGGCTACAAGGGC.1,5
AAGGCTACATCAGC.1,7
AAGGCTACCTACCC.1,2
AAGGCTACGAAAGT.1,0
AAGGCTACTGCTGA.1,5
AAGGCTACTGTCAG.1,6
AAGGCTTGCAAGCT.1,10
AAGGCTTGCCCAAA.1,0
AAGGCTTGGAGAGC.1,11
AAGGCTTGGCGTAT.1,0
AAGGCTTGGCTCCT.1,0
AAGGTCACAGCCTA.1,4
AAGGTCACCAAGCT.1,0
AAGGTCACCTTGTT.1,0
AAGGTCACGTCGAT.1,3
AAGGTCACTACTGG.1,0
AAGGTCTGCAGAGG.1,4
AAGGTCTGCTCAGA.1,2
AAGGTCTGCTCTAT.1,2
AAGGTCTGGACAGG.1,8
AAGGTCTGTTCAGG.1,2
AAGGTGCTAAGGGC.1,5
AAGGTGCTAATCGC.1,0
AAGGTGCTCTGATG.1,2
AAGGTGCTGGTTCA.1,5
AAGGTGCTGTCTTT.1,2
AAGGTGCTTCCGAA.1,2
AAGGTGCTTGGATC.1,0
AAGGTGCTTTCACT.1,0
AAGTAACTCTCTCG.1,0
AAGTAACTTACGAC.1,0
AAGTAGGACAGGAG.1,2
AAGTAGGACTAGCA.1,0
AAGTAGGATCGCAA.1,8
AAGTAGGATTGAGC.1,0
AAGTATACCTAGAC.1,2
AAGTATACTACAGC.1,4
AAGTATACTCTAGG.1,2
AAGTATACTTCTCA.1,2
AAGTCCGAAATGCC.1,0
AAGTCCGAATCGGT.1,8
AAGTCCGACCTTCG.1,8
AAGTCCGACTCTTA.1,2
AAGTCCGAGGTAAA.1,4
AAGTCTCTCGAACT.1,0
AAGTCTCTTCATTC.1,4
AAGTCTCTTTGCTT.1,5
AAGTGCACAACGAA.1,0
AAGTGCACAAGCAA.1,0
AAGTGCACGTTAGC.1,0
AAGTGCACTGCCAA.1,2
AAGTGGCTGTCTAG.1,2
AAGTTATGACACTG.1,2
AAGTTATGGAACTC.1,2
AAGTTATGTACGCA.1,0
AAGTTATGTTCACT.1,2
AAGTTATGTTTCGT.1,2
AAGTTCCTAAACAG.1,0
AAGTTCCTAACGAA.1,12
AAGTTCCTAGCCTA.1,4
AAGTTCCTCCCGTT.1,5
AAGTTCCTGAAACA.1,2
AAGTTCCTGACGAG.1,7
AAGTTCCTGGTGGA.11,7
AAGTTCCTGTATCG.1,5
AAGTTCCTGTTCGA.1,0
AAGTTCCTTGCTCC.1,2
AAGTTCCTTTCCCG.1,0
AATAACACATACCG.1,7
AATAACACTCCGTC.1,4
AATAACACTGCTGA.1,0
AATAACACTGGTCA.1,6
AATAAGCTAGAGGC.1,0
AATAAGCTCTATTC.11,5
AATAAGCTTGTAGC.1,2
AATAAGCTTGTGCA.1,2
AATAAGCTTTCCGC.1,5
AATACCCTACCTCC.1,0
AATACCCTCGTGAT.11,2
AATACTGACCTGTC.11,0
AATACTGACTGGTA.1,4
AATACTGAGGACTT.1,0
AATACTGATCACGA.11,8
AATAGGGAACCCAA.1,8
AATAGGGAACTACG.1,0
AATAGGGAGTCCTC.1,14
AATAGGGATCAGGT.1,0
AATAGGGATTAGGC.1,8
AATAGGGATTCTCA.1,2
AATAGGGATTCTGT.1,4
AATATCGAATGTCG.1,2
AATATCGACACCAA.1,2
AATATCGACTCTCG.1,5
AATATCGACTTTAC.1,12
AATATCGAGAGGCA.11,0
AATATCGAGCGTAT.1,2
AATATCGAGTCGAT.1,8
AATCAAACCAGGAG.1,2
AATCAAACTGATGC.1,0
AATCAAACTGGTCA.1,0
AATCAAACTGTCTT.1,5
AATCAAACTTAGGC.1,12
AATCCGGAAGCAAA.1,2
AATCCGGAAGTGCT.1,2
AATCCGGACTCGCT.1,8
AATCCGGATCGTTT.1,0
AATCCGGATCTCTA.1,2
AATCCGGATGACCA.1,0
AATCCTACACGTGT.1,11
AATCCTACCGCCTT.1,2
AATCCTACCTCCAC.1,7
AATCCTACGAATCC.1,12
AATCCTACGGTTTG.1,2
AATCCTACTCACGA.1,0
AATCCTACTCGCCT.1,4
AATCCTTGATGTCG.1,2
AATCCTTGCATGGT.11,2
AATCCTTGCTGGAT.1,2
AATCCTTGGTCGTA.1,0
AATCCTTGTGGATC.1,0
AATCCTTGTGGTTG.1,2
AATCGGTGACCCAA.1,0
AATCGGTGCGAACT.1,2
AATCGGTGCGTAGT.1,2
AATCGGTGCTAAGC.1,5
AATCGGTGTTGAGC.1,2
AATCTAGAACACGT.1,11
AATCTAGAATAAGG.1,4
AATCTAGACGACTA.1,2
AATCTAGAGCGTAT.1,2
AATCTAGATATCGG.1,2
AATCTAGATCTTTG.1,5
AATCTCACAAGAGT.1,5
AATCTCACGCTCCT.1,4
AATCTCTGAGAGGC.1,0
AATCTCTGAGCCTA.1,12
AATCTCTGATCGTG.1,2
AATCTCTGCAAAGA.1,8
AATCTCTGCCCAAA.1,8
AATCTCTGCGACAT.1,4
AATCTCTGCGTCTC.1,2
AATCTCTGCTATTC.1,2
AATCTCTGGAACCT.1,2
AATCTCTGGTCTGA.1,0
AATGAGGAAGGTCT.1,0
AATGAGGACTATTC.1,0
AATGAGGACTCAGA.1,4
AATGAGGAGTATCG.1,2
AATGAGGATGCCAA.1,2
AATGAGGATGTAGC.11,8
AATGATACGTTTCT.1,5
AATGATACTTGAGC.1,0
AATGCGTGCACTAG.1,2
AATGCGTGCTGTGA.1,0
AATGCGTGTACAGC.1,8
AATGCGTGTCCAAG.1,0
AATGCGTGTGTTCT.1,0
AATGGAGAGCAGTT.1,0
AATGGAGAGGCAAG.1,0
AATGGCTGAACTGC.1,2
AATGGCTGCTGGTA.1,0
AATGGCTGTCAGAC.1,12
AATGGCTGTGGTCA.1,2
AATGTAACAAACAG.1,0
AATGTAACCGTGTA.1,0
AATGTAACCTGTTT.1,0
AATGTAACGTCATG.1,5
AATGTAACTTCGTT.1,12
AATGTAACTTGGCA.1,2
AATGTCCTACCTAG.11,12
AATGTCCTACGTTG.11,2
AATGTCCTAGTACC.1,2
AATGTCCTATTCTC.1,2
AATGTCCTCCGAAT.1,4
AATGTCCTCGAACT.1,0
AATGTCCTGTACGT.11,2
AATGTCCTTGGGAG.1,2
AATGTTGAAACCGT.1,7
AATGTTGAAGGGTG.1,2
AATGTTGACGCAAT.1,2
AATTACGAAAGAAC.1,0
AATTACGACCTTTA.1,0
AATTACGACTGGAT.1,2
AATTACGAGAATGA.1,0
AATTCCTGAAGGTA.1,2
AATTCCTGACACAC.1,0
AATTCCTGCATTTC.1,14
AATTCCTGGTACAC.1,0
AATTGATGCGTTAG.1,2
AATTGATGCTCATT.1,8
AATTGATGGGTCTA.1,0
AATTGATGTCAGAC.1,5
AATTGTGACATCAG.1,2
AATTGTGACTTCTA.1,0
AATTGTGATGTGAC.1,8
AATTGTGATTTCGT.1,0
ACAAAGGAAGCACT.1,5
ACAAAGGAGACTAC.1,7
ACAAAGGAGTACGT.1,7
ACAAAGGATCAGTG.1,8
ACAAAGGATGGGAG.1,2
ACAAATTGAGACTC.1,4
ACAAATTGCTGAAC.1,7
ACAAATTGGTTGTG.1,2
ACAAATTGTAGAAG.11,0
ACAACCGACAAAGA.1,0
ACAACCGAGGTGGA.1,8
ACAACCGATGTCAG.1,5
ACAAGAGAAGAGGC.1,0
ACAAGAGACGCATA.1,2
ACAAGAGACTAGCA.1,5
ACAAGAGAGTTGAC.1,2
ACAAGAGATAGAAG.1,12
ACAAGAGATCTTCA.1,5
ACAAGAGATTGTGG.1,12
ACAAGCACATTGGC.1,0
ACAAGCACCGCAAT.1,0
ACAAGCACCTTCTA.1,8
ACAAGCACTACGCA.1,7
ACAATAACAATGCC.1,4
ACAATAACATTCCT.1,8
ACAATAACCAGCTA.1,2
ACAATAACCCTGAA.1,0
ACAATAACTCGATG.1,0
ACAATCCTATCAGC.1,2
ACAATCCTATCTCT.11,5
ACAATCCTATTCGG.1,0
ACAATCCTCCTCCA.1,0
ACAATCCTCTCGCT.1,2
ACAATCCTGACAGG.1,8
ACAATCCTGTGTCA.1,2
ACAATCCTTAAGCC.1,2
ACAATCCTTGGCAT.1,0
ACAATTGAAAAGCA.1,0
ACAATTGAAAGGCG.1,0
ACAATTGAACGGAG.1,2
ACAATTGAAGATGA.1,0
ACAATTGACATTCT.1,2
ACAATTGAGAATAG.1,4
ACAATTGAGAGGTG.1,0
ACAATTGATTGTCT.1,4
ACACAGACACGGTT.1,2
ACACAGACATGTGC.1,0
ACACAGACCGTTGA.1,7
ACACAGACTTCTAC.1,0
ACACAGACTTGACG.1,0
ACACAGACTTGCGA.1,2
ACACATCTACACCA.1,2
ACACATCTCGCCTT.11,14
ACACCAGAAAGGCG.1,5
ACACCAGAAATCGC.1,2
ACACCAGAATGCTG.1,8
ACACCAGAGACGGA.1,0
ACACCAGAGATGAA.1,0
ACACCAGAGCGTTA.1,0
ACACCAGAGTAAAG.1,0
ACACCAGATGACCA.1,0
ACACCAGATTCGTT.1,2
ACACCCTGACGTGT.1,2
ACACCCTGGTAAAG.1,0
ACACCCTGGTTGAC.1,8
ACACCCTGTCAGAC.1,5
ACACCCTGTCCAGA.1,14
ACACCCTGTTGGCA.1,5
ACACGAACCCTGAA.1,0
ACACGAACCTCTAT.1,10
ACACGAACGTCTAG.1,0
ACACGAACGTTGAC.1,2
ACACGAACTTGTCT.1,10
ACACGATGAAAAGC.1,7
ACACGATGAAGCCT.1,2
ACACGATGACCACA.1,0
ACACGATGACCTTT.1,8
ACACGATGACTTTC.1,12
ACACGATGCTGGAT.1,2
ACACGATGGGTCAT.1,0
ACACGATGTTCAGG.1,0
ACACGTGAGAATCC.1,4
ACACGTGAGCTTAG.1,2
ACACGTGAGTATGC.1,2
ACACGTGATCCCAC.1,2
ACACGTGATCCCGT.1,4
ACACGTGATGAACC.1,12
ACACGTGATGGTCA.1,2
ACAGACACACGGAG.1,2
ACAGACACCGAGAG.1,2
ACAGACACCTAAGC.11,2
ACAGACACGGTAAA.1,4
ACAGACACTCAGGT.1,2
ACAGACACTCTTAC.1,5
ACAGCAACCATGGT.1,2
ACAGCAACGAACTC.1,0
ACAGCAACGAGACG.1,0
ACAGCAACTATGCG.1,2
ACAGCAACTGAGGG.1,0
ACAGGTACATGACC.1,2
ACAGGTACCGAGTT.1,0
ACAGGTACCGTGTA.1,2
ACAGGTACGATGAA.11,4
ACAGGTACGCCCTT.1,2
ACAGGTACGGACTT.1,8
ACAGGTACTGCTCC.1,2
ACAGTCGAATCACG.11,12
ACAGTCGACATGGT.1,2
ACAGTCGAGAGGAC.1,8
ACAGTCGATTCGGA.1,2
ACAGTGACATGTGC.1,4
ACAGTGACCACCAA.1,4
ACAGTGACCCACCT.1,5
ACAGTGACGAGGAC.1,5
ACAGTGACGGTACT.1,5
ACAGTGACTGCGTA.1,0
ACAGTGACTGTCCC.1,0
ACAGTGTGAAGATG.1,2
ACAGTGTGAAGTGA.1,0
ACAGTGTGACGGGA.1,0
ACAGTGTGAGATGA.1,2
ACAGTGTGCCCAAA.1,2
ACAGTGTGGCCTTC.1,11
ACAGTGTGGTTTCT.1,14
ACAGTGTGTGCTGA.1,5
ACAGTGTGTGGATC.1,2
ACAGTTCTCCACAA.1,12
ACAGTTCTCTGATG.1,0
ACAGTTCTCTTAGG.1,0
ACAGTTCTGACGTT.1,2
ACATACCTGTTGAC.1,5
ACATCACTCAGTCA.1,0
ACATCACTCTGTTT.1,2
ACATCACTGGAGGT.1,0
ACATCACTGGTGGA.1,0
ACATCACTGTTTCT.1,2
ACATGGTGACCCTC.1,2
ACATGGTGACGCAT.1,4
ACATGGTGACGGAG.1,5
ACATGGTGCCTATT.1,2
ACATGGTGCGTTAG.1,0
ACATGGTGCTCCCA.1,0
ACATGGTGCTGGTA.1,2
ACATGGTGGGTATC.1,4
ACATGGTGTGCGTA.1,0
ACATTCTGCCCTAC.1,0
ACATTCTGCGAATC.1,10
ACATTCTGCTACTT.1,0
ACATTCTGCTTAGG.1,2
ACATTCTGGTAGCT.1,0
ACCAACGAACTGTG.1,2
ACCAACGACCACAA.1,2
ACCAACGATTGAGC.1,4
ACCACAGAACGTGT.1,5
ACCACCTGCGATAC.1,4
ACCACCTGCTTCTA.1,8
ACCACCTGTCTATC.1,0
ACCACGCTGACGGA.1,2
ACCACGCTTCCTCG.1,8
ACCACGCTTGGATC.1,0
ACCAGCCTCTTATC.1,4
ACCAGCCTTCCCAC.1,2
ACCAGCCTTTATCC.1,7
ACCAGCCTTTGGCA.1,5
ACCAGTGAAATGCC.1,2
ACCAGTGAAGCCTA.1,2
ACCAGTGAGACGTT.1,5
ACCATTACATGGTC.1,2
ACCATTACGCGGAA.1,0
ACCATTTGCCGCTT.1,4
ACCATTTGCTCCCA.1,0
ACCATTTGTTCCAT.1,8
ACCATTTGTTGACG.1,6
ACCCAAGAAGCACT.1,8
ACCCAAGAGAAACA.1,2
ACCCAAGAGAAGGC.1,2
ACCCAAGAGCTAAC.1,0
ACCCACTGAAACGA.1,2
ACCCACTGACAGTC.1,7
ACCCACTGACGTTG.1,0
ACCCACTGGGAAAT.1,0
ACCCACTGGGTTAC.1,7
ACCCACTGTAAGCC.1,2
ACCCACTGTAAGGA.1,5
ACCCACTGTGGAGG.1,0
ACCCAGCTAGTCAC.1,11
ACCCAGCTAGTCTG.1,5
ACCCAGCTGAGGGT.1,12
ACCCGTACAAAGTG.1,0
ACCCGTACAGCGGA.1,0
ACCCGTACAGCGTT.11,0
ACCCGTACCCTGAA.1,0
ACCCGTACCGTGTA.1,2
ACCCGTACGAGCTT.1,2
ACCCGTACGTCTAG.1,2
ACCCGTACTAAAGG.1,0
ACCCGTTGATCTTC.1,11
ACCCGTTGCATTTC.1,7
ACCCGTTGGAGAGC.1,11
ACCCGTTGGCGTAT.1,0
ACCCGTTGTGACAC.1,11
ACCCTCGACGAGAG.1,0
ACCCTCGACGATAC.1,0
ACCCTCGACGTAGT.1,2
ACCCTCGAGGTACT.1,4
ACCCTCGAGTATGC.1,0
ACCCTCGAGTCTAG.1,8
ACCCTCGATGTGCA.1,2
ACCCTCGATTCGCC.1,0
ACCGAAACATTGGC.1,4
ACCGAAACTACTTC.1,8
ACCGCGGAAAGATG.1,10
ACCGCGGAAAGTGA.1,11
ACCGCGGACTGATG.1,2
ACCGCGGATGGTAC.1,2
ACCGTGCTCAAAGA.1,8
ACCGTGCTTTGCTT.1,0
ACCTATTGAATGCC.1,0
ACCTATTGACCGAT.1,0
ACCTATTGATTCTC.1,2
ACCTATTGGAAGGC.1,8
ACCTATTGGCGAGA.1,0
ACCTATTGGTCGAT.1,2
ACCTATTGTTCACT.1,2
ACCTCCGAACTGTG.1,0
ACCTCCGAAGGAGC.1,5
ACCTCCGAATTGGC.1,0
ACCTCCGACACTCC.11,2
ACCTCCGACCTTAT.1,12
ACCTCCGATGGTTG.1,2
ACCTCCGATTCATC.1,4
ACCTCGTGCAAGCT.1,4
ACCTCGTGCATACG.1,2
ACCTCGTGTATCTC.1,0
ACCTGAGAAAAGTG.1,0
ACCTGAGAACACGT.1,0
ACCTGAGAACGTTG.1,2
ACCTGAGAGTCGAT.1,0
ACCTGAGATCCGTC.1,8
ACCTGAGATCCTTA.1,0
ACCTGAGATGCTAG.11,8
ACCTGAGATGGTTG.1,4
ACCTGGCTCGTAAC.1,2
ACCTGGCTGACGTT.1,7
ACCTTTGAAAGCCT.1,0
ACCTTTGACGTTGA.1,6
ACCTTTGATCGCAA.1,2
ACCTTTGATGCATG.1,0
ACCTTTGATGGATC.1,12
ACCTTTGATTCTTG.1,2
ACGAACACTAGACC.1,2
ACGAACTGCAACCA.1,0
ACGAACTGCTACGA.1,2
ACGAACTGGCAAGG.1,4
ACGAACTGGCTAAC.1,0
ACGAACTGGGGTGA.1,12
ACGAACTGGTATGC.1,0
ACGAACTGTATCTC.1,2
ACGAACTGTCCAGA.1,8
ACGAAGCTCTTGGA.1,4
ACGAAGCTTCTACT.1,0
ACGAAGCTTGACCA.11,12
ACGACAACTAAGGA.1,7
ACGACAACTGGTCA.1,0
ACGACCCTAGATCC.1,0
ACGACCCTAGCACT.1,4
ACGACCCTATGCTG.1,2
ACGACCCTCAGTCA.1,8
ACGACCCTCTCTCG.1,0
ACGACCCTCTGAGT.1,2
ACGACCCTCTGTCC.1,7
ACGACCCTGGTAGG.1,0
ACGAGGGACGTTGA.1,4
ACGAGGGAGAATCC.1,12
ACGAGGGAGGGAGT.1,0
ACGAGGGATAGTCG.1,2
ACGAGTACCAGCTA.1,0
ACGAGTACCCCGTT.1,5
ACGAGTACCTCAAG.1,5
ACGAGTACCTCGAA.1,0
ACGAGTACGGTCTA.1,8
ACGAGTACTATGGC.11,5
ACGAGTACTCGATG.1,2
ACGAGTACTGAGGG.1,0
ACGATCGACATTTC.1,2
ACGATCGACGGTAT.1,5
ACGATCGAGCGATT.1,8
ACGATCGAGGAACG.1,0
ACGATCGAGTACAC.1,8
ACGATCGATCTAGG.1,2
ACGATGACATCTCT.1,0
ACGATGACGTTACG.1,2
ACGATGACTGAGGG.1,12
ACGATTCTCTATTC.1,5
ACGATTCTGATACC.1,2
ACGATTCTGTGTAC.1,6
ACGATTCTTCGACA.1,2
ACGATTCTTGCCAA.1,2
ACGCAATGACGGTT.1,8
ACGCAATGGCGTAT.1,0
ACGCACCTACCTGA.1,4
ACGCACCTATCGTG.1,2
ACGCACCTCAACTG.1,12
ACGCACCTGAACTC.1,0
ACGCACCTGACGTT.1,0
ACGCACCTGAGGAC.1,4
ACGCACCTGCATCA.1,8
ACGCACCTGGATTC.1,0
ACGCACCTTCTGGA.1,0
ACGCACCTTGGGAG.1,7
ACGCCACTACTAGC.1,0
ACGCCACTATGCCA.1,2
ACGCCACTCAACCA.1,2
ACGCCACTCAATCG.11,4
ACGCCACTCCCACT.1,4
ACGCCACTCCGAAT.1,7
ACGCCACTCTTACT.1,2
ACGCCACTCTTCTA.1,7
ACGCCACTGAAGGC.1,2
ACGCCACTTCAAGC.1,2
ACGCCACTTGGATC.1,0
ACGCCACTTTTCAC.1,7
ACGCCGGAAACGGG.1,0
ACGCCGGAAGACTC.1,5
ACGCCGGACCGAAT.1,2
ACGCCGGACCTTTA.1,0
ACGCCGGAGCGGAA.1,5
ACGCCGGATATCGG.1,2
ACGCCTTGCCGTTC.1,7
ACGCCTTGCTTCTA.1,4
ACGCCTTGGTTAGC.1,8
ACGCCTTGTAAAGG.1,2
ACGCCTTGTCCCGT.1,8
ACGCCTTGTCGATG.1,2
ACGCCTTGTCTTTG.1,0
ACGCGGTGACAGTC.1,7
ACGCGGTGAGCACT.1,0
ACGCGGTGAGCATC.1,5
ACGCGGTGGGAGTG.1,5
ACGCGGTGGTCGAT.1,7
ACGCGGTGTTCAGG.1,0
ACGCTCACAGTCTG.1,0
ACGCTCACCTCAAG.1,12
ACGCTCACCTTCTA.1,0
ACGCTCACGGTAGG.1,2
ACGCTCACGTAGCT.1,2
ACGCTCACTTGGCA.1,0
ACGCTGCTGACAGG.1,0
ACGCTGCTGGTACT.1,2
ACGCTGCTGTTGGT.1,5
ACGCTGCTTGAAGA.1,2
ACGGAACTAGACTC.1,0
ACGGAACTCATACG.1,0
ACGGAACTGAGGGT.1,0
ACGGAACTTCCCGT.1,0
ACGGAACTTGCTCC.1,8
ACGGAGGACTACCC.1,12
ACGGATTGCTCAAG.1,4
ACGGATTGCTCTCG.1,12
ACGGATTGCTGATG.1,0
ACGGATTGCTTCTA.1,2
ACGGATTGGAATAG.1,5
ACGGATTGGGCAAG.1,8
ACGGATTGTCCGTC.1,2
ACGGATTGTCGTTT.1,2
ACGGATTGTGTAGC.1,0
ACGGCGTGCACACA.1,0
ACGGCGTGCTGACA.1,2
ACGGCGTGGAGCAG.1,8
ACGGCTCTATCGTG.1,4
ACGGCTCTGAGGGT.1,0
ACGGCTCTTCTGGA.1,0
ACGGCTCTTGTCTT.1,0
ACGGGAGAAGCAAA.1,0
ACGGGAGACCTTGC.1,2
ACGGGAGAGCAAGG.1,0
ACGGGAGAGGTCAT.1,7
ACGGGAGATAAGGA.1,0
ACGGGAGATCCCAC.1,2
ACGGGAGATGAACC.1,0
ACGGTAACCAACTG.1,2
ACGGTAACCTCGCT.1,0
ACGGTAACGCGAGA.1,2
ACGGTAACGGGCAA.1,14
ACGGTATGCTGTTT.1,2
ACGGTATGGCTCCT.1,4
ACGGTATGGTTGGT.1,8
ACGGTATGTTCACT.1,0
ACGGTCCTAAAACG.1,2
ACGGTCCTAGCTCA.1,7
ACGGTCCTCAGATC.1,7
ACGGTCCTCTCCCA.1,2
ACGGTCCTGAACTC.1,2
ACGGTCCTGCATAC.11,0
ACGGTCCTGTCTAG.1,0
ACGGTCCTTTGGTG.1,5
ACGTAGACATCTCT.1,5
ACGTAGACCAGTCA.1,11
ACGTCAGAAAGGCG.1,8
ACGTCAGAACCTGA.1,0
ACGTCAGAATGACC.1,2
ACGTCAGAGCTTCC.1,0
ACGTCAGATATGGC.1,0
ACGTCAGATGAAGA.1,5
ACGTCCTGACTTTC.1,0
ACGTCCTGGGTGGA.1,0
ACGTCCTGTCATTC.11,2
ACGTCGCTAGTAGA.1,2
ACGTCGCTGGCGAA.1,0
ACGTCGCTTATGCG.1,12
ACGTCGCTTTGACG.1,0
ACGTGATGACCAAC.1,5
ACGTGATGGTGTTG.1,8
ACGTGATGTATCTC.1,14
ACGTGCCTAGCATC.1,5
ACGTGCCTCGCCTT.1,0
ACGTGCCTCTAGTG.1,0
ACGTGCCTCTGAGT.1,2
ACGTGCCTGGAGTG.1,2
ACGTGCCTGTACGT.1,0
ACGTTACTCACTCC.1,4
ACGTTACTGCGTTA.1,7
ACGTTACTGGACTT.1,5
ACGTTACTTATGCG.1,2
ACGTTACTTCTAGG.1,0
ACGTTACTTGTCAG.1,0
ACGTTGGAAAGGTA.1,0
ACGTTGGAACTGGT.1,2
ACGTTGGACTTGAG.1,2
ACGTTGGATCGTGA.1,2
ACGTTGGATGAACC.1,0
ACGTTGGATGGTTG.1,2
ACGTTTACGAGCAG.1,0
ACTAAAACATAAGG.1,5
ACTAAAACATCTTC.1,2
ACTAAAACCACTCC.1,0
ACTAAAACCACTGA.1,5
ACTAAAACTCATTC.1,2
ACTAAAACTTCGGA.1,5
ACTAAAACTTGGCA.1,6
ACTACGGAGAGCTT.1,2
ACTACGGATTTACC.1,0
ACTACTACAGCGGA.1,2
ACTACTACAGTCAC.1,11
ACTACTACCTAAGC.1,0
ACTACTACGCTCCT.1,11
ACTAGGTGCAGGAG.1,2
ACTAGGTGCCGCTT.1,0
ACTAGGTGCTCAGA.1,0
ACTAGGTGGGCATT.1,0
ACTAGGTGTGCTTT.1,0
ACTATCACAACGTC.1,5
ACTATCACGCCAAT.1,0
ACTATCACTGAGAA.1,5
ACTCAGGAAGATCC.1,2
ACTCAGGAAGATGA.1,0
ACTCAGGACTATTC.1,6
ACTCAGGATCTAGG.1,2
ACTCCCGACTTCGC.1,0
ACTCCCGAGCTCCT.1,4
ACTCCCGATACGAC.1,0
ACTCCTCTAGCACT.1,2
ACTCCTCTAGGGTG.1,0
ACTCCTCTCAATCG.1,0
ACTCCTCTCCCTTG.1,0
ACTCCTCTCTGTAG.1,11
ACTCCTCTGTAAGA.1,2
ACTCCTCTGTGAGG.1,0
ACTCCTCTTGGTCA.1,2
ACTCGAGACTTGTT.11,0
ACTCGAGAGCCAAT.1,5
ACTCGAGAGTTTGG.1,0
ACTCGCACACCAAC.1,5
ACTCGCACAGCCAT.1,0
ACTCGCACATGCCA.1,0
ACTCGCACCTTAGG.1,8
ACTCGCACGGTATC.1,0
ACTCGCACGTAAAG.1,12
ACTCGCACGTAGCT.1,4
ACTCGCACTGCACA.1,2
ACTCGCACTGTTCT.1,0
ACTCTATGAGATCC.11,11
ACTCTATGCCAAGT.1,0
ACTCTATGCCTTTA.1,2
ACTCTATGGGAAGC.1,14
ACTCTATGGTACGT.11,2
ACTCTATGTGGTCA.1,2
ACTCTCCTAGCAAA.1,2
ACTCTCCTGGTAGG.1,8
ACTCTCCTTGAAGA.1,2
ACTCTCCTTGCTTT.1,0
ACTCTCCTTTGTGG.1,5
ACTGAGACAACGTC.1,2
ACTGAGACCCACCT.1,5
ACTGAGACGCGATT.1,0
ACTGAGACGGAACG.1,5
ACTGAGACGTGTAC.1,2
ACTGAGACTCAGGT.1,2
ACTGCCACGTCATG.1,0
ACTGCCACTCAGAC.1,0
ACTGCCTGACTGTG.1,2
ACTGCCTGCCGTTC.1,4
ACTGCCTGCTGACA.1,0
ACTGCCTGGGCAAG.1,4
ACTGCCTGGTGCTA.1,0
ACTGCCTGTGGAGG.1,0
ACTGGCCTAGAATG.1,3
ACTGGCCTAGCATC.1,5
ACTGGCCTCACTAG.1,2
ACTGGCCTCTACTT.1,2
ACTGGCCTCTTAGG.1,8
ACTGGCCTGGACAG.1,2
ACTGGCCTGGGATG.1,2
ACTGGCCTGTCTTT.1,0
ACTGGCCTTCTCCG.1,5
ACTGGCCTTGTGGT.1,4
ACTGTGGAACGGAG.1,2
ACTGTGGAACTGGT.1,2
ACTGTGGATGCTAG.1,0
ACTGTGGATGGTGT.1,5
ACTGTTACATGTCG.1,0
ACTGTTACCAAAGA.1,2
ACTGTTACCGTGTA.1,0
ACTGTTACGTATGC.1,0
ACTGTTACGTGCTA.1,2
ACTTAAGAAGCGTT.1,2
ACTTAAGAATTGGC.1,4
ACTTAAGACCGCTT.1,2
ACTTAAGATGCACA.1,2
ACTTAGCTTCGTGA.1,4
ACTTCAACACGGAG.1,0
ACTTCAACAGAATG.1,0
ACTTCAACCCACAA.1,0
ACTTCAACCCCTTG.1,2
ACTTCAACCTACTT.1,0
ACTTCAACTTAGGC.1,0
ACTTCCCTCGGAGA.1,2
ACTTCCCTTTCTTG.11,2
ACTTCCCTTTTACC.1,2
ACTTCTGAACGTGT.1,5
ACTTCTGAGGTTTG.1,0
ACTTCTGATACGCA.1,8
ACTTCTGATTACCT.1,8
ACTTCTGATTCACT.1,2
ACTTGACTGAGCTT.1,0
ACTTGACTTGTGCA.1,0
ACTTGGGAAAAGTG.1,4
ACTTGGGACAAAGA.1,4
ACTTGGGACCTCAC.1,7
ACTTGGGAGAGCAG.1,14
ACTTGGGATGTGCA.1,5
ACTTGTACAGGCGA.1,7
ACTTGTACATCGGT.1,2
ACTTGTACCTATGG.1,4
ACTTGTACGTAAGA.1,5
ACTTGTACTAAGGA.1,2
ACTTGTACTACTTC.1,0
ACTTTGTGAAAAGC.1,0
ACTTTGTGATAAGG.1,2
ACTTTGTGATTTCC.1,0
ACTTTGTGCGTGAT.1,7
AGAAACGAACCTAG.1,0
AGAAAGTGAGTCAC.1,0
AGAAAGTGCAGAGG.1,5
AGAAAGTGGCAGTT.1,2
AGAAAGTGGTGTCA.1,2
AGAACAGAACGCAT.1,7
AGAACAGAGTGTAC.1,4
AGAACAGATTCTTG.1,4
AGAACGCTCCACAA.1,5
AGAACGCTGTTTCT.1,2
AGAACGCTTCGCAA.1,0
AGAAGATGCTTGCC.1,5
AGAATACTACTGTG.1,4
AGAATACTGGTAGG.1,0
AGAATACTTCCTGC.1,2
AGAATACTTTCCGC.1,2
AGAATACTTTTCGT.1,5
AGAATGGAACCCTC.1,5
AGAATGGAACTACG.1,6
AGAATGGACTAAGC.1,4
AGAATTTGAAACAG.1,2
AGAATTTGCGTGAT.1,5
AGAATTTGCTGAGT.1,4
AGAATTTGGGATCT.1,7
AGAATTTGGGTGAG.1,4
AGAATTTGGTTCTT.1,2
AGAATTTGTGCACA.1,2
AGAATTTGTTGCAG.1,0
AGACACACACCTAG.1,0
AGACACACAGTCAC.1,7
AGACACACAGTGTC.1,8
AGACACACCACTTT.1,5
AGACACACCATTGG.1,2
AGACACACCTGATG.1,11
AGACACACCTGGAT.1,0
AGACACACTATGCG.1,0
AGACACTGAAGCAA.1,0
AGACACTGAGTCGT.1,0
AGACACTGATTGGC.1,2
AGACACTGCCGAAT.1,0
AGACACTGTAACCG.1,8
AGACACTGTACAGC.1,4
AGACACTGTCTCTA.1,2
AGACACTGTCTTAC.1,5
AGACACTGTCTTTG.1,5
AGACACTGTTAGGC.1,11
AGACACTGTTCACT.1,2
AGACCTGAAAGCCT.1,0
AGACCTGACGGTAT.1,8
AGACCTGACTTAGG.1,0
AGACCTGATCGTAG.1,11
AGACGTACAGGCGA.1,0
AGACGTACCTCTTA.1,4
AGACGTACGAGATA.1,0
AGACGTACGAGGGT.1,12
AGACGTACGGCGAA.1,4
AGACGTACTAGAGA.1,0
AGACTCGACATTCT.1,0
AGACTCGACTACCC.1,5
AGACTCGAGGTACT.1,0
AGACTGACCCTCGT.1,2
AGACTGACTCCTAT.1,11
AGACTGACTCTCGC.1,0
AGACTGACTTCTTG.1,0
AGACTTCTCCAACA.1,0
AGACTTCTGTGCTA.1,2
AGAGAAACATAAGG.1,8
AGAGAAACCATCAG.1,0
AGAGAAACCTGTAG.1,0
AGAGAAACGGAAGC.1,0
AGAGAAACTCTTCA.1,0
AGAGAAACTGATGC.1,4
AGAGAAACTTGAGC.1,4
AGAGAAACTTTCTG.1,8
AGAGAATGCTGTAG.1,5
AGAGAATGGAGGTG.1,0
AGAGAATGGCTGTA.1,2
AGAGAATGGGGATG.1,2
AGAGATGAACCAGT.1,0
AGAGATGAACCTGA.1,0
AGAGATGAGTTGGT.1,4
AGAGATGATGGAAA.1,5
AGAGATGATGGTCA.1,4
AGAGATGATGTCGA.1,2
AGAGCGGACAACCA.1,5
AGAGCGGACCTCGT.1,0
AGAGCGGAGATAGA.1,0
AGAGCGGATGATGC.1,4
AGAGCTACCGATAC.1,2
AGAGCTACTCGCAA.1,0
AGAGCTACTCGTGA.1,5
AGAGGTCTACACGT.1,0
AGAGGTCTACGACT.1,4
AGAGGTCTGAAACA.1,2
AGAGGTCTGCGAGA.1,8
AGAGGTCTGTACCA.1,8
AGAGTCACAAGCAA.1,0
AGAGTCACACCTAG.1,4
AGAGTCACCGATAC.1,7
AGAGTCACTGCTCC.1,0
AGAGTCTGACGTAC.1,8
AGAGTCTGCTCAAG.1,2
AGAGTGCTAATGCC.1,4
AGAGTGCTCGTGAT.1,2
AGAGTGCTGCAGTT.1,5
AGAGTGCTGGCAAG.1,0
AGAGTGCTGGTAAA.1,0
AGAGTGCTGTTGAC.1,2
AGATATACACGCTA.1,2
AGATATACCGAATC.1,0
AGATATACGTTGGT.1,0
AGATATTGGCTCCT.1,2
AGATATTGGCTTAG.1,2
AGATATTGGGTATC.1,0
AGATATTGTGGAGG.1,3
AGATCGTGCCAAGT.1,0
AGATCGTGGGTATC.1,2
AGATCGTGTTCCCG.1,7
AGATCTCTTGGTCA.1,0
AGATCTCTTTCGGA.1,7
AGATTAACCACCAA.1,6
AGATTAACCCTGTC.1,14
AGATTAACCGTAAC.1,7
AGATTAACCGTCTC.1,0
AGATTAACGACAGG.1,4
AGATTAACGGAGTG.1,2
AGATTAACGGCAAG.1,0
AGATTAACGGTGTT.11,0
AGATTAACTATTCC.1,8
AGATTAACTCAGAC.1,5
AGATTAACTGAAGA.11,0
AGATTAACTTCACT.1,2
AGATTCCTAGTCTG.1,0
AGATTCCTGAATGA.1,2
AGATTCCTGGTAGG.1,2
AGATTCCTGTCTAG.1,0
AGATTCCTGTTGTG.1,2
AGATTCCTTTCTTG.1,2
AGCAAAGACTTTAC.1,5
AGCAACACCGAGAG.11,0
AGCAACACGACGGA.1,4
AGCAACACGATACC.1,12
AGCAACACGGACAG.1,5
AGCAACACGGACGA.1,8
AGCAACACGGTTAC.1,2
AGCAACACTGCCTC.1,2
AGCAAGCTAAGGTA.1,4
AGCAAGCTAGCACT.1,14
AGCAAGCTCCCAAA.1,0
AGCAAGCTCGCAAT.1,0
AGCAAGCTTGGTAC.1,5
AGCAAGCTTGGTCA.1,2
AGCAAGCTTGTGGT.1,2
AGCACAACCCGCTT.1,0
AGCACAACCGGAGA.1,0
AGCACAACGAACTC.1,8
AGCACTGAAGCCTA.1,2
AGCACTGAATAAGG.1,2
AGCACTGAATGACC.1,2
AGCACTGAATGCCA.1,0
AGCACTGACCTTGC.1,0
AGCACTGATTATCC.1,8
AGCATCGAACTCAG.1,2
AGCATCGAGGGTGA.1,8
AGCATCGATGAGAA.1,8
AGCATCGATTCGCC.1,2
AGCATGACAGCTCA.1,2
AGCATGACGCTAAC.1,0
AGCATGACGTAAGA.1,5
AGCATGACTTACTC.1,0
AGCATTCTAAGTAG.1,0
AGCATTCTACGTGT.1,0
AGCATTCTAGTCAC.1,4
AGCATTCTGAGCTT.1,4
AGCATTCTTAGAAG.1,2
AGCCAATGAGTGCT.1,2
AGCCAATGCAGTCA.1,7
AGCCAATGCCTATT.1,2
AGCCAATGGTCTAG.1,4
AGCCAATGGTTCTT.1,0
AGCCAATGTCAGGT.1,5
AGCCAATGTGCTTT.1,0
AGCCAATGTTTGGG.1,8
AGCCACCTAGAATG.1,0
AGCCACCTCCCTAC.1,0
AGCCACCTTGAAGA.1,2
AGCCACCTTGTAGC.1,5
AGCCACCTTGTTCT.1,4
AGCCGGACCGAATC.1,0
AGCCGGACCGTCTC.1,0
AGCCGGACCTCTCG.1,12
AGCCGGACTCCAGA.1,5
AGCCGGTGACGTGT.1,12
AGCCGGTGAGAGAT.1,2
AGCCGGTGAGAGGC.1,2
AGCCGGTGCCTTCG.1,0
AGCCGGTGCTACTT.1,2
AGCCGGTGCTGACA.1,6
AGCCGGTGGAATAG.1,5
AGCCGGTGTAGAAG.1,11
AGCCGTCTACAGTC.1,7
AGCCGTCTTGAGAA.1,2
AGCCTCACAAAAGC.1,2
AGCCTCACACGACT.1,2
AGCCTCACACGTAC.1,4
AGCCTCACCCCACT.1,0
AGCCTCACCGCTAA.1,0
AGCCTCACCTCCAC.1,4
AGCCTCACGGTCAT.1,5
AGCCTCACGTCCTC.1,2
AGCCTCACTAACCG.11,0
AGCCTCACTGAAGA.1,0
AGCCTCTGACAGCT.1,4
AGCCTCTGACTGGT.11,2
AGCCTCTGCCCAAA.1,2
AGCCTCTGTATCTC.1,0
AGCCTCTGTGTTCT.1,11
AGCCTCTGTTGCGA.1,0
AGCGAACTAAAACG.1,12
AGCGAACTAATGCC.1,2
AGCGAACTCCATGA.1,14
AGCGAACTGAGCAG.1,4
AGCGAACTGCTACA.1,7
AGCGAACTGCTGTA.1,5
AGCGAACTTATGCG.1,2
AGCGAACTTTCCAT.1,0
AGCGATACAGCTCA.1,5
AGCGATACGGGCAA.1,0
AGCGATACTTGAGC.1,0
AGCGATTGAGCGTT.1,5
AGCGATTGTTTGTC.1,12
AGCGCCGAAAAGCA.1,0
AGCGCCGAGCAGAG.1,0
AGCGCCGATACTTC.1,2
AGCGCCGATGACCA.1,7
AGCGCTCTCATGAC.1,0
AGCGCTCTCTCTTA.1,0
AGCGCTCTGGCATT.1,0
AGCGCTCTGTATGC.11,8
AGCGCTCTGTGTTG.1,0
AGCGCTCTTTAGGC.1,2
AGCGGCACCAACTG.1,0
AGCGGCACCTCGAA.1,0
AGCGGCACCTTAGG.11,2
AGCGGCACCTTCTA.1,2
AGCGGCACCTTGGA.1,0
AGCGGCACGGTTCA.1,7
AGCGGCACGTCTAG.1,8
AGCGGCTGAAGATG.1,8
AGCGGCTGACACTG.1,11
AGCGGCTGAGGTCT.1,5
AGCGGCTGCATGGT.1,0
AGCGGCTGCCTCGT.1,0
AGCGGCTGGTTGGT.1,0
AGCGGCTGTCATTC.1,0
AGCGGCTGTGTTCT.1,11
AGCGGCTGTTGTGG.1,0
AGCGGGCTAACCTG.1,0
AGCGGGCTACGGAG.1,5
AGCGGGCTCACCAA.1,0
AGCGGGCTCCAAGT.1,11
AGCGGGCTCCTGTC.1,4
AGCGGGCTGTAGGG.1,0
AGCGGGCTTGTAGC.1,7
AGCGGGCTTGTCCC.1,0
AGCGGGCTTTACCT.1,2
AGCGTAACAGATCC.1,5
AGCGTAACCGTAGT.1,2
AGCGTAACGCATCA.1,2
AGCGTAACGCGGAA.1,12
AGCGTAACGGAGCA.1,2
AGCGTAACGTAAGA.1,2
AGCTCGCTCATGGT.1,4
AGCTCGCTGATAGA.1,0
AGCTGAACACACCA.1,0
AGCTGAACCTGACA.1,0
AGCTGAACGCATCA.1,2
AGCTGAACGGAACG.1,8
AGCTGAACTACAGC.1,12
AGCTGAACTGTGCA.1,8
AGCTGCCTACACCA.1,5
AGCTGCCTACCGAT.1,2
AGCTGCCTCCTTGC.1,0
AGCTGCCTGAATCC.1,0
AGCTGCCTGACAAA.1,7
AGCTGCCTGACAGG.1,4
AGCTGCCTTCGACA.1,0
AGCTGCCTTCGATG.1,7
AGCTGCCTTCTGGA.1,5
AGCTGTGACGACTA.1,7
AGCTGTGAGAGGGT.1,0
AGCTGTGAGCAGTT.1,0
AGCTTACTAATGCC.1,0
AGCTTACTAGATCC.1,2
AGCTTACTAGCCAT.1,2
AGCTTACTCACACA.1,2
AGCTTACTGTCATG.1,2
AGCTTACTTCAGGT.1,0
AGCTTACTTCCGAA.1,3
AGCTTTACAGTGTC.1,0
AGCTTTACCTATGG.1,0
AGCTTTACCTCAGA.1,0
AGCTTTACTGCTGA.1,4
AGCTTTACTTTCTG.1,3
AGGAAATGCAACTG.1,0
AGGAAATGGAAACA.1,2
AGGAAATGGGTCTA.1,2
AGGAAATGGTTACG.1,4
AGGAAATGTGCTAG.1,5
AGGAACCTCCTAAG.1,0
AGGAACCTGAAAGT.1,5
AGGAATGAAAGATG.1,0
AGGAATGATCACGA.1,0
AGGAATGATGCCCT.1,12
AGGACACTACAGCT.1,5
AGGACACTCATGGT.1,0
AGGACACTGGAGCA.1,2
AGGACACTTGCATG.1,0
AGGACTTGAAGAAC.1,0
AGGACTTGACCAAC.1,0
AGGACTTGAGTACC.1,2
AGGACTTGAGTGCT.1,0
AGGACTTGCTAGAC.1,2
AGGACTTGGGTTTG.1,7
AGGACTTGGTTCAG.1,2
AGGACTTGGTTGGT.1,2
AGGACTTGTCTCCG.1,4
AGGAGTCTACTGTG.1,0
AGGAGTCTCGTAAC.1,0
AGGAGTCTCGTCTC.1,2
AGGAGTCTGAGACG.1,0
AGGAGTCTGTTGTG.1,0
AGGAGTCTTGAGGG.1,2
AGGAGTCTTTACCT.1,5
AGGATAGACAACTG.1,8
AGGATAGACGACAT.1,2
AGGATAGAGGACTT.1,5
AGGATAGATCCCGT.11,12
AGGATGCTCTCAAG.1,0
AGGATGCTTATGCG.1,8
AGGATGCTTCCCAC.1,5
AGGCAACTAGTCGT.1,2
AGGCAACTATTGGC.1,2
AGGCAACTTAAGGA.1,8
AGGCAACTTGCTAG.1,0
AGGCAGGAAAAAGC.1,7
AGGCAGGAACGTGT.1,2
AGGCAGGAGCTTCC.1,7
AGGCAGGATCCAGA.1,5
AGGCCTCTACCATG.1,7
AGGCCTCTAGAATG.1,8
AGGCCTCTGACGTT.1,2
AGGCCTCTGTAGCT.1,5
AGGCCTCTTCACCC.1,4
AGGCCTCTTGTGAC.1,2
AGGCCTCTTTGACG.1,0
AGGCTAACATAAGG.1,0
AGGCTAACGTACAC.1,2
AGGCTAACTGAAGA.1,0
AGGCTAACTGACAC.1,2
AGGGACGAACTAGC.1,2
AGGGACGACCTGTC.1,0
AGGGACGAGCCCTT.1,5
AGGGACGAGGGAGT.1,0
AGGGACGATCCGTC.1,7
AGGGACGATCTACT.1,5
AGGGAGTGCGATAC.1,2
AGGGAGTGCTTCTA.1,0
AGGGCCACACAGTC.1,4
AGGGCCACCCATGA.1,0
AGGGCCACCGGGAA.1,0
AGGGCCACTCCTGC.1,2
AGGGCCTGAAGGCG.1,2
AGGGCCTGCGCTAA.1,2
AGGGCCTGGACAGG.1,0
AGGGCCTGTCGTTT.1,5
AGGGCGCTATTTCC.1,2
AGGGCGCTCATTTC.1,2
AGGGCGCTTAGTCG.1,0
AGGGCGCTTATGGC.1,2
AGGGCGCTTGAAGA.1,4
AGGGCGCTTGCTTT.1,2
AGGGCGCTTTCTAC.1,0
AGGGTGGAATCTTC.1,0
AGGGTGGACACTTT.1,4
AGGGTGGAGGAAGC.1,8
AGGGTGGATGAGGG.1,0
AGGGTGGATTGGTG.1,8
AGGGTTTGACGGTT.1,2
AGGGTTTGACGTTG.1,2
AGGGTTTGATGACC.1,8
AGGGTTTGGTAAGA.1,8
AGGGTTTGGTTGCA.1,0
AGGTACACAGGCGA.1,12
AGGTACACAGTCAC.1,4
AGGTACACCCAAGT.1,0
AGGTACACCGTGTA.11,4
AGGTACACGAGACG.1,2
AGGTACTGATGCTG.1,8
AGGTACTGCCCACT.1,5
AGGTACTGGAAAGT.1,4
AGGTACTGTTCCAT.1,2
AGGTCATGCTTATC.1,2
AGGTCATGGGAACG.1,4
AGGTCATGTTTCAC.1,4
AGGTCTGACTTCTA.1,2
AGGTCTGATAGCGT.1,5
AGGTCTGATCTCCG.1,2
AGGTCTGATGCCTC.1,5
AGGTGGGAATGCCA.1,12
AGGTGTTGGTACGT.1,0
AGGTGTTGGTGTCA.1,0
AGGTGTTGGTTGTG.1,2
AGGTGTTGGTTTGG.1,12
AGGTGTTGTCTTCA.1,2
AGGTTCGAGTCTTT.1,2
AGGTTCGATTCACT.1,0
AGGTTGTGACTGGT.1,0
AGGTTGTGCAGTTG.1,0
AGGTTGTGCCTTGC.1,8
AGGTTGTGGCGTAT.1,7
AGGTTGTGGTAGGG.1,0
AGGTTGTGTGGCAT.1,11
AGGTTGTGTTCGTT.1,8
AGTAAGGAACACCA.1,4
AGTAAGGATCGATG.1,0
AGTAAGGATGAACC.1,2
AGTAATACATCGGT.1,11
AGTAATACCTCTTA.1,2
AGTAATACCTGGTA.1,0
AGTAATACGCATCA.1,8
AGTAATACGGTCTA.1,4
AGTAATACGTCTGA.1,5
AGTAATACTAGAGA.1,4
AGTAATACTAGCGT.1,8
AGTAATTGAGCGGA.1,12
AGTAATTGCTAAGC.1,4
AGTAATTGCTGACA.1,0
AGTAATTGCTGATG.1,0
AGTAATTGGCGAAG.1,5
AGTAATTGGTTCTT.1,0
AGTAATTGTTGGCA.1,4
AGTACGTGCATCAG.1,2
AGTACGTGCCGTAA.1,2
AGTACGTGCTTGTT.1,7
AGTACGTGGATAGA.1,0
AGTACGTGGCTGAT.1,2
AGTACGTGTGTCAG.1,2
AGTACTCTACACAC.1,5
AGTACTCTCCTATT.1,5
AGTACTCTGAGACG.1,0
AGTACTCTGGGCAA.1,12
AGTACTCTTCGCAA.1,0
AGTACTCTTCTTAC.1,11
AGTAGAGAAAAGCA.1,2
AGTAGAGAAACGTC.1,2
AGTAGAGACTGAGT.1,0
AGTAGAGAGAGGGT.1,8
AGTAGAGAGTTTCT.1,4
AGTAGGCTAGTACC.1,14
AGTAGGCTCAGATC.1,8
AGTAGGCTCTTGAG.1,2
AGTAGGCTTACTTC.1,6
AGTATAACGGCAAG.1,0
AGTATAACGTCACA.1,0
AGTATAACTTCTGT.1,12
AGTATCCTACCGAT.1,2
AGTATCCTCTACGA.1,2
AGTATCCTCTTACT.1,2
AGTATCCTGCAGTT.1,7
AGTATCCTGCTATG.1,0
AGTATCCTGGGACA.1,4
AGTATCCTGGTGGA.1,0
AGTATCCTGGTTTG.1,2
AGTATCCTGTACAC.1,0
AGTATCCTTCGTTT.1,0
AGTATCCTTGGCAT.1,2
AGTCACGACTGGAT.1,2
AGTCACGAGCAGTT.1,0
AGTCAGACCGTGTA.1,2
AGTCAGACGGTAGG.1,4
AGTCAGACTTACCT.11,2
AGTCCAGACCGATA.1,2
AGTCCAGACCTTTA.1,0
AGTCGAACAGAGTA.1,5
AGTCGAACCCATGA.1,2
AGTCGAACGGGTGA.1,2
AGTCGCCTCATGCA.1,8
AGTCGCCTCGGGAA.1,0
AGTCGCCTGGAACG.1,2
AGTCGCCTGTAAGA.1,4
AGTCGCCTTGTGCA.1,2
AGTCTACTACACGT.1,0
AGTCTACTAGCAAA.1,5
AGTCTACTCTATGG.1,5
AGTCTACTTGTGCA.1,4
AGTCTTACACACCA.1,4
AGTCTTACCAACCA.1,2
AGTCTTACGATACC.1,5
AGTCTTACGTGCTA.1,0
AGTCTTACTGAGGG.1,7
AGTGAAGACACTCC.1,2
AGTGAAGACAGAGG.1,0
AGTGAAGACGAATC.1,8
AGTGAAGAGGTTCA.1,4
AGTGAAGAGTTACG.1,0
AGTGACACAAAGTG.1,12
AGTGACACGAACCT.1,2
AGTGACACGTACGT.1,0
AGTGACACTCGCCT.1,8
AGTGACACTGTCTT.1,6
AGTGACTGAGTCGT.1,0
AGTGACTGATGTGC.1,5
AGTGACTGCACACA.1,2
AGTGACTGCACTCC.1,0
AGTGACTGTTCGTT.1,0
AGTGCAACAGATGA.1,0
AGTGCAACCACTTT.1,5
AGTGCAACCGGTAT.1,2
AGTGTGACACACAC.1,2
AGTGTGACCAGAGG.1,0
AGTGTGACCATGCA.1,0
AGTGTGACCGTTAG.1,2
AGTGTGACCTGTAG.1,6
AGTGTGACGCGAAG.1,0
AGTGTGACGCTACA.1,0
AGTGTGACGGAACG.1,0
AGTGTGACGGGCAA.1,8
AGTGTTCTAAGGTA.1,0
AGTGTTCTAGTGTC.1,0
AGTTAAACCCGTTC.1,5
AGTTAAACCGCAAT.1,12
AGTTAAACCGTACA.1,4
AGTTAAACCTGAGT.1,0
AGTTAAACCTGTCC.1,0
AGTTAAACGGTGGA.1,6
AGTTAAACTGCCTC.1,7
AGTTATGACACTAG.1,5
AGTTATGACTACGA.1,0
AGTTATGAGCGTAT.1,0
AGTTATGATAGCGT.1,4
AGTTATGATGAAGA.1,2
AGTTATGATGAGCT.1,4
AGTTATGATTTACC.1,0
AGTTATGATTTCTG.1,4
AGTTCTACAGAAGT.1,0
AGTTCTACAGGTTC.1,7
AGTTCTACCAGGAG.1,0
AGTTCTACCTACCC.1,0
AGTTCTACGGGTGA.1,0
AGTTCTACGTACCA.1,2
AGTTCTACTAAGGA.1,4
AGTTCTACTGTCAG.1,2
AGTTCTTGCTGAGT.1,7
AGTTCTTGTCCGAA.1,5
AGTTGTCTACACCA.1,2
AGTTGTCTACACGT.1,2
AGTTGTCTATTCCT.1,12
AGTTGTCTCCTTTA.1,0
AGTTGTCTGGGATG.1,8
AGTTGTCTTACTGG.1,2
AGTTGTCTTCAAGC.1,0
AGTTTAGACCACCT.1,0
AGTTTCACCTGACA.1,8
AGTTTCACGACACT.1,0
AGTTTCACTGCTAG.1,2
AGTTTGCTATGGTC.1,2
AGTTTGCTCTATTC.1,4
AGTTTGCTGCAGTT.1,12
AGTTTGCTGCTACA.1,0
AGTTTGCTGGGATG.1,3
AGTTTGCTGGTTCA.1,2
AGTTTGCTTCAAGC.1,2
AGTTTGCTTGAAGA.1,0
AGTTTGCTTGTGGT.11,5
AGTTTGCTTTCTGT.1,2
AGTTTGCTTTGTCT.1,0
ATAAACACCGAGTT.1,2
ATAAACACCTACGA.11,8
ATAAACACCTGTAG.1,0
ATAAACACGGAGCA.1,5
ATAAACACTTCGGA.1,0
ATAACAACAGTCGT.1,2
ATAACAACCGAATC.1,0
ATAACAACGGATCT.1,5
ATAACAACTGTAGC.1,5
ATAACATGACTCAG.1,0
ATAACATGCTGATG.1,0
ATAACATGGAATAG.1,2
ATAACATGTTCTGT.1,0
ATAACCCTACGCAT.1,14
ATAACCCTCCCGTT.1,5
ATAACCCTGAACCT.1,0
ATAACCCTTCACGA.1,0
ATAAGTACAAGTGA.1,2
ATAAGTACAGAACA.1,0
ATAAGTACCTCTCG.1,0
ATAAGTACTAGAGA.1,8
ATAAGTACTCAGTG.1,5
ATAAGTACTGGGAG.1,2
ATAAGTTGCATTGG.1,14
ATAAGTTGCTCATT.1,0
ATAAGTTGGTGCTA.1,4
ATAATCGAAAGTAG.1,5
ATAATCGAGTCGAT.1,0
ATAATCGAGTTTGG.1,0
ATAATCGATCGATG.1,0
ATAATGACCTTGAG.1,4
ATAATGACGTGCAT.1,0
ATAATGACTATGCG.1,5
ATACAATGCACTTT.1,0
ATACAATGCTCCAC.1,0
ATACAATGCTGAGT.1,2
ATACAATGTCATTC.1,2
ATACAATGTTGCAG.1,3
ATACAATGTTGCTT.1,2
ATACACCTGTAAGA.1,11
ATACACCTTAAAGG.1,5
ATACACCTTTGCGA.1,4
ATACCACTACCATG.1,5
ATACCACTACTAGC.1,2
ATACCACTCCAACA.1,2
ATACCACTGGTACT.1,6
ATACCACTTCCAGA.1,12
ATACCGGACTTATC.1,0
ATACCGGAGAAGGC.1,0
ATACCGGAGAATGA.1,0
ATACCGGAGCCAAT.1,7
ATACCGGATCGCAA.1,0
ATACCGGATCTTCA.1,0
ATACCGGATTACTC.1,0
ATACCGGATTCGTT.1,5
ATACCTACAAGGGC.1,5
ATACCTACAGAGGC.1,2
ATACCTACGTAAGA.1,2
ATACCTACTGGAAA.1,2
ATACCTTGACACAC.1,0
ATACCTTGACCGAT.1,0
ATACCTTGTCTTTG.1,5
ATACCTTGTGGCAT.1,4
ATACGGACAGATCC.1,4
ATACGGACCGTAGT.11,2
ATACGGACGAATCC.1,2
ATACGGACGAATGA.1,2
ATACGGACGTTGCA.1,0
ATACGTCTACTCAG.1,2
ATACGTCTCAGAAA.1,7
ATACGTCTTCGTAG.1,4
ATAGAACTACCTGA.1,0
ATAGAACTACTACG.1,0
ATAGAACTCGCCTT.1,2
ATAGAACTGCAAGG.1,4
ATAGAACTTGACTG.1,2
ATAGAACTTTGACG.1,2
ATAGATACAGAACA.1,7
ATAGATACATGCCA.1,0
ATAGATACCTGTCC.1,2
ATAGATACCTTCTA.1,2
ATAGATACGTTACG.1,2
ATAGATACGTTGTG.1,4
ATAGATACTGACTG.11,2
ATAGATTGAAACAG.11,5
ATAGATTGCCCTTG.1,2
ATAGATTGGGGAGT.1,11
ATAGATTGTACTGG.1,0
ATAGATTGTTCACT.1,5
ATAGCCGACAGTTG.1,8
ATAGCCGACCCACT.1,0
ATAGCCGACTTGCC.1,2
ATAGCGTGAGAGAT.1,2
ATAGCGTGAGGTTC.1,2
ATAGCGTGCTCGAA.1,2
ATAGCTCTACTCAG.1,2
ATAGGAGAACACGT.1,2
ATAGGAGAACCTGA.1,4
ATAGGAGACACACA.1,8
ATAGGAGAGCTATG.1,8
ATAGGAGATGTCCC.1,2
ATAGGAGATTGCTT.1,0
ATAGGCTGAGCTAC.1,2
ATAGGCTGGGAAGC.1,8
ATAGGCTGGTAAAG.1,2
ATAGTCCTAAACGA.1,2
ATAGTCCTCAAAGA.1,8
ATAGTCCTCTGCAA.1,0
ATAGTCCTGCCATA.1,8
ATAGTCCTTCGACA.1,12
ATAGTTGAAACGTC.1,7
ATAGTTGACAGCTA.1,0
ATAGTTGACCTCCA.1,0
ATAGTTGATCGTAG.1,7
ATATACGACCTACC.1,2
ATATACGAGTAGGG.1,7
ATATACGATGTTTC.1,0
ATATACGATTACTC.1,8
ATATAGTGAGGCGA.1,0
ATATAGTGCAATCG.1,0
ATATAGTGGATGAA.1,0
ATATAGTGTGCTAG.1,5
ATATGAACAGGGTG.1,0
ATATGAACCTACCC.1,12
ATATGAACGAAACA.1,0
ATATGAACGGTGGA.1,2
ATATGAACTGGATC.1,8
ATATGCCTAAACGA.1,0
ATATGCCTAACGAA.1,8
ATATGCCTAGGTCT.1,12
ATATGCCTGCATAC.1,0
ATATGCCTTCACCC.1,0
ATATGCCTTTTACC.1,2
ATCAAATGCAACTG.1,2
ATCAAATGGAATGA.1,0
ATCAAATGTTCTCA.1,0
ATCAACCTCGTTGA.1,0
ATCAACCTTTCACT.1,2
ATCACACTATTCGG.1,5
ATCACACTCCATAG.1,2
ATCACACTCGTAAC.1,5
ATCACACTCTGGAT.1,2
ATCACACTGATAGA.1,0
ATCACACTGGCGAA.1,2
ATCACACTGTCGAT.1,5
ATCACGGAACCCTC.11,7
ATCACGGAAGTAGA.1,7
ATCACGGAATGCCA.1,4
ATCACGGACCTTGC.1,0
ATCACGGACTAAGC.1,8
ATCACGGAGACGTT.1,2
ATCACGGATCACCC.1,0
ATCACGGATGTCAG.1,0
ATCACTACAGCCTA.1,5
ATCACTACGAGACG.1,5
ATCACTACGTGAGG.1,2
ATCACTACTGCAAC.1,0
ATCACTACTGGAGG.1,2
ATCACTACTTCGGA.1,12
ATCACTTGACGTGT.1,0
ATCACTTGGAATAG.1,2
ATCACTTGTCCAGA.1,0
ATCAGGTGGCTACA.1,2
ATCAGGTGTCATTC.1,0
ATCAGGTGTGAGGG.1,2
ATCATCTGACGACT.1,5
ATCATCTGCCACCT.1,4
ATCATCTGCTCCAC.1,6
ATCATCTGGCTAAC.1,0
ATCATCTGGCTATG.1,5
ATCATCTGTAACCG.1,2
ATCATCTGTACTTC.1,3
ATCATGCTATTGGC.1,4
ATCATGCTCAATCG.1,0
ATCATGCTCAGATC.1,2
ATCATGCTCTGACA.1,8
ATCATGCTGAGGGT.1,8
ATCATGCTGCTCCT.1,0
ATCATGCTGGAGCA.1,5
ATCATGCTTCAGTG.1,8
ATCATGCTTGAGAA.1,2
ATCCAGGAACAGTC.1,2
ATCCAGGAAGAACA.1,2
ATCCAGGAATAAGG.1,0
ATCCAGGACTGACA.1,5
ATCCAGGAGCATCA.1,12
ATCCAGGATAGTCG.11,0
ATCCAGGATCTCGC.1,2
ATCCATACATGCCA.1,14
ATCCATACGAGACG.1,2
ATCCATACGCAGTT.1,2
ATCCATACTTCTGT.1,7
ATCCCGTGAAGCCT.1,4
ATCCCGTGAGTCTG.1,2
ATCCCGTGGATGAA.1,2
ATCCCGTGGGTGAG.1,2
ATCCCGTGTGCACA.1,4
ATCCGCACCCAACA.1,5
ATCCGCACCGTAGT.1,0
ATCCGCACGGACAG.1,4
ATCCGCACGGAGGT.1,2
ATCCGCACGTTAGC.1,0
ATCCGCACTCCTTA.1,7
ATCCGCACTTGAGC.1,3
ATCCTAACACTGTG.1,0
ATCCTAACCCTTCG.1,8
ATCCTAACCTGGAT.1,2
ATCCTAACGCGTAT.1,4
ATCCTAACTATGGC.1,0
ATCGACGAACTAGC.1,0
ATCGACGAAGTAGA.1,5
ATCGACGACTGTTT.1,4
ATCGAGTGCTGTAG.1,2
ATCGAGTGGTACCA.1,2
ATCGCAGAAAGGTA.1,7
ATCGCAGAACTGTG.1,0
ATCGCAGAAGGTCT.1,2
ATCGCAGATAAAGG.1,0
ATCGCCACAGAGAT.1,0
ATCGCCACTGTAGC.1,2
ATCGCCACTGTCCC.11,8
ATCGCCTGACCTTT.1,0
ATCGCCTGCAGTTG.1,0
ATCGCCTGCTTGAG.1,8
ATCGCCTGGCCAAT.1,8
ATCGCCTGGGACGA.1,2
ATCGCCTGTGTTCT.1,5
ATCGCCTGTTTCTG.1,4
ATCGCGCTAGAAGT.1,2
ATCGCGCTAGATCC.1,10
ATCGCGCTCAATCG.1,0
ATCGCGCTCACTTT.1,0
ATCGCGCTGCCAAT.1,7
ATCGCGCTTCTTTG.1,2
ATCGGAACACCTCC.1,5
ATCGGTGAAACAGA.1,4
ATCGGTGAAACGGG.1,0
ATCGGTGAACCAGT.1,4
ATCGGTGACGAGAG.1,0
ATCGGTGACTCAAG.1,4
ATCGGTGACTGCTC.1,2
ATCGGTGAGAGGCA.1,0
ATCGGTGAGCGTAT.1,2
ATCGGTGAGTTGCA.1,0
ATCGGTGATCCCAC.1,0
ATCGTTTGACGTGT.1,11
ATCGTTTGCTGTTT.1,8
ATCGTTTGTTGAGC.1,2
ATCTACACAACTGC.1,4
ATCTACACACGCAT.1,2
ATCTACACCTGACA.1,0
ATCTACACCTGGAT.1,5
ATCTACTGGGTCAT.1,0
ATCTACTGTTTGCT.1,0
ATCTCAACAACCAC.1,4
ATCTCAACCGTGAT.1,12
ATCTCAACGTCAAC.11,2
ATCTCAACTCCTGC.1,2
ATCTCAACTTCGTT.1,4
ATCTGACTAGATGA.1,2
ATCTGACTAGCTCA.1,4
ATCTGACTCACTGA.1,0
ATCTGACTCAGCTA.1,12
ATCTGACTCATTTC.1,0
ATCTGACTGATAAG.1,4
ATCTGGGAAGCACT.1,8
ATCTGGGAATTTCC.1,2
ATCTGGGACACACA.1,2
ATCTGGGACTTCCG.1,4
ATCTGGGAGTCGAT.1,0
ATCTGGGATAAGGA.1,8
ATCTGGGATGCCCT.1,0
ATCTGTTGAGCGGA.1,12
ATCTGTTGAGCTAC.1,5
ATCTGTTGGGACTT.1,12
ATCTGTTGTGGTGT.1,5
ATCTTGACAGAGAT.1,4
ATCTTGACCACAAC.1,5
ATCTTGACCTCGCT.1,2
ATCTTGACGCTGAT.1,4
ATCTTGACTCTACT.1,8
ATCTTTCTAAAAGC.1,0
ATCTTTCTGTTGCA.1,0
ATCTTTCTGTTTCT.1,2
ATCTTTCTTCATTC.1,0
ATCTTTCTTCCCGT.1,5
ATCTTTCTTGCCTC.1,7
ATCTTTCTTTCGTT.1,0
ATGAAACTAGAGTA.1,0
ATGAAACTGCTGTA.11,12
ATGAAACTGGTAAA.1,2
ATGAAGGATGCTGA.1,0
ATGAAGGATGGTAC.1,4
ATGACGTGCCCTCA.1,4
ATGACGTGCGACAT.1,0
ATGACGTGTGAGAA.1,8
ATGAGAGAAAGGCG.1,0
ATGAGAGACTTCGC.1,2
ATGAGAGAGTTGGT.1,8
ATGAGCACACGACT.1,0
ATGAGCACAGCCAT.1,11
ATGAGCACATGACC.1,7
ATGAGCACCCTGTC.1,2
ATGAGCACCCTTCG.1,0
ATGATAACAAACAG.1,0
ATGATAACCGTGAT.1,2
ATGATAACCTAAGC.1,2
ATGATAACGAGGAC.1,8
ATGATAACTGCCTC.1,0
ATGATATGAAAAGC.1,2
ATGATATGACCCAA.1,2
ATGATATGCCGCTT.1,4
ATGATATGGACACT.1,0
ATGATATGGCATAC.1,8
ATGATATGGTCAAC.1,5
ATGATATGGTCGTA.1,4
ATGCACGAAAAGCA.1,2
ATGCACGACTGGTA.1,2
ATGCACGAGAATAG.1,4
ATGCACGATGGAAA.1,0
ATGCAGACACTCTT.1,0
ATGCAGACATGCTG.1,2
ATGCAGACCTCTAT.1,0
ATGCAGACGCGAAG.1,0
ATGCAGACTGCACA.1,7
ATGCAGTGCATGAC.1,5
ATGCAGTGCGATAC.1,4
ATGCAGTGGAGGGT.1,0
ATGCAGTGGGTAGG.1,2
ATGCAGTGGTCACA.1,0
ATGCAGTGTCACGA.1,5
ATGCAGTGTTTGGG.1,2
ATGCCAGACTTATC.1,2
ATGCCAGATCCTGC.1,4
ATGCCGCTACGTTG.1,0
ATGCCGCTATCTTC.1,4
ATGCCGCTCCTGTC.1,2
ATGCGATGGCGAGA.1,0
ATGCGATGTACAGC.1,2
ATGCGATGTCACCC.1,2
ATGCGATGTCGCAA.1,0
ATGCGCCTAGCACT.1,0
ATGCGCCTCACTTT.1,2
ATGCGCCTGTACGT.1,0
ATGCTTTGAAAGTG.1,0
ATGCTTTGCAGTTG.1,8
ATGCTTTGTAAGGA.1,2
ATGGACACACGCTA.1,0
ATGGGTACAAGGCG.1,4
ATGGGTACCTGGAT.1,8
ATGGGTACCTTCGC.1,2
ATGGGTACTCCGTC.1,2
ATGGTGACCCCAAA.1,2
ATGGTGACCCGCTT.1,4
ATGGTGACCTGCTC.1,0
ATGGTGACTAGACC.1,4
ATGGTGACTAGTCG.1,12
ATGGTGACTGCACA.1,2
ATGTAAACCAGAAA.1,0
ATGTAAACCTGCAA.1,5
ATGTAAACGTGCAT.1,2
ATGTAAACTTCGCC.1,8
ATGTACCTACAGTC.1,2
ATGTACCTCGCATA.1,0
ATGTACCTCTCGCT.1,0
ATGTACCTTCTATC.1,0
ATGTCACTCAACCA.1,0
ATGTCACTGGTAGG.1,0
ATGTCACTTGGTCA.1,4
ATGTCACTTTGGCA.1,11
ATGTCACTTTTCAC.1,0
ATGTCGGAAGCCAT.1,0
ATGTCGGACTATGG.1,0
ATGTCGGACTTACT.1,12
ATGTCGGAGGGACA.1,0
ATGTTAGAAGAGTA.1,8
ATGTTAGACCTACC.1,0
ATGTTAGACTTGTT.1,12
ATGTTAGAGGAGCA.1,0
ATGTTAGAGGTTTG.1,0
ATGTTAGATATGGC.1,4
ATGTTCACAGCGTT.1,8
ATGTTCACGAGCAG.1,0
ATGTTCACGAGCTT.1,8
ATGTTCACTTACCT.1,7
ATGTTGCTGGTTCA.1,0
ATTAACGATTTCGT.1,1
ATTAAGACATACCG.1,7
ATTAAGACCCCTCA.1,5
ATTAAGACGAGAGC.1,0
ATTAAGACTCAGTG.1,0
ATTAAGACTGTCAG.1,0
ATTAAGACTGTGGT.1,2
ATTACCACCCTCAC.1,2
ATTACCACGGAGGT.1,12
ATTACCACGGTGAG.1,5
ATTACCTGACCTAG.1,2
ATTACCTGTTAGGC.1,2
ATTAGATGACAGCT.1,0
ATTAGATGACGGGA.1,0
ATTAGATGAGCAAA.11,2
ATTAGATGCTTCTA.1,2
ATTAGATGGCTCCT.1,4
ATTAGATGTGGTAC.1,4
ATTAGTGACAGATC.1,0
ATTAGTGACCTTTA.1,8
ATTAGTGACGTAAC.1,0
ATTAGTGAGTTGTG.1,4
ATTAGTGATGCTGA.1,2
ATTATGGAACCCTC.1,0
ATTATGGAACGGTT.1,2
ATTATGGATCCCAC.1,8
ATTATGGATGCTCC.1,0
ATTCAAGAACACAC.1,2
ATTCAAGAAGTCAC.1,5
ATTCAAGAAGTGCT.11,2
ATTCAAGAAGTTCG.1,0
ATTCAAGACCTACC.1,0
ATTCAAGACTAGTG.1,2
ATTCAAGACTTATC.1,5
ATTCAGCTAAACGA.1,0
ATTCAGCTACGTGT.1,2
ATTCAGCTGGTGGA.1,2
ATTCAGCTGTCCTC.1,0
ATTCCAACAAGGTA.1,2
ATTCCAACATCGTG.1,0
ATTCCAACCTGCAA.1,4
ATTCCAACGGTCTA.1,2
ATTCCAACGTAAAG.1,0
ATTCCAACGTTGAC.1,0
ATTCCATGAGTGTC.1,0
ATTCCATGATGACC.1,2
ATTCCATGCTCGCT.1,11
ATTCCATGTAAGCC.1,0
ATTCCATGTGAGCT.1,10
ATTCGACTACCTAG.1,12
ATTCGACTGCGATT.1,2
ATTCGACTGGTCTA.1,5
ATTCGACTTCCGTC.1,0
ATTCGACTTGGTTG.1,2
ATTCGGGAACTCTT.1,2
ATTCGGGACATGAC.1,2
ATTCGGGACCCTCA.1,5
ATTCGGGACTTACT.1,0
ATTCGGGAGAGATA.1,0
ATTCGGGAGATAAG.1,0
ATTCGGGAGCGATT.1,0
ATTCGGGAGGGACA.1,5
ATTCGGGAGGGTGA.1,2
ATTCGGGATGTCCC.1,5
ATTCTGACACTCAG.1,0
ATTCTGACCATCAG.1,0
ATTCTGACGCCATA.1,0
ATTCTGACTACTTC.1,0
ATTCTGACTGCTGA.1,4
ATTCTTCTAAGATG.1,2
ATTCTTCTCGAGAG.1,12
ATTCTTCTTGAACC.1,11
ATTCTTCTTGGTGT.1,0
ATTCTTCTTTGTGG.1,0
ATTGAAACACGTGT.1,0
ATTGAAACAGTACC.11,8
ATTGAAACGCGAAG.1,2
ATTGAAACTTAGGC.1,0
ATTGAATGACCATG.1,0
ATTGAATGCCAGTA.1,2
ATTGAATGTAAAGG.1,2
ATTGAATGTCCTGC.1,5
ATTGAATGTTCCCG.1,0
ATTGATGAATGCTG.1,7
ATTGATGAGGTACT.1,5
ATTGATGAGGTGAG.1,2
ATTGATGAGTCCTC.1,2
ATTGATGATCCTTA.1,0
ATTGATGATGCAAC.1,0
ATTGATGATTCTTG.1,2
ATTGCACTGAACCT.1,2
ATTGCACTTGTCGA.11,0
ATTGCGGAAAACGA.1,7
ATTGCGGACCGCTT.1,4
ATTGCGGACGAGTT.1,8
ATTGCGGAGCTGAT.1,4
ATTGCGGAGTACGT.1,0
ATTGCGGAGTTGCA.1,2
ATTGCGGATACTCT.1,11
ATTGCGGATTACCT.1,4
ATTGCTACCTAGTG.1,0
ATTGCTACCTTGGA.1,2
ATTGCTACGAAGGC.1,2
ATTGCTACTACGAC.1,2
ATTGCTACTCGCTC.1,2
ATTGCTTGACACCA.1,0
ATTGCTTGCTGCTC.1,2
ATTGCTTGGAGGCA.1,0
ATTGCTTGGCTGTA.1,8
ATTGCTTGGGAGTG.1,2
ATTGCTTGTCGCCT.1,7
ATTGCTTGTTCGTT.1,2
ATTGGGTGACCTGA.1,5
ATTGGGTGCCACCT.1,0
ATTGGGTGGTACCA.1,0
ATTGGGTGTCCAAG.1,0
ATTGGGTGTCCTCG.11,4
ATTGGGTGTGAACC.1,2
ATTGGTCTAGGTCT.1,4
ATTGGTCTCTTGGA.1,5
ATTGGTCTGGGATG.1,0
ATTGGTCTGTAAGA.1,8
ATTGTAGAAGCTAC.1,0
ATTGTAGACACTGA.1,0
ATTGTAGACAGCTA.1,2
ATTGTAGAGGTTAC.1,0
ATTGTAGAGGTTCA.1,0
ATTGTAGAGTAAAG.1,0
ATTGTAGAGTACCA.1,2
ATTGTCTGCAGATC.1,0
ATTGTCTGGGTTCA.1,4
ATTGTCTGGTGTTG.1,2
ATTGTCTGTGCTAG.1,5
ATTTAGGACCAGTA.1,2
ATTTAGGACTCATT.1,0
ATTTAGGATCAGAC.1,0
ATTTAGGATGTCAG.1,7
ATTTAGGATTGAGC.1,2
ATTTCCGAAAGTGA.1,0
ATTTCCGACATCAG.1,4
ATTTCCGAGACAGG.1,0
ATTTCCGAGGGAGT.1,11
ATTTCCGAGTAAAG.1,5
ATTTCCGATTGAGC.1,2
ATTTCGTGAGTGTC.1,7
ATTTCGTGGACGTT.1,4
ATTTCGTGGGTTAC.1,2
ATTTCGTGGTCACA.1,2
ATTTCGTGTCATTC.11,0
ATTTCTCTCACAAC.1,8
ATTTCTCTCTTGAG.1,0
ATTTCTCTGGTTTG.1,5
ATTTCTCTGTCTTT.1,2
ATTTGCACAAGGTA.1,0
ATTTGCACGAGAGC.1,12
ATTTGCACTCCTGC.1,8
CAAACTCTAATGCC.1,2
CAAACTCTACCCTC.1,2
CAAACTCTCCATAG.1,2
CAAACTCTTCGATG.1,2
CAAACTCTTCGTAG.11,0
CAAACTCTTGTGGT.1,7
CAAACTCTTTACCT.11,2
CAAAGCACAAACAG.1,0
CAAAGCACACCTCC.1,0
CAAAGCACCACCAA.1,0
CAAAGCACCCCGTT.1,5
CAAAGCACCGGTAT.1,0
CAAAGCACGGTAGG.11,2
CAAAGCTGCCCAAA.1,0
CAAAGCTGGGGAGT.1,2
CAAAGCTGTAGCGT.1,7
CAAAGCTGTTGGTG.1,0
CAAATATGACGCAT.1,0
CAAATATGCCTTAT.1,6
CAAATATGCGAGTT.1,0
CAAATTGAACGGGA.1,2
CAAATTGACCTATT.1,2
CAAATTGACTGACA.1,4
CAACAGACATCTTC.1,2
CAACCAGACTTCGC.1,2
CAACCAGAGACTAC.1,2
CAACCAGAGAGCAG.1,7
CAACCAGAGCCCTT.1,0
CAACCAGAGTATCG.1,12
CAACCAGATAGAAG.1,0
CAACCGCTCAGGAG.1,2
CAACGAACATTCGG.1,5
CAACGAACCAATCG.1,2
CAACGAACGCTTCC.1,7
CAACGATGGGTAGG.1,2
CAACGATGTGTGGT.1,2
CAACGTGACACTCC.1,0
CAACGTGAGAGGGT.1,2
CAACGTGAGGAACG.1,5
CAACGTGATGAAGA.1,2
CAACGTGATGTGCA.1,2
CAACGTGATTCTCA.1,0
CAACTTTGGGTCAT.1,0
CAACTTTGTTGCAG.1,5
CAAGAAGAAAGAGT.1,2
CAAGAAGAACTAGC.1,2
CAAGAAGACAACTG.1,2
CAAGAAGACTCTCG.1,2
CAAGAAGACTCTTA.1,5
CAAGAAGATGCTCC.1,14
CAAGAAGATTTCGT.1,0
CAAGACACAGAGGC.1,2
CAAGACACGATACC.1,11
CAAGACACTTCACT.1,2
CAAGACACTTCCCG.1,5
CAAGACTGAGGTTC.1,4
CAAGACTGATACCG.1,5
CAAGACTGCACTGA.1,5
CAAGACTGGAGCTT.1,0
CAAGACTGGCTATG.1,0
CAAGACTGGGACAG.1,7
CAAGACTGGTTTGG.1,0
CAAGACTGTCGTAG.1,0
CAAGCATGCCTCGT.1,4
CAAGCATGTCTCAT.1,5
CAAGCCCTAGCGGA.1,0
CAAGCCCTCTTGCC.1,0
CAAGCCCTGTCGTA.1,0
CAAGCCCTTCAAGC.1,2
CAAGCCCTTCGACA.1,2
CAAGCCCTTTCGGA.1,5
CAAGCTGAACCCAA.1,6
CAAGCTGAACGGGA.1,8
CAAGCTGACTGTTT.1,7
CAAGCTGAGCAAGG.1,7
CAAGCTGATCCCGT.1,0
CAAGGACTCTTACT.1,4
CAAGGACTTGCAAC.1,8
CAAGGTTGAAAACG.1,2
CAAGGTTGCTCAGA.1,5
CAAGGTTGCTTTAC.1,2
CAAGGTTGTGGATC.1,2
CAAGTCGACTACGA.1,2
CAAGTCGACTATTC.1,5
CAAGTCGAGAGGCA.1,0
CAAGTCGATACGCA.1,8
CAAGTTCTCACTGA.1,2
CAAGTTCTGTGCTA.1,0
CAAGTTCTTCACGA.1,7
CAAGTTCTTGCTAG.1,5
CAAGTTCTTGGTAC.1,5
CAAGTTCTTTCCAT.1,12
CAATAAACACTGGT.1,0
CAATAAACAGTTCG.1,11
CAATAAACCCATAG.1,2
CAATAAACCCTCAC.1,2
CAATAAACGAATAG.1,4
CAATAAACGACGGA.1,2
CAATAAACGCTAAC.1,0
CAATAAACGGTTTG.1,0
CAATAAACGTACGT.1,5
CAATAATGACCAGT.1,0
CAATAATGCCTCGT.1,0
CAATAATGGACAAA.1,0
CAATAATGTATTCC.1,2
CAATATGAAGACTC.1,11
CAATATGAAGCCTA.1,11
CAATATGAATGTCG.1,0
CAATATGAGATAGA.1,2
CAATATGAGTTCAG.1,7
CAATATGATACAGC.1,0
CAATATGATCACGA.1,2
CAATCGGAATTGGC.1,0
CAATCGGACTCCCA.1,0
CAATCGGACTCGAA.1,2
CAATCGGACTGTAG.1,2
CAATCGGAGTCCTC.1,0
CAATCGGAGTGTTG.1,0
CAATCGGATTGCTT.1,8
CAATCTACCTACGA.1,0
CAATCTACGTACCA.1,2
CAATGGACAGAATG.1,8
CAATGGACCCTCCA.1,2
CAATGGACCGAGAG.1,0
CAATGGACGAATCC.1,0
CAATGGACGGAGCA.1,0
CAATGGACGGCGAA.1,2
CAATTCACAAAGCA.1,2
CAATTCACCAACTG.1,0
CAATTCACTATGGC.1,0
CAATTCACTGAGAA.11,5
CAATTCTGACGGTT.1,8
CAATTCTGTGCACA.1,2
CAATTCTGTGTTTC.1,2
CACAACGAAAGATG.1,14
CACAACGAGGGTGA.1,11
CACAATCTACTGGT.1,2
CACAATCTCCCGTT.1,0
CACACCTGGTACGT.1,2
CACACCTGTCAGGT.1,2
CACACCTGTCGCTC.1,0
CACAGAACACCCTC.1,7
CACAGAACCTGTCC.1,4
CACAGAACTGACAC.1,0
CACAGATGAGCTAC.1,0
CACAGATGCACCAA.1,5
CACAGATGCATACG.1,2
CACAGATGCTGCTC.1,12
CACAGATGGCAGTT.1,0
CACAGATGTCTCCG.1,2
CACAGATGTGACTG.1,0
CACAGCCTACGTTG.1,4
CACAGCCTCCACCT.1,0
CACAGCCTCGGAGA.1,2
CACAGCCTCGTAGT.1,7
CACAGCCTTCCAAG.1,11
CACAGTGAAAGGGC.1,2
CACAGTGATCGCAA.1,0
CACATACTAGAACA.1,7
CACATACTCGGTAT.1,0
CACATACTGGTGGA.1,0
CACATACTGTCTGA.1,2
CACATACTTTCGCC.1,4
CACATGGAATCTTC.1,0
CACATGGACCTACC.1,8
CACATGGACGCATA.1,4
CACATGGATTCTCA.1,0
CACATGGATTGACG.1,0
CACCACTGAACGGG.1,0
CACCACTGCTGTTT.1,6
CACCACTGGATGAA.1,2
CACCACTGGGTTCA.1,5
CACCCATGAGAATG.1,0
CACCGGGACTGTTT.1,2
CACCGTACAAAAGC.1,0
CACCGTACCCTATT.1,2
CACCGTACGCGTTA.1,2
CACCGTACGTCTGA.1,0
CACCGTACTCCGAA.1,0
CACCGTACTTCATC.1,2
CACCGTTGACGTTG.1,0
CACCGTTGAGCACT.1,2
CACCGTTGATGACC.1,8
CACCGTTGCCATAG.1,2
CACCGTTGGTCGTA.1,0
CACCGTTGGTGAGG.11,8
CACCGTTGTAGAAG.1,2
CACCTGACACTGTG.1,5
CACCTGACCAGTTG.1,7
CACCTGACCCATAG.1,5
CACCTGACCCCGTT.1,0
CACCTGACCCTATT.1,0
CACCTGACGCGATT.1,2
CACCTGACTGACTG.11,0
CACCTGACTTGCAG.1,4
CACGAAACCGAGAG.1,2
CACGAAACGAAGGC.1,2
CACGAAACTCGACA.1,2
CACGACCTCCACAA.1,0
CACGACCTCCCAAA.1,4
CACGACCTCCTTGC.1,6
CACGATGAACACGT.1,0
CACGATGAAGCTAC.1,2
CACGATGACGTGAT.1,0
CACGCTACAAACAG.1,0
CACGCTACAACGTC.1,2
CACGCTACACAGTC.1,0
CACGCTACAGTGTC.1,4
CACGCTACGAATGA.1,2
CACGCTACGGTATC.1,12
CACGCTACGGTTCA.1,3
CACGCTACTACAGC.1,0
CACGGGACACGCAT.1,2
CACGGGACAGGTTC.1,8
CACGGGACGGAGCA.1,2
CACGGGACGGTTCA.1,2
CACGGGACTATCGG.1,11
CACGGGTGCTCGAA.1,2
CACGGGTGTCCAAG.1,11
CACTAACTACTGGT.1,5
CACTAACTGTAGCT.1,4
CACTAACTTTCCCG.1,8
CACTAGGAACGGTT.1,0
CACTAGGAGACAGG.1,0
CACTAGGATTGGTG.1,2
CACTATACAGCAAA.1,2
CACTATACCAATCG.1,0
CACTATACCAGAAA.11,0
CACTATACCGGAGA.1,0
CACTATACCTGATG.1,2
CACTATACGTCGTA.1,8
CACTCCGACCTTGC.1,2
CACTCCGACTGCAA.1,6
CACTCCGAGGTGGA.1,0
CACTCCGATCAAGC.1,5
CACTCCGATTCACT.1,2
CACTCTCTAGAATG.1,2
CACTCTCTCTGATG.1,0
CACTGAGATTGCAG.11,4
CACTGAGATTGCGA.1,4
CACTGCACACGACT.1,2
CACTGCACGCCCTT.1,2
CACTGCACGTGCAT.1,0
CACTGCACTGAGAA.1,5
CACTGCACTTCTCA.1,2
CACTGCTGAGTGCT.1,2
CACTGCTGGAGATA.1,2
CACTGCTGGAGGTG.1,4
CACTGCTGGCGGAA.1,4
CACTGCTGTTTACC.1,8
CACTTAACCCGTAA.1,0
CACTTAACGGGATG.1,0
CACTTATGAACGTC.1,5
CACTTATGAGAGTA.1,0
CACTTATGAGTGCT.1,11
CACTTATGCCAACA.1,0
CACTTATGCGAATC.1,12
CACTTATGGGCGAA.1,8
CACTTATGTACGCA.1,0
CACTTTGACCGTAA.1,4
CACTTTGAGAATAG.1,7
CACTTTGAGATAGA.1,2
CACTTTGAGTTAGC.1,0
CACTTTGATAACCG.1,2
CACTTTGATCTCCG.1,5
CAGAAGCTCCCAAA.1,8
CAGAAGCTCCCACT.1,2
CAGAAGCTCTTCCG.1,2
CAGAAGCTGCCTTC.1,0
CAGAAGCTTGCAAC.1,6
CAGACAACAGTTCG.1,0
CAGACAACGAAGGC.1,4
CAGACAACGCTCCT.1,2
CAGACAACTATCGG.1,5
CAGACAACTCCTTA.1,7
CAGACATGAACAGA.1,4
CAGACATGACTAGC.1,2
CAGACATGAGAACA.1,8
CAGACATGCCGAAT.1,5
CAGACATGCGATAC.1,2
CAGACATGGAAGGC.1,5
CAGACATGGCGTAT.1,0
CAGACCCTCCAAGT.1,8
CAGACCCTCTTGCC.1,0
CAGACCCTGAAAGT.1,0
CAGACCCTTCATTC.1,6
CAGACTGACTGTAG.1,2
CAGACTGAGCGAAG.1,5
CAGAGGGAAACGGG.1,0
CAGAGGGAGCTTCC.1,4
CAGATCGACATCAG.1,0
CAGATCGACCCTTG.1,5
CAGATCGACTGTCC.1,0
CAGATGACAGGAGC.1,0
CAGATGACAGGTTC.1,2
CAGATGACCTCATT.1,0
CAGATGACTAGAGA.1,0
CAGCAATGCTCAGA.1,2
CAGCAATGTCATTC.1,0
CAGCACCTAAACGA.1,0
CAGCACCTAACGTC.1,2
CAGCACCTAGTCAC.1,8
CAGCACCTATACCG.1,0
CAGCACCTCCGATA.1,5
CAGCACCTCGGGAA.1,2
CAGCACCTTACGAC.1,0
CAGCACCTTGACTG.1,2
CAGCACCTTGTCCC.1,0
CAGCACCTTTCTCA.1,7
CAGCATGAACACCA.1,0
CAGCATGAAGAAGT.1,2
CAGCATGACTTGTT.1,0
CAGCATGAGGAACG.1,2
CAGCATGAGTCCTC.1,8
CAGCATGAGTTCTT.1,8
CAGCCTACAAACGA.1,0
CAGCCTACATCACG.1,0
CAGCCTACCAACCA.1,5
CAGCCTACGGCAAG.1,11
CAGCCTACTGGTTG.1,0
CAGCCTACTTCATC.1,2
CAGCGGACAGGAGC.1,2
CAGCGGACTCCGTC.1,5
CAGCGTCTACACGT.1,5
CAGCGTCTCGACAT.1,2
CAGCGTCTCGGAGA.1,0
CAGCGTCTCGTAAC.1,0
CAGCGTCTCTTGTT.1,0
CAGCGTCTGGATTC.1,0
CAGCGTCTGGTTCA.1,12
CAGCGTCTTTTGTC.1,4
CAGCTAGAACCACA.1,2
CAGCTAGAACGGTT.1,5
CAGCTAGAAGCCAT.1,0
CAGCTAGATGCTGA.1,2
CAGCTAGATGTGAC.1,0
CAGCTCACGAATGA.1,0
CAGCTCACGTGTCA.1,5
CAGCTCACTCCTGC.1,2
CAGCTCACTCGACA.1,11
CAGCTCACTGGTGT.1,0
CAGCTCTGAGTGCT.1,2
CAGCTCTGCCTTGC.11,0
CAGCTCTGCTCTCG.1,2
CAGCTCTGGGGAGT.1,0
CAGCTCTGGGGATG.1,2
CAGCTCTGTAACCG.1,7
CAGGAACTCAACTG.1,0
CAGGAACTGCCAAT.1,0
CAGGAACTGGTTCA.1,2
CAGGAACTGTGAGG.1,5
CAGGAACTTGCTAG.1,7
CAGGAACTTGGTAC.1,12
CAGGCCGAAGCCAT.1,0
CAGGCCGAATACCG.1,2
CAGGCCGACAACTG.1,0
CAGGCCGACTTATC.1,4
CAGGCCGAGTGAGG.1,0
CAGGCCGATGACAC.1,0
CAGGCCGATGTTCT.1,2
CAGGGCACAATGCC.1,4
CAGGGCACACACCA.1,7
CAGGGCACAGTTCG.1,0
CAGGGCACCGGAGA.1,2
CAGGGCACGACAGG.1,2
CAGGTAACCAGCTA.1,2
CAGGTAACCTCCCA.1,4
CAGGTAACGGTGGA.1,2
CAGGTAACGTTAGC.1,2
CAGGTAACTAAGGA.1,4
CAGGTATGGAATGA.11,7
CAGGTATGGGAGGT.1,0
CAGGTATGTGCTGA.1,4
CAGGTTGAAGGTCT.1,0
CAGGTTGACGACAT.1,8
CAGGTTGAGGTCTA.1,5
CAGGTTGATCTTCA.1,2
CAGTCAGAAAACAG.1,2
CAGTCAGAAACGGG.1,4
CAGTCAGAAAGAAC.1,2
CAGTCAGAACACTG.1,2
CAGTCAGAACTAGC.1,5
CAGTCAGACGACTA.1,12
CAGTCAGAGACACT.1,2
CAGTCAGATGACTG.1,5
CAGTGATGACGCAT.1,4
CAGTGATGCGTTAG.1,11
CAGTGATGTGTCTT.1,2
CAGTGATGTGTGGT.1,0
CAGTGATGTTAGGC.1,2
CAGTGTGAGTGAGG.1,2
CAGTGTGATGTCTT.1,2
CAGTTACTGAGACG.1,5
CAGTTGGAAAAACG.1,4
CAGTTGGAAGCAAA.1,11
CAGTTGGAGTGCTA.1,5
CAGTTGGATTCCGC.1,2
CAGTTTACCGGTAT.1,0
CAGTTTACTGTCTT.1,8
CATAAAACACTGGT.1,0
CATAAAACCGTGAT.1,2
CATAAAACGCCAAT.1,4
CATAAAACTCATTC.1,0
CATAAATGAATGCC.1,2
CATAAATGATGGTC.1,5
CATAAATGGAAGGC.1,0
CATAAATGGAGATA.1,2
CATAAATGTCTCTA.1,2
CATAACCTAAGGTA.1,0
CATAACCTGAAGGC.1,0
CATAACCTGCTGTA.1,5
CATAACCTTGAGAA.1,0
CATACTACCTGAAC.1,8
CATACTACGCTGTA.1,4
CATACTTGAGAGAT.1,4
CATACTTGAGCATC.1,4
CATACTTGATTTCC.1,4
CATACTTGGCTCCT.1,0
CATACTTGGTCGTA.1,0
CATACTTGTATCGG.1,0
CATACTTGTCCTCG.1,0
CATAGTCTCTTCTA.1,0
CATAGTCTTACTTC.1,8
CATATAGACAGGAG.1,0
CATATAGAGGTTTG.1,7
CATCAACTCCGTAA.1,0
CATCAACTGCTTAG.1,0
CATCAACTGTCCTC.1,8
CATCAGGAAAGATG.1,5
CATCAGGACACCAA.1,6
CATCAGGAGACAAA.1,5
CATCAGGAGTATCG.11,5
CATCAGGAGTTGTG.1,11
CATCAGGATGTGCA.1,2
CATCATACACCTTT.1,0
CATCATACAGCGGA.1,2
CATCATACCTTCGC.1,4
CATCCCGACGTACA.1,2
CATCCCGAGGTTCA.1,4
CATCCCGAGTGCTA.1,2
CATCCCGATTATCC.1,0
CATCGCTGAACAGA.1,0
CATCGCTGAAGTAG.1,5
CATCGCTGACGGGA.1,0
CATCGCTGCAGAAA.11,8
CATCGCTGCCTTGC.11,2
CATCGCTGCCTTTA.1,5
CATCGCTGTGGTCA.1,2
CATCGGCTAGGCGA.1,4
CATCGGCTCCTTAT.1,12
CATCGGCTCTCGCT.1,2
CATCGGCTGAAGGC.1,0
CATCTCCTAGGGTG.1,0
CATCTCCTCATTGG.1,2
CATCTCCTCTGCTC.1,2
CATCTCCTGTTCGA.1,5
CATCTCCTTCTATC.1,2
CATCTTGACTCCAC.1,2
CATGAGACACACGT.1,5
CATGAGACCACTTT.1,12
CATGAGACTAGTCG.1,14
CATGCCACAGCTAC.1,0
CATGCCACCAGAAA.1,12
CATGCCACCATGGT.1,0
CATGCCACCGAACT.1,8
CATGCCACGAGGAC.1,0
CATGCCACGCCATA.1,0
CATGCCACGTTCAG.1,2
CATGCGCTAAAACG.1,1
CATGCGCTAAAGTG.1,4
CATGCGCTACCTCC.11,7
CATGCGCTCAGAGG.1,2
CATGCGCTCGTGAT.1,5
CATGCGCTCTTAGG.1,2
CATGCGCTGAGCTT.1,2
CATGCGCTTGGTGT.1,0
CATGGATGAGAGAT.1,7
CATGGATGTAAGCC.1,2
CATGGCCTAAGAGT.1,4
CATGGCCTCAGTCA.1,0
CATGGCCTCTGTAG.1,0
CATGGCCTGTAGGG.1,5
CATGGCCTTTTCTG.1,2
CATGTACTACACAC.1,8
CATGTACTAGGTTC.1,0
CATGTACTCCTATT.1,0
CATGTACTGAGAGC.1,2
CATGTACTGTTACG.1,7
CATGTTACAATCGC.1,5
CATGTTACTAGCGT.1,2
CATGTTACTCCAAG.1,2
CATGTTACTGACAC.1,7
CATGTTACTGATGC.1,2
CATGTTACTGCAGT.1,0
CATGTTTGACGCTA.1,2
CATGTTTGCACTCC.1,2
CATGTTTGCATGCA.1,2
CATGTTTGCTGTAG.1,4
CATGTTTGCTTGGA.1,5
CATGTTTGGCGAGA.1,2
CATGTTTGGGTTCA.1,2
CATGTTTGTTCTGT.1,5
CATTACACCCTCGT.1,0
CATTACACCGATAC.1,2
CATTACACTCGTTT.1,8
CATTAGCTCCAAGT.1,7
CATTAGCTCGACAT.1,4
CATTAGCTGTGTAC.1,0
CATTAGCTTGAGGG.1,2
CATTAGCTTGGTTG.1,0
CATTAGCTTTGACG.1,0
CATTCCCTACACAC.1,11
CATTCCCTACGGTT.1,0
CATTCCCTCTGCTC.1,4
CATTCCCTGCGAAG.1,0
CATTCCCTGTCACA.1,0
CATTCCCTTCGTGA.1,0
CATTGACTCGAACT.1,0
CATTGACTGCAAGG.1,4
CATTGACTGCATCA.1,4
CATTGACTGCGAGA.1,2
CATTGACTGGTGAG.1,0
CATTGACTGTTTCT.1,0
CATTGACTTTCCAT.1,5
CATTGACTTTTGGG.1,0
CATTGGGAAAAAGC.1,2
CATTGGGACAAAGA.1,2
CATTGGGACCCTAC.1,2
CATTGGGAGATGAA.1,8
CATTGGGAGTTGAC.1,5
CATTGGGATACGAC.1,0
CATTGTACAGGAGC.1,12
CATTGTACGCAGAG.1,2
CATTGTACGGTTTG.1,2
CATTGTACTCTCTA.1,8
CATTGTACTGAAGA.1,0
CATTGTACTTGGCA.1,8
CATTGTACTTGGTG.1,5
CATTGTTGGGAGCA.1,2
CATTGTTGGGTCAT.1,0
CATTGTTGGTCATG.1,2
CATTTCGATAACGC.1,0
CATTTGACTGCCCT.1,2
CATTTGACTTTACC.1,4
CATTTGTGAACAGA.11,2
CATTTGTGATCACG.1,8
CATTTGTGCATGGT.1,0
CATTTGTGCCAACA.1,0
CATTTGTGTTCGCC.1,2
CCAAAGTGACCGAT.1,2
CCAAAGTGATCTTC.1,4
CCAAAGTGCGCTAA.1,5
CCAAAGTGGCTTAG.1,2
CCAAAGTGGGACTT.1,2
CCAAAGTGTAGAGA.1,2
CCAAAGTGTCACCC.1,8
CCAAAGTGTGTCCC.1,0
CCAACCTGAGAAGT.1,0
CCAACCTGTAACGC.1,2
CCAACCTGTGGGAG.1,0
CCAACCTGTTCTCA.1,2
CCAAGAACAACGAA.1,11
CCAAGAACACGGAG.1,2
CCAAGAACAGCAAA.1,8
CCAAGAACTCCTAT.1,5
CCAAGAACTCTAGG.1,0
CCAAGAACTGCTCC.1,7
CCAAGATGACCAGT.1,8
CCAAGATGCCTTGC.1,7
CCAAGATGCGTAGT.1,4
CCAAGATGGAGGAC.1,2
CCAAGATGTGAGGG.1,2
CCAAGTGACAGAGG.1,2
CCAAGTGACCCAAA.1,5
CCAAGTGACTCTTA.1,2
CCAAGTGACTGTTT.1,2
CCAAGTGACTTATC.1,2
CCAATGGAAGTGTC.1,0
CCAATGGAATGGTC.1,0
CCAATGGACCGATA.1,0
CCAATGGACCTGTC.1,8
CCAATGGAGACTAC.1,2
CCAATGGAGATAGA.1,0
CCAATGGAGTATCG.1,7
CCAATGGATAGACC.1,0
CCAATTTGAGGCGA.1,2
CCAATTTGCACTTT.1,0
CCACCATGATTCGG.1,2
CCACCATGCAGTCA.11,3
CCACCATGCATTTC.1,4
CCACCATGTGCTAG.1,4
CCACCTGAAAGAAC.1,2
CCACCTGAGCGAGA.1,0
CCACCTGAGCGGAA.1,2
CCACCTGATGTTCT.1,2
CCACGGGAAACGAA.1,12
CCACGGGAAGGCGA.1,2
CCACGGGAATCTTC.1,0
CCACGGGACCATAG.1,2
CCACGGGACTCGCT.1,4
CCACGGGAGCATCA.1,5
CCACGGGATAGTCG.1,6
CCACGGGATGCAAC.1,2
CCACTGACAGCCAT.1,0
CCACTGACCGCATA.1,2
CCACTGACCGTACA.1,5
CCACTGTGAGTTCG.1,0
CCACTGTGGCGAAG.1,8
CCACTGTGGTCACA.1,2
CCACTGTGGTTGTG.1,8
CCACTTCTAGCTCA.1,0
CCACTTCTCCTATT.1,2
CCACTTCTCTTATC.1,2
CCACTTCTTACTCT.1,2
CCACTTCTTGCAAC.1,0
CCAGAAACACCTCC.1,2
CCAGAAACCTACCC.1,0
CCAGAAACCTCCCA.1,2
CCAGAAACGTTGAC.1,5
CCAGAAACGTTGCA.1,12
CCAGAAACTGGAAA.1,14
CCAGACCTGAGACG.11,4
CCAGACCTGGGTGA.1,0
CCAGATGAACCAAC.1,2
CCAGATGACAATCG.1,4
CCAGATGACCTATT.1,2
CCAGATGACTGTAG.1,2
CCAGATGAGAATGA.1,4
CCAGATGAGTAAAG.1,2
CCAGATGATCGTTT.1,0
CCAGATGATGAGAA.1,2
CCAGCACTACACGT.1,0
CCAGCACTCGTCTC.1,0
CCAGCACTCTTAGG.1,2
CCAGCACTGTAGGG.1,0
CCAGCACTGTGAGG.1,0
CCAGCACTTAGACC.1,4
CCAGCACTTGTCTT.1,0
CCAGCACTTGTTCT.1,2
CCAGCACTTTGTGG.1,3
CCAGCGGAGCGGAA.1,8
CCAGCGGAGGACAG.1,2
CCAGCGGAGGTAAA.1,2
CCAGCGGAGTTAGC.1,2
CCAGCGGATGAGAA.1,0
CCAGCTACAAGTAG.1,0
CCAGCTACACCACA.1,14
CCAGCTACACGGGA.1,2
CCAGCTACCAGTCA.11,8
CCAGCTACTCAGAC.1,5
CCAGGTCTCACAAC.1,2
CCAGGTCTCTGTCC.1,8
CCAGGTCTGCTGTA.1,0
CCAGGTCTGGAGGT.11,11
CCAGGTCTTACGCA.1,7
CCAGGTCTTGTGCA.1,5
CCAGTCACCGGAGA.1,5
CCAGTCTGCTCAGA.1,2
CCAGTCTGGAGACG.1,2
CCAGTCTGGCGGAA.1,0
CCAGTCTGGTAGGG.1,2
CCAGTCTGTTACTC.1,0
CCAGTGCTAAGGGC.1,7
CCAGTGCTAGAATG.1,12
CCAGTGCTAGATCC.1,0
CCAGTGCTATTCTC.1,8
CCAGTGCTCTTGGA.1,14
CCAGTGCTTGTTCT.1,0
CCATAGGAACACGT.1,0
CCATAGGAATTTCC.1,0
CCATAGGACAGATC.1,2
CCATAGGACGTAAC.1,5
CCATAGGACTGAGT.1,2
CCATAGGATCATTC.1,5
CCATAGGATTTACC.1,0
CCATATACAAACGA.1,4
CCATATACCAACTG.1,8
CCATATACCAGTTG.1,0
CCATATACCGAGAG.1,0
CCATATACGCCATA.1,8
CCATATACGCTGAT.1,10
CCATATACGGAACG.1,0
CCATCCGACACTAG.1,2
CCATCCGACCACAA.1,0
CCATCCGACCGCTT.1,5
CCATCCGACTGTCC.1,7
CCATCCGATCAGGT.1,0
CCATCCGATGTTTC.1,2
CCATCGTGCGAACT.1,6
CCATCGTGTATGGC.1,2
CCATCGTGTCCCGT.1,8
CCATCGTGTCGACA.1,2
CCATGCTGACCCTC.1,2
CCATGCTGCTAAGC.11,2
CCATGCTGCTGTGA.1,2
CCATGCTGGAGATA.11,4
CCATGCTGGATACC.1,4
CCATGCTGGCCAAT.1,0
CCATGCTGGCCTTC.1,2
CCATGCTGGGTGAG.1,2
CCATGCTGTCAGAC.1,4
CCATGCTGTCCCAC.1,0
CCATTAACAAAACG.1,2
CCATTAACAAGAGT.1,0
CCATTAACACGGTT.1,2
CCATTAACCGAGTT.1,0
CCATTAACGGACAG.1,2
CCATTAACGTACCA.1,5
CCATTAACTGAAGA.1,0
CCATTAACTGTTTC.1,5
CCATTAACTTACCT.1,12
CCATTAACTTCGGA.1,0
CCCAAAGAATGCTG.1,2
CCCAAAGACCCGTT.1,5
CCCAAAGACGTAGT.1,0
CCCAAAGAGCCCTT.11,0
CCCAAAGATCCTCG.1,2
CCCAACACTAAGCC.1,2
CCCAACTGAGCGTT.1,2
CCCAACTGGCCTTC.1,0
CCCACATGAACCGT.1,0
CCCACATGAGCAAA.1,4
CCCACATGCGCTAA.1,4
CCCACATGCTTGAG.1,0
CCCACATGTCTTCA.1,0
CCCAGACTCCCACT.1,4
CCCAGACTCCTTTA.1,2
CCCAGACTGTTCGA.1,5
CCCAGTTGAGGTCT.1,4
CCCAGTTGCAGGAG.1,5
CCCAGTTGTTCTAC.1,2
CCCATCGAAAGGCG.1,2
CCCATCGAAAGTAG.1,0
CCCATCGACCCTAC.1,2
CCCATCGACTGGAT.1,2
CCCATCGATAGTCG.1,0
CCCATCGATCTAGG.1,2
CCCATGTGAGTTCG.1,0
CCCATGTGCTCTTA.1,0
CCCATGTGCTTGGA.11,2
CCCATGTGTGGGAG.1,2
CCCGAACTACCTGA.1,8
CCCGAACTGAGGAC.1,2
CCCGAACTGCTGTA.1,5
CCCGATTGAGATGA.1,6
CCCGATTGCGAGTT.1,0
CCCGATTGCTCGCT.1,0
CCCGATTGGACAGG.1,0
CCCGATTGGGAAAT.1,2
CCCGATTGTATTCC.1,4
CCCGGAGAACTGTG.1,0
CCCGGAGATTACCT.1,2
CCCTACGAAAGAAC.1,0
CCCTACGACCCGTT.1,2
CCCTACGACTCTCG.1,2
CCCTACGAGTACCA.1,0
CCCTACGATATGCG.1,2
CCCTACGATGACCA.1,1
CCCTACGATTCTCA.1,2
CCCTAGTGCGCAAT.1,4
CCCTAGTGCGTCTC.1,0
CCCTAGTGGTGTTG.1,0
CCCTAGTGTGCAAC.1,2
CCCTCAGAATCGGT.1,11
CCCTCAGATACTTC.1,0
CCCTCAGATTCTGT.1,5
CCCTGAACAACGGG.1,2
CCCTGAACTCTGGA.1,0
CCCTTACTAAGAAC.1,8
CCCTTACTACACGT.1,6
CCCTTACTCCAATG.1,0
CCCTTACTCTGGAT.11,8
CCCTTACTGGTTCA.1,12
CCCTTACTTGAACC.1,2
CCGAAAACACTGTG.1,8
CCGAAAACCTGGAT.1,0
CCGAAAACGAGCAG.1,2
CCGAAAACGAGGCA.1,0
CCGAAAACGGAACG.1,5
CCGAAAACTTCGTT.1,14
CCGACACTAAGGCG.1,0
CCGACACTAGCGTT.1,0
CCGACACTCTACTT.1,2
CCGACACTGCCAAT.1,0
CCGACACTTATCGG.1,2
CCGACTACCTTGGA.1,0
CCGACTACGTTGCA.1,0
CCGATAGACTGTCC.1,2
CCGATAGAGATAGA.1,2
CCGATAGAGATGAA.1,5
CCGATAGAGTATCG.1,11
CCGCGAGAACTGTG.1,0
CCGCGAGACATTGG.1,0
CCGCGAGACTGCAA.1,0
CCGCGAGAGGTGTT.1,0
CCGCGAGAGTTCAG.1,11
CCGCGAGATCGCTC.1,4
CCGCTATGATTCGG.1,2
CCGCTATGGGTGTT.1,2
CCGCTATGGTCCTC.1,5
CCGCTATGTTACTC.1,0
CCGGAGACACCTAG.1,0
CCGGAGACAGAACA.1,2
CCGGAGACGAAAGT.1,0
CCGGAGACTGGTAC.1,8
CCGGAGTGAGCCAT.1,11
CCGGAGTGAGGGTG.1,11
CCGGAGTGGGACGA.1,0
CCGGAGTGGTCGAT.1,2
CCGGAGTGGTTCTT.1,0
CCGGAGTGTATGGC.11,2
CCGGAGTGTCTGGA.1,2
CCGGTACTAAGAGT.1,4
CCGGTACTCCTTTA.1,14
CCGGTACTCGCATA.1,0
CCGGTACTGTCCTC.1,8
CCGGTACTTATCTC.1,2
CCGGTACTTTCTGT.1,5
CCGTAAGAACGTAC.1,0
CCGTAAGACCGCTT.1,5
CCGTAAGAGGTGAG.1,12
CCGTAAGATTCAGG.1,2
CCGTACACAAAACG.1,5
CCGTACACAAGATG.1,2
CCGTACACCAGATC.1,7
CCGTACACGAGGGT.1,5
CCGTACACGGAGGT.1,2
CCGTACACTACTGG.1,2
CCGTACACTGCCTC.1,4
CCTAAACTACTCAG.1,0
CCTAAACTAGCATC.1,2
CCTAAACTCAGCTA.1,5
CCTAAACTTCGTAG.1,0
CCTAAGGAAAAACG.1,0
CCTAAGGAACGTGT.1,4
CCTAAGGATCCTGC.1,0
CCTACCGACGCCTT.1,8
CCTAGAGAACCCTC.1,2
CCTAGAGACCTAAG.1,12
CCTAGAGACGGAGA.1,2
CCTAGAGAGGATTC.1,2
CCTAGAGATCAGGT.1,0
CCTATAACGCCATA.1,8
CCTATAACGTTCGA.1,0
CCTATAACTGGTGT.1,0
CCTATTGACATGAC.1,2
CCTATTGAGATACC.1,0
CCTATTGAGGTATC.1,0
CCTATTGATTTCAC.1,3
CCTATTGATTTGCT.1,4
CCTCATCTAGTCAC.1,0
CCTCATCTATGCTG.1,0
CCTCATCTGTCTGA.1,2
CCTCGAACACCTCC.1,2
CCTCGAACCATACG.1,2
CCTCGAACTGGAAA.1,2
CCTCTACTACGGGA.1,4
CCTCTACTGAGAGC.1,0
CCTCTACTGCATAC.11,2
CCTCTACTGGGACA.1,0
CCTCTACTGGTTTG.1,2
CCTCTACTTGCTTT.1,8
CCTGACTGCGCATA.1,2
CCTGACTGCGGTAT.1,2
CCTGACTGTGCAGT.1,2
CCTGAGCTCACACA.1,2
CCTGAGCTGGTGAG.1,2
CCTGAGCTGTTTCT.1,0
CCTGCAACAACCTG.1,4
CCTGCAACCAGGAG.1,2
CCTGCAACTGAGCT.1,8
CCTGGACTACCTCC.1,12
CCTGGACTAGTGCT.1,0
CCTGGACTGTATCG.1,2
CCTTAATGCATGAC.1,0
CCTTAATGCGGAGA.1,0
CCTTAATGGAATAG.1,0
CCTTAATGGAATGA.1,5
CCTTAATGGAGATA.1,5
CCTTAATGGATAGA.1,2
CCTTAATGGTGAGG.1,4
CCTTAATGTCCTAT.1,2
CCTTAATGTTCATC.1,8
CCTTCACTGGACGA.1,14
CCTTCACTGGAGGT.1,8
CCTTCACTTCCAGA.1,2
CCTTCACTTGCTAG.1,0
CCTTCACTTTCTTG.1,2
CCTTTAGAAGCGTT.1,0
CCTTTAGACAGTCA.1,0
CCTTTAGACTTGGA.1,4
CCTTTAGATCGTGA.1,0
CGAACATGAGCAAA.1,8
CGAACATGCTGGAT.1,5
CGAACATGGTCACA.1,5
CGAACATGTGACTG.1,0
CGAACATGTTGCGA.1,11
CGAACATGTTTCGT.1,4
CGAAGACTAGTCAC.1,4
CGAAGACTCCCTTG.1,0
CGAAGACTCGTTAG.1,7
CGAAGACTCTGTGA.1,4
CGAAGACTGGATTC.1,8
CGAAGACTGTCAAC.1,0
CGAAGGGAAAGTAG.1,0
CGAAGGGACACCAA.1,4
CGAAGGGAGACACT.1,5
CGAAGGGAGCTGTA.1,0
CGAAGGGATCAGGT.1,0
CGAAGGGATCGTTT.1,2
CGAAGGGATGCTAG.1,0
CGAAGGGATGGTGT.1,2
CGAAGTACCCACAA.1,0
CGAAGTACCCTTGC.1,0
CGAAGTACTCCTAT.1,8
CGAATCGACATACG.1,8
CGAATCGACTGATG.1,0
CGACAAACAGTAGA.1,0
CGACAAACCCAAGT.1,8
CGACCACTCGAGTT.1,6
CGACCGGAGCGGAA.1,2
CGACCGGAGGTAAA.1,0
CGACCGGAGTTCGA.1,2
CGACCTACCGGTAT.1,2
CGACCTACCTGAGT.1,14
CGACCTACCTTCCG.11,0
CGACCTACTGCAGT.1,2
CGACCTACTGTAGC.1,0
CGACCTTGAACCGT.1,2
CGACCTTGCTAGAC.1,0
CGACCTTGGCTTCC.1,2
CGACCTTGGGACTT.1,2
CGACCTTGGGAGCA.1,0
CGACCTTGTGCACA.1,0
CGACCTTGTGCTAG.1,2
CGACCTTGTTATCC.1,0
CGACGTCTACCGAT.1,8
CGACGTCTAGGAGC.1,0
CGACGTCTCGAATC.1,4
CGACGTCTGGAGCA.1,0
CGACTCACATTTCC.1,4
CGACTCACCACTTT.1,7
CGACTCTGATACCG.1,2
CGACTCTGCCTTAT.1,0
CGACTCTGGTATGC.1,11
CGACTCTGGTTTCT.11,0
CGACTCTGTCCGAA.1,2
CGACTCTGTGAGGG.1,2
CGACTGCTCGCCTT.1,0
CGACTGCTGGACGA.1,0
CGAGAACTATTCGG.1,0
CGAGAACTCCCTTG.1,2
CGAGATTGACACGT.1,12
CGAGATTGACCCTC.1,0
CGAGATTGATAAGG.1,4
CGAGATTGATTTCC.1,6
CGAGATTGCAGATC.1,7
CGAGATTGCTCGAA.1,4
CGAGATTGTCTCCG.1,0
CGAGCCGAAAGGGC.1,5
CGAGCCGAATTTCC.1,8
CGAGCCGACCTTCG.1,0
CGAGCCGAGGGAGT.1,0
CGAGCCGATGAAGA.1,4
CGAGCGTGATCGTG.1,4
CGAGGAGACCGTTC.1,4
CGAGGAGACTTTAC.1,9
CGAGGAGAGAGAGC.1,2
CGAGGAGAGCTCCT.1,8
CGAGGAGATTATCC.1,0
CGAGGAGATTCATC.1,0
CGAGGCACATCGGT.1,2
CGAGGCACATTGGC.1,0
CGAGGCACCATGGT.1,8
CGAGGCACGCGTTA.1,4
CGAGGCACGGGTGA.1,2
CGAGGCACTGTTCT.1,2
CGAGGCTGCAGCTA.1,7
CGAGGCTGCGCCTT.1,0
CGAGGCTGCTAGTG.1,12
CGAGGGCTAGTACC.1,2
CGAGGGCTCCTTAT.1,14
CGAGGGCTCTGACA.1,0
CGAGGGCTCTGATG.1,2
CGAGGGCTTAAAGG.1,5
CGAGTATGTTCTGT.1,8
CGATACGAACTGGT.1,2
CGATACGAATTCGG.1,0
CGATACGAGAATCC.1,2
CGATAGACATGGTC.1,2
CGATAGACATTCTC.1,0
CGATAGACCCCAAA.1,5
CGATAGACGCCCTT.1,6
CGATAGACGTTGGT.1,2
CGATAGACTCATTC.1,2
CGATAGACTGCCTC.1,2
CGATCAGAGAACTC.1,2
CGATCAGAGTTAGC.1,2
CGATCAGATCGTGA.1,4
CGATCCACAGAGGC.1,12
CGATCCACCCATAG.1,6
CGATCCACCCTCGT.1,2
CGATCCACCTTGGA.1,4
CGATCCACGGAGGT.1,5
CGATCCACTACTTC.1,6
CGATCCACTGGCAT.1,2
CGATCCACTGTCGA.1,2
CGCAAATGACTCTT.1,4
CGCAAATGAGTCTG.1,2
CGCAAATGATAAGG.1,11
CGCAAATGCACTGA.1,0
CGCAAATGGCGAGA.1,2
CGCAAATGGTTCTT.1,0
CGCAAATGTTGTGG.1,7
CGCAACCTAGTTCG.1,7
CGCAACCTATCAGC.1,14
CGCAACCTCACCAA.1,2
CGCAACCTCTTTAC.1,0
CGCAACCTGCTTCC.1,8
CGCAACCTGGAGTG.1,2
CGCAACCTTCCGTC.1,5
CGCACGGAAATCGC.1,0
CGCACGGAAGCGGA.1,8
CGCACGGACAACCA.1,2
CGCACGGACGAATC.11,0
CGCACGGACGTAAC.1,2
CGCACGGACTTATC.1,0
CGCACGGATCGTTT.1,0
CGCACTACCAGCTA.1,4
CGCACTACTTCTTG.1,2
CGCACTTGAAAGCA.1,4
CGCACTTGACGACT.1,7
CGCACTTGACTAGC.1,4
CGCACTTGCAGTTG.1,7
CGCACTTGCCTGTC.1,0
CGCACTTGGCGAAG.1,0
CGCACTTGTCAGTG.1,12
CGCACTTGTGGTAC.1,2
CGCAGGACCTTGGA.1,4
CGCAGGACGAAAGT.1,4
CGCAGGACTCTCCG.1,0
CGCAGGTGACGCTA.11,2
CGCAGGTGAGAAGT.1,2
CGCAGGTGCATGGT.1,0
CGCAGGTGCCTCAC.1,2
CGCAGGTGTGTGCA.1,2
CGCAGGTGTTTCAC.1,0
CGCATAGACTCCAC.1,0
CGCATAGACTGAAC.1,0
CGCATAGACTGTTT.1,2
CGCATAGATCCCAC.1,2
CGCATAGATGCAAC.1,0
CGCATAGATTTGTC.1,2
CGCCATACAATGCC.1,12
CGCCATACTGACCA.1,2
CGCCATTGTGTCAG.1,2
CGCCGAGAACTACG.1,0
CGCCGAGACCTCGT.1,8
CGCCGAGACGATAC.1,0
CGCCGAGAGAATCC.1,4
CGCCGAGAGAGATA.1,4
CGCCGAGATCTAGG.1,4
CGCCGAGATGGCAT.1,0
CGCCTAACAAGCCT.1,0
CGCCTAACCAGATC.1,0
CGCCTAACCAGCTA.1,11
CGCCTAACCCTACC.1,6
CGCCTAACCGGTAT.1,0
CGCGAGACTAAGGA.1,0
CGCGATCTACGACT.1,8
CGCGATCTCTGCTC.1,2
CGCGATCTGTGTCA.1,2
CGCGATCTTCCAAG.1,2
CGCGGATGCCACAA.1,2
CGCGGATGGCATCA.1,0
CGCGGATGGGACTT.1,8
CGCTAAGAAAGGCG.1,8
CGCTAAGAATTCCT.11,7
CGCTAAGACTGACA.1,5
CGCTAAGAGGTATC.1,5
CGCTAAGAGTCATG.1,2
CGCTAAGAGTTGAC.1,2
CGCTAAGATGGTAC.1,2
CGCTACACACTACG.1,0
CGCTACACAGTACC.1,8
CGCTACACCCACCT.1,5
CGCTACACCTCAAG.1,6
CGCTACACGCGATT.1,11
CGCTACACTTCTTG.1,7
CGCTACACTTTGCT.1,2
CGCTACTGACTGTG.1,2
CGCTACTGAGAGAT.1,2
CGCTACTGCCATGA.1,5
CGCTACTGCGCAAT.1,8
CGCTACTGCGTTGA.1,0
CGCTACTGCTAGAC.1,14
CGCTACTGCTATGG.1,12
CGCTACTGGAACTC.1,4
CGCTACTGGCAAGG.1,2
CGCTCATGCTTCCG.1,1
CGCTCATGTATCGG.1,0
CGCTCATGTGACTG.1,0
CGCTCATGTTCGGA.1,0
CGGAATTGAGTGCT.1,7
CGGAATTGCTGTCC.1,0
CGGAATTGCTGTTT.1,7
CGGAATTGTTATCC.1,4
CGGACCGAAGCAAA.1,0
CGGACCGAAGGTCT.1,0
CGGACCGAATGGTC.1,4
CGGACCGACCTCAC.1,2
CGGACCGACGAGTT.1,6
CGGACCGAGTTGGT.1,8
CGGACTCTACCTTT.1,0
CGGACTCTCCAAGT.1,5
CGGAGGCTACCCAA.1,7
CGGAGGCTAGCGTT.1,4
CGGAGGCTAGGGTG.1,8
CGGAGGCTCGCATA.1,8
CGGAGGCTGGCAAG.1,12
CGGAGGCTGGGCAA.1,4
CGGATAACACACCA.1,6
CGGATAACCGTTAG.1,2
CGGATAACCTTCCG.11,0
CGGATAACCTTGTT.1,4
CGGATAACGACAGG.1,2
CGGATAACGACGGA.1,7
CGGATAACTTTACC.1,0
CGGATATGAAGCCT.1,5
CGGATATGACTACG.1,5
CGGATATGAGTCAC.1,2
CGGATATGCGAACT.1,2
CGGATATGCTGGAT.1,5
CGGATATGGGCAAG.1,2
CGGCACGAAGGAGC.1,2
CGGCACGACTACCC.1,2
CGGCACGAGGACAG.1,4
CGGCACGATTCGCC.1,5
CGGCACGATTTGCT.1,5
CGGCATCTAAAACG.1,0
CGGCATCTAAGTGA.1,5
CGGCATCTCCTCGT.1,5
CGGCATCTCTATTC.1,0
CGGCATCTGCATAC.1,0
CGGCATCTTAACCG.1,2
CGGCCAGAAACCTG.1,8
CGGCCAGACCTAAG.1,4
CGGCCAGATATGGC.1,7
CGGCCAGATCTTAC.1,3
CGGCGAACATCTCT.1,8
CGGCGAACGAATAG.1,0
CGGCGAACTCTCTA.1,5
CGGCGATGAAACGA.1,0
CGGCGATGCATGGT.1,2
CGGCGATGCTACCC.1,2
CGGCGATGTCCAGA.1,2
CGGCGATGTTCTCA.1,4
CGGGACTGAGTCAC.1,2
CGGGCATGACACGT.1,0
CGGGCATGAGACTC.1,0
CGGGCATGCATACG.1,8
CGGGCATGCGTACA.1,5
CGGGCATGCGTAGT.1,7
CGGGCATGCTACTT.1,4
CGGGCATGCTCAGA.1,5
CGGGCATGGGAGTG.1,0
CGGGCATGTGCCCT.1,5
CGGGCATGTGTTCT.1,0
CGGTAAACACGTTG.1,0
CGGTAAACAGTACC.1,0
CGGTAAACCCACCT.1,0
CGGTAAACGAAAGT.1,0
CGGTAAACGACGGA.1,0
CGGTAAACGTTAGC.1,2
CGGTACCTAATGCC.1,0
CGGTACCTAGATGA.1,2
CGGTACCTCAGATC.1,0
CGGTACCTTGGAAA.1,0
CGGTACCTTTACTC.1,12
CGGTACCTTTGAGC.1,2
CGGTCACTAGCACT.1,2
CGGTCACTATCGAC.1,11
CGGTCACTGGGATG.1,12
CGGTCACTTCGCAA.1,0
CGTAACGACCCTCA.1,4
CGTAACGAGCATCA.1,11
CGTAACGAGGACTT.1,0
CGTAACGAGGCATT.1,0
CGTAACGATACAGC.1,2
CGTAACGATCGCAA.1,2
CGTACAGAACGCTA.1,4
CGTACAGAATGGTC.1,0
CGTACAGATACGCA.1,2
CGTACCACAGATGA.1,0
CGTACCACATAAGG.1,2
CGTACCACCCATAG.1,4
CGTACCACCGGTAT.1,0
CGTACCACTAAAGG.1,2
CGTACCACTCCGTC.1,0
CGTACCACTTGCTT.1,2
CGTACCACTTTCGT.1,4
CGTACCTGACAGTC.1,0
CGTACCTGCGTGTA.1,5
CGTACCTGCTGGTA.1,2
CGTACCTGCTTGGA.1,8
CGTACCTGGAAACA.1,2
CGTACCTGGTGCAT.1,0
CGTACCTGTCCTTA.1,5
CGTACCTGTGGAAA.1,8
CGTAGCCTAAACGA.1,4
CGTAGCCTCCGTTC.1,0
CGTAGCCTCGTTGA.11,5
CGTAGCCTCTGAAC.1,7
CGTAGCCTGGGTGA.1,2
CGTAGCCTGTAGCT.1,2
CGTAGCCTTCAGAC.1,5
CGTAGCCTTCTTCA.1,0
CGTAGCCTTTGGTG.1,0
CGTCAAGAAGCCAT.1,2
CGTCAAGACCCTCA.1,8
CGTCAAGATGGGAG.1,7
CGTCAAGATGGTCA.1,0
CGTCCAACATCGAC.1,0
CGTCCAACCTTCCG.1,0
CGTCCATGACTCAG.1,7
CGTCCATGCAGATC.1,7
CGTCCATGCCGTAA.1,0
CGTCCATGCCTCCA.1,2
CGTCCATGCTGTGA.1,2
CGTCCATGGCGATT.11,5
CGTCCATGGGTAAA.1,4
CGTCCATGTGCCCT.1,8
CGTCGACTAGCGTT.1,2
CGTCGACTCTACCC.1,2
CGTCGACTCTCAGA.1,2
CGTCGACTTAAAGG.1,5
CGTCGACTTTCTTG.1,8
CGTGAAACAGTTCG.1,0
CGTGAAACCGTTAG.1,8
CGTGAAACGAGACG.1,0
CGTGAAACTGAGCT.1,5
CGTGAATGAAGGGC.1,2
CGTGAATGACCTGA.1,5
CGTGAATGAGCCTA.1,2
CGTGAATGAGTCGT.1,2
CGTGAATGCATGCA.1,4
CGTGAATGGGTATC.1,5
CGTGAATGGTATCG.1,2
CGTGAATGTCTTTG.1,8
CGTGATGAAGTCTG.1,0
CGTGATGACGTCTC.1,2
CGTGATGACTTCTA.1,2
CGTGATGATGGTGT.1,0
CGTGCACTCTATGG.1,5
CGTGCACTGCTAAC.1,2
CGTGCACTTTCGCC.1,0
CGTGTAGACCAACA.1,4
CGTGTAGACGTGAT.1,5
CGTTAACTTAGCGT.1,0
CGTTAGGAAACCTG.1,0
CGTTAGGAGCCAAT.1,2
CGTTAGGAGTATCG.1,7
CGTTATACACAGTC.1,2
CGTTATACGAGCAG.1,0
CGTTATACGCGATT.1,5
CGTTATACGTCTAG.1,0
CGTTATACTGAAGA.1,0
CGTTATACTTCTCA.1,5
CGTTTAACAGCGTT.1,0
CGTTTAACCTCATT.1,8
CGTTTAACGTGAGG.1,11
CTAAACCTAAGAAC.1,8
CTAAACCTCAGTCA.1,5
CTAAACCTCGCATA.1,4
CTAAACCTCTGAAC.1,4
CTAAACCTGTACGT.1,2
CTAACACTACACCA.1,2
CTAACACTACCACA.1,0
CTAACACTAGATGA.1,4
CTAACACTGCTAAC.1,0
CTAACACTGGAGGT.1,11
CTAACACTTACAGC.1,8
CTAACACTTGTGAC.11,0
CTAACGGACAACCA.1,5
CTAACGGACCGCTT.1,12
CTAACGGAGAAAGT.1,5
CTAACGGATTTGTC.1,2
CTAACTACAACCAC.1,0
CTAACTACCCTGTC.1,0
CTAACTACTCACGA.1,7
CTAAGGACACCTGA.1,0
CTAAGGACAGTCGT.1,0
CTAAGGACCACCAA.1,11
CTAAGGACCCATAG.1,0
CTAAGGACTCATTC.1,4
CTAAGGACTCGTGA.1,11
CTAAGGACTGGTGT.1,5
CTAAGGTGGAAAGT.1,2
CTAAGGTGGTGTAC.1,7
CTAAGGTGGTTGTG.1,0
CTAATAGAAGGTTC.1,11
CTAATAGACGAATC.1,5
CTAATAGACTCCCA.1,0
CTAATAGAGGGACA.1,0
CTAATAGAGTACCA.1,8
CTAATAGATGGTTG.1,8
CTAATGCTAAGGGC.1,8
CTAATGCTACAGTC.1,2
CTAATGCTAGCGGA.11,2
CTAATGCTCAGAAA.1,2
CTAATGCTCCTAAG.1,0
CTAATGCTGAACTC.1,12
CTAATGCTGGATTC.1,2
CTAATGCTTCCGAA.1,0
CTAATGCTTCTCTA.1,0
CTAATGCTTGTCCC.1,0
CTACAACTACACTG.1,2
CTACAACTGAGACG.1,0
CTACAACTGGCAAG.1,4
CTACAACTGTATCG.1,2
CTACAACTTCCCGT.1,8
CTACAACTTTCCAT.1,2
CTACCTCTATCACG.1,4
CTACCTCTCCTTGC.1,0
CTACCTCTCTTTAC.1,4
CTACCTCTGTTGTG.1,2
CTACCTCTTATCGG.1,2
CTACGCACCCCACT.1,12
CTACGCACCGTAGT.1,4
CTACGCACGAGGCA.1,2
CTACGCACGTCATG.1,4
CTACGCACGTGTAC.1,2
CTACGGCTTATGCG.1,0
CTACGGCTTCCCAC.1,2
CTACGGCTTTTCGT.1,2
CTACTATGCCCACT.1,5
CTACTATGCGACAT.1,2
CTACTATGCTTGGA.1,2
CTACTATGTGCTCC.1,0
CTACTATGTGTCCC.1,0
CTACTCCTACTCAG.1,0
CTACTCCTATCGGT.1,4
CTACTCCTGCTTCC.1,0
CTACTCCTGGGTGA.1,2
CTACTCCTGGTAGG.1,0
CTACTCCTGGTGGA.1,0
CTAGAGACGCTAAC.1,5
CTAGAGACGTCTGA.1,12
CTAGAGACGTTCGA.1,2
CTAGAGACTCCTAT.1,5
CTAGGATGACGGTT.1,0
CTAGGATGAGTAGA.1,12
CTAGGATGATGCTG.1,8
CTAGGATGCCCTAC.1,4
CTAGGATGCTAGCA.1,0
CTAGGATGGAGATA.1,2
CTAGGATGGCCATA.1,2
CTAGGATGTGCCCT.1,0
CTAGGATGTGCGTA.1,2
CTAGGCCTAAACAG.1,0
CTAGGCCTCACTCC.1,2
CTAGGCCTCCGAAT.1,0
CTAGGCCTCCTATT.1,2
CTAGGCCTGGTATC.1,0
CTAGGTGATAAGCC.1,4
CTAGGTGATGGAAA.1,2
CTAGTTACACCCAA.1,2
CTAGTTACAGAGAT.1,2
CTAGTTACCAGAAA.1,2
CTAGTTACCTATTC.1,0
CTAGTTACGGGACA.1,2
CTAGTTACGTCTGA.1,0
CTAGTTACTGGTAC.11,4
CTAGTTTGAATGCC.1,2
CTAGTTTGCTAGAC.1,4
CTAGTTTGGAGATA.1,0
CTAGTTTGGCCAAT.1,0
CTAGTTTGGGTGTT.1,0
CTAGTTTGTACTGG.1,0
CTAGTTTGTAGCGT.1,7
CTATAAGATAAAGG.1,4
CTATACTGCCCGTT.1,2
CTATACTGCTACCC.1,5
CTATACTGGAGAGC.1,2
CTATACTGTATCTC.1,2
CTATAGCTACACGT.1,0
CTATAGCTAGAAGT.1,0
CTATAGCTCATGGT.1,0
CTATAGCTGGCATT.1,0
CTATCAACCAACTG.1,8
CTATCAACCTACGA.1,5
CTATCAACCTGTTT.1,8
CTATCAACCTTAGG.1,11
CTATCAACGAATCC.1,0
CTATCATGGAATAG.1,2
CTATCATGGGACAG.1,0
CTATCATGTCCGAA.1,4
CTATCATGTCTAGG.1,0
CTATCATGTTGGTG.11,5
CTATCATGTTTCTG.1,7
CTATCCCTAAGTGA.1,2
CTATCCCTAGATCC.1,5
CTATCCCTATGACC.1,0
CTATCCCTATGCCA.1,0
CTATCCCTATTCTC.1,8
CTATCCCTCATTTC.1,2
CTATGACTCGTAAC.1,4
CTATGACTCTAGAC.1,7
CTATGACTGAGCTT.1,0
CTATGACTGCTACA.11,2
CTATGACTGGCGAA.1,0
CTATGACTGTACAC.1,5
CTATGACTTTCTCA.1,2
CTATGTACAAAGCA.1,2
CTATGTACCGTGTA.1,8
CTATGTACTACTTC.1,0
CTATGTACTGTGAC.1,2
CTATGTACTTTCGT.1,4
CTATGTTGGGAGCA.11,4
CTATGTTGTCGCCT.1,0
CTATGTTGTGCCCT.1,0
CTATGTTGTGGTTG.1,4
CTATTGACCTAGCA.1,0
CTATTGACCTGATG.1,0
CTATTGACTAAGGA.1,12
CTATTGTGAAAGCA.1,2
CTATTGTGATCACG.1,2
CTATTGTGATCGTG.1,0
CTATTGTGCGTTGA.1,2
CTCAATTGCCTGTC.1,2
CTCAATTGGACTAC.1,2
CTCAATTGGTAGCT.1,0
CTCAATTGTTGCGA.1,4
CTCAGAGAAGAAGT.1,0
CTCAGAGACTGAAC.1,5
CTCAGAGACTTATC.1,4
CTCAGAGAGGATTC.1,8
CTCAGAGATCGACA.1,2
CTCAGCACCAGCTA.1,7
CTCAGCACCCAACA.1,2
CTCAGCACCCTATT.1,0
CTCAGCACCTGTTT.1,2
CTCAGCACGCGGAA.1,0
CTCAGCACGTATGC.1,12
CTCAGCACTCCGAA.1,2
CTCAGCACTCGCCT.1,5
CTCAGCTGACAGCT.1,0
CTCAGCTGCGTCTC.1,0
CTCAGCTGTTTCTG.1,0
CTCAGGCTACGACT.1,0
CTCAGGCTAGCCTA.1,0
CTCAGGCTCTGAAC.1,5
CTCAGGCTTAACGC.1,1
CTCAGGCTTTCGGA.1,0
CTCAGGCTTTGACG.1,0
CTCATTGAGCTATG.1,2
CTCATTGAGGGATG.1,7
CTCATTGATCGACA.1,11
CTCATTGATGGGAG.1,2
CTCCACGAACGGGA.11,0
CTCCACGATTGACG.1,0
CTCCATCTGATACC.1,0
CTCCATCTTAGAGA.1,0
CTCCATCTTTCTGT.1,0
CTCCGAACAGCAAA.1,2
CTCCGAACTAAAGG.1,0
CTCCGAACTAGAAG.1,4
CTCCGAACTAGTCG.1,7
CTCCGAACTCCCGT.1,8
CTCCTACTGTCTAG.1,0
CTCCTACTTCCGTC.1,0
CTCGAAGAACACAC.1,0
CTCGAAGAAGGCGA.1,7
CTCGAAGACTAAGC.1,0
CTCGAAGAGAGATA.1,0
CTCGACACCGCAAT.1,2
CTCGACACGTGTAC.1,7
CTCGACACTACGCA.1,0
CTCGACACTCCAAG.1,2
CTCGACTGTCGATG.1,0
CTCGACTGTTCACT.11,2
CTCGAGCTCAGGAG.1,5
CTCGAGCTCCTGAA.1,5
CTCGAGCTCTCTTA.1,0
CTCGAGCTGATGAA.1,4
CTCGAGCTGGAGGT.1,2
CTCGAGCTGGTAGG.1,0
CTCGAGCTTCCGAA.1,11
CTCGAGCTTTGTCT.1,12
CTCGCATGTCGACA.1,8
CTCGCATGTTCGTT.1,2
CTCGCATGTTGACG.1,2
CTCTAAACACTGTG.1,2
CTCTAAACATCTCT.1,0
CTCTAAACGAGCAG.1,2
CTCTAAACGTGCAT.1,4
CTCTAATGCCTCGT.1,8
CTCTAATGGAATCC.1,2
CTCTAATGGACAGG.1,4
CTCTAATGGCCCTT.1,0
CTGAACGAAGTAGA.1,8
CTGAACGACCAAGT.1,2
CTGAACGACGCCTT.1,2
CTGAACGACTGGAT.1,6
CTGAACGATTCATC.1,2
CTGAACGATTCCCG.1,6
CTGAAGACCACACA.1,0
CTGAAGACCATGGT.1,4
CTGAAGACCCTCAC.1,0
CTGAAGACGAGCTT.1,5
CTGAAGACGGTAGG.1,2
CTGAAGTGACGTGT.1,2
CTGAAGTGGCTTCC.1,2
CTGAAGTGTGCACA.1,5
CTGAAGTGTTTCAC.1,0
CTGAATCTAAACAG.1,0
CTGAATCTAGAGAT.1,0
CTGAATCTAGATGA.1,2
CTGAATCTGGAACG.1,4
CTGAATCTTAAGCC.1,0
CTGAATCTTCGCAA.1,2
CTGAATCTTGGCAT.1,2
CTGACAGACAACCA.1,4
CTGACAGACAACTG.1,4
CTGACAGACCAGTA.1,8
CTGACCACACAGCT.1,4
CTGACCACGGTATC.1,12
CTGACCACGTAGGG.1,5
CTGACCACTGAGCT.11,0
CTGACCACTGGCAT.1,0
CTGACCACTGGTGT.1,7
CTGAGAACCATCAG.1,5
CTGAGAACCCTGTC.1,8
CTGAGAACCTTGTT.1,0
CTGAGCCTCTGTTT.1,2
CTGAGCCTGAGGTG.1,0
CTGAGCCTTACGCA.1,0
CTGAGCCTTCTCAT.1,0
CTGAGCCTTGACAC.1,4
CTGATACTCACTTT.1,0
CTGATACTCCTTGC.1,3
CTGATACTCTGTTT.1,2
CTGATACTTAGAGA.1,5
CTGATACTTGCAAC.1,2
CTGATACTTTCATC.1,4
CTGATACTTTGACG.1,0
CTGATGGAAATGCC.1,0
CTGATGGACTATGG.1,4
CTGATGGATGCTTT.1,2
CTGATTTGAACGGG.1,5
CTGATTTGCAGGAG.1,5
CTGATTTGCTTATC.1,8
CTGATTTGGACAGG.1,5
CTGATTTGGTGAGG.1,2
CTGATTTGTCACCC.1,5
CTGATTTGTCTCCG.1,0
CTGCAGCTTAGACC.1,4
CTGCAGCTTGAAGA.1,2
CTGCAGCTTTGGCA.1,11
CTGCCAACCCATAG.1,2
CTGCCAACCCATGA.1,7
CTGCCAACCCCTAC.1,5
CTGCCAACCTAAGC.1,8
CTGCCAACTTGTCT.1,0
CTGCGACTTGAAGA.1,0
CTGGAAACACACGT.1,8
CTGGAAACACCACA.1,6
CTGGAAACATGTCG.1,0
CTGGAAACCACTTT.1,0
CTGGAAACGGAGGT.1,0
CTGGATGAAGTAGA.1,0
CTGGATGAGACAAA.1,2
CTGGATGAGAGGTG.1,11
CTGGATGAGCTACA.1,7
CTGGATGATAAGGA.1,2
CTGGATGATACTCT.1,0
CTGGATGATGACCA.1,0
CTGGATGATGTTCT.1,0
CTGGATGATTATCC.1,0
CTGGCACTCCGTAA.1,2
CTGGCACTCCTCCA.1,2
CTGGCACTCTTGCC.1,0
CTGGCACTGAGAGC.1,7
CTGGCACTGTCGTA.1,4
CTGTAACTATGTGC.1,8
CTGTAACTTCACCC.1,4
CTGTAACTTGGTAC.1,0
CTGTATACAGACTC.1,0
CTGTATACCCTGTC.1,4
CTGTATACGTATGC.1,0
CTGTATACTGCTCC.1,4
CTGTGAGAATGCCA.1,2
CTGTGAGAGGCATT.1,0
CTGTGAGATCTCTA.1,5
CTGTGAGATGTCTT.1,5
CTTAAAGAAAAGCA.1,2
CTTAAAGAACGTGT.1,0
CTTAAAGACTATTC.1,0
CTTAAAGAGCTAAC.1,5
CTTAAAGAGTAGCT.1,0
CTTAAAGATATGCG.1,8
CTTAAAGATGTCTT.1,7
CTTAAAGATTTCTG.1,8
CTTAACACAGCCAT.1,12
CTTAACACAGTTCG.1,0
CTTAAGCTACGTTG.1,8
CTTAAGCTGGTACT.1,4
CTTAAGCTTATGGC.1,5
CTTACAACACGTGT.1,0
CTTACAACACGTTG.1,0
CTTACAACCTTAGG.1,8
CTTACAACGCGAGA.1,2
CTTACAACGCTATG.1,12
CTTACAACTGGTCA.1,4
CTTACAACTTGGCA.1,2
CTTACAACTTTCTG.1,0
CTTACATGCCATGA.1,4
CTTACATGCGAATC.1,5
CTTACATGCGCAAT.1,0
CTTACATGCGTTAG.1,2
CTTACATGGTTAGC.1,12
CTTACATGGTTCAG.1,4
CTTACATGTTTCTG.1,2
CTTACTGAAAGGGC.1,4
CTTACTGAACCACA.1,2
CTTACTGAACGCAT.1,0
CTTACTGACTCTTA.1,2
CTTACTGAGGAGGT.1,5
CTTACTGAGGTTAC.1,2
CTTACTGATTGTCT.11,0
CTTAGACTAACCAC.1,0
CTTAGACTACCAGT.1,2
CTTAGACTACTACG.1,12
CTTAGACTCACCAA.1,2
CTTAGGGAAAAAGC.1,8
CTTAGGGACTGCAA.1,8
CTTAGGGATCGATG.1,8
CTTAGGGATGGTCA.1,2
CTTATCGACAGCTA.1,0
CTTATCGAGATAAG.1,0
CTTATCGATTTCGT.1,12
CTTCACCTAGAAGT.1,2
CTTCACCTAGTGCT.1,4
CTTCACCTATGTGC.1,0
CTTCACCTCCCTTG.1,7
CTTCACCTCGACAT.1,0
CTTCACCTGTCGTA.1,0
CTTCACCTTAAGCC.1,0
CTTCACCTTCGACA.1,2
CTTCACCTTCTTTG.1,0
CTTCACCTTGACTG.1,0
CTTCACCTTGGTCA.1,0
CTTCATGAAACCTG.1,5
CTTCATGACTAGCA.1,2
CTTCATGAGGGTGA.1,6
CTTCATGATCTCAT.1,7
CTTCTAGAATGACC.1,0
CTTCTAGACTTGAG.1,0
CTTCTAGACTTGTT.1,5
CTTGAACTAACGGG.1,4
CTTGAACTATGACC.1,5
CTTGAACTCCTGAA.1,2
CTTGAACTCTGTAG.1,5
CTTGAACTGCCATA.1,6
CTTGAACTGCCCTT.1,2
CTTGAGGAAACCGT.1,4
CTTGAGGAAAGCAA.1,0
CTTGAGGAAGCTAC.1,2
CTTGAGGAATGGTC.1,0
CTTGAGGACTCAAG.1,0
CTTGAGGACTCATT.1,0
CTTGAGGATTGCAG.1,2
CTTGAGGATTGGTG.1,4
CTTGATTGAATGCC.1,0
CTTGATTGCTACCC.1,0
CTTGATTGGGTACT.1,2
CTTGATTGTAAGGA.1,0
CTTGATTGTACAGC.1,0
CTTGTATGACGACT.1,0
CTTGTATGATCGTG.1,8
CTTGTATGCTCGCT.1,8
CTTGTATGTCTATC.1,2
CTTTACGAAGCCAT.1,4
CTTTACGACGAATC.1,4
CTTTACGACTTCCG.1,0
CTTTACGAGTTAGC.1,0
CTTTACGATTCATC.1,7
CTTTAGACGACTAC.1,5
CTTTAGACGTCACA.1,4
CTTTAGACTCGCAA.1,5
CTTTAGACTGGGAG.11,7
CTTTAGTGCTACCC.1,4
CTTTAGTGCTTTAC.1,0
CTTTAGTGGGTGTT.1,5
CTTTCAGACAACCA.1,6
CTTTCAGAGACGAG.1,5
CTTTCAGAGTGTCA.1,0
CTTTCAGATAGCCA.1,0
CTTTCAGATCTCCG.1,2
CTTTCAGATTTCTG.1,5
CTTTGATGCCGAAT.1,4
CTTTGATGGGGTGA.1,8
CTTTGATGGGTGGA.1,8
CTTTGATGGTAGGG.1,0
CTTTGATGGTCACA.1,2
CTTTGATGGTGTTG.1,0
GAAACAGAAGTTCG.11,4
GAAACAGATACTTC.1,2
GAAACAGATGGGAG.1,0
GAAACAGATGGTAC.1,2
GAAACCTGCTATTC.1,12
GAAACCTGCTTTAC.1,0
GAAACCTGGCAAGG.1,7
GAAACCTGGTAAGA.1,4
GAAACCTGTCTTTG.1,7
GAAAGATGAGTACC.1,7
GAAAGATGCACTTT.1,2
GAAAGATGGCCTTC.1,6
GAAAGATGGGATCT.1,0
GAAAGATGGGCAAG.1,7
GAAAGATGTAAAGG.1,0
GAAAGCCTCAAAGA.1,2
GAAAGTGAAGAAGT.1,0
GAAAGTGACGTCTC.1,0
GAAAGTGACTTCGC.1,2
GAAAGTGAGAATCC.1,5
GAAAGTGAGGTGTT.1,11
GAAAGTGATTCAGG.1,4
GAAATACTACCTCC.1,0
GAAATACTAGTCAC.1,2
GAAATACTCGACTA.1,5
GAAATACTCTGAAC.1,0
GAAATACTGGTTTG.1,5
GAAATACTTGGGAG.1,8
GAAATACTTGGTAC.1,0
GAAATACTTTGCAG.1,2
GAACACACAGCCAT.1,0
GAACACACTGGTGT.1,2
GAACACACTTCAGG.1,4
GAACAGCTCACTGA.1,8
GAACAGCTGCCTTC.1,6
GAACAGCTGGACGA.1,0
GAACAGCTGTACAC.1,4
GAACCAACCGGAGA.1,2
GAACCAACCTCCCA.1,0
GAACCTGAACACCA.1,0
GAACCTGATCAAGC.1,2
GAACGGGAACCACA.1,0
GAACGGGAATGCTG.1,2
GAACGGGACTCGAA.1,5
GAACGGGACTGATG.1,0
GAACGGGATACGAC.1,5
GAACGGGATGGTCA.1,0
GAACGTTGAAAGCA.1,8
GAACGTTGAGTACC.1,2
GAACGTTGCTACTT.1,5
GAACGTTGTGAGAA.1,5
GAACGTTGTTCATC.1,2
GAACTGTGCGTTAG.1,0
GAACTGTGGTTGAC.1,12
GAACTGTGTAGAGA.1,5
GAACTGTGTATCGG.1,0
GAAGAATGATGTGC.1,2
GAAGAATGCTAGCA.1,5
GAAGAATGGCAGTT.1,2
GAAGAATGTACGCA.1,5
GAAGAATGTGAGCT.1,2
GAAGATGACTGAGT.1,2
GAAGATGACTTCCG.1,8
GAAGATGAGTATCG.1,0
GAAGATGATCAGTG.1,0
GAAGATGATGGTTG.1,0
GAAGCGGAAAGATG.1,0
GAAGCGGAAAGGCG.1,0
GAAGCGGAAAGGTA.1,0
GAAGCGGAAGACTC.1,4
GAAGCGGACTTGCC.1,0
GAAGCGGAGCGGAA.1,5
GAAGCTACCAGAGG.1,4
GAAGCTACCAGGAG.1,8
GAAGCTACCCCTCA.1,2
GAAGCTACCCGCTT.1,8
GAAGCTACGTAGGG.1,8
GAAGCTTGACTACG.1,2
GAAGCTTGCCTTTA.1,4
GAAGCTTGTAACCG.1,2
GAAGCTTGTCCGTC.1,0
GAAGGGTGAGAAGT.1,5
GAAGGGTGAGCACT.1,2
GAAGGGTGATACCG.1,2
GAAGGGTGCATCAG.1,2
GAAGGGTGGAACCT.1,2
GAAGGGTGGACGGA.1,0
GAAGGTCTAGAAGT.1,8
GAAGGTCTAGTTCG.1,2
GAAGGTCTATCGTG.1,12
GAAGGTCTGCAAGG.1,0
GAAGTAGAACGGGA.1,0
GAAGTAGACGTAAC.1,0
GAAGTAGACTGTAG.1,2
GAAGTAGAGTTGCA.1,2
GAAGTCACATCTTC.1,7
GAAGTCACCCAGTA.1,0
GAAGTCACGGACGA.1,2
GAAGTCACGTGTAC.1,2
GAAGTCACTCGTAG.1,5
GAAGTCTGAAACGA.1,2
GAAGTCTGACTCAG.1,2
GAAGTCTGCACTGA.1,4
GAAGTCTGCCTAAG.1,0
GAAGTCTGGTCATG.1,4
GAAGTCTGTTCACT.1,14
GAAGTCTGTTTGCT.11,8
GAAGTGCTAGCGTT.1,0
GAAGTGCTCAGATC.11,2
GAAGTGCTGTCTTT.1,2
GAATGCACCAGAAA.1,0
GAATGCACCATACG.1,2
GAATGCACGCTATG.1,5
GAATGCACGTTCGA.1,0
GAATGCACTTACCT.1,2
GAATGCTGCCACCT.1,0
GAATGCTGCCCACT.1,2
GAATGCTGGCTCCT.1,2
GAATGCTGTTCATC.1,5
GAATGGCTAAACAG.1,8
GAATGGCTAGATCC.1,12
GAATGGCTATTCTC.1,2
GAATGGCTCCCTAC.1,9
GAATGGCTCTAAGC.1,8
GAATGGCTCTCAAG.11,0
GAATGGCTCTCATT.1,8
GAATGGCTGGTATC.1,8
GAATGGCTGTTCAG.1,4
GAATGGCTTCTCCG.1,12
GAATGGCTTGTCGA.1,8
GAATTAACACTTTC.1,2
GAATTAACTTCAGG.1,0
GACAACACACGTAC.1,2
GACAACACCGTCTC.1,2
GACAACACGGAGTG.1,2
GACAACACGTTAGC.1,0
GACAACACTTGAGC.1,2
GACAACTGCCAATG.1,11
GACAACTGCCATAG.1,2
GACAACTGCGCTAA.1,4
GACAACTGCTAGTG.1,7
GACAACTGTGCGTA.1,2
GACACTGAACTACG.1,12
GACACTGACTGTAG.1,2
GACACTGAGGTCAT.1,7
GACACTGATTCTAC.1,2
GACACTGATTTACC.1,0
GACAGGGATCGCCT.1,0
GACAGTACCAGTTG.1,11
GACAGTACCATTTC.1,2
GACAGTACGCAAGG.1,7
GACAGTACGCGTTA.11,2
GACAGTACGCTGTA.1,0
GACAGTACGTCAAC.1,5
GACAGTACTCCTCG.1,8
GACAGTACTTCCGC.1,6
GACAGTTGCCTTAT.1,4
GACAGTTGGAAGGC.1,0
GACAGTTGTCAGAC.1,5
GACAGTTGTCCGAA.1,0
GACATTCTACAGTC.1,7
GACATTCTACCGAT.1,3
GACATTCTGACGAG.1,0
GACATTCTGAGCTT.1,5
GACATTCTGGAACG.1,2
GACATTCTGTTTGG.1,4
GACCAAACACGGGA.1,8
GACCAAACAGTGTC.1,2
GACCAAACATTGGC.1,8
GACCAAACCTACCC.1,2
GACCAAACGATAGA.1,2
GACCAAACGTTCAG.1,2
GACCAAACTAGCGT.1,11
GACCATGAAAGGTA.1,0
GACCCTACATTCTC.1,2
GACCTAGAAAGCAA.1,8
GACCTAGACGCCTT.1,0
GACCTAGACGCTAA.1,2
GACCTCACAAGATG.1,8
GACCTCACACCCAA.1,0
GACCTCACAGGGTG.1,4
GACCTCACGTATCG.1,2
GACCTCACTGCTAG.1,4
GACCTCACTGGTCA.1,2
GACCTCTGAGGGTG.1,2
GACCTCTGCTGAAC.1,5
GACCTCTGGTGCTA.1,8
GACCTCTGTCTTCA.1,0
GACCTCTGTGCTTT.1,4
GACCTCTGTTGCGA.1,2
GACGAACTCATCAG.1,0
GACGAACTGTCAAC.1,14
GACGAACTTATCTC.1,0
GACGAACTTTTGTC.1,0
GACGAGGACATGAC.1,11
GACGAGGACCCGTT.1,2
GACGAGGACCGATA.1,4
GACGAGGACGTGAT.1,0
GACGAGGAGGACAG.1,5
GACGAGGAGGGACA.1,8
GACGAGGAGTCTAG.1,8
GACGAGGATGTGAC.1,0
GACGAGGATTGAGC.1,8
GACGATTGACGGGA.1,0
GACGATTGAGAGGC.1,0
GACGATTGCTTATC.1,2
GACGCCGAGCTGAT.1,8
GACGCCGAGGAGGT.1,4
GACGCCGAGTGTAC.1,0
GACGCCGAGTTAGC.1,4
GACGCCGAGTTGAC.1,2
GACGCCGATTTCTG.1,8
GACGCTCTCGATAC.1,8
GACGCTCTCTGTGA.1,0
GACGCTCTGTGCTA.1,2
GACGCTCTTCCGAA.1,2
GACGCTCTTGCTAG.1,0
GACGCTCTTGTGAC.1,2
GACGCTCTTTATCC.1,14
GACGGCACACAGCT.1,0
GACGGCACGTTCAG.1,2
GACGGCACTTTACC.1,10
GACGTAACAAAAGC.1,5
GACGTAACACGTGT.1,2
GACGTAACCACACA.1,5
GACGTAACCGCTAA.11,2
GACGTAACCGTTAG.1,11
GACGTAACGAATCC.1,2
GACGTAACGAGAGC.1,0
GACGTAACGTAGGG.1,2
GACGTAACGTTTGG.1,4
GACGTAACTGCTAG.1,0
GACGTAACTGCTCC.1,2
GACGTATGACTAGC.1,0
GACGTATGCCGTTC.1,4
GACGTATGGAAACA.1,0
GACGTATGTAACCG.1,2
GACGTCCTAAGTAG.1,0
GACGTCCTATCTTC.1,0
GACGTCCTGAGGCA.11,5
GACGTCCTGCGATT.1,0
GACGTCCTGGTAGG.1,8
GACGTCCTTCTTCA.1,0
GACGTCCTTGAACC.1,0
GACGTCCTTGTTCT.1,2
GACGTCCTTTTCTG.11,12
GACTACGACCTTTA.1,2
GACTACGAGAGGGT.11,4
GACTACGAGTCTGA.1,0
GACTACGAGTGAGG.11,0
GACTACGATGTGAC.1,2
GACTACGATGTTTC.1,0
GACTACGATTCACT.1,2
GACTCCTGAACTGC.1,2
GACTCCTGCTTCTA.1,0
GACTCCTGGAGCAG.1,12
GACTCCTGGGTTTG.1,2
GACTCCTGTATCTC.1,2
GACTCCTGTGTAGC.1,0
GACTGAACAAGTGA.1,2
GACTGAACATCTCT.1,4
GACTGAACCAGATC.1,14
GACTGAACCCAGTA.1,2
GACTGATGAAGGGC.1,2
GACTGATGACACAC.1,5
GACTGATGGAATCC.1,0
GACTGATGGTCCTC.1,2
GACTGATGGTTTGG.1,0
GACTGATGTAGACC.1,4
GACTGATGTGCCAA.1,4
GACTGTGAAAGCAA.1,0
GACTGTGAAGATCC.1,2
GACTGTGAAGGCGA.1,8
GACTGTGAAGTGCT.1,8
GACTGTGACAGATC.1,2
GACTGTGAGGAAGC.1,2
GACTGTGAGGTGGA.1,0
GACTGTGATCTTCA.1,4
GACTGTGATGCCAA.1,4
GACTGTGATTCGGA.1,2
GACTTTACATTCGG.1,5
GACTTTACCAGATC.1,0
GACTTTACTAAAGG.1,0
GACTTTACTTGCGA.1,0
GAGAAATGAGCAAA.1,2
GAGAAATGTCCAAG.1,0
GAGAAATGTTTCTG.1,0
GAGAAATGTTTGTC.1,5
GAGAGGTGACACTG.1,12
GAGAGGTGAGCACT.1,8
GAGAGGTGCCTGAA.1,14
GAGAGGTGCTGGAT.1,0
GAGAGGTGTCGCCT.1,0
GAGAGGTGTTTCGT.1,2
GAGATAGAAACGGG.1,2
GAGATAGACCGTAA.1,0
GAGATAGATGAGGG.1,2
GAGATAGATGCTAG.1,0
GAGATAGATGGTAC.1,0
GAGATCACACACTG.1,2
GAGATCACAGACTC.1,2
GAGATCACCCAAGT.1,4
GAGATCACCTTGGA.1,2
GAGATCACTCCCGT.1,0
GAGATCACTGATGC.1,0
GAGATCACTGCATG.1,2
GAGATGCTAAGGGC.1,0
GAGATGCTACCTAG.1,4
GAGATGCTATCGAC.1,2
GAGATGCTCGGTAT.1,2
GAGATGCTGTCATG.1,11
GAGATGCTTACAGC.1,11
GAGATGCTTGACTG.1,2
GAGATGCTTTAGGC.1,8
GAGATGCTTTCTAC.1,14
GAGCAACTACGTGT.1,0
GAGCAACTCTAAGC.1,2
GAGCAACTGCTGAT.1,2
GAGCAACTGTAAAG.1,4
GAGCAGGAACAGCT.1,2
GAGCAGGAAGTCTG.1,7
GAGCAGGACACTAG.1,8
GAGCAGGACCCGTT.1,8
GAGCAGGACGTAAC.1,5
GAGCAGGAGGCAAG.1,12
GAGCAGGATCGACA.1,2
GAGCATACACCAGT.1,0
GAGCATACATCGAC.1,5
GAGCATACCCAAGT.1,2
GAGCATACGGAAGC.1,0
GAGCATACGGAGTG.1,2
GAGCATACGGATCT.1,2
GAGCATACGGGATG.1,2
GAGCGAGAACTCTT.1,0
GAGCGAGACACAAC.1,0
GAGCGAGACGAGTT.1,2
GAGCGAGAGAATAG.1,7
GAGCGAGAGCGTAT.1,0
GAGCGAGATGGTCA.1,2
GAGCGAGATGTCGA.1,0
GAGCGAGATTCTAC.1,5
GAGCGCACAGAGAT.1,2
GAGCGCACCAGAGG.1,0
GAGCGCACCCAATG.1,5
GAGCGCTGACCTCC.1,8
GAGCGCTGCAAAGA.1,2
GAGCGCTGCTGGAT.1,4
GAGCGCTGGGATTC.1,11
GAGCGCTGGGCGAA.1,0
GAGCGCTGTTGTGG.1,5
GAGCGCTGTTTCTG.1,4
GAGCGGCTAACGGG.1,12
GAGCGGCTATGGTC.1,0
GAGCGGCTTGTCTT.1,6
GAGCTCCTGTCATG.1,2
GAGCTCCTGTTGTG.1,2
GAGCTCCTTACAGC.1,2
GAGGACGAACTCTT.1,5
GAGGACGACGGGAA.1,0
GAGGACGAGCAGTT.1,5
GAGGACGAGGCAAG.1,2
GAGGACGAGGTTTG.1,2
GAGGACGATGACCA.1,2
GAGGATCTGGCATT.1,5
GAGGATCTTAGCGT.1,0
GAGGATCTTCACGA.1,2
GAGGATCTTCTAGG.1,2
GAGGCAGATCATTC.1,5
GAGGCAGATGGTGT.1,0
GAGGCCACACAGTC.1,5
GAGGCCACAGTGCT.1,0
GAGGCCACCTACCC.1,8
GAGGCCACGTCCTC.1,6
GAGGCCACTGTTTC.1,4
GAGGGAACGATAAG.1,4
GAGGGAACGTTGTG.1,0
GAGGGAACTTATCC.1,2
GAGGGAACTTTGCT.1,0
GAGGGATGAGGGTG.1,5
GAGGGATGATCTCT.1,4
GAGGGATGCTTCCG.1,2
GAGGGATGGGGATG.1,0
GAGGGATGGTCACA.1,2
GAGGGATGTAGCCA.1,2
GAGGGATGTGCCAA.1,12
GAGGGATGTGTGAC.1,3
GAGGGATGTTCACT.1,0
GAGGGATGTTGAGC.1,0
GAGGGCCTAACGGG.1,2
GAGGGCCTACCTCC.1,2
GAGGGCCTACTAGC.1,0
GAGGGCCTAGAGGC.1,5
GAGGGCCTCAGAAA.1,2
GAGGGCCTCCTGTC.1,0
GAGGGTGAAGTAGA.1,0
GAGGGTGATAGTCG.1,0
GAGGGTGATGTCTT.1,2
GAGGGTGATTGCGA.1,0
GAGGGTGATTGCTT.1,2
GAGGGTGATTGGCA.1,0
GAGGTACTAAAACG.1,5
GAGGTACTAACGGG.1,0
GAGGTACTAAGGTA.1,12
GAGGTACTACGCAT.1,0
GAGGTACTACTACG.1,5
GAGGTACTCATGAC.1,2
GAGGTACTCTCTAT.1,8
GAGGTACTTGGTCA.1,0
GAGGTGGAATTCTC.1,5
GAGGTGGACTCATT.1,8
GAGGTGGAGCGAAG.1,2
GAGGTGGAGGTTCA.1,2
GAGGTGGATTGGTG.1,0
GAGGTTACCACTTT.1,5
GAGGTTACCTTTAC.1,12
GAGGTTACGAGAGC.1,2
GAGGTTACGCGGAA.1,5
GAGGTTTGAAGATG.1,12
GAGGTTTGAATCGC.1,0
GAGGTTTGATGCTG.1,4
GAGGTTTGCCTTAT.1,0
GAGGTTTGCGAGAG.1,7
GAGGTTTGGTCTAG.1,11
GAGGTTTGTGGAAA.1,5
GAGTAAGACTTGCC.1,2
GAGTAAGATCAGTG.1,6
GAGTAAGATGTGGT.1,0
GAGTACACACACAC.1,8
GAGTACACCATTGG.1,5
GAGTACACCATTTC.11,0
GAGTACACCTGACA.11,2
GAGTACACGCGTTA.11,6
GAGTACTGCGTAGT.1,2
GAGTACTGTCACGA.1,0
GAGTACTGTGATGC.1,5
GAGTCAACGAGACG.1,4
GAGTCAACGCAGAG.1,8
GAGTCAACGTGCAT.1,2
GAGTCAACTCGTGA.1,2
GAGTCTGAACCCAA.1,4
GAGTCTGAACCCTC.1,2
GAGTCTGAAGAAGT.1,2
GAGTCTGACCTTGC.1,4
GAGTGACTAAGCAA.1,2
GAGTGACTGCTGTA.1,0
GAGTGACTGGACGA.1,2
GAGTGACTTCGATG.1,0
GAGTGACTTCTCCG.1,0
GAGTGACTTGTCAG.1,5
GAGTGGGAAGCACT.1,2
GAGTGGGACATGAC.1,0
GAGTGGGATCTCGC.1,0
GAGTGGGATTGTGG.1,2
GAGTGTTGCTCAAG.1,4
GAGTGTTGGACAAA.1,2
GAGTGTTGGTCGAT.1,5
GAGTGTTGTTCCAT.1,2
GAGTTGTGACTTTC.1,5
GAGTTGTGCTTCTA.1,0
GAGTTGTGGAAAGT.1,0
GAGTTGTGGTCTAG.1,0
GAGTTGTGTGGAAA.1,0
GAGTTGTGTGGCAT.1,11
GATAAGGACCTCCA.1,8
GATAAGGACTGACA.1,2
GATAAGGAGTGTAC.1,0
GATAAGGATTTGGG.1,0
GATAATACGGTTTG.1,0
GATAATACTGAAGA.1,0
GATAATACTGTAGC.1,4
GATACTCTAACCTG.1,2
GATACTCTAATCGC.1,8
GATACTCTCCACCT.1,2
GATACTCTCGGTAT.1,0
GATACTCTGCAAGG.1,0
GATAGAGAAAACGA.1,2
GATAGAGAAACCGT.1,7
GATAGAGACCTTAT.1,2
GATAGAGACTGTTT.1,0
GATAGAGATGAGCT.1,14
GATAGAGATTTCAC.1,5
GATAGCACAAGCAA.1,2
GATAGCACACACTG.1,2
GATAGCACGAGATA.1,0
GATAGCACGGAGTG.1,2
GATAGCACTTGGTG.1,2
GATATAACAAAGCA.1,2
GATATAACATTTCC.1,2
GATATAACCTTAGG.1,0
GATATAACGAACTC.1,2
GATATAACGGTGGA.1,2
GATATAACGTTCGA.1,2
GATATATGAACTGC.1,5
GATATATGAATGCC.1,0
GATATATGATGCTG.1,0
GATATATGCTGGAT.1,2
GATATATGGTGTTG.1,7
GATATCCTACCAAC.1,7
GATATCCTAGGAGC.1,4
GATATCCTGTAAAG.1,12
GATATCCTGTGTTG.1,2
GATATCCTTGGGAG.1,4
GATATTGAAGCGTT.1,4
GATATTGAAGTGTC.1,2
GATATTGATTGGTG.1,5
GATCATCTCTGATG.1,11
GATCCCTGACTCTT.1,2
GATCCCTGCTACGA.1,0
GATCCCTGGTAGGG.1,8
GATCCCTGTCCCAC.1,14
GATCCGCTAGGTTC.1,0
GATCCGCTTCTCGC.1,4
GATCGAACACTTTC.1,8
GATCGAACATGCCA.1,0
GATCGAACATGTGC.1,2
GATCGAACCATACG.11,0
GATCGAACCGGGAA.1,2
GATCGAACGGTGTT.1,0
GATCGAACTTTGTC.1,8
GATCGATGAAAGTG.1,7
GATCGATGAGATCC.1,2
GATCGATGCGTTAG.1,2
GATCGATGGAAAGT.1,0
GATCGTGAATGTGC.1,0
GATCGTGACAGGAG.1,2
GATCGTGACCACAA.1,8
GATCGTGACGGAGA.1,0
GATCGTGACTACCC.1,11
GATCGTGAGAACCT.1,0
GATCGTGATCCGTC.1,4
GATCGTGATGAGCT.1,4
GATCTACTCGCTAA.1,2
GATCTACTCTCGAA.1,0
GATCTTACACACCA.1,0
GATCTTACAGAATG.1,11
GATCTTACCCAACA.1,7
GATCTTACGGTCTA.1,8
GATCTTACTCCCAC.1,14
GATCTTTGACACCA.1,12
GATCTTTGAGTCGT.1,0
GATCTTTGCGACAT.1,0
GATCTTTGGCTGAT.1,4
GATCTTTGTCAGTG.1,0
GATGACACACGTTG.1,2
GATGACACCATACG.1,0
GATGACACGTTACG.1,2
GATGACACTTCTCA.1,2
GATGCAACATCGGT.1,4
GATGCAACGAATAG.1,5
GATGCAACTTGGTG.1,2
GATGCATGAGCAAA.1,0
GATGCATGCACTAG.1,2
GATGCATGCCTTTA.1,5
GATGCATGCGCCTT.1,2
GATGCATGGAGGCA.1,2
GATGCATGGGAACG.1,0
GATGCATGTTTGGG.1,0
GATGCCCTACGTAC.1,2
GATGCCCTCGTAGT.1,0
GATGCCCTGACAGG.1,2
GATGCCCTTCTTAC.1,0
GATGCCCTTGAGAA.1,8
GATTACCTAAAAGC.1,14
GATTACCTAAACAG.1,2
GATTACCTAACAGA.1,14
GATTACCTAACGAA.1,0
GATTACCTAGGGTG.1,4
GATTACCTCATGAC.1,4
GATTACCTCGGGAA.1,6
GATTACCTCTGTGA.1,2
GATTACCTGGATTC.1,14
GATTACCTGGGATG.1,4
GATTACCTTACAGC.1,0
GATTACCTTCCTAT.1,12
GATTACCTTCTAGG.1,0
GATTACCTTCTATC.1,8
GATTACCTTGTCGA.1,2
GATTCGGAACGGGA.1,4
GATTCGGACGATAC.1,5
GATTCGGAGGCAAG.1,0
GATTCGGATCACGA.1,2
GATTCGGATGTCCC.1,8
GATTCTACACTCTT.1,7
GATTCTACGAGGCA.1,2
GATTCTACGTCACA.1,0
GATTCTACTTAGGC.1,5
GATTCTACTTCTAC.1,2
GATTCTTGAGTGTC.1,0
GATTCTTGCAACTG.1,4
GATTCTTGGTTAGC.1,0
GATTCTTGTCGCAA.1,2
GATTCTTGTCTATC.1,0
GATTCTTGTCTTTG.1,5
GATTCTTGTTGTCT.1,2
GATTCTTGTTTCGT.1,5
GATTGGACATGCTG.1,2
GATTGGACTCACGA.11,5
GATTGGACTGTTTC.1,2
GATTGGACTTACTC.1,7
GATTGGTGACCTTT.1,5
GATTGGTGAGGAGC.1,0
GATTGGTGCTGACA.1,8
GATTGGTGTATCTC.1,5
GATTGGTGTATGCG.1,0
GATTGGTGTGGAAA.1,0
GATTGGTGTGGTGT.1,11
GATTTAGAACCAAC.1,0
GATTTAGAATGACC.1,4
GATTTAGAATTCCT.1,0
GATTTAGAGAATAG.1,0
GATTTAGAGTAGCT.1,2
GATTTAGATTTCAC.1,2
GATTTGCTACCCTC.1,11
GATTTGCTACGCTA.1,0
GATTTGCTACGTAC.1,0
GATTTGCTCTTACT.1,0
GATTTGCTGTACCA.1,2
GCAAACTGAAGATG.1,0
GCAAACTGACACCA.1,0
GCAAACTGAGTGCT.1,2
GCAAACTGCTCAGA.1,4
GCAAACTGGTGCTA.1,2
GCAACCCTAGGAGC.1,14
GCAACCCTCTGTGA.1,7
GCAACCCTGTCACA.1,7
GCAACCCTTTACTC.1,0
GCAACTGAAAGTAG.1,7
GCAACTGAACCTAG.1,8
GCAACTGACACACA.1,4
GCAACTGACGATAC.1,0
GCAACTGATCAGGT.11,2
GCAACTGATTCGGA.1,8
GCAAGACTAACCGT.1,5
GCAAGACTCGGAGA.1,5
GCAAGACTGAACCT.1,2
GCAAGACTGACGAG.1,0
GCAAGACTTGCCTC.1,0
GCAAGACTTTACTC.1,4
GCAAGACTTTATCC.1,12
GCAATCGATGCTCC.1,0
GCAATCGATGTCCC.1,0
GCAATTCTACCCAA.1,0
GCAATTCTACCCTC.1,2
GCAATTCTACTACG.1,0
GCAATTCTCTAGCA.1,8
GCAATTCTTGGGAG.1,5
GCACAAACACTGTG.1,7
GCACAAACCCATGA.1,2
GCACAAACGGTAGG.1,4
GCACAATGAATCGC.1,0
GCACAATGACTGTG.1,0
GCACAATGAGCTCA.1,12
GCACAATGATGTCG.1,0
GCACAATGCAGTCA.1,0
GCACAATGCTTCGC.1,4
GCACAATGGTAGCT.1,2
GCACAATGTCCCAC.1,2
GCACACCTACGCTA.1,2
GCACACCTCCATAG.1,2
GCACCACTAAGGTA.1,7
GCACCACTCTCTCG.1,7
GCACCTACTCAAGC.1,2
GCACCTACTGGTTG.1,5
GCACCTTGAGTGCT.1,2
GCACCTTGATGCCA.1,7
GCACCTTGGGGAGT.1,6
GCACGGACAGAGGC.1,12
GCACGGACATGACC.1,2
GCACGGACCGTGAT.1,2
GCACGGACCTCTCG.1,0
GCACGGACCTTGCC.1,5
GCACGGACGGTGTT.1,2
GCACGGTGACTGTG.1,5
GCACGGTGCCTACC.1,0
GCACGGTGGACTAC.1,0
GCACGGTGGGCAAG.1,7
GCACGGTGGGGATG.1,2
GCACGTCTAATCGC.1,0
GCACGTCTACTGGT.1,0
GCACGTCTCCTCCA.1,0
GCACGTCTCTGGTA.1,8
GCACGTCTCTTACT.1,0
GCACGTCTGAACCT.1,0
GCACGTCTGGTCTA.1,2
GCACGTCTGTTACG.1,2
GCACGTCTTCGTTT.1,2
GCACGTCTTGTTCT.1,2
GCACTAGAAGTGCT.1,2
GCACTAGAATTTCC.1,0
GCACTAGACGAACT.1,0
GCACTAGAGCGTAT.1,0
GCACTGCTACGGTT.1,6
GCACTGCTATCAGC.1,8
GCACTGCTGAAACA.1,0
GCACTGCTGCCATA.1,11
GCACTGCTGGTATC.1,8
GCACTGCTGGTGAG.1,0
GCACTGCTTCCGAA.1,0
GCACTGCTTGCTCC.1,0
GCAGATACAACCAC.1,2
GCAGATACAAGCCT.11,0
GCAGATACAGGTCT.1,8
GCAGATACCCCAAA.1,0
GCAGATACGGAAAT.1,4
GCAGATACGGTATC.1,0
GCAGATACTTCTGT.1,8
GCAGCCGAAGCCAT.1,0
GCAGCCGACTCCAC.1,2
GCAGCCGACTCTAT.1,0
GCAGCCGACTGTCC.1,12
GCAGCCGATCGCAA.1,12
GCAGCGTGAACGGG.1,2
GCAGCGTGCTCTCG.1,8
GCAGCGTGTCCCGT.1,2
GCAGCGTGTGAGGG.1,2
GCAGCGTGTGTCTT.1,0
GCAGGCACACTCTT.1,2
GCAGGCACCTGGAT.1,2
GCAGGGCTACGTTG.1,4
GCAGGGCTCGTTGA.1,2
GCAGGGCTGAAAGT.11,4
GCAGGGCTGCCAAT.1,0
GCAGGGCTTGAGCT.1,8
GCAGGGCTTGCAAC.1,2
GCAGTCCTAACGAA.1,7
GCAGTCCTACTGTG.1,0
GCAGTCCTCAACCA.1,0
GCAGTCCTCTCCAC.1,2
GCAGTCCTTGACAC.1,0
GCAGTTGAATGCTG.1,5
GCAGTTGAGCGAAG.1,2
GCAGTTGATATCTC.1,8
GCAGTTGATTCTTG.1,11
GCATCAGAAAGTGA.1,0
GCATCAGACCTCGT.1,0
GCATCAGAGTTCTT.1,2
GCATGATGAGGGTG.1,12
GCATGATGGTCAAC.1,0
GCATGATGTCAAGC.1,2
GCATGTGACAAAGA.1,4
GCATGTGACTAAGC.1,4
GCATGTGAGAGGTG.1,0
GCATGTGATTCAGG.1,2
GCATTGGAAGTACC.1,2
GCATTGGAGATAGA.1,8
GCATTGGAGGTAAA.1,5
GCATTGGATTCTGT.1,0
GCCAAAACAGGTTC.1,7
GCCAAAACATGCTG.1,8
GCCAAATGGAAACA.1,2
GCCAAATGGCTATG.1,2
GCCAAATGGTACAC.1,2
GCCAACCTGAGGAC.1,0
GCCAACCTGCATAC.1,0
GCCAACCTGCATCA.1,7
GCCAACCTGGACTT.1,4
GCCAACCTGGAGCA.1,0
GCCAACCTGTGCAT.1,2
GCCAACCTGTTGTG.1,4
GCCACGGACGAATC.11,4
GCCACGGACGCCTT.1,0
GCCACGGAGACGAG.1,2
GCCACGGATGCTTT.1,0
GCCACGGATTTGTC.1,5
GCCACTACAAACGA.1,5
GCCACTACGAATCC.1,2
GCCACTACGCCTTC.1,2
GCCACTACGGTAGG.1,0
GCCACTACGTCGTA.1,0
GCCACTACGTTGTG.1,0
GCCACTACTCCAGA.1,2
GCCACTACTGCATG.1,10
GCCACTACTGGTAC.1,0
GCCACTACTTCGCC.11,2
GCCATCACCATGGT.1,5
GCCATCACCCCGTT.1,4
GCCATCACCTCTAT.1,0
GCCATCACGATACC.1,0
GCCATCACGGATCT.1,0
GCCATCACGGTTTG.1,2
GCCATCACTAGCCA.1,11
GCCATCACTTCTCA.11,5
GCCATGCTAACGGG.1,2
GCCATGCTACTACG.1,5
GCCATGCTCCCTCA.1,0
GCCATGCTCTCCAC.1,5
GCCATGCTGGGCAA.1,12
GCCCAACTCAACTG.1,8
GCCCAACTCCGCTT.1,2
GCCCAACTGCATAC.1,0
GCCCAACTTTCGGA.1,3
GCCCAGGAAGCCTA.1,2
GCCCAGGACATCAG.1,4
GCCCAGGACATTCT.1,11
GCCCAGGACCACAA.1,2
GCCCAGGAGAGATA.1,2
GCCCATACACAGCT.1,7
GCCCATACGAACCT.1,4
GCCCATACGAGGAC.1,5
GCCCATACGTCAAC.1,4
GCCCATACTAAGCC.1,4
GCCCATACTCTACT.1,2
GCCGACGACGAATC.1,8
GCCGACGATGCATG.1,4
GCCGACGATTCTCA.1,2
GCCGAGTGATCTCT.1,0
GCCGAGTGTCTATC.1,8
GCCGAGTGTGGTTG.1,0
GCCGGAACGCTTAG.1,5
GCCGGAACGTTTCT.1,2
GCCGGAACTCGCTC.1,2
GCCGGAACTGCGTA.1,4
GCCGTACTACGGTT.1,5
GCCGTACTAGCTAC.1,2
GCCGTACTGCCATA.1,14
GCCTACACCACCAA.1,2
GCCTACACCTGCAA.11,11
GCCTACACTGCTCC.1,2
GCCTAGCTAGGAGC.1,7
GCCTAGCTGGAAGC.1,0
GCCTAGCTGGTAGG.1,0
GCCTAGCTGTTCTT.1,2
GCCTAGCTTTCTGT.1,2
GCCTCAACCTGAAC.1,2
GCCTCAACTAGAAG.1,2
GCCTCATGATGCTG.1,8
GCCTCATGCAGTTG.1,0
GCCTCATGGAAACA.1,5
GCCTCATGGAATCC.1,5
GCCTCATGGATACC.1,0
GCCTCATGGTGAGG.1,0
GCCTGACTCCAATG.1,4
GCCTGACTCTCTTA.1,2
GCCTGACTGACTAC.1,2
GCCTGACTGAGATA.1,0
GCCTGACTGCTAAC.1,2
GCCTGACTTATGCG.1,5
GCCTGACTTGATGC.1,4
GCCTGACTTGGATC.1,4
GCCTGACTTTCTAC.1,12
GCGAAGGAAGTGCT.1,2
GCGAAGGAATTCCT.1,2
GCGAAGGACGTTGA.1,12
GCGACTCTCTGTAG.1,2
GCGACTCTCTTCTA.1,2
GCGACTCTGCGTTA.1,3
GCGACTCTTTTCTG.1,0
GCGAGAGAAGATGA.1,0
GCGAGAGAGCAAGG.1,2
GCGAGAGATAAGGA.1,8
GCGAGCACACCAAC.1,5
GCGAGCACGAGCTT.1,8
GCGAGCACTCCTTA.1,0
GCGAGCACTGAACC.1,5
GCGATATGCGACTA.1,2
GCGATATGGAGGGT.1,8
GCGATATGTACTCT.1,2
GCGATATGTGACCA.11,2
GCGATATGTTGCGA.1,8
GCGCACGAACACCA.11,2
GCGCACGAAGTACC.1,0
GCGCACGACCACAA.1,2
GCGCACGAGCTCCT.1,2
GCGCACGAGGCGAA.1,0
GCGCACGATATCGG.1,8
GCGCATCTCAGAAA.1,2
GCGCATCTCCCTCA.1,2
GCGCATCTGGAGCA.1,8
GCGCGAACACCCAA.1,4
GCGCGAACCCTTAT.1,0
GCGCGATGAAGAAC.1,11
GCGCGATGAAGATG.1,0
GCGCGATGACCCTC.1,2
GCGCGATGCCTAAG.1,2
GCGCGATGGCAAGG.1,8
GCGCGATGTCGTGA.1,3
GCGGACTGAAAGCA.1,2
GCGGACTGCTTCTA.1,2
GCGGACTGGACAAA.1,5
GCGGACTGGCAGTT.1,11
GCGGACTGGCTACA.1,2
GCGGACTGGTAGGG.1,12
GCGGACTGTCTTCA.1,2
GCGGACTGTTCTGT.1,8
GCGGAGCTACCTGA.1,5
GCGGAGCTAGATCC.1,0
GCGGAGCTCGCTAA.1,7
GCGGAGCTCTAGCA.1,0
GCGGAGCTGCCCTT.1,0
GCGGAGCTTCTTTG.1,0
GCGGAGCTTGAGAA.1,2
GCGGAGCTTGCAAC.1,2
GCGGCAACGCTGTA.1,12
GCGGCAACTCTTAC.1,8
GCGGGACTCAGAGG.1,5
GCGGGACTTTCAGG.1,5
GCGTAAACAAAGTG.1,0
GCGTAAACCACTGA.1,8
GCGTAAACCAGCTA.1,8
GCGTAAACGTTAGC.1,2
GCGTAATGACCAAC.1,12
GCGTAATGCTGCTC.1,11
GCGTAATGGATAGA.1,0
GCGTAATGGGTAAA.1,0
GCGTAATGTGCATG.1,2
GCGTACCTACGCTA.1,4
GCGTACCTCGTAGT.1,4
GCGTACCTGTTGCA.1,5
GCGTATGACTCTAT.1,2
GCGTATGACTTCCG.1,0
GCGTATGAGTTGGT.1,0
GCGTATGATCTCGC.1,0
GCGTATGATTCATC.1,2
GCTACAGAAAGCAA.1,5
GCTACAGAACACAC.1,7
GCTACAGACATTCT.1,2
GCTACAGACTACCC.1,0
GCTACAGACTAGTG.1,0
GCTACAGACTGAAC.1,4
GCTACAGACTTGCC.1,2
GCTACAGATTCTAC.1,2
GCTACCTGGAATAG.1,0
GCTACCTGGGAGTG.1,0
GCTACCTGTGGTCA.1,0
GCTACCTGTGGTTG.1,0
GCTACGCTCGTTAG.1,2
GCTACGCTCTCCCA.1,7
GCTACGCTCTTCGC.1,4
GCTACGCTGAACTC.1,2
GCTACGCTGGTACT.1,2
GCTACGCTTCGACA.1,0
GCTACGCTTGCACA.1,2
GCTAGAACCGCTAA.1,2
GCTAGAACTTTCAC.1,0
GCTAGATGAAGGTA.1,10
GCTAGATGCGATAC.1,0
GCTAGATGTCCCGT.1,5
GCTAGATGTCTTTG.1,0
GCTAGATGTGTTCT.1,0
GCTAGATGTTTCTG.1,4
GCTATACTCAGTCA.1,2
GCTATACTTGACTG.1,0
GCTCAAGAAGGTCT.1,0
GCTCAAGAATGGTC.1,4
GCTCAAGACGAGAG.1,8
GCTCAAGACGTACA.1,2
GCTCAAGACTAGTG.1,2
GCTCAAGAGGAGCA.1,0
GCTCAAGAGGGACA.1,5
GCTCACTGAAAAGC.1,2
GCTCACTGCTCATT.11,5
GCTCACTGCTCGCT.1,2
GCTCACTGGGTTCA.1,2
GCTCAGCTAACCTG.1,5
GCTCAGCTATGTCG.1,2
GCTCAGCTCGCCTT.1,8
GCTCAGCTTGCTTT.1,4
GCTCCATGAGCAAA.1,4
GCTCCATGAGCATC.1,4
GCTCCATGAGCCTA.1,4
GCTCCATGCTCATT.1,5
GCTCCATGCTGTAG.1,4
GCTCCATGCTTGTT.1,8
GCTCCATGGGCAAG.1,8
GCTCCATGGTCAAC.1,4
GCTCCATGTCAGAC.1,7
GCTCCATGTCCCAC.1,8
GCTCGACTCCTAAG.1,0
GCTCGACTCCTCGT.1,2
GCTCGACTGCATCA.1,0
GCTCGACTGTCACA.1,0
GCTCGACTGTTGTG.1,11
GCTCGACTTAGCGT.1,12
GCTCGACTTTGGTG.1,4
GCTGATGAAGCCAT.1,5
GCTGATGACTCGCT.1,7
GCTGATGATGGTTG.1,0
GCTTAACTAAGTGA.1,2
GCTTAACTCACAAC.1,0
GCTTAACTCTGTAG.1,8
GCTTAACTGCATCA.1,2
GCTTAACTTCTCAT.1,4
GCTTGAGAAAGATG.1,2
GCTTGAGAAGACTC.1,2
GCTTGAGAAGTACC.1,4
GCTTGAGAAGTCTG.1,4
GCTTGAGAATGCTG.1,0
GCTTGAGAGAGGAC.1,0
GCTTGAGAGTCGTA.1,0
GCTTGAGATTCGGA.1,4
GGAACACTCAGATC.1,2
GGAACACTCCAGTA.1,8
GGAACACTGGATCT.1,4
GGAACACTTCGATG.1,2
GGAACACTTCGTAG.1,0
GGAACACTTTCGGA.11,0
GGAACTACCCTTAT.1,8
GGAACTACCTTGCC.1,2
GGAACTACGTTCAG.1,2
GGAACTACTCCTCG.1,2
GGAACTTGACACAC.1,0
GGAACTTGACTGTG.1,0
GGAACTTGCACTGA.1,2
GGAACTTGCGAGAG.1,2
GGAACTTGCGGGAA.1,0
GGAACTTGCTACTT.1,2
GGAACTTGGGGCAA.1,0
GGAACTTGTCTGGA.1,0
GGAAGGACAGTCTG.1,6
GGAAGGACCCATGA.1,5
GGAAGGTGAGCCAT.1,0
GGAAGGTGAGTAGA.1,0
GGAAGGTGCAGGAG.1,2
GGAAGGTGCCCTCA.1,2
GGAATCTGAGAACA.1,0
GGAATCTGCTGAAC.1,5
GGAATCTGGGGACA.1,4
GGAATGCTCTTGAG.1,11
GGAATGCTGTAAAG.1,0
GGAATGCTTGGAGG.1,0
GGAATGCTTGTTTC.1,2
GGAATGCTTTCATC.1,0
GGAATGCTTTGTGG.1,2
GGACAACTAGTGTC.1,0
GGACAACTCCGTAA.1,2
GGACAACTGAGAGC.1,0
GGACAACTGCTCCT.1,2
GGACAGGAACCTTT.1,4
GGACAGGAATTCCT.1,0
GGACAGGACTTAGG.1,2
GGACAGGAGATGAA.1,6
GGACAGGATTGTGG.1,2
GGACATTGAAAGCA.1,14
GGACATTGATGCCA.1,8
GGACATTGCTTGCC.1,5
GGACATTGCTTGGA.1,2
GGACATTGTTCTCA.1,12
GGACCCGACTGTAG.1,4
GGACCCGAGCGAAG.1,2
GGACCCGAGTACGT.1,0
GGACCCGATTATCC.1,0
GGACCGTGCATTCT.1,14
GGACCGTGTCCGTC.1,2
GGACCTCTACCAGT.1,2
GGACCTCTACGCAT.1,2
GGACCTCTACTACG.1,2
GGACCTCTAGCTAC.1,0
GGACCTCTCGAACT.1,2
GGACCTCTGAGGGT.1,2
GGACCTCTTCCAGA.1,0
GGACCTCTTGCACA.1,4
GGACGAGAAAGGCG.1,0
GGACGAGAATGGTC.1,5
GGACGAGACGAACT.1,0
GGACGAGAGAGGGT.1,2
GGACGAGAGCCAAT.1,2
GGACGAGATGTTTC.1,0
GGACGAGATTGGTG.1,2
GGACGCACACGGGA.1,8
GGACGCACATGCTG.1,4
GGACGCACCGCCTT.1,8
GGACGCACTTAGGC.1,12
GGACGCTGAATCGC.1,8
GGACGCTGACTCTT.1,0
GGACGCTGCCAAGT.1,5
GGACGCTGGAATGA.1,0
GGACGCTGTCGTTT.1,2
GGACTATGATCGTG.1,5
GGACTATGCACCAA.1,2
GGACTATGCTGATG.1,2
GGACTATGGACAGG.1,2
GGACTATGGGAACG.1,2
GGACTATGGGAGGT.11,0
GGACTATGGGTCTA.1,0
GGACTATGTACTGG.1,0
GGACTATGTGAGGG.1,0
GGAGACGAAACGTC.1,0
GGAGACGAACGTGT.1,2
GGAGACGAAGATGA.1,10
GGAGACGAAGGCGA.1,7
GGAGACGAAGTCTG.1,2
GGAGACGACTAGCA.1,0
GGAGACGACTCCCA.1,2
GGAGACGATACTCT.1,7
GGAGACGATTCCGC.1,2
GGAGAGACATGCTG.1,0
GGAGAGACCTGTCC.1,0
GGAGAGACGCTGTA.1,0
GGAGAGACTAGACC.11,10
GGAGCAGAAAGGTA.1,14
GGAGCAGAACGGGA.1,5
GGAGCAGAGAACTC.1,2
GGAGCAGAGTGCAT.1,8
GGAGCAGATGCTAG.1,0
GGAGCAGATGCTCC.1,4
GGAGCAGATTATCC.1,0
GGAGCCACAAAACG.1,2
GGAGCCACCATCAG.1,0
GGAGCCACGCGGAA.1,0
GGAGCCACGTCATG.1,2
GGAGGATGGGGAGT.1,0
GGAGGATGGTGTTG.1,2
GGAGGATGTCATTC.1,4
GGAGGATGTGTAGC.1,0
GGAGGCCTACTACG.1,0
GGAGGCCTAGTACC.1,0
GGAGGCCTCATCAG.1,5
GGAGGCCTCCTCAC.1,0
GGAGGCCTGCATAC.1,2
GGAGGCCTTCGACA.1,2
GGAGGCCTTTAGGC.1,2
GGAGGCCTTTGCGA.1,8
GGAGGCCTTTTACC.1,0
GGAGGTGAATGCCA.1,0
GGAGGTGACTTCTA.1,11
GGAGGTGAGCGAGA.1,2
GGAGGTGAGTGTTG.1,2
GGAGGTGAGTTACG.1,0
GGAGTTACAAACGA.1,2
GGAGTTACACTTTC.1,2
GGAGTTACAGTGCT.1,0
GGAGTTACATTCTC.1,0
GGAGTTACCAATCG.1,2
GGAGTTACCACTGA.1,8
GGAGTTACGGATTC.1,0
GGAGTTACGTTCTT.1,4
GGAGTTACGTTGCA.1,14
GGAGTTACTATCGG.1,6
GGAGTTACTCTACT.1,6
GGAGTTTGACTCAG.1,0
GGAGTTTGTGGAAA.1,0
GGAGTTTGTTCGGA.1,0
GGATACTGACCGAT.1,11
GGATACTGAGAAGT.1,2
GGATACTGAGCCAT.1,4
GGATACTGCCCACT.1,5
GGATACTGCCGATA.1,4
GGATACTGGTCGTA.1,2
GGATAGCTCGAGAG.1,2
GGATAGCTGCAGTT.1,0
GGATAGCTGCCCTT.1,4
GGATAGCTGTCTGA.1,0
GGATGTACCCAATG.1,2
GGATGTACTCGACA.1,2
GGATGTTGAGATGA.1,0
GGATGTTGAGCCAT.1,0
GGATGTTGATCTCT.1,4
GGATGTTGGGTGAG.1,0
GGATGTTGGTATCG.1,2
GGATGTTGTCAGAC.1,0
GGATGTTGTTTCGT.1,5
GGATTGTGACGGTT.1,8
GGATTGTGACTCAG.1,0
GGATTGTGACTGGT.1,6
GGATTGTGATCGGT.11,0
GGATTGTGCTTAGG.1,4
GGATTGTGTCAAGC.1,8
GGATTGTGTGCAGT.1,0
GGATTGTGTGTGGT.1,2
GGATTTCTTCCAAG.1,7
GGATTTCTTCGCCT.1,4
GGCAAGGAACGCAT.1,4
GGCAAGGATCTATC.1,11
GGCAATACTCCCGT.1,0
GGCAATACTGCTTT.1,0
GGCACGTGAGCGTT.1,4
GGCACGTGCATTGG.1,7
GGCACGTGTATGGC.1,0
GGCACGTGTGGTCA.1,0
GGCACTCTAAGAAC.1,5
GGCACTCTCGTAAC.1,2
GGCACTCTCTAGTG.1,4
GGCACTCTTAGCGT.1,0
GGCACTCTTGCACA.1,2
GGCACTCTTGGAGG.1,0
GGCATATGAACGTC.1,0
GGCATATGATCGTG.1,4
GGCATATGCCTAAG.1,5
GGCATATGTCTATC.1,0
GGCATATGTCTCGC.1,0
GGCCACGAATCTCT.1,2
GGCCACGACCGATA.1,0
GGCCACGAGTCCTC.1,2
GGCCACGAGTTGAC.1,0
GGCCAGACAAACAG.1,2
GGCCAGACATGGTC.1,8
GGCCAGACCATTTC.1,8
GGCCAGACTAGTCG.1,2
GGCCAGACTTCATC.1,14
GGCCCAGAACCCTC.1,4
GGCCCAGACGACTA.1,8
GGCCCAGACGTGTA.1,4
GGCCCAGAGGGCAA.1,0
GGCCCAGAGTAGGG.1,0
GGCCCAGATATTCC.1,0
GGCCGAACCCCTAC.1,2
GGCCGAACGTTGTG.1,12
GGCCGAACTGTCCC.1,0
GGCCGATGGCGTTA.1,2
GGCCGATGGTAGGG.1,11
GGCGACACAAACAG.1,2
GGCGACACTTCCGC.1,0
GGCGACTGAGCACT.1,0
GGCGACTGCAGAAA.1,2
GGCGACTGTGACAC.1,5
GGCGCATGACTCTT.1,2
GGCGCATGCCACAA.1,0
GGCGCATGCCCGTT.1,2
GGCGCATGCCTAAG.1,0
GGCGCATGCGCCTT.1,0
GGCGCATGCTCAGA.1,5
GGCGCATGGAACTC.1,2
GGCGCATGGAGCTT.1,5
GGCGCATGGCGTTA.1,0
GGCGCATGTCAGTG.1,2
GGCGCATGTCTATC.1,0
GGCGCATGTTAGGC.1,7
GGCGGACTACTCAG.1,8
GGCGGACTAGCCTA.1,6
GGCGGACTCGAATC.1,0
GGCGGACTGGAACG.1,12
GGCGGACTGTATCG.1,0
GGCGGACTTCGACA.1,2
GGCGGACTTCGCTC.1,0
GGCTAAACATCTCT.1,2
GGCTAAACCGAACT.1,2
GGCTAAACCTATGG.1,2
GGCTAAACTCGCCT.1,2
GGCTAAACTGGAAA.1,2
GGCTAATGAGCGTT.1,12
GGCTAATGCCGATA.1,2
GGCTAATGCTCGAA.1,2
GGCTAATGGAGATA.1,4
GGCTAATGGCGTTA.1,6
GGCTAATGTCACGA.1,11
GGCTACCTAACAGA.1,5
GGCTACCTAGAATG.1,2
GGCTACCTGGTTAC.1,4
GGCTACCTTCCGAA.1,2
GGCTCACTACTTTC.1,0
GGCTCACTTCCAAG.1,0
GGGAACGAGGTTTG.1,2
GGGAAGACATCGTG.1,2
GGGAAGACCCGCTT.1,8
GGGAAGACCCTACC.1,2
GGGAAGACCTGAGT.1,4
GGGAAGACGAATCC.11,2
GGGAAGACGAATGA.1,2
GGGAAGACGGTTCA.1,2
GGGAAGACTCAGAC.1,4
GGGAAGTGAGAGTA.1,5
GGGAAGTGGCTGAT.1,14
GGGAAGTGTATTCC.1,0
GGGACCACATACCG.1,7
GGGACCACCCTCGT.1,8
GGGACCACCCTTGC.1,0
GGGACCACCTTCGC.11,0
GGGACCACTTCCAT.1,4
GGGACCTGGAGGCA.1,2
GGGACCTGGCCATA.1,0
GGGACCTGGGATCT.1,0
GGGACCTGTACGCA.1,0
GGGACCTGTCTTCA.1,0
GGGACCTGTTCCGC.1,6
GGGATGGACTGACA.1,0
GGGATGGATCCAGA.1,0
GGGATGGATGCCCT.11,0
GGGATGGATGTGCA.1,2
GGGATTACAAAGCA.1,0
GGGATTACCCCACT.1,2
GGGCAAGAACGCAT.1,2
GGGCAAGAACTGTG.1,2
GGGCAAGAAGCTAC.1,8
GGGCAAGAATCGAC.1,0
GGGCAAGAGCGAGA.1,0
GGGCAAGATCCCAC.1,7
GGGCACACACCGAT.1,0
GGGCACACACCTCC.1,0
GGGCACACCTGTCC.1,0
GGGCACACGAGATA.1,0
GGGCACACTATCGG.1,8
GGGCACACTTCCGC.1,2
GGGCAGCTGAGAGC.1,0
GGGCAGCTTGAACC.1,0
GGGCCAACCAGATC.1,2
GGGCCAACCGCTAA.1,0
GGGCCAACCTAGCA.1,2
GGGCCAACGAGAGC.1,2
GGGCCAACTGTGGT.1,7
GGGCCATGAACCAC.1,2
GGGCCATGAAGTAG.1,2
GGGCCATGCAGAAA.1,0
GGGCCATGCAGTCA.1,2
GGGCCATGCATCAG.1,5
GGGCCATGCATGAC.1,7
GGGCCATGCCCTTG.1,2
GGGCCATGCTATTC.1,0
GGGCCATGCTGTAG.1,2
GGGCCATGCTTGAG.1,6
GGGCCATGTAGCCA.1,11
GGGTAACTATCGTG.1,12
GGGTAACTCTGAGT.1,2
GGGTAACTGGGATG.1,12
GGGTAACTGTACGT.1,4
GGGTAACTGTCTAG.1,8
GGGTAACTTGAGAA.1,0
GGGTTAACCATGCA.1,5
GGGTTAACCGAATC.1,2
GGGTTAACGTAGCT.1,8
GGGTTATGAAGTGA.1,4
GGGTTATGGTTGGT.1,5
GGGTTATGTGCAAC.11,5
GGTAAAGAAATGCC.1,14
GGTAAAGAACGGGA.1,2
GGTACAACCCCGTT.1,4
GGTACAACCGAACT.1,2
GGTACAACCGCAAT.1,2
GGTACAACGTCTTT.1,7
GGTACATGAGCAAA.1,0
GGTACATGATGGTC.1,0
GGTACATGCAGAAA.1,7
GGTACATGCCCTCA.1,4
GGTACATGCCGATA.1,0
GGTACATGGAATCC.1,2
GGTACATGGACGAG.1,0
GGTACTGAAGGTTC.1,4
GGTACTGAGACTAC.1,0
GGTAGTACAGCATC.1,4
GGTAGTACAGTTCG.1,2
GGTAGTACGAATAG.1,4
GGTAGTACGGTAGG.1,0
GGTAGTACGTAGGG.1,8
GGTAGTACGTCTTT.1,0
GGTAGTACTCACGA.1,7
GGTATCGAAGAACA.1,4
GGTATCGACTTCGC.1,4
GGTATCGAGACACT.1,2
GGTATCGAGTGCTA.1,0
GGTATCGATCGCAA.1,0
GGTATCGATGCCAA.1,14
GGTATGACACACTG.1,10
GGTATGACACGTAC.1,5
GGTATGACAGTAGA.1,6
GGTATGACGAAAGT.1,2
GGTATGACTTGTGG.1,5
GGTCAAACAACCTG.1,7
GGTCAAACACACCA.1,5
GGTCAAACCGTAGT.1,0
GGTCAAACCGTTGA.1,0
GGTCAAACGGGCAA.1,0
GGTCAAACGTAAGA.1,2
GGTCTAGAAGTGTC.1,0
GGTCTAGACATACG.1,2
GGTCTAGACCCACT.1,2
GGTCTAGAGTCATG.1,5
GGTCTAGAGTCTGA.1,2
GGTCTAGATGTCCC.1,0
GGTCTAGATTGTGG.1,8
GGTGATACAGTAGA.1,2
GGTGATACCCGCTT.1,0
GGTGATACCCTCGT.1,2
GGTGATACGTTGCA.1,7
GGTGGAGAACCATG.1,2
GGTGGAGACGCAAT.1,2
GGTGGAGAGAATCC.1,8
GGTGGAGAGCATAC.1,14
GGTGGAGAGGAACG.11,2
GGTGGAGATGCGTA.1,2
GGTGGAGATGTCAG.1,0
GGTTGAACAGTCAC.1,2
GGTTGAACGAACCT.1,5
GGTTGAACGCTTAG.1,0
GGTTGAACTGCAGT.1,2
GGTTGAACTGCGTA.1,0
GGTTGAACTTTCTG.1,12
GGTTTACTGCGGAA.1,2
GGTTTACTGTGTCA.1,11
GGTTTACTTAAGCC.1,2
GGTTTACTTCGTGA.1,14
GTAACGTGCAACCA.1,4
GTAACGTGCACACA.1,4
GTAACGTGGCCAAT.1,2
GTAACGTGTATCTC.1,0
GTAAGCACCCTTGC.1,0
GTAAGCACCGTGTA.1,0
GTAAGCACCTCCAC.1,0
GTAAGCACGCATAC.1,5
GTAAGCACGTAAGA.1,2
GTAAGCACTAGAAG.1,0
GTAAGCACTGATGC.11,11
GTAAGCACTGGGAG.1,4
GTAAGCTGCAGCTA.1,0
GTAAGCTGGATAAG.1,5
GTAAGCTGGGTGAG.1,0
GTAATAACACACGT.1,4
GTAATAACTGACTG.1,0
GTAATAACTTTACC.1,3
GTAATATGACGACT.1,5
GTAATATGAGGGTG.1,0
GTAATATGCGAATC.1,12
GTAATATGCTGATG.1,2
GTAATATGGAATAG.1,7
GTAATATGGTTCAG.1,2
GTAATATGTTACCT.1,2
GTACAGTGACACAC.1,2
GTACAGTGACACGT.1,12
GTACAGTGGACAGG.1,6
GTACAGTGTCCGTC.1,0
GTACAGTGTGGCAT.1,5
GTACCCTGAACCGT.1,4
GTACCCTGCTCCAC.1,0
GTACCCTGGCGTAT.1,10
GTACGAACCCTAAG.1,0
GTACGAACGCAGAG.1,0
GTACGAACGGTAGG.1,5
GTACGAACTACAGC.1,4
GTACGAACTTGCTT.1,5
GTACGTGAAAGTGA.1,8
GTACGTGATAGCGT.1,8
GTACGTGATGCAGT.1,0
GTACTACTAGATCC.1,12
GTACTACTCATGCA.1,8
GTACTACTGCCTTC.1,2
GTACTACTGTTTGG.1,2
GTACTTTGAAAGTG.1,7
GTACTTTGAACAGA.1,6
GTACTTTGGCAGAG.1,4
GTACTTTGGGAACG.1,8
GTACTTTGGTGTAC.1,0
GTACTTTGTGAGGG.1,6
GTAGACTGCTTCGC.1,2
GTAGACTGGCTATG.1,0
GTAGACTGGCTGTA.1,2
GTAGACTGTGGATC.1,7
GTAGACTGTGTCAG.1,4
GTAGACTGTTTACC.1,4
GTAGCAACAAGCCT.11,2
GTAGCAACAATGCC.1,11
GTAGCAACAGCAAA.1,2
GTAGCAACATTCCT.1,2
GTAGCAACCTGTCC.1,0
GTAGCAACCTTGAG.1,2
GTAGCAACTAGACC.1,0
GTAGCAACTCAGAC.1,0
GTAGCAACTGTGAC.1,2
GTAGCAACTTTCAC.1,5
GTAGCATGAGTGTC.1,0
GTAGCATGCATGAC.1,0
GTAGCATGGAACCT.1,4
GTAGCATGGTGTTG.1,0
GTAGCCCTAAGATG.11,4
GTAGCCCTAGACTC.11,0
GTAGCCCTCTTCCG.1,2
GTAGCCCTCTTGAG.11,0
GTAGCCCTTGCTCC.1,2
GTAGCCCTTTGTGG.1,5
GTAGCTGACGTAAC.1,4
GTAGCTGAGCAGTT.1,2
GTAGCTGAGGTGTT.1,12
GTAGGTACCACTTT.1,2
GTAGGTACCAGGAG.1,4
GTAGGTACTCTACT.1,2
GTAGGTACTCTCGC.1,8
GTAGTCGAAGAGTA.1,2
GTAGTCGACCACAA.1,2
GTAGTCGACCTTCG.1,5
GTAGTCGACGAACT.1,0
GTAGTCGACGCATA.1,0
GTAGTCGATCCCAC.1,5
GTAGTCGATGCCCT.1,5
GTAGTCGATGGAGG.1,11
GTAGTCGATTTCTG.1,2
GTAGTGACATCGGT.1,8
GTAGTGACCAGTTG.1,2
GTAGTGACGCCTTC.1,2
GTAGTGACGGTAAA.1,0
GTAGTGACTGTTTC.1,8
GTAGTGTGAACGAA.1,2
GTAGTGTGAAGATG.1,2
GTAGTGTGCCGATA.1,5
GTAGTGTGCTTGAG.1,5
GTATCACTACGTGT.1,5
GTATCACTAGAGAT.1,5
GTATCACTCGGTAT.1,5
GTATCACTCTAGCA.1,2
GTATCACTGCGAGA.11,7
GTATCTACAGTGTC.1,5
GTATCTACCCGCTT.1,7
GTATCTACGCCATA.1,5
GTATCTACGGAACG.1,2
GTATCTACTGACTG.11,2
GTATCTACTTCCGC.1,0
GTATCTACTTCTAC.1,8
GTATGGTGCGACTA.1,0
GTATGGTGCTGTAG.1,0
GTATGGTGGAATGA.1,0
GTATGGTGGCATCA.1,4
GTATGGTGTGGAGG.1,0
GTATGGTGTTCTGT.1,5
GTATTAGACCAGTA.1,0
GTATTAGACGTAAC.1,0
GTATTAGAGTCATG.1,12
GTATTCACATACCG.1,0
GTATTCACCCTATT.1,2
GTATTCACCTGTGA.1,0
GTATTCACTCCCAC.1,2
GTATTCACTGACAC.1,0
GTCAACGAACCACA.1,0
GTCAACGAAGTGCT.1,4
GTCAACGACCGATA.1,2
GTCAACGAGATACC.1,4
GTCAACGAGGATTC.1,0
GTCAACGATAGACC.1,0
GTCAATCTATGCTG.1,2
GTCAATCTCCCGTT.1,0
GTCAATCTCTTCGC.1,0
GTCAATCTTCCAAG.1,2
GTCAATCTTCCTGC.1,2
GTCACAGAAAACAG.1,4
GTCACAGAACCACA.1,0
GTCACAGAACGCAT.1,5
GTCACAGAATCGAC.1,0
GTCACAGATCGTTT.1,0
GTCACCTGCCTAAG.1,2
GTCACCTGCTTTAC.1,8
GTCACCTGTTCGTT.1,4
GTCATACTACCAAC.1,11
GTCATACTACGCAT.1,5
GTCATACTAGCTAC.1,0
GTCATACTAGTCGT.1,4
GTCATACTATGGTC.1,7
GTCATACTCGAGTT.1,2
GTCATACTGCTGAT.1,8
GTCATACTGGTAGG.1,0
GTCATACTGTGCTA.1,12
GTCATACTTAGACC.11,5
GTCATACTTCCAGA.1,0
GTCATACTTTTCAC.1,0
GTCCAAGAACCTTT.1,5
GTCCAAGACCAAGT.1,5
GTCCAAGACTACGA.1,0
GTCCAAGAGATAGA.1,0
GTCCAAGATCAGGT.1,2
GTCCAAGATGCTAG.1,0
GTCCACACACTAGC.1,2
GTCCACACCGTAGT.1,0
GTCCACACGAAACA.1,14
GTCCACACTTCTCA.1,2
GTCCACTGACTACG.1,8
GTCCACTGGTGCTA.1,4
GTCCACTGTAGTCG.1,2
GTCCACTGTTACCT.1,0
GTCCACTGTTCGTT.1,0
GTCCAGCTATTTCC.1,0
GTCCAGCTTGACAC.1,4
GTCCAGCTTGCCAA.1,12
GTCCCATGCTCAGA.1,2
GTCCCATGCTTGTT.11,2
GTCCCATGTGTCGA.1,0
GTCGAATGACAGTC.1,0
GTCGAATGAGCTAC.1,0
GTCGAATGCAGAAA.1,4
GTCGAATGCATGGT.1,0
GTCGAATGCCCGTT.1,0
GTCGAATGGGATTC.1,4
GTCGAATGTTGACG.1,0
GTCGACCTAGTCAC.1,0
GTCGACCTTCGTGA.1,2
GTCGACCTTTCACT.1,0
GTCGACCTTTGGCA.1,2
GTCGCACTCTCAAG.1,4
GTCGCACTTCGCAA.1,0
GTCGCACTTTGCGA.1,0
GTCTAACTACCATG.1,2
GTCTAACTACTCAG.1,2
GTCTAACTTAAGCC.1,2
GTCTAACTTCCTCG.1,0
GTCTAACTTTTCTG.1,5
GTCTAGGAACGGGA.1,4
GTCTAGGAAGGCGA.1,5
GTCTAGGACCTATT.1,5
GTCTAGGACGTACA.1,2
GTCTAGGAGCGATT.1,0
GTCTAGGATGCTAG.11,4
GTCTAGGATGTGCA.1,2
GTCTGAGAAGCATC.1,0
GTCTGAGACAACCA.1,0
GTCTGAGAGGTATC.1,0
GTCTGAGATCCCAC.1,5
GTGAACACACTTTC.1,2
GTGAACACAGAGAT.1,0
GTGAACACAGAGTA.1,2
GTGAACACCTAGTG.1,2
GTGAACACGAATAG.1,0
GTGAACACGGGATG.1,0
GTGACAACAAGTGA.1,0
GTGACAACCAGGAG.1,0
GTGACAACCCAACA.1,0
GTGACAACTTCCCG.1,2
GTGACAACTTTGGG.1,12
GTGACCCTAGCCTA.1,0
GTGACCCTGAACTC.1,5
GTGACCCTGCGGAA.1,2
GTGACCCTTAAGCC.11,6
GTGACCCTTGAAGA.1,0
GTGAGGGAACAGCT.1,7
GTGAGGGAATCAGC.1,0
GTGAGGGACCGTAA.1,4
GTGAGGGACGACTA.1,2
GTGAGGGACTCGAA.1,0
GTGAGGGAGCTGTA.1,2
GTGAGGGATAACCG.1,7
GTGAGGGATCCTAT.1,4
GTGATCGATCTCCG.1,6
GTGATCGATGAGGG.1,7
GTGATGACCAACTG.1,5
GTGATGACCACACA.1,0
GTGATGACGAATCC.1,4
GTGATGACGCATCA.1,2
GTGATGACGTAAGA.1,0
GTGATTCTCCAAGT.1,0
GTGATTCTCCATGA.1,0
GTGATTCTCCCACT.1,0
GTGATTCTGTACGT.11,5
GTGATTCTGTTCTT.1,8
GTGATTCTTTACCT.1,2
GTGCAAACAGGTTC.1,5
GTGCAAACGGACGA.1,0
GTGCAAACTCGTGA.1,7
GTGCAAACTGTCCC.1,2
GTGCCACTCGCTAA.1,0
GTGCCACTCTACCC.1,5
GTGCCACTGTCAAC.1,0
GTGCCACTTAGACC.1,5
GTGCTAGAAGAGTA.1,0
GTGCTAGACGAACT.1,2
GTGCTAGAGAAAGT.1,2
GTGCTAGAGAGGTG.1,8
GTGCTAGATCTTTG.1,2
GTGCTAGATTCGCC.1,4
GTGCTAGATTTCAC.1,0
GTGGAGGACTCGCT.1,0
GTGGAGGAGGGACA.1,0
GTGGAGGAGTATGC.1,12
GTGGATTGAGTACC.1,0
GTGGATTGAGTCTG.1,4
GTGGATTGCCAACA.1,5
GTGGATTGCGTTGA.1,0
GTGGATTGTAAAGG.1,2
GTGGATTGTGGCAT.1,2
GTGGTAACGTAAGA.1,2
GTGGTAACTACTGG.1,4
GTGGTAACTCGTAG.1,5
GTGTACGACCCGTT.1,0
GTGTACGAGAAGGC.1,2
GTGTACGAGCCTTC.1,12
GTGTACGAGGGATG.1,7
GTGTAGTGAGCGGA.1,0
GTGTAGTGCCTACC.11,0
GTGTAGTGCTGTCC.1,0
GTGTAGTGTCGCTC.1,2
GTGTAGTGTGGTTG.1,7
GTGTATCTAGCACT.1,0
GTGTATCTATCTCT.1,2
GTGTATCTCCCTCA.1,5
GTGTATCTCCTTTA.1,0
GTGTATCTCTGGTA.1,0
GTGTATCTGGTAGG.1,0
GTGTGATGAAACGA.1,2
GTGTGATGAAGTAG.1,0
GTGTGATGCTGTAG.1,0
GTGTGATGGCATAC.1,12
GTTAAAACGAGACG.1,14
GTTAAAACTCCCGT.1,2
GTTAAAACTGCATG.11,8
GTTAAAACTTCTCA.1,0
GTTAAAACTTGGTG.1,4
GTTAAATGACCTTT.1,0
GTTAAATGCGCCTT.11,11
GTTAAATGGAAAGT.1,4
GTTAAATGGGTTAC.1,7
GTTAAATGTACAGC.1,0
GTTAAATGTTGCTT.1,0
GTTAACCTCCTTGC.1,2
GTTAACCTCCTTTA.1,4
GTTACGGAACGTAC.1,2
GTTACGGACCTCGT.1,0
GTTACGGACTACGA.1,0
GTTACGGAGTCTAG.1,5
GTTACGGATGAGAA.1,7
GTTACTACGCGAAG.1,0
GTTACTACGCTATG.1,8
GTTACTACTGCAAC.1,2
GTTAGGTGACCTAG.1,0
GTTAGGTGAGGCGA.1,4
GTTAGGTGCAGGAG.1,0
GTTAGGTGGTTGGT.1,2
GTTAGGTGTTTGCT.1,2
GTTAGTCTATCGGT.1,2
GTTAGTCTGAGGGT.1,8
GTTAGTCTGATAGA.1,5
GTTATAGAATTTCC.1,2
GTTATAGACCAAGT.1,2
GTTATAGACTCGAA.1,0
GTTATAGAGAGGAC.1,0
GTTATAGAGCCAAT.1,11
GTTATAGATTTCTG.1,7
GTTATCTGACACGT.1,0
GTTATCTGCCAAGT.1,0
GTTATCTGGCGAAG.1,0
GTTATCTGGGCGAA.1,2
GTTATGCTCATCAG.1,2
GTTATGCTCCTCCA.1,0
GTTATGCTCTACGA.1,2
GTTATGCTGAGGTG.1,5
GTTATGCTTCTCTA.1,5
GTTATGCTTTCCCG.1,2
GTTCAACTCCACCT.1,0
GTTCAACTGAATGA.1,0
GTTCAACTGCGGAA.1,5
GTTCAACTGCTAAC.11,0
GTTCAACTGTTGGT.1,0
GTTCAACTTAGACC.1,0
GTTCAACTTTCTAC.1,8
GTTCAGGAACCATG.1,7
GTTCAGGAAGAGTA.1,2
GTTCAGGACGGGAA.1,2
GTTCAGGACTGATG.1,4
GTTCAGGAGTAGGG.1,0
GTTCATACAAAGTG.1,0
GTTCATACAGGGTG.1,0
GTTCATACATTCGG.1,5
GTTCATACATTCTC.1,5
GTTCATACTAGACC.1,0
GTTCATACTCGTAG.1,2
GTTCATACTTCGGA.1,4
GTTGACGAACACCA.1,11
GTTGACGAATCGGT.1,2
GTTGACGACATTGG.1,0
GTTGACGACCCGTT.1,0
GTTGACGACGCAAT.1,0
GTTGACGACTTGTT.1,0
GTTGACGAGCAGTT.1,11
GTTGACGATAAGCC.1,2
GTTGACGATGTTTC.1,5
GTTGAGTGAAAGTG.1,0
GTTGATCTACACCA.1,2
GTTGATCTACTCTT.1,0
GTTGATCTAGCCAT.1,8
GTTGATCTTACTTC.1,2
GTTGATCTTTAGGC.1,0
GTTGATCTTTTCTG.1,5
GTTGGATGAAACGA.1,5
GTTGGATGAAGGCG.1,2
GTTGGATGACTCAG.1,2
GTTGGATGAGCCTA.1,0
GTTGGATGAGCTCA.1,5
GTTGGATGCTACGA.1,2
GTTGGATGCTCATT.1,2
GTTGGATGGAACCT.1,4
GTTGGATGGACTAC.1,0
GTTGGATGTAGCCA.1,5
GTTGGATGTGGGAG.1,4
GTTGTACTACGTTG.1,5
GTTGTACTAGCGTT.1,8
GTTGTACTCCTCAC.1,4
GTTGTACTGTGTAC.1,0
GTTTAAGAACACGT.1,2
GTTTAAGACACTCC.1,8
GTTTAAGACGTTAG.1,5
GTTTAAGACTCCCA.1,2
GTTTAAGACTCTTA.1,0
GTTTAAGACTTGTT.1,3
GTTTAAGAGACGAG.1,11
GTTTAAGAGAGCAG.1,0
GTTTAAGAGTAAGA.1,2
TAAACAACACAGCT.1,12
TAAACAACACAGTC.1,0
TAAACAACAGAACA.1,4
TAAACAACCGTACA.1,0
TAAACAACGAGATA.1,0
TAAACAACGGACAG.1,2
TAAAGACTAGATCC.1,2
TAAAGACTAGTTCG.1,11
TAAAGACTCGTTGA.1,5
TAAAGACTTCGACA.1,0
TAAAGACTTCTAGG.1,0
TAAAGACTTCTCGC.1,0
TAAAGACTTGGAAA.1,12
TAAAGTTGAAACAG.1,2
TAAAGTTGATTTCC.1,0
TAAAGTTGCCGATA.1,2
TAAAGTTGGGTGAG.1,0
TAAAGTTGGTCGTA.1,2
TAAAGTTGTATCTC.1,2
TAAAGTTGTCCTTA.1,0
TAAAGTTGTCTATC.1,0
TAAAGTTGTTGTGG.1,2
TAAAGTTGTTTGTC.1,2
TAAATCGACTCAGA.1,11
TAAATCGAGAGGAC.1,4
TAAATCGATAACGC.1,0
TAAATGTGACGTAC.1,4
TAAATGTGGAAGGC.1,5
TAAATGTGTCCTTA.1,7
TAAATGTGTTTGGG.1,2
TAACAATGACTGTG.1,0
TAACAATGCGGGAA.1,8
TAACAATGGTCACA.1,0
TAACAATGGTCTTT.1,2
TAACACCTACTAGC.1,2
TAACACCTAGAGAT.1,7
TAACACCTAGGTCT.1,0
TAACACCTTCCCAC.1,0
TAACATGACATTGG.1,2
TAACATGACCTATT.1,0
TAACATGAGCGTAT.1,0
TAACATGAGTGCTA.1,0
TAACCGGACCGAAT.1,2
TAACCGGACTCGCT.1,0
TAACCGGACTCTTA.1,0
TAACCGGACTGTGA.1,0
TAACCGGACTTCCG.1,2
TAACCGGAGCTACA.1,5
TAACCGGATAAAGG.1,0
TAACCGGATCGCTC.1,0
TAACCGGATGAGAA.1,2
TAACCGGATTGCTT.1,0
TAACCGGATTTACC.1,2
TAACGTCTATCTTC.1,0
TAACGTCTGAAAGT.1,0
TAACGTCTGAACCT.1,2
TAACGTCTGACAGG.1,2
TAACGTCTGGGAGT.1,0
TAACGTCTTCTAGG.1,2
TAACTAGAACGGGA.1,0
TAACTAGATGCAGT.1,0
TAACTAGATTTCTG.1,2
TAACTCACATTCCT.1,0
TAACTCACTCTCAT.1,0
TAACTCACTTGCAG.1,4
TAAGAACTCCCAAA.1,5
TAAGAACTGGTTAC.1,0
TAAGAGGAAAAAGC.1,4
TAAGAGGAAATGCC.11,2
TAAGAGGATTAGGC.1,8
TAAGATACGTGTCA.1,2
TAAGATACTCACGA.1,7
TAAGATACTGTCCC.11,0
TAAGATTGAGATGA.1,8
TAAGATTGATAAGG.1,2
TAAGATTGATGGTC.1,2
TAAGATTGCCACCT.1,0
TAAGCGTGCACTAG.1,5
TAAGCGTGCTGCAA.1,0
TAAGCGTGGACAGG.1,5
TAAGCGTGGACGTT.1,2
TAAGCGTGGCGTAT.1,5
TAAGCGTGGGGAGT.1,2
TAAGCGTGTGTGAC.1,0
TAAGCTCTACCATG.1,2
TAAGCTCTAGTCAC.1,0
TAAGCTCTAGTGTC.1,2
TAAGCTCTGGTGAG.1,7
TAAGCTCTGTCTAG.1,0
TAAGCTCTTAGAGA.1,0
TAAGCTCTTTGGCA.1,2
TAAGGCTGAAGCAA.1,10
TAAGGCTGACGGGA.1,4
TAAGGCTGATCGTG.1,2
TAAGGCTGCACAAC.1,2
TAAGGCTGCCCTCA.1,14
TAAGGCTGGAAAGT.1,0
TAAGGCTGTCAAGC.11,0
TAAGGCTGTCCTGC.1,0
TAAGGCTGTGTCGA.1,0
TAAGGGCTCAATCG.1,5
TAAGTAACAGAAGT.1,5
TAAGTAACAGAGTA.1,0
TAAGTAACCGCATA.1,4
TAAGTAACCGTTGA.1,2
TAAGTAACGAGGCA.1,0
TAAGTAACTGTGGT.1,4
TAAGTCCTACCAGT.1,0
TAAGTCCTCTACTT.1,0
TAAGTCCTGGTCTA.1,0
TAAGTCCTGTACAC.1,0
TAATCCACACGTAC.1,0
TAATCCACAGGTTC.1,2
TAATCCACATGTCG.1,0
TAATCCACCTCTAT.11,2
TAATCCACTTCGCC.1,0
TAATCGCTTTCCAT.1,0
TAATGAACAGACTC.1,0
TAATGAACGAAGGC.1,0
TAATGAACGCATAC.1,0
TAATGAACGTTCAG.1,7
TAATGAACGTTGAC.1,5
TAATGAACTGGCAT.1,2
TAATGATGACCTGA.1,0
TAATGATGAGGGTG.1,0
TAATGATGCGACAT.1,2
TAATGATGGCGAGA.1,8
TAATGATGGGCGAA.1,8
TAATGCCTACGTAC.1,2
TAATGCCTCCACCT.1,2
TAATGCCTCCATAG.1,0
TAATGCCTTACTTC.1,4
TAATGCCTTGTGAC.1,8
TAATGTGAAGATGA.1,8
TAATGTGACACAAC.1,0
TAATGTGAGCGGAA.1,0
TAATGTGAGGTCAT.11,4
TAATGTGATAACGC.1,0
TAATGTGATTCATC.1,8
TAATGTGATTCGTT.1,5
TACAAATGACGCAT.1,2
TACAAATGACGTTG.1,4
TACAAATGCGAATC.1,0
TACAAATGGCGAAG.1,0
TACAAATGTACGCA.1,11
TACAAATGTTGCTT.1,8
TACAATGACATTCT.1,2
TACAATGAGCGGAA.1,4
TACAATGAGTACGT.1,2
TACAATGATGAGCT.1,2
TACAATGATGGAGG.1,2
TACAATGATTCAGG.1,7
TACACACTCCACCT.1,7
TACACACTTAACCG.1,4
TACACACTTTGGTG.1,4
TACATAGAATCACG.1,2
TACATAGACCGTTC.1,8
TACATAGACTGAAC.1,2
TACATAGATGGCAT.1,7
TACATCACGAATGA.1,8
TACATCACGCAAGG.1,2
TACATCACGCAGAG.1,0
TACATCACTAGCCA.1,2
TACATCACTGATGC.1,2
TACATCACTTCTTG.1,0
TACCATTGACGTAC.1,2
TACCATTGCAGATC.1,12
TACCATTGGGCGAA.1,0
TACCGAGAAACCAC.1,0
TACCGAGAAACTGC.1,0
TACCGAGAACACAC.1,6
TACCGAGAACTGTG.1,2
TACCGAGACGAGTT.1,8
TACCGAGACGGGAA.1,0
TACCGAGACTTACT.1,0
TACCGAGAGTCGTA.1,2
TACCGAGATCCTAT.1,0
TACCGCTGCCGTAA.1,0
TACCGCTGCCGTTC.1,0
TACCGCTGCTAGAC.1,0
TACCGCTGGCTTAG.1,0
TACCGCTGTTCTCA.1,4
TACCGCTGTTGCTT.1,2
TACCGGCTATTCGG.1,7
TACCGGCTTCGCTC.1,0
TACCGGCTTCGTAG.1,2
TACCGGCTTCTAGG.1,2
TACGACGAAAGCAA.1,0
TACGACGACCTAAG.1,5
TACGACGACGTAGT.1,11
TACGACGACTCAAG.1,7
TACGACGACTGTGA.1,0
TACGACGAGCTACA.1,0
TACGACGAGTGTCA.1,0
TACGACGATTCGTT.1,2
TACGACGATTTGGG.1,2
TACGAGACATGCTG.1,0
TACGAGACCTATTC.1,0
TACGAGTGAATCGC.1,5
TACGAGTGCTAGTG.1,2
TACGAGTGCTGGTA.1,2
TACGAGTGGTACCA.1,0
TACGAGTGTACAGC.1,0
TACGAGTGTAGCGT.1,7
TACGATCTAAAGCA.1,0
TACGATCTGGAGCA.1,4
TACGATCTGTCGAT.1,0
TACGATCTTTACTC.1,8
TACGCAGAACACAC.1,4
TACGCAGACCGTAA.1,5
TACGCAGACTATTC.1,5
TACGCAGACTTATC.1,8
TACGCAGACTTGGA.1,0
TACGCAGAGGTCTA.1,0
TACGCAGATACTCT.1,2
TACGCAGATTGCAG.1,2
TACGCCACCGAATC.1,8
TACGCCACCGTAAC.1,12
TACGCCACGGGCAA.1,2
TACGCCACTCAGGT.1,2
TACGCGCTAAAACG.1,2
TACGCGCTACCATG.1,0
TACGCGCTACTAGC.1,2
TACGCGCTAGAAGT.1,2
TACGCGCTCTATGG.1,2
TACGCGCTGAATAG.1,0
TACGCGCTGGTGAG.1,0
TACGCGCTTGTCAG.1,0
TACGGAACCACTCC.1,2
TACGGAACCCTCCA.1,0
TACGGAACTGGAAA.1,3
TACGGCCTACCAAC.1,2
TACGGCCTAGAAGT.1,5
TACGGCCTCATGGT.1,0
TACGGCCTCTCGAA.1,0
TACGGCCTGCTCCT.1,4
TACGTACTTAAGCC.1,2
TACGTTACAGATGA.1,0
TACGTTACGAATAG.1,5
TACGTTACGTTGGT.1,0
TACGTTACTTTCGT.1,2
TACTAAGACTAGAC.1,2
TACTAAGATCTCTA.1,7
TACTAAGATTCAGG.1,7
TACTACACAAGGTA.1,0
TACTACACACGGAG.1,2
TACTACACAGGCGA.1,4
TACTACACCAATCG.1,0
TACTACACGACAAA.1,2
TACTACACTCTACT.1,2
TACTACTGCCTCGT.1,2
TACTACTGGAATCC.1,2
TACTACTGGCATAC.1,2
TACTACTGGCTTAG.1,2
TACTACTGGTCGTA.1,0
TACTACTGTTACCT.1,12
TACTCAACACACGT.1,7
TACTCAACAGTGTC.1,0
TACTCAACATCGGT.1,7
TACTCAACCATTGG.1,4
TACTCAACCTACCC.1,0
TACTCCCTACTGGT.1,0
TACTCCCTGACAAA.1,7
TACTCCCTGCATCA.11,0
TACTCCCTTCATTC.1,0
TACTCCCTTGCCTC.1,2
TACTCCCTTGCTTT.1,4
TACTCTGAAGAGTA.1,4
TACTCTGAAGTGTC.1,0
TACTCTGACAGCTA.1,0
TACTCTGACGTACA.1,12
TACTCTGACTGGTA.1,2
TACTCTGAGCTCCT.1,2
TACTCTGAGTTGAC.1,2
TACTCTGATTCACT.1,2
TACTGGGACTGAGT.1,0
TACTGTTGAGAAGT.1,4
TACTGTTGATAAGG.1,11
TACTGTTGATTCGG.1,0
TACTGTTGCGCATA.1,0
TACTGTTGTACAGC.1,11
TACTGTTGTCAGTG.1,0
TACTGTTGTCGTGA.1,2
TACTGTTGTCGTTT.1,5
TACTTGACGCATCA.1,2
TACTTGACGGCAAG.1,5
TACTTGACTCCTCG.1,12
TACTTGACTCTGGA.1,0
TACTTGACTTTGGG.1,0
TACTTTCTAATGCC.1,7
TACTTTCTAGGGTG.1,0
TACTTTCTATCGAC.1,0
TACTTTCTCCCGTT.1,0
TACTTTCTCCCTCA.1,4
TACTTTCTGAATCC.1,2
TACTTTCTTCAGAC.1,0
TACTTTCTTTCATC.1,12
TACTTTCTTTCGGA.1,5
TACTTTCTTTGTCT.1,2
TAGAAACTGCAAGG.1,8
TAGAAACTTCAGGT.1,5
TAGAAACTTCCTAT.1,4
TAGAATACTGCACA.1,2
TAGAATACTGGTCA.1,2
TAGAATTGCGTCTC.1,12
TAGAATTGGACAGG.1,0
TAGAATTGGGGATG.1,7
TAGAATTGGGTATC.1,0
TAGAATTGTCGATG.1,2
TAGAATTGTCTACT.1,0
TAGAATTGTTTGTC.11,2
TAGACGTGAGGAGC.1,0
TAGACGTGCAAAGA.1,4
TAGACGTGCGAACT.1,2
TAGACGTGCTAGAC.1,5
TAGACGTGTGAAGA.1,7
TAGACGTGTGAGAA.1,4
TAGACGTGTGAGGG.1,8
TAGACGTGTTCCGC.1,7
TAGAGAGAAAGAAC.1,5
TAGAGAGAACGGAG.1,0
TAGAGAGAGTTCTT.1,2
TAGAGAGATGCTGA.1,4
TAGAGCACACGGGA.1,7
TAGAGCACCAGGAG.1,0
TAGAGCACCCTTGC.1,0
TAGAGCACGCTACA.1,0
TAGAGCACGCTTAG.11,4
TAGAGCACGGCAAG.1,2
TAGAGCACGGGATG.1,8
TAGAGCACTCCTGC.1,0
TAGATCCTACTCAG.1,0
TAGATCCTAGTGTC.1,3
TAGATCCTCCGTTC.1,0
TAGATCCTGTGTTG.1,12
TAGATCCTTATCTC.1,0
TAGATCCTTGAGAA.1,0
TAGATCCTTTCACT.1,0
TAGATTGAACCTAG.1,4
TAGATTGAACGTAC.1,0
TAGATTGAAGTCAC.1,4
TAGATTGACTTGTT.1,4
TAGCATCTCTGTAG.1,7
TAGCATCTTGCCAA.1,0
TAGCCCACAAACAG.1,4
TAGCCCACAATGCC.1,2
TAGCCCACATGCTG.1,2
TAGCCCACTTCGGA.1,4
TAGCCCTGACCTCC.1,0
TAGCCCTGCGAGAG.1,2
TAGCCCTGGACGAG.1,8
TAGCCCTGGATGAA.1,0
TAGCCCTGTATCGG.1,0
TAGCCCTGTGTCGA.1,2
TAGCCCTGTTCCGC.1,2
TAGCCGCTAACGAA.1,0
TAGCCGCTCCTTAT.1,2
TAGCCGCTGTACCA.1,0
TAGCGATGAACGGG.1,0
TAGCGATGGGGACA.1,0
TAGCGATGGTCTGA.1,2
TAGCGATGTCGACA.1,8
TAGCTACTCTGTGA.1,0
TAGCTACTGCTATG.1,8
TAGCTACTGTCAAC.1,2
TAGCTACTTTTGTC.1,0
TAGGACTGACGCAT.1,5
TAGGACTGCAGAAA.1,12
TAGGACTGCTCTTA.1,0
TAGGACTGTTCGGA.1,2
TAGGAGCTCATTCT.1,2
TAGGCAACAGATCC.1,2
TAGGCAACTAACGC.1,0
TAGGCATGAGGTTC.1,5
TAGGCATGATGCTG.1,8
TAGGCATGCTATTC.1,4
TAGGCTGAAATCGC.1,4
TAGGCTGAAGAGTA.1,0
TAGGCTGACTCAGA.1,4
TAGGCTGAGCATAC.11,8
TAGGCTGAGCTGAT.1,2
TAGGCTGAGTAAGA.1,0
TAGGCTGAGTGCAT.1,0
TAGGCTGATCTCCG.1,2
TAGGCTGATTGAGC.1,2
TAGGGACTATCAGC.1,12
TAGGGACTTGCATG.11,12
TAGGGACTTTACTC.1,5
TAGGTCGACTTCGC.1,0
TAGGTCGAGTCTGA.1,2
TAGGTCGATGCATG.1,0
TAGGTGACACGCTA.1,0
TAGGTGACATAAGG.1,0
TAGGTGACCCAATG.1,11
TAGGTGACTGTCAG.1,5
TAGGTGACTTGCAG.1,2
TAGGTGTGATCGTG.1,5
TAGGTGTGCTATTC.1,2
TAGGTGTGGAGAGC.1,2
TAGGTGTGGTCTGA.1,3
TAGGTGTGTCAAGC.1,4
TAGGTGTGTGCCCT.1,14
TAGGTTCTCGACAT.1,2
TAGGTTCTCTGGTA.1,5
TAGGTTCTGACACT.1,2
TAGGTTCTGGACGA.1,11
TAGGTTCTGTTCTT.1,2
TAGGTTCTTCTACT.11,7
TAGGTTCTTTATCC.1,0
TAGTAAACACACGT.11,0
TAGTAAACTTGCAG.1,11
TAGTAATGAGCACT.1,10
TAGTAATGGAGCAG.1,2
TAGTAATGGATGAA.1,2
TAGTAATGTTGAGC.1,0
TAGTACCTCTAGTG.1,0
TAGTACCTGCTACA.1,2
TAGTACCTTAACCG.1,0
TAGTACCTTCTGGA.1,0
TAGTACCTTGCGTA.1,6
TAGTATGAACCTGA.1,2
TAGTATGAACTGTG.1,0
TAGTATGACTTCTA.1,0
TAGTATGAGTACCA.11,0
TAGTATGAGTTTCT.1,7
TAGTCACTCTACGA.1,0
TAGTCACTGAGATA.1,0
TAGTCACTTGCATG.1,5
TAGTCACTTGGCAT.1,8
TAGTCGGAAAAGTG.1,0
TAGTCGGAGATAAG.1,2
TAGTCGGAGGTCAT.1,0
TAGTCGGATGACCA.1,14
TAGTCTTGAGCACT.1,0
TAGTCTTGCGGTAT.1,0
TAGTCTTGGAATCC.1,0
TAGTCTTGGCAAGG.1,2
TAGTCTTGGTAGCT.1,0
TAGTCTTGTCCTAT.1,8
TAGTCTTGTGTGAC.1,2
TAGTCTTGTTCATC.1,0
TAGTGGTGAACCAC.1,0
TAGTGGTGACGACT.1,2
TAGTTCACAGTCAC.1,11
TAGTTCACCGACAT.1,2
TAGTTCACTCGTTT.1,0
TAGTTCACTGTGCA.1,14
TAGTTGCTCCAACA.1,2
TAGTTGCTCCAAGT.1,7
TAGTTGCTTCGCAA.1,4
TATAAGACACAGTC.1,0
TATAAGACCACACA.1,2
TATAAGACCCACCT.1,2
TATAAGACCCTGTC.1,0
TATAAGACCGTACA.1,0
TATAAGACGAATAG.1,0
TATAAGACTGTAGC.1,0
TATAAGACTTCGTT.1,4
TATAAGTGACCTCC.1,0
TATAAGTGGATAAG.1,0
TATAAGTGGCTGTA.1,0
TATAAGTGGGTCTA.1,2
TATACAGACCTTCG.1,2
TATACAGACGAGAG.1,2
TATACAGACTACTT.1,0
TATACAGATGTTCT.1,8
TATACCACACACCA.1,8
TATACCACTGCAGT.1,7
TATACCACTGCGTA.1,5
TATACGCTAGAATG.1,5
TATACGCTAGATCC.1,4
TATACGCTCTAAGC.1,5
TATACGCTGATACC.1,0
TATAGATGAGAGGC.1,4
TATAGATGGGGAGT.1,2
TATAGATGTTGTCT.1,0
TATAGCCTAGACTC.1,0
TATAGCCTAGAGTA.1,0
TATAGCCTCAATCG.1,2
TATAGCCTCACACA.1,8
TATAGCCTCCATAG.1,2
TATAGCCTCTGAGT.1,0
TATAGCCTGACGTT.1,12
TATAGCCTTGGCAT.1,8
TATCAAGAACTTTC.1,2
TATCAAGAGTAAAG.1,0
TATCACTGATGCCA.1,0
TATCACTGCATGCA.1,12
TATCACTGCGTGAT.1,2
TATCACTGGAAGGC.1,0
TATCACTGGTACGT.1,2
TATCACTGGTCTGA.1,0
TATCACTGGTTACG.1,7
TATCACTGTCAGTG.1,12
TATCACTGTCTCCG.1,0
TATCACTGTGGGAG.1,5
TATCACTGTTGTCT.1,2
TATCAGCTAGTACC.1,4
TATCAGCTGGACTT.1,0
TATCAGCTTGCACA.1,2
TATCCAACAACGAA.1,0
TATCCAACCAACTG.1,0
TATCCAACCAGTTG.1,8
TATCCAACCCAGTA.1,7
TATCCAACCTCGAA.1,0
TATCCAACCTTAGG.1,0
TATCCAACCTTGCC.1,0
TATCCAACGAACCT.1,5
TATCCAACGAATAG.1,2
TATCCAACGAGGCA.1,2
TATCCAACTAGCCA.1,5
TATCCAACTATCTC.1,0
TATCCAACTCAGTG.1,2
TATCCAACTCCGTC.1,5
TATCCAACTTTGGG.1,7
TATCCTGAAAGCCT.1,2
TATCCTGAACCTGA.1,0
TATCCTGAAGGTTC.1,4
TATCCTGAATCGTG.1,0
TATCCTGAATGTGC.1,0
TATCCTGAGGTAAA.1,11
TATCCTGATACTGG.1,0
TATCCTGATCTCCG.1,5
TATCCTGATCTCTA.1,4
TATCCTGATGACCA.1,2
TATCCTGATGGCAT.1,2
TATCCTGATTCGGA.1,8
TATCCTGATTGAGC.1,11
TATCGACTAAAAGC.1,5
TATCGACTCAACTG.1,0
TATCGACTCAATCG.1,5
TATCGACTCTTGCC.1,2
TATCGACTGGAGTG.1,4
TATCGACTGTAGCT.1,5
TATCGTACACCTAG.1,2
TATCGTACACGCAT.1,5
TATCGTACACTAGC.1,7
TATCGTACCACTCC.1,2
TATCGTACTTATCC.1,2
TATCTCGACGTAAC.1,0
TATCTCGATACTGG.1,5
TATCTGACGAGATA.1,0
TATCTGACTCCCAC.1,4
TATCTTCTCAGAGG.1,0
TATCTTCTTAGCCA.1,0
TATCTTCTTTGGTG.1,0
TATGAATGGTACGT.1,0
TATGAATGGTCGTA.1,2
TATGAATGGTTTGG.1,2
TATGAATGTACTCT.1,0
TATGAATGTATGCG.1,5
TATGAATGTCACGA.1,0
TATGCGGACGCAAT.1,2
TATGCGGACTGAGT.1,14
TATGCGGATCTATC.1,0
TATGGGACACCACA.1,5
TATGGGACGGATCT.1,2
TATGGGACGGTAAA.1,0
TATGGGACGTTAGC.1,4
TATGGGACTCCCGT.1,2
TATGGGACTTGCAG.1,0
TATGGGACTTGGTG.1,6
TATGGGTGCCCGTT.1,2
TATGGGTGTCGACA.1,0
TATGGGTGTCGATG.1,2
TATGGGTGTTCCCG.1,0
TATGGTCTCACTTT.1,7
TATGGTCTGCTATG.1,0
TATGGTCTGTATGC.1,4
TATGGTCTTCCCAC.1,0
TATGTCACAGTAGA.1,0
TATGTCACATCGAC.1,0
TATGTCACCATTGG.1,5
TATGTCACCCGTTC.1,0
TATGTCACGCGTTA.1,4
TATGTCTGCACAAC.1,2
TATGTCTGCACACA.1,8
TATGTCTGGTTGTG.1,8
TATGTCTGTCGACA.1,8
TATGTCTGTCTCGC.1,2
TATGTGCTAGTGTC.1,0
TATGTGCTGATAAG.1,2
TATGTGCTTCCTAT.1,2
TATGTGCTTGCAGT.1,2
TATTGCTGACACAC.1,6
TATTGCTGATTGGC.1,4
TATTGCTGCCAATG.1,0
TATTGCTGCTAGAC.1,6
TATTGCTGCTCCCA.1,0
TATTGCTGTGACAC.1,2
TATTTCCTCGTACA.1,2
TATTTCCTGCATAC.1,2
TATTTCCTTGCTTT.1,7
TCAACACTAAGGGC.1,2
TCAACACTCGAATC.1,5
TCAACACTGACACT.1,4
TCAACACTGTTACG.1,4
TCAACACTTTACTC.1,2
TCAAGGACCCACAA.1,4
TCAAGGACGGGTGA.1,2
TCAAGGACGTTGTG.1,7
TCAAGGTGAAGAGT.1,0
TCAAGGTGAGGTTC.1,0
TCAAGGTGGAATGA.1,8
TCAAGGTGGCTGTA.1,2
TCAAGGTGTAGTCG.1,8
TCAAGGTGTGGTGT.1,0
TCAAGGTGTTGACG.1,0
TCAAGTCTGAAAGT.11,4
TCAAGTCTTCAGAC.1,0
TCAATAGAACTAGC.1,0
TCAATAGAATTCCT.1,0
TCAATAGACCTTAT.1,2
TCAATAGAGGCAAG.1,7
TCAATAGAGGGAGT.1,0
TCAATCACCATCAG.1,2
TCAATCACGGGATG.11,4
TCAATCACGTCTTT.1,0
TCAATCACGTTCGA.1,0
TCAATCACTTAGGC.1,7
TCACATACAGAATG.1,0
TCACATACAGCTCA.1,0
TCACATACAGGAGC.1,0
TCACATACCAGAAA.1,0
TCACATACCATTGG.1,0
TCACATACTTGTCT.1,0
TCACCCGAAGATGA.1,2
TCACCCGACGTGTA.1,2
TCACCCGACTATTC.1,0
TCACCCGAGTAGCT.1,2
TCACCGTGAAGCAA.1,7
TCACCGTGACCCAA.1,0
TCACCGTGCAAAGA.1,0
TCACCGTGCCATAG.1,0
TCACCGTGCCTAAG.1,0
TCACCGTGCGTTAG.1,0
TCACCGTGGGGACA.1,8
TCACCGTGTTGCTT.11,5
TCACCTCTAGGTCT.1,2
TCACCTCTATGTCG.1,8
TCACCTCTGGTGAG.1,6
TCACGAGAAGCGGA.1,0
TCACGAGACGAACT.1,2
TCACGAGACGGTAT.1,2
TCACGAGAGGGTGA.1,12
TCACGAGAGTCGTA.1,6
TCACGAGAGTTGGT.1,4
TCACGAGATACTGG.1,2
TCACGAGATCGTAG.1,0
TCACTATGCAGAGG.1,0
TCACTATGGAATCC.1,0
TCACTATGGTCTTT.1,0
TCACTATGTATGCG.1,0
TCACTATGTCTCGC.1,2
TCAGACGAAAAGTG.1,4
TCAGACGAAAGCAA.1,2
TCAGACGAGATACC.1,0
TCAGACGATGCTTT.1,2
TCAGAGACCCTATT.1,0
TCAGAGACCTCATT.1,2
TCAGAGACCTCTAT.11,0
TCAGAGACCTCTTA.1,4
TCAGCAGATACAGC.1,0
TCAGCGCTCTACGA.1,2
TCAGCGCTCTGATG.1,5
TCAGCGCTGTAGGG.1,2
TCAGCGCTTTCGCC.1,4
TCAGGATGACCATG.1,14
TCAGGATGACGCAT.1,6
TCAGGATGAGAGTA.1,8
TCAGGATGAGTACC.1,2
TCAGGATGCGGGAA.1,2
TCAGGATGCGTGAT.1,2
TCAGGATGCTGCAA.1,7
TCAGTGGACATCAG.1,0
TCAGTGGACCTTGC.1,2
TCAGTGGAGCTGAT.1,0
TCAGTGGAGTTAGC.1,4
TCAGTGGATACAGC.1,0
TCAGTTACAATCGC.1,2
TCAGTTACACTTTC.1,0
TCAGTTACAGCAAA.11,0
TCAGTTACATCGGT.1,2
TCAGTTACCCAACA.1,2
TCAGTTACCTACTT.1,0
TCAGTTACTCCTAT.1,8
TCAGTTACTGCACA.1,2
TCAGTTACTGGAGG.1,0
TCAGTTACTTTCGT.1,0
TCATCAACACCAGT.1,0
TCATCAACGTTCTT.11,4
TCATCAACGTTGGT.1,2
TCATCATGACGGGA.1,0
TCATCATGCTAAGC.1,4
TCATCATGGTAAGA.1,12
TCATCATGTACTTC.1,8
TCATCATGTTCGTT.1,0
TCATCATGTTCTCA.1,2
TCATCCCTACGGAG.1,2
TCATCCCTAGTACC.1,2
TCATCCCTCAGAGG.1,2
TCATCCCTTAAAGG.11,10
TCATGTACACTACG.1,8
TCATGTACATCTCT.1,0
TCATGTACATGGTC.1,0
TCATGTACCCTAAG.1,2
TCATGTACGCAAGG.1,0
TCATGTACGTAAAG.1,0
TCATTCGAAAGCCT.1,4
TCATTCGATACTCT.1,2
TCATTCGATATTCC.1,2
TCATTCGATCGCTC.1,0
TCATTGACACTAGC.1,0
TCATTGACCGGTAT.1,5
TCCACGTGAACGTC.1,4
TCCACGTGACACAC.1,8
TCCACGTGATGCTG.1,2
TCCACGTGCGCTAA.1,0
TCCACGTGCTACCC.1,2
TCCACGTGGACGGA.1,2
TCCACGTGGTAGCT.1,0
TCCACGTGTGACTG.1,0
TCCACGTGTTCCAT.1,2
TCCACTCTAAAGCA.11,2
TCCAGAGACAAGCT.1,3
TCCAGAGACCCGTT.1,11
TCCAGAGAGCCCTT.1,3
TCCATAACACCACA.1,0
TCCATAACTCACCC.1,2
TCCATAACTCAGGT.1,8
TCCATCCTCGAACT.1,7
TCCATCCTCTCCCA.1,0
TCCATCCTGCAGTT.1,2
TCCATCCTGGTTCA.1,8
TCCATCCTGTGTTG.1,0
TCCATCCTTTGGCA.1,0
TCCCACGACATGAC.1,8
TCCCACGACTGGTA.11,2
TCCCACGAGTCATG.1,2
TCCCACGAGTTCGA.1,5
TCCCACGATCGTAG.1,0
TCCCAGACCATACG.1,5
TCCCAGACCCCAAA.1,0
TCCCAGACCCTACC.1,2
TCCCAGACTAGAGA.1,4
TCCCAGACTAGTCG.1,0
TCCCAGACTCGATG.1,11
TCCCATCTAAGTAG.1,0
TCCCATCTAGAAGT.1,0
TCCCATCTCGAATC.1,2
TCCCATCTGATAAG.1,2
TCCCATCTTCGATG.1,4
TCCCGAACAACAGA.1,0
TCCCGAACAGGTTC.1,0
TCCCGAACCATCAG.1,4
TCCCGAACCGTTGA.1,5
TCCCGAACGTATGC.1,2
TCCCGAACGTTGGT.1,5
TCCCGAACTTCGTT.1,2
TCCCGATGACCGAT.1,2
TCCCGATGCCCAAA.1,0
TCCCGATGCCGATA.1,2
TCCCGATGGAGGGT.1,0
TCCCGATGGTTCTT.1,0
TCCCGATGTACTGG.1,3
TCCCGATGTTGTCT.1,2
TCCCTACTATCTTC.1,12
TCCCTACTTAACCG.1,2
TCCGAAGACTTACT.1,0
TCCGAAGATGCTCC.1,4
TCCGAAGATGTCGA.1,0
TCCGAGCTACCCAA.1,5
TCCGAGCTAGGTCT.1,0
TCCGAGCTCTCCAC.1,0
TCCGAGCTTAGAGA.1,0
TCCGGACTCTCTAT.1,2
TCCGGACTGACGAG.1,2
TCCGGACTGAGGCA.1,0
TCCGGACTTGTCAG.1,2
TCCGGACTTTCTAC.1,5
TCCTAAACTCCTTA.1,8
TCCTAAACTGGAAA.1,2
TCCTAAACTTTCTG.1,0
TCCTAATGAAGCCT.11,8
TCCTAATGCAACTG.1,2
TCCTAATGCGGGAA.1,4
TCCTAATGTTGACG.11,2
TCCTACCTAAGTGA.1,2
TCCTACCTGGGACA.1,4
TCCTACCTTCAGTG.1,8
TCCTACCTTGTGAC.1,0
TCCTACCTTTCCAT.1,2
TCCTATGACACTTT.1,8
TCCTATGACTCTCG.1,8
TCCTATGAGTCCTC.1,4
TCCTATGAGTGTAC.1,0
TCCTATGATGCCAA.1,0
TCGAATCTCCGTTC.1,2
TCGAATCTGAACCT.1,0
TCGAATCTGTTGTG.1,7
TCGAATCTTAAAGG.1,0
TCGAATCTTAAGCC.1,0
TCGAATCTTTCGGA.1,2
TCGACCTGACGACT.1,2
TCGACCTGAGTAGA.1,0
TCGACCTGCTCAGA.1,6
TCGACCTGGTTAGC.1,0
TCGACCTGTGCACA.1,5
TCGACGCTCCATAG.1,2
TCGACGCTGGCATT.1,2
TCGACGCTTCTTCA.1,0
TCGACGCTTGACAC.1,2
TCGAGAACACACCA.1,8
TCGAGAACATGTCG.1,0
TCGAGAACCGTGAT.1,4
TCGAGAACTTCATC.1,4
TCGAGCCTAAACAG.1,0
TCGAGCCTCGGAGA.1,0
TCGAGCCTTTTGGG.1,12
TCGATACTCCATGA.1,2
TCGATACTCCCACT.1,5
TCGATACTGAGCTT.1,2
TCGATACTGGGACA.11,0
TCGATACTTCACGA.1,11
TCGATACTTGGTCA.1,0
TCGATACTTGTGCA.1,2
TCGATTTGAATCGC.1,0
TCGATTTGAGATGA.1,7
TCGATTTGCTCTAT.1,6
TCGATTTGGGAGGT.1,8
TCGATTTGTACTTC.1,12
TCGATTTGTGGTCA.1,5
TCGCAAGAGAGGCA.1,2
TCGCAAGATGAGAA.1,2
TCGCAAGATTTCTG.1,5
TCGCACACAGTAGA.1,2
TCGCACACCACTCC.1,0
TCGCACACCCGTAA.1,0
TCGCACACGGCGAA.1,2
TCGCACACTACTCT.1,8
TCGCACACTGGAAA.11,2
TCGCACTGTCTCCG.1,12
TCGCACTGTGTTCT.1,0
TCGCAGCTCACTTT.1,0
TCGCAGCTCAGATC.1,0
TCGCAGCTCCCTAC.1,0
TCGCAGCTGGTTCA.1,12
TCGCAGCTTAACGC.1,0
TCGCCATGACGACT.1,5
TCGCCATGACTGTG.1,0
TCGCCATGAGACTC.1,4
TCGCCATGCAGAAA.1,8
TCGCCATGCTCATT.1,4
TCGCCATGGTTTGG.1,2
TCGCCATGTAGAAG.1,2
TCGCCATGTGACTG.1,8
TCGCCATGTTGCAG.1,0
TCGGACCTATCAGC.1,5
TCGGACCTATGACC.1,0
TCGGACCTCTAGTG.1,3
TCGGACCTGAAAGT.1,2
TCGGACCTGGACAG.1,0
TCGGACCTGTTAGC.1,2
TCGGACCTTAACGC.1,12
TCGGACCTTCGATG.1,0
TCGGACCTTTGAGC.1,4
TCGGCACTCTCGAA.1,11
TCGGCACTCTGCTC.1,8
TCGGCACTCTGGTA.1,4
TCGGCACTTATCGG.1,0
TCGGCACTTCGACA.1,2
TCGGCACTTCGTGA.1,0
TCGGCACTTTCCGC.1,0
TCGGCACTTTGAGC.1,6
TCGGCACTTTTACC.1,2
TCGGTAGAAACAGA.1,4
TCGGTAGAGCGTAT.1,5
TCGGTAGATACGAC.1,2
TCGGTAGATTTGGG.1,2
TCGTAGGAACACCA.1,2
TCGTAGGAAGAGAT.1,12
TCGTAGGACACTGA.1,2
TCGTAGGACCTTAT.1,2
TCGTAGGAGAATAG.1,2
TCGTAGGAGTCGTA.1,2
TCGTGAGAACCTGA.1,2
TCGTGAGAAGTCTG.1,0
TCGTGAGAAGTTCG.1,2
TCGTGAGACATACG.1,2
TCGTGAGACCGATA.1,6
TCGTGAGACGCCTT.1,4
TCGTGAGACTTCCG.1,2
TCGTGAGAGGAACG.1,5
TCGTGAGATTTGGG.1,0
TCGTTATGACTGTG.1,4
TCGTTATGCAGGAG.1,0
TCGTTATGGGAGCA.1,7
TCGTTATGTCGCCT.1,5
TCTAACACTCGCTC.1,14
TCTAACACTGTGGT.1,2
TCTAACTGAACCGT.1,2
TCTAACTGATTTCC.1,0
TCTAACTGCACTCC.1,2
TCTAACTGCGACTA.1,2
TCTAACTGCGGAGA.1,0
TCTAACTGCTCAAG.1,8
TCTAACTGGTACAC.1,5
TCTAACTGGTCACA.1,2
TCTAACTGTCCTAT.1,8
TCTAACTGTGTTTC.1,5
TCTAAGCTCTGCAA.1,2
TCTAAGCTGTAGGG.1,0
TCTACAACGTCATG.1,0
TCTACAACGTCTGA.1,5
TCTACAACGTGCTA.1,11
TCTACAACGTTAGC.1,0
TCTACAACTCTATC.1,2
TCTAGACTAGGTCT.1,0
TCTAGACTATGTCG.1,5
TCTAGACTCATGAC.1,0
TCTAGACTCCTAAG.1,8
TCTAGACTTCGCTC.1,0
TCTAGACTTTCTCA.1,2
TCTAGTTGCACACA.1,2
TCTAGTTGCATGAC.1,4
TCTAGTTGCGAGTT.1,7
TCTAGTTGCTCCAC.1,2
TCTAGTTGGATAGA.1,8
TCTAGTTGGCTACA.1,8
TCTAGTTGGGGTGA.1,2
TCTAGTTGTCGTAG.1,6
TCTAGTTGTCTCCG.1,0
TCTAGTTGTCTCGC.1,4
TCTATGTGACCTAG.1,0
TCTATGTGATTCGG.1,2
TCTATGTGATTGGC.1,8
TCTATGTGCGAACT.1,0
TCTATGTGCGTAGT.1,2
TCTATGTGGCTACA.1,2
TCTATGTGTCAGAC.1,0
TCTATGTGTGCATG.1,0
TCTATGTGTTGCTT.1,5
TCTCAAACCGCTAA.1,0
TCTCAAACTCGTAG.1,0
TCTCCACTCACACA.1,0
TCTCCACTCTAGCA.1,5
TCTCCACTTTTACC.1,0
TCTCTAGAAACTGC.1,2
TCTCTAGAAGTTCG.1,2
TCTCTAGACCTACC.1,7
TCTCTAGACCTTAT.1,4
TCTCTAGAGAGAGC.1,0
TCTCTAGAGGTTAC.1,0
TCTCTAGATGTCAG.1,4
TCTGATACACACAC.1,0
TCTGATACACGGGA.1,0
TCTGATACAGTCAC.1,2
TCTGATACATCGTG.1,5
TCTGATACCCGAAT.1,14
TCTTACGATCACGA.1,5
TCTTACGATGAGAA.1,5
TCTTCAGAAACCAC.1,11
TCTTCAGACTACGA.1,4
TCTTCAGATCTTCA.1,7
TCTTCAGATGTTCT.1,2
TCTTCAGATTCATC.1,2
TCTTCAGATTGAGC.11,11
TCTTGATGCCGATA.1,0
TCTTGATGCCTAAG.1,8
TCTTGATGCTGCAA.1,2
TCTTGATGGCGTTA.1,0
TCTTGATGGGGTGA.1,0
TCTTGATGTCCTGC.1,2
TCTTGATGTTCCGC.1,0
TGAAATTGCATCAG.1,0
TGAAATTGCCGTAA.1,2
TGAAATTGCTGAAC.1,11
TGAAATTGGACGGA.1,5
TGAAATTGGAGATA.1,0
TGAAATTGGCATAC.1,0
TGAAATTGGTCGAT.1,0
TGAAATTGGTTTGG.1,0
TGAAATTGTTTCTG.1,4
TGAACCGACGATAC.1,4
TGAACCGATCCAAG.1,5
TGAACCGATTTACC.1,2
TGAAGCACCCATAG.1,0
TGAAGCACTCTCTA.11,8
TGAAGCACTTGAGC.1,4
TGAAGCTGCATACG.1,2
TGAAGCTGCCGTTC.1,0
TGAAGCTGCGAATC.1,6
TGAAGCTGCGACAT.1,2
TGAATAACACACAC.1,2
TGAATAACAGGCGA.1,14
TGAATAACTCTTAC.1,8
TGACACGACATTTC.1,8
TGACACGACGAACT.1,2
TGACACGACGTACA.1,2
TGACACGAGCTCCT.1,2
TGACACGAGGTAGG.1,4
TGACACGAGTTCGA.1,2
TGACCAGATGCTGA.1,2
TGACCGCTTTCGGA.1,7
TGACCGCTTTCTGT.1,7
TGACCGCTTTTACC.1,0
TGACGAACAGGAGC.1,2
TGACGAACATCAGC.1,2
TGACGAACCAGTCA.1,4
TGACGAACCCTTTA.1,4
TGACGAACCTATGG.1,4
TGACGAACGCGATT.1,0
TGACGAACTACGCA.1,6
TGACGATGACTAGC.1,8
TGACGATGAGTGCT.1,8
TGACGATGCACTAG.1,7
TGACGATGCATGAC.1,0
TGACGATGCCAAGT.1,0
TGACGATGCGCCTT.1,2
TGACGATGGTAAGA.1,8
TGACGCCTAGGAGC.1,5
TGACGCCTCTTGTT.1,8
TGACGCCTTCATTC.1,2
TGACTGGAATTCGG.1,0
TGACTGGATACAGC.1,0
TGACTGGATAGCCA.1,0
TGACTGGATCGTGA.1,4
TGACTTACAGTGTC.1,0
TGACTTACGAACCT.1,2
TGACTTACTACTTC.1,2
TGACTTACTTCTGT.1,4
TGACTTTGCGACAT.1,2
TGACTTTGCGGTAT.1,2
TGACTTTGCTGTGA.1,0
TGACTTTGGGTATC.1,8
TGACTTTGGTCTAG.1,2
TGACTTTGGTTTGG.1,0
TGACTTTGTGTTTC.1,4
TGACTTTGTTGGCA.1,4
TGAGACACACGCAT.1,12
TGAGACACCACACA.1,8
TGAGACACGACTAC.1,3
TGAGACACGGAACG.1,4
TGAGACACTGGTTG.1,0
TGAGACACTTCATC.1,0
TGAGACACTTCGCC.1,0
TGAGCAACATGCTG.1,0
TGAGCAACCCATGA.1,5
TGAGCAACGCGTAT.1,2
TGAGCAACGTGTAC.1,0
TGAGCAACTGAAGA.1,11
TGAGCTGAACCATG.1,2
TGAGCTGAACGTTG.1,8
TGAGCTGACACTTT.1,2
TGAGCTGACCCACT.1,0
TGAGCTGACGCCTT.1,2
TGAGCTGACTATTC.1,5
TGAGCTGAGCCAAT.1,0
TGAGCTGAGCTTAG.1,2
TGAGCTGAGTCAAC.1,0
TGAGCTGAGTGCAT.11,3
TGAGGTACACTTTC.1,2
TGAGGTACAGAACA.1,0
TGAGGTACCGAGTT.1,0
TGAGGTACCTTCCG.1,0
TGAGGTACGAAACA.1,0
TGAGGTACGGAAGC.1,0
TGAGTCGAGAATCC.1,4
TGAGTCGATTGACG.1,0
TGAGTGACGTAAAG.1,4
TGATAAACAAGAGT.11,7
TGATAAACCTAAGC.1,2
TGATAAACCTAGAC.1,5
TGATAAACCTCGCT.1,0
TGATAAACCTGCAA.1,0
TGATAAACGAAAGT.1,2
TGATACCTCTGAAC.1,7
TGATACCTGCCCTT.1,4
TGATACCTGCCTTC.1,2
TGATACCTGCGAAG.1,4
TGATACCTGCTAAC.1,2
TGATACCTGGAAGC.1,4
TGATACCTGGCGAA.1,0
TGATACCTGTAAGA.1,0
TGATACCTTCTCGC.1,12
TGATATGACCTGAA.1,8
TGATATGAGTCAAC.1,0
TGATATGATGTGCA.1,8
TGATCACTCGCCTT.1,0
TGATCACTGCAGAG.1,0
TGATCACTGTAAGA.1,0
TGATCACTTAAGGA.1,2
TGATCACTTGAGGG.1,7
TGATCGGAATGTGC.1,0
TGATCGGACCATGA.1,0
TGATCGGAGAGATA.1,8
TGATCGGATCAGGT.1,8
TGATTAGAAAGAGT.1,2
TGATTAGAGAACTC.1,4
TGATTAGAGGACGA.1,2
TGATTCACGCGGAA.1,4
TGATTCACGCTCCT.1,0
TGATTCACGTACCA.1,0
TGATTCACGTCGTA.1,0
TGATTCACTCACGA.1,0
TGATTCACTCAGTG.1,7
TGATTCACTGCATG.1,8
TGATTCTGCAGGAG.1,0
TGATTCTGGAAAGT.1,5
TGATTCTGGTCATG.1,2
TGATTCTGTAAGGA.1,5
TGCAACGAAAGTAG.1,4
TGCAACGAAAGTGA.1,4
TGCAACGACCTACC.1,8
TGCAACGATACTGG.1,2
TGCAACGATATCTC.1,0
TGCAACGATGAAGA.1,11
TGCAACGATTATCC.1,0
TGCAAGACAAGTGA.1,0
TGCAAGACGCGAGA.1,4
TGCAAGACGTTAGC.1,11
TGCAAGACTGCTGA.1,8
TGCAAGACTTCAGG.1,2
TGCAAGTGCAGAAA.1,2
TGCAAGTGCTTCTA.1,5
TGCAATCTAAACGA.1,2
TGCAATCTATTTCC.1,0
TGCAATCTGAGACG.1,2
TGCAATCTGCTTAG.1,2
TGCAATCTTCTATC.1,0
TGCAATCTTCTCGC.1,2
TGCAATCTTTTCAC.1,2
TGCACAGAAGTCGT.1,8
TGCACAGATAGCGT.1,12
TGCAGATGCTAAGC.1,0
TGCAGATGTCGTAG.1,11
TGCATGGAAATCGC.1,0
TGCATGGACTGTGA.1,2
TGCATGGAGAGGCA.1,7
TGCATGGAGTGTAC.1,0
TGCATGGATTACTC.1,2
TGCCAAGACAAGCT.1,4
TGCCAAGACTCAAG.1,0
TGCCAAGAGATAAG.1,2
TGCCAAGAGCTTCC.11,2
TGCCAAGAGGGACA.1,0
TGCCAAGAGTGTCA.1,5
TGCCAAGATAAAGG.1,7
TGCCAAGATCTTCA.1,0
TGCCAAGATGCCAA.1,2
TGCCAAGATGGGAG.1,0
TGCCACTGAGAGTA.1,7
TGCCACTGCATCAG.11,5
TGCCACTGGGAACG.1,2
TGCCAGCTACTACG.1,0
TGCCAGCTATCACG.1,12
TGCCCAACCTTGTT.1,0
TGCCCAACGGGAGT.1,0
TGCCGACTGGTAAA.1,7
TGCCGACTTCAGTG.1,11
TGCCGACTTGCCTC.1,8
TGCGAAACAGCTCA.1,2
TGCGAAACCTTCCG.1,0
TGCGAAACGTAAAG.1,6
TGCGATGAACCAAC.1,0
TGCGATGACTCTAT.1,0
TGCGATGAGGTGTT.1,4
TGCGATGAGTACCA.1,0
TGCGATGATCTCAT.1,0
TGCGCACTCAAAGA.1,0
TGCGCACTCAATCG.1,5
TGCGCACTGAACTC.1,2
TGCGCACTTCCTGC.1,0
TGCGCACTTTACTC.1,0
TGCGTAGACGTAAC.1,4
TGCGTAGACTTAGG.1,0
TGCGTAGAGCAGAG.1,5
TGCGTAGAGCATAC.1,5
TGCGTAGATAGACC.1,2
TGCTATACATTGGC.1,12
TGCTATACCCAGTA.1,0
TGCTATACGCTGAT.1,2
TGCTATACGGTGGA.1,2
TGCTATACTCAGGT.1,12
TGCTATACTGACAC.1,0
TGCTGAGAAAACGA.1,2
TGCTGAGACATGAC.1,0
TGCTGAGACTTGAG.1,2
TGCTGAGATTCTTG.1,5
TGCTTAACAGCTCA.1,0
TGCTTAACCCTCCA.1,0
TGCTTAACGCCTTC.1,0
TGCTTAACTGGTGT.1,8
TGGAAAGAAACGAA.1,0
TGGAAAGAACTAGC.11,11
TGGAAAGAATGCCA.1,7
TGGAAAGACAGTTG.1,0
TGGAAAGACTTTAC.1,2
TGGAAAGAGACAGG.1,4
TGGAAAGAGCGGAA.1,2
TGGAAAGAGGGATG.1,5
TGGAAAGATGCCCT.1,2
TGGAAAGATTCGGA.1,5
TGGAAAGATTCTGT.1,0
TGGAACACAGCCAT.1,0
TGGAACACAGCTAC.1,8
TGGAACACATCGTG.1,2
TGGAACACCTCCAC.1,0
TGGAACACTTTGTC.1,0
TGGAACTGACTAGC.1,5
TGGAACTGCAACCA.1,2
TGGAACTGCATCAG.1,0
TGGAACTGGCCATA.1,12
TGGAACTGGCTATG.1,0
TGGAACTGGGTGAG.1,2
TGGAACTGGTCATG.1,2
TGGAACTGTGTCCC.1,0
TGGAAGCTAAGAAC.1,2
TGGACCCTCGCTAA.1,0
TGGACCCTGGAACG.1,2
TGGACCCTGTGCTA.1,0
TGGACCCTTGAGAA.1,2
TGGACTGAATGTCG.1,4
TGGACTGACACCAA.1,7
TGGACTGAGCGATT.1,0
TGGACTGAGCGGAA.1,0
TGGACTGAGTATCG.1,0
TGGAGACTACACAC.1,4
TGGAGACTCGAATC.1,2
TGGAGACTGACGGA.1,2
TGGAGACTGAGATA.1,2
TGGAGACTGTCGTA.1,4
TGGAGACTTTCCAT.1,2
TGGAGGGAAATCGC.1,5
TGGAGGGAAATGCC.1,0
TGGAGGGAAGGTTC.1,4
TGGAGGGACGGTAT.1,2
TGGAGGGACTCTTA.1,0
TGGAGGGAGGAGGT.1,0
TGGATGACGTTGTG.1,2
TGGATGTGAAACGA.1,0
TGGATGTGCTTCGC.1,2
TGGATGTGGATAAG.1,4
TGGATGTGGCAGAG.1,2
TGGATGTGTCCCGT.1,2
TGGATTCTAACGAA.1,5
TGGATTCTCGATAC.1,2
TGGATTCTGAACCT.1,2
TGGATTCTGAGGAC.11,0
TGGATTCTTACTTC.1,0
TGGCAATGAAAGTG.1,5
TGGCAATGAGAAGT.11,4
TGGCAATGCTGGTA.1,2
TGGCAATGTAGCGT.1,2
TGGCAATGTATCTC.1,7
TGGCAATGTGCCTC.11,0
TGGCAATGTTAGGC.1,0
TGGCACCTGACGTT.1,8
TGGCACCTGGGCAA.1,2
TGGCACCTGGTAGG.1,2
TGGCACCTGTCATG.1,5
TGGCACCTTCGCAA.1,2
TGGGTATGGACAGG.1,0
TGGGTATGGGGAGT.1,0
TGGGTATGTGGAAA.1,7
TGGTACGAACACTG.1,5
TGGTACGAACCAGT.1,2
TGGTACGAAGCGGA.1,8
TGGTACGAGACGAG.1,5
TGGTAGACAAACGA.1,12
TGGTAGACATGACC.1,7
TGGTAGACCCGTTC.1,0
TGGTAGACCTTACT.1,4
TGGTAGACGCTTCC.1,5
TGGTAGACGTGTCA.1,2
TGGTAGACTGAGCT.1,2
TGGTAGACTTATCC.1,8
TGGTAGTGATGCTG.1,0
TGGTAGTGCACTCC.1,8
TGGTAGTGGTGAGG.1,2
TGGTAGTGTGGTAC.1,8
TGGTATCTATGTGC.1,4
TGGTATCTCACTAG.1,2
TGGTATCTCGTTAG.1,2
TGGTATCTGACGAG.1,8
TGGTATCTGGAGTG.1,0
TGGTATCTTGAACC.1,4
TGGTATCTTGTCGA.1,7
TGGTCAGAACGTGT.1,2
TGGTCAGAAGCTCA.1,0
TGGTCAGAAGTCTG.1,2
TGGTCAGAATTCGG.1,0
TGGTCAGACAAGCT.1,0
TGGTCAGACCCTTG.1,2
TGGTCAGACGAGAG.1,0
TGGTCAGACGTGTA.1,0
TGGTCAGATCAGTG.1,0
TGGTTACTAACGGG.1,0
TGGTTACTACCTGA.1,2
TGGTTACTCTATGG.1,12
TGGTTACTGGTTCA.11,2
TGGTTACTGTCGAT.1,11
TGGTTACTTGAACC.1,8
TGGTTACTTGCTAG.1,7
TGGTTACTTTAGGC.1,2
TGGTTACTTTTCGT.1,2
TGTAAAACCCCTAC.11,0
TGTAAAACCCTTGC.1,2
TGTAAAACGTAAGA.1,8
TGTAAAACGTCTAG.1,2
TGTAAAACTAACCG.1,4
TGTAAAACTCACGA.1,2
TGTAAAACTCCAGA.1,2
TGTAAAACTCCCGT.1,0
TGTAACCTCCGTAA.1,2
TGTAACCTCCTACC.1,7
TGTAACCTCGTCTC.1,2
TGTAACCTGCGTAT.1,4
TGTAACCTGCTGAT.1,2
TGTAACCTTGTCGA.1,0
TGTAACCTTTACCT.1,0
TGTAATGACAGCTA.1,7
TGTAATGACATGGT.1,0
TGTAATGACTTCTA.1,5
TGTAATGATAACGC.1,2
TGTAATGATGCCAA.1,5
TGTAATGATTCTGT.1,0
TGTACTTGAGCGGA.1,2
TGTACTTGCAAGCT.1,5
TGTACTTGGCGATT.1,5
TGTACTTGTGAACC.1,2
TGTAGGTGACGTAC.1,5
TGTAGGTGCTACTT.1,2
TGTAGGTGGCGGAA.1,0
TGTAGGTGGGAACG.1,4
TGTAGGTGGTTCTT.1,2
TGTAGGTGTGACAC.1,5
TGTAGGTGTTCCGC.1,8
TGTAGGTGTTCGTT.1,2
TGTAGTCTAACCAC.1,5
TGTAGTCTACGACT.1,5
TGTAGTCTCAGTCA.1,0
TGTAGTCTCCCAAA.1,5
TGTAGTCTGTTTGG.1,0
TGTATCTGACGGAG.1,2
TGTATCTGAGAGAT.1,2
TGTATCTGAGCACT.1,4
TGTATCTGAGGGTG.1,0
TGTATCTGCACAAC.1,0
TGTATCTGCGTCTC.1,2
TGTATCTGCGTTGA.1,2
TGTATCTGGCTATG.1,4
TGTATCTGTGGTTG.1,2
TGTATGCTAAAGCA.1,5
TGTATGCTATCACG.1,2
TGTATGCTGGAGCA.1,8
TGTCAGGACATTCT.1,2
TGTCAGGACCTATT.1,7
TGTCAGGACGTAAC.11,2
TGTCAGGACTCAAG.1,0
TGTCAGGAGACAGG.1,4
TGTCAGGAGGACAG.1,2
TGTCAGGATAGCCA.1,0
TGTCAGGATCGTAG.1,5
TGTCAGGATTGGTG.1,4
TGTCTAACAGAACA.1,8
TGTCTAACAGAGGC.1,7
TGTCTAACAGTCTG.1,0
TGTCTAACATCGAC.1,2
TGTCTAACCCTTGC.1,0
TGTCTAACGCAGTT.1,0
TGTCTAACTCCTCG.1,12
TGTCTAACTCTCTA.1,4
TGTCTAACTTGCAG.1,5
TGTGACGAAAGAGT.1,2
TGTGACGAAAGTGA.1,5
TGTGACGAACAGTC.1,8
TGTGACGAACCTGA.1,2
TGTGACGAAGTAGA.1,5
TGTGACGACCCTAC.1,2
TGTGACGACGGAGA.1,0
TGTGACGACGTTAG.1,5
TGTGACGAGGGTGA.1,7
TGTGACGATATCGG.1,2
TGTGAGACAAACGA.1,0
TGTGAGACCCTCCA.1,2
TGTGAGTGCCGAAT.1,4
TGTGAGTGGAGATA.1,0
TGTGAGTGTCTCAT.1,2
TGTGAGTGTCTTAC.1,5
TGTGATCTAGTCAC.1,0
TGTGATCTCACAAC.1,2
TGTGATCTGACGGA.1,8
TGTGATCTTGCTCC.1,2
TGTGATCTTTGACG.1,8
TGTGGATGAAACAG.1,5
TGTGGATGCTCAAG.1,2
TGTGGATGCTCCAC.1,4
TGTGGATGGTCATG.1,2
TGTGGATGGTCCTC.1,5
TGTGGATGTCGCAA.1,8
TGTGGATGTCTTAC.1,0
TGTGGATGTCTTTG.1,2
TGTTAAGAAGTGCT.1,11
TGTTAAGAATGCCA.1,0
TGTTAAGATGTTCT.1,4
TGTTAAGATTTACC.1,0
TGTTACACCCCACT.1,2
TGTTACACCCTTAT.1,2
TGTTACACGTACGT.1,2
TGTTACACGTTGAC.1,2
TGTTACACTCTTCA.1,12
TGTTACACTGATGC.1,5
TGTTACTGACCTCC.1,0
TGTTACTGCACACA.1,6
TGTTACTGCCTATT.1,7
TGTTACTGCGATAC.1,2
TTAACCACAGGCGA.1,0
TTAACCACAGGGTG.1,5
TTAACCACAGTAGA.1,2
TTAACCACCCCTTG.1,5
TTAACCACCCGATA.1,2
TTAACCACCCGTAA.1,8
TTAACCACCTGCAA.1,2
TTAACCACGCTCCT.1,4
TTAACCACGGTACT.1,12
TTACACACCAAAGA.1,0
TTACACACCCAAGT.1,5
TTACACACGTAGCT.1,12
TTACACACTAAGGA.1,5
TTACACACTGGTAC.1,8
TTACACACTGGTCA.1,0
TTACAGCTAAGGGC.1,2
TTACAGCTACGTAC.1,0
TTACAGCTGCGAAG.1,0
TTACAGCTGGTGTT.1,8
TTACAGCTTCCCGT.1,2
TTACAGCTTGTGGT.1,5
TTACCATGACGTGT.1,4
TTACCATGATAAGG.1,2
TTACCATGCAGCTA.1,0
TTACCATGGGTCAT.1,12
TTACCATGGTCCTC.1,4
TTACCATGTGAAGA.1,8
TTACGACTGGGACA.1,4
TTACGTACACCATG.1,2
TTACGTACACGACT.1,0
TTACGTACACGTGT.1,2
TTACGTACAGTGTC.1,8
TTACGTACATGTGC.1,0
TTACGTACCCATAG.1,0
TTACGTACCTTACT.1,5
TTACGTACTTCTTG.1,2
TTACTCGAAAAAGC.1,2
TTACTCGAAGCTAC.1,2
TTACTCGACTTATC.1,8
TTACTCGAGCGTAT.1,0
TTACTCGAGTGTTG.1,0
TTACTCGATTATCC.1,7
TTAGAATGCCTCGT.1,2
TTAGAATGCTCTTA.1,7
TTAGACCTAAACGA.1,0
TTAGACCTCATACG.1,4
TTAGACCTCCTGTC.1,0
TTAGACCTCGAATC.1,0
TTAGACCTGATAGA.1,0
TTAGACCTGGTCTA.1,0
TTAGACCTTGGAGG.1,0
TTAGCTACACGGAG.1,4
TTAGCTACCCACAA.1,2
TTAGCTACCCACCT.1,2
TTAGCTACCGATAC.1,12
TTAGCTACGAATGA.1,6
TTAGCTACGACTAC.1,0
TTAGCTACGGGATG.1,4
TTAGCTACTGGTTG.1,12
TTAGCTACTTGTCT.1,2
TTAGGGACACTGGT.1,2
TTAGGGACCAGATC.1,2
TTAGGGACCTTGAG.1,0
TTAGGGACGGTCAT.1,5
TTAGGGACTGTGGT.1,2
TTAGGGTGAGTCAC.1,2
TTAGGGTGATACCG.1,0
TTAGGGTGCAGAGG.1,0
TTAGGGTGCTACCC.1,0
TTAGGGTGCTCAAG.1,2
TTAGGGTGGCTGTA.1,0
TTAGGGTGGGTAGG.1,0
TTAGGGTGTCCTCG.1,8
TTAGGGTGTGAAGA.1,0
TTAGGTCTTAGTCG.1,0
TTAGTCACAGTGCT.1,2
TTAGTCACCTTTAC.1,10
TTAGTCACGACAAA.1,2
TTAGTCACTGCAGT.1,0
TTAGTCTGACGTAC.1,2
TTAGTCTGCAAAGA.1,0
TTAGTCTGCCTTCG.1,4
TTAGTCTGCTGTTT.1,12
TTAGTCTGCTTCCG.1,4
TTAGTCTGGCATAC.1,7
TTAGTCTGGGAAGC.1,5
TTAGTCTGGTAGCT.1,0
TTATCCGAAAGTGA.1,5
TTATCCGACCCAAA.1,0
TTATCCGAGCTACA.1,5
TTATCCGATGTTTC.11,2
TTATGAGAAGATGA.1,2
TTATGAGACAACTG.1,6
TTATGAGACGATAC.1,8
TTATGAGAGCATCA.1,5
TTATGAGAGCTGTA.1,2
TTATGAGATCTGGA.1,3
TTATGAGATTTCTG.1,2
TTATGCACCCTCGT.1,12
TTATGCACTCGATG.1,0
TTATGGCTAAGCAA.1,2
TTATGGCTAGGTTC.1,5
TTATGGCTTATGCG.1,8
TTATGGCTTGTCAG.1,5
TTATGGCTTTCCGC.1,2
TTATGGCTTTGTCT.1,0
TTATTCCTCAACTG.1,0
TTATTCCTGAATGA.1,0
TTATTCCTGAGGAC.1,0
TTATTCCTTAACCG.1,0
TTATTCCTTGCGTA.1,0
TTCAAAGAGTCGAT.1,2
TTCAAAGATTTCTG.1,2
TTCAACACACTACG.1,0
TTCAACACGTACAC.1,5
TTCAACACTAGCCA.1,3
TTCAAGCTCTTACT.1,4
TTCAAGCTGACGGA.1,4
TTCAAGCTTAGCGT.1,0
TTCAAGCTTGAGAA.1,12
TTCAAGCTTGTAGC.1,2
TTCAAGCTTTTGCT.1,2
TTCACAACGCAAGG.1,6
TTCACAACGCCAAT.1,0
TTCACCCTCCACCT.1,2
TTCACCCTGTATCG.1,4
TTCACCCTTGCTTT.1,0
TTCAGACTAAGGCG.1,0
TTCAGACTAGGTTC.1,8
TTCAGACTATCGGT.1,2
TTCAGACTATGCTG.1,4
TTCAGACTCATTGG.1,0
TTCAGACTCGTAAC.1,8
TTCAGACTCTCAAG.1,0
TTCAGACTGACGAG.1,5
TTCAGACTTTCTCA.1,4
TTCAGTACCTCTAT.1,0
TTCAGTACGGAGCA.1,2
TTCAGTTGAACCTG.1,12
TTCAGTTGACCCTC.1,4
TTCAGTTGCTGGAT.1,0
TTCAGTTGTGTGGT.1,0
TTCATCGAACTCAG.1,4
TTCATCGAATTCTC.1,2
TTCATCGACCAAGT.1,2
TTCATCGACCCAAA.1,2
TTCATCGAGACGAG.1,2
TTCATCGAGTACCA.1,7
TTCATCGATCTAGG.1,0
TTCATGACAACAGA.1,0
TTCATGACAACCTG.1,7
TTCATGACACTAGC.1,0
TTCATGACCAATCG.1,0
TTCATGACCCGTAA.1,2
TTCATGACCGAATC.1,6
TTCATGACGACGTT.1,2
TTCATGACGAGATA.1,2
TTCATGACGAGGTG.1,0
TTCATGACTGGCAT.1,8
TTCATGACTTATCC.1,2
TTCATGACTTCAGG.1,7
TTCATGTGAAGATG.1,0
TTCATGTGGTTTGG.1,2
TTCATGTGTCTCCG.1,11
TTCATGTGTTGAGC.1,2
TTCATTCTTATGCG.1,8
TTCATTCTTCTTAC.1,7
TTCCAAACACAGCT.1,0
TTCCAAACAGCGTT.1,2
TTCCAAACCTCCAC.1,2
TTCCAAACGCCAAT.1,0
TTCCAAACTTGTCT.1,0
TTCCATGAAGCTCA.1,2
TTCCATGACCATAG.1,6
TTCCATGACTTGCC.1,0
TTCCCACTCGTAGT.1,2
TTCCCACTGGTGGA.1,4
TTCCCACTTGATGC.1,2
TTCCTAGAACAGCT.1,2
TTCCTAGAGGTGAG.1,2
TTCGAGGAACGGTT.1,2
TTCGAGGACAGAGG.1,5
TTCGAGGACCGCTT.1,2
TTCGAGGAGGGCAA.1,4
TTCGAGGATGAAGA.1,0
TTCGATTGACCAAC.1,0
TTCGATTGTCAGAC.1,2
TTCGATTGTCCTGC.1,0
TTCGGAGAACACCA.1,14
TTCGGAGATTTCAC.1,8
TTCGTATGAACCTG.1,2
TTCGTATGCTTGGA.1,12
TTCGTATGGAGAGC.1,2
TTCGTATGTGCGTA.1,4
TTCGTATGTTCCGC.1,2
TTCTACGACTGCTC.1,2
TTCTAGTGCTGGAT.1,3
TTCTAGTGGGTGTT.1,12
TTCTAGTGTAGTCG.1,10
TTCTCAGAAACAGA.1,2
TTCTCAGAACCAAC.1,2
TTCTGATGACACCA.1,0
TTCTGATGAGATCC.1,6
TTCTTACTAAGTAG.1,5
TTCTTACTCGAATC.1,2
TTCTTACTCTGAAC.1,2
TTCTTACTCTGAGT.1,0
TTCTTACTGACTAC.1,6
TTCTTACTTGCGTA.1,0
TTGAACCTAACCGT.1,12
TTGAACCTACGACT.1,0
TTGAACCTACGTAC.1,8
TTGAACCTCTCTTA.1,2
TTGAACCTCTTATC.1,5
TTGAACCTGTGCAT.1,0
TTGAACCTTTACTC.1,8
TTGAACCTTTCACT.1,0
TTGAATGAACCAGT.1,7
TTGAATGAGAGGAC.1,5
TTGAATGAGTCTTT.1,2
TTGACACTAGTACC.1,0
TTGACACTCCGATA.1,8
TTGACACTGGTCTA.1,6
TTGACACTGTGCTA.1,0
TTGACACTTCCTGC.1,8
TTGACACTTTGGTG.1,12
TTGAGGACAAGCCT.1,0
TTGAGGACACGACT.1,2
TTGAGGACAGGAGC.1,5
TTGAGGACGTTCGA.1,8
TTGAGGACTCGCTC.1,0
TTGAGGACTGTGAC.1,8
TTGAGGTGAACCAC.1,2
TTGAGGTGAAGAAC.11,0
TTGAGGTGAGAGGC.1,5
TTGAGGTGTGACAC.1,5
TTGAGGTGTTCGTT.1,0
TTGATCTGACACTG.11,8
TTGATCTGATGCTG.1,0
TTGATCTGTCTTTG.1,0
TTGCATTGACTTTC.1,0
TTGCATTGCAGGAG.1,0
TTGCATTGGACGTT.1,5
TTGCATTGGTACGT.1,7
TTGCATTGTTGGTG.1,5
TTGCTAACGAGCAG.1,2
TTGCTATGAACAGA.1,0
TTGCTATGTCTTTG.1,4
TTGGAGACACTGGT.1,2
TTGGAGACAGCGTT.1,0
TTGGAGTGACGTTG.1,0
TTGGAGTGAGATCC.1,0
TTGGAGTGCATGCA.1,2
TTGGAGTGCTCGAA.11,2
TTGGAGTGGTTGCA.1,4
TTGGGAACCAACCA.1,2
TTGGGAACCTTGTT.1,0
TTGGGAACGTGTTG.1,12
TTGGTACTAGTCTG.1,0
TTGGTACTCCACAA.1,2
TTGGTACTCCTTGC.1,0
TTGGTACTCGCAAT.1,0
TTGGTACTCTTGAG.1,0
TTGGTACTGTCAAC.1,2
TTGGTACTTTGCTT.1,5
TTGTACACAAAAGC.1,5
TTGTACACAAGAGT.1,0
TTGTACACCTGGTA.1,0
TTGTACACCTTACT.1,2
TTGTACACGACGAG.1,5
TTGTACACGGCATT.1,5
TTGTACACGTCATG.1,2
TTGTACACTACTCT.1,5
TTGTAGCTAGAAGT.1,2
TTGTAGCTCCAGTA.1,0
TTGTAGCTGAAAGT.1,2
TTGTAGCTGAATAG.1,0
TTGTAGCTTAAGCC.1,0
TTGTAGCTTGGTTG.1,8
TTGTCATGCCGATA.1,2
TTGTCATGGCTGTA.1,12
TTGTCATGTGGAGG.1,12
TTGTCATGTTAGGC.1,2
TTGTCATGTTTGGG.1,2
TTTAGAGAAGTGCT.1,4
TTTAGAGACTAGCA.1,7
TTTAGAGATCTCTA.1,7
TTTAGAGATGCAGT.1,8
TTTAGAGATGGTAC.1,2
TTTAGCTGAGAGTA.1,5
TTTAGCTGCAGAGG.1,7
TTTAGCTGCGAACT.11,2
TTTAGCTGCTAGTG.1,4
TTTAGCTGGCCTTC.1,0
TTTAGCTGGGGAGT.1,2
TTTAGCTGGTCATG.1,2
TTTAGCTGTGCCAA.1,2
TTTAGGCTCAGTCA.1,4
TTTAGGCTCTTGTT.1,0
TTTAGGCTTAAGGA.1,4
TTTAGGCTTACTCT.1,0
TTTAGGCTTCTTCA.1,4
TTTATCCTAAGTAG.1,2
TTTATCCTAGGAGC.1,2
TTTATCCTCTCTTA.1,5
TTTATCCTGCGAGA.11,5
TTTATCCTGGCATT.1,8
TTTATCCTTACGCA.1,0
TTTATCCTTCAGTG.1,5
TTTATCCTTCTAGG.1,2
TTTCACGAAACTGC.1,2
TTTCACGAAAGCAA.1,0
TTTCACGAAAGTAG.1,0
TTTCACGACCAACA.1,5
TTTCACGAGCGAAG.1,5
TTTCACGAGCGATT.1,5
TTTCACGAGGACAG.1,8
TTTCACGATCTCCG.1,2
TTTCAGTGAGCATC.1,4
TTTCAGTGATTCGG.1,0
TTTCAGTGCCACCT.1,2
TTTCAGTGCGAGAG.1,4
TTTCAGTGTCACGA.1,0
TTTCCAGACGAGTT.1,2
TTTCCAGAGAGCAG.1,0
TTTCCAGAGTCTAG.1,0
TTTCCAGAGTTGGT.1,4
TTTCCAGATGGTAC.1,8
TTTCCAGATGGTGT.1,0
TTTCGAACGCTGTA.1,8
TTTCGAACTGTCAG.1,0
TTTCGAACTGTGCA.1,0
TTTCTACTGGTATC.1,0
TTTCTACTTCAGAC.1,4
TTTGACTGACGTAC.1,0
TTTGACTGATCACG.1,2
TTTGACTGCCCACT.1,2
TTTGACTGCCCTAC.1,2
TTTGACTGCTACCC.1,0
TTTGACTGCTTGGA.1,0
TTTGACTGGCGAAG.1,5
TTTGACTGGGTACT.1,5
TTTGCATGAACGAA.1,12
TTTGCATGACGTAC.1,0
TTTGCATGCCTGTC.1,5
TTTGCATGCTAAGC.1,0
TTTGCATGGGACGA.1,0
