cell,ident
AAACCTGAGCATCATC-1,2
AAACCTGAGCTAACTC-1,1
AAACCTGAGCTAGTGG-1,4
AAACCTGCACATTAGC-1,0
AAACCTGCACTGTTAG-1,1
AAACCTGCATAGTAAG-1,1
AAACCTGCATGAACCT-1,3
AAACCTGGTAAGAGGA-1,0
AAACCTGGTAGAAGGA-1,1
AAACCTGGTCCAGTGC-1,0
AAACCTGGTGTCTGAT-1,4
AAACCTGGTTTGCATG-1,1
AAACCTGGTTTGTTTC-1,0
AAACCTGTCCGTTGCT-1,2
AAACCTGTCCTGTAGA-1,3
AAACCTGTCGCCAAAT-1,0
AAACCTGTCGTGGACC-1,1
AAACCTGTCTACCAGA-1,0
AAACCTGTCTCAAGTG-1,4
AAACCTGTCTCGCTTG-1,1
AAACCTGTCTGCGGCA-1,0
AAACGGGAGCCTCGTG-1,6
AAACGGGAGGTGTGGT-1,0
AAACGGGAGTACGATA-1,7
AAACGGGCAAGTAGTA-1,2
AAACGGGCACCTCGGA-1,2
AAACGGGCACGAAACG-1,0
AAACGGGCAGTAAGAT-1,2
AAACGGGGTACAGTTC-1,5
AAACGGGGTACCCAAT-1,2
AAACGGGGTAGCTTGT-1,0
AAACGGGGTGCGCTTG-1,0
AAACGGGTCAGGATCT-1,1
AAACGGGTCCAAAGTC-1,1
AAACGGGTCCCTCAGT-1,7
AAACGGGTCCGTTGTC-1,3
AAACGGGTCTCTGTCG-1,0
AAACGGGTCTTCTGGC-1,5
AAAGATGAGCGCTCCA-1,0
AAAGATGAGGGTTTCT-1,3
AAAGATGAGTACGATA-1,0
AAAGATGAGTGCAAGC-1,7
AAAGATGCAAAGCAAT-1,0
AAAGATGCACCCTATC-1,0
AAAGATGCACTTAAGC-1,0
AAAGATGCAGCGAACA-1,4
AAAGATGCATGCCTTC-1,3
AAAGATGCATTGGTAC-1,4
AAAGATGGTATAATGG-1,1
AAAGATGGTCAGAAGC-1,4
AAAGATGGTCTTTCAT-1,3
AAAGATGGTGGTGTAG-1,2
AAAGATGGTGTGACCC-1,2
AAAGATGGTTACGACT-1,0
AAAGATGGTTGTCTTT-1,1
AAAGATGTCCCTAATT-1,0
AAAGATGTCCGAACGC-1,3
AAAGATGTCCGCAGTG-1,0
AAAGATGTCGCCAGCA-1,0
AAAGATGTCGCCTGAG-1,5
AAAGATGTCGTATCAG-1,1
AAAGATGTCTCGAGTA-1,4
AAAGCAAAGAAACCAT-1,3
AAAGCAAAGACTAGAT-1,3
AAAGCAAAGCCCTAAT-1,0
AAAGCAAAGCTAAGAT-1,1
AAAGCAAAGTGTCTCA-1,6
AAAGCAACAGACGCAA-1,3
AAAGCAACAGCTTAAC-1,4
AAAGCAAGTCAATACC-1,3
AAAGCAAGTCATGCCG-1,4
AAAGCAAGTCGCGAAA-1,1
AAAGCAATCAGCGACC-1,2
AAAGCAATCCCTGACT-1,0
AAAGCAATCGAGAACG-1,1
AAAGCAATCTCGCATC-1,4
AAAGTAGAGAGGTAGA-1,0
AAAGTAGAGAGTCTGG-1,0
AAAGTAGAGCAATCTC-1,3
AAAGTAGAGCGATATA-1,0
AAAGTAGAGCTACCTA-1,2
AAAGTAGAGGACTGGT-1,6
AAAGTAGAGTCAAGCG-1,4
AAAGTAGCAAGGGTCA-1,0
AAAGTAGCACCAACCG-1,1
AAAGTAGCATGTTCCC-1,4
AAAGTAGGTACACCGC-1,3
AAAGTAGGTAGCCTCG-1,6
AAAGTAGGTTAAAGTG-1,1
AAAGTAGTCAGTGTTG-1,0
AAAGTAGTCCCACTTG-1,0
AAAGTAGTCTATCCCG-1,1
AAATGCCAGGCATGGT-1,3
AAATGCCAGGTCGGAT-1,1
AAATGCCAGTAGTGCG-1,4
AAATGCCCAACTTGAC-1,0
AAATGCCCAATACGCT-1,4
AAATGCCCACCTGGTG-1,1
AAATGCCGTAAATGTG-1,7
AAATGCCGTACCTACA-1,2
AAATGCCGTACTCGCG-1,1
AAATGCCGTCAAAGAT-1,4
AAATGCCTCAACACAC-1,1
AAATGCCTCACCAGGC-1,2
AAATGCCTCCAGAAGG-1,4
AAATGCCTCCTGCCAT-1,3
AACACGTAGAGGTTGC-1,2
AACACGTAGCTAGCCC-1,0
AACACGTAGGAGTACC-1,5
AACACGTCACTCTGTC-1,3
AACACGTCATGTCGAT-1,0
AACACGTGTACATGTC-1,3
AACACGTGTACCATCA-1,1
AACACGTGTCTCTCTG-1,3
AACACGTGTCTGGAGA-1,4
AACACGTGTGGCCCTA-1,0
AACACGTGTTACGCGC-1,0
AACACGTGTTGTCTTT-1,2
AACACGTGTTTACTCT-1,0
AACACGTTCAGCTCTC-1,4
AACACGTTCCACGACG-1,4
AACACGTTCCACTCCA-1,0
AACACGTTCCATGCTC-1,0
AACACGTTCGGTCTAA-1,2
AACACGTTCGTTTATC-1,4
AACACGTTCTCTGAGA-1,2
AACACGTTCTTGAGAC-1,0
AACCATGAGAAGAAGC-1,2
AACCATGAGACTGTAA-1,5
AACCATGAGGTAGCTG-1,2
AACCATGCAAACTGTC-1,0
AACCATGCATATGAGA-1,0
AACCATGCATCAGTCA-1,3
AACCATGCATCGATGT-1,6
AACCATGGTACATGTC-1,1
AACCATGGTACCGTTA-1,0
AACCATGGTCTAAAGA-1,4
AACCATGGTGTCAATC-1,1
AACCATGTCACCTCGT-1,1
AACCATGTCATGGTCA-1,4
AACCATGTCGCGGATC-1,4
AACCATGTCTCGTATT-1,2
AACCGCGAGAGACTTA-1,2
AACCGCGAGAGTACCG-1,0
AACCGCGAGCACGCCT-1,0
AACCGCGAGCCGTCGT-1,3
AACCGCGAGGACAGCT-1,1
AACCGCGAGGAGTCTG-1,3
AACCGCGAGTACGCGA-1,0
AACCGCGCACTGTGTA-1,7
AACCGCGCAGATCGGA-1,7
AACCGCGCAGCGATCC-1,0
AACCGCGCAGCGTTCG-1,5
AACCGCGCAGCTGGCT-1,0
AACCGCGCATAGTAAG-1,3
AACCGCGCATGCAATC-1,1
AACCGCGGTATATGAG-1,1
AACCGCGGTCCTAGCG-1,4
AACCGCGGTGTCCTCT-1,2
AACCGCGGTTGTGGCC-1,2
AACCGCGTCAGCAACT-1,0
AACCGCGTCTCATTCA-1,0
AACCGCGTCTCGCATC-1,7
AACGTTGAGATCGATA-1,1
AACGTTGAGGCCCTCA-1,0
AACGTTGCAAGCTGTT-1,5
AACGTTGCACCAGATT-1,1
AACGTTGCATAACCTG-1,1
AACGTTGGTCAAAGCG-1,2
AACGTTGGTTCCGGCA-1,0
AACGTTGGTTTGTTTC-1,5
AACGTTGTCCATGAAC-1,0
AACGTTGTCGAATGGG-1,6
AACGTTGTCGCATGAT-1,5
AACGTTGTCGTCTGCT-1,0
AACGTTGTCGTGGACC-1,0
AACTCAGAGAGAGCTC-1,0
AACTCAGAGCAGGCTA-1,2
AACTCAGAGCTAGTGG-1,3
AACTCAGCAAATCCGT-1,2
AACTCAGCAAGAAAGG-1,2
AACTCAGCACATGGGA-1,3
AACTCAGCAGACAAGC-1,0
AACTCAGCAGGGTTAG-1,5
AACTCAGCAGTAAGAT-1,3
AACTCAGCATCGGAAG-1,0
AACTCAGGTATAGGGC-1,3
AACTCAGGTGAAAGAG-1,1
AACTCAGGTTACGTCA-1,3
AACTCAGGTTGGACCC-1,1
AACTCAGTCCTTTCTC-1,8
AACTCAGTCGCTTGTC-1,3
AACTCAGTCTTGCCGT-1,0
AACTCCCAGAAGGGTA-1,2
AACTCCCAGGTGATTA-1,1
AACTCCCAGTCTTGCA-1,0
AACTCCCCAATGTAAG-1,6
AACTCCCCATAAGACA-1,1
AACTCCCCATGCCTAA-1,6
AACTCCCGTGAGGGTT-1,3
AACTCCCGTGGTCTCG-1,1
AACTCCCGTGTTGAGG-1,0
AACTCCCGTTCATGGT-1,0
AACTCCCTCATCATTC-1,0
AACTCCCTCTGGGCCA-1,4
AACTCTTAGAAGAAGC-1,0
AACTCTTAGAGTGACC-1,3
AACTCTTAGCCTATGT-1,5
AACTCTTAGCGATTCT-1,1
AACTCTTAGCTGAAAT-1,0
AACTCTTCAAGCCCAC-1,1
AACTCTTCAAGGACTG-1,1
AACTCTTCAATAGCAA-1,0
AACTCTTCACTATCTT-1,4
AACTCTTCAGACGCTC-1,1
AACTCTTCAGGAACGT-1,3
AACTCTTCAGGGTTAG-1,3
AACTCTTCATTTGCTT-1,0
AACTCTTGTATATGAG-1,3
AACTCTTGTCATATGC-1,2
AACTCTTGTGTGCCTG-1,3
AACTCTTGTTCCATGA-1,0
AACTCTTTCAATCACG-1,0
AACTCTTTCGGACAAG-1,2
AACTCTTTCGTTACAG-1,1
AACTCTTTCTCATTCA-1,8
AACTGGTAGACTACAA-1,1
AACTGGTAGAGTACAT-1,1
AACTGGTAGCGATATA-1,4
AACTGGTAGTACGCCC-1,8
AACTGGTCAGTCCTTC-1,1
AACTGGTCAGTGGGAT-1,0
AACTGGTGTATAAACG-1,1
AACTGGTTCACAAACC-1,2
AACTGGTTCACTTATC-1,2
AACTGGTTCATAAAGG-1,7
AACTGGTTCCGCGTTT-1,0
AACTGGTTCTTCGAGA-1,1
AACTTTCAGAAAGTGG-1,3
AACTTTCAGAGCTGCA-1,3
AACTTTCAGCAGGTCA-1,3
AACTTTCAGCCCAATT-1,0
AACTTTCAGTAACCCT-1,8
AACTTTCCAAGCGCTC-1,2
AACTTTCCACGTGAGA-1,0
AACTTTCCAGCATACT-1,4
AACTTTCCAGTCAGAG-1,2
AACTTTCCAGTCAGCC-1,2
AACTTTCCAGTGACAG-1,0
AACTTTCCATCGATTG-1,2
AACTTTCCATTGTGCA-1,0
AACTTTCGTACTCGCG-1,1
AACTTTCGTACTTAGC-1,4
AACTTTCGTAGAGCTG-1,4
AACTTTCGTCTTTCAT-1,3
AACTTTCGTGTCGCTG-1,4
AACTTTCGTGTGGCTC-1,3
AACTTTCTCAACACCA-1,1
AACTTTCTCAGAAATG-1,0
AACTTTCTCAGGTAAA-1,0
AACTTTCTCTCCAACC-1,0
AACTTTCTCTGGGCCA-1,0
AAGACCTAGAACAATC-1,1
AAGACCTAGCACAGGT-1,5
AAGACCTAGCCCAATT-1,4
AAGACCTAGGTGGGTT-1,1
AAGACCTAGTGGCACA-1,1
AAGACCTAGTGTTGAA-1,0
AAGACCTCAAGCGATG-1,0
AAGACCTCACAAGACG-1,2
AAGACCTCACAAGTAA-1,3
AAGACCTCAGTTAACC-1,1
AAGACCTCATAAGACA-1,3
AAGACCTCATACAGCT-1,4
AAGACCTCATCACGTA-1,0
AAGACCTGTCCAAGTT-1,0
AAGACCTGTCCATGAT-1,1
AAGACCTTCAACACGT-1,0
AAGACCTTCACTTACT-1,2
AAGACCTTCCGCGGTA-1,3
AAGACCTTCGGTCTAA-1,1
AAGCCGCAGCGATAGC-1,4
AAGCCGCAGCGTTCCG-1,0
AAGCCGCAGCTAAACA-1,0
AAGCCGCAGGTAGCTG-1,3
AAGCCGCAGTGTACTC-1,1
AAGCCGCCAAAGCAAT-1,1
AAGCCGCCACATGTGT-1,2
AAGCCGCCACTCGACG-1,3
AAGCCGCCACTGCCAG-1,2
AAGCCGCCAGTCGTGC-1,6
AAGCCGCGTGAAAGAG-1,1
AAGCCGCGTTGATTGC-1,3
AAGCCGCTCACATAGC-1,2
AAGCCGCTCATCACCC-1,0
AAGCCGCTCCATGCTC-1,0
AAGCCGCTCCGTAGTA-1,0
AAGCCGCTCGGGAGTA-1,0
AAGGAGCAGATCGATA-1,4
AAGGAGCAGTACACCT-1,0
AAGGAGCCAATGACCT-1,1
AAGGAGCGTATTAGCC-1,3
AAGGAGCGTCGAAAGC-1,3
AAGGAGCGTCTGCAAT-1,7
AAGGAGCGTCTTCAAG-1,8
AAGGAGCGTGTTCGAT-1,3
AAGGAGCGTGTTGAGG-1,6
AAGGAGCTCACCGTAA-1,0
AAGGAGCTCCAAGTAC-1,4
AAGGCAGAGACAAGCC-1,1
AAGGCAGAGCTACCGC-1,3
AAGGCAGAGGTGCACA-1,4
AAGGCAGAGTGTCTCA-1,0
AAGGCAGCAAATTGCC-1,2
AAGGCAGCAACACCTA-1,0
AAGGCAGCAGTTAACC-1,2
AAGGCAGCATAAAGGT-1,3
AAGGCAGCATCTCCCA-1,2
AAGGCAGCATTCCTCG-1,4
AAGGCAGGTAAAGTCA-1,1
AAGGCAGGTACTCGCG-1,7
AAGGCAGGTAGGGTAC-1,4
AAGGCAGGTATATGGA-1,7
AAGGCAGGTATGAAAC-1,0
AAGGCAGTCAGGCAAG-1,3
AAGGCAGTCAGGTAAA-1,3
AAGGTTCAGCTCTCGG-1,2
AAGGTTCAGTGGGCTA-1,3
AAGGTTCCAAAGGAAG-1,3
AAGGTTCCAATGTAAG-1,1
AAGGTTCCACAGATTC-1,0
AAGGTTCCACATTTCT-1,6
AAGGTTCGTAAGAGAG-1,1
AAGGTTCGTAGCGATG-1,0
AAGGTTCGTGCCTGTG-1,2
AAGGTTCGTGGTAACG-1,5
AAGGTTCGTGGTGTAG-1,1
AAGGTTCTCAGAAATG-1,4
AAGGTTCTCCCTCAGT-1,0
AAGGTTCTCCGATATG-1,4
AAGGTTCTCCTTAATC-1,1
AAGGTTCTCTGTACGA-1,3
AAGTCTGAGATGTCGG-1,4
AAGTCTGAGCTAGTTC-1,8
AAGTCTGAGGCACATG-1,8
AAGTCTGAGGTTCCTA-1,6
AAGTCTGAGTTGCAGG-1,3
AAGTCTGCAATCGGTT-1,4
AAGTCTGCACAGGTTT-1,1
AAGTCTGCAGTTCATG-1,0
AAGTCTGCATCGTCGG-1,7
AAGTCTGCATGAAGTA-1,2
AAGTCTGGTAAGTGTA-1,8
AAGTCTGGTCCGAAGA-1,4
AAGTCTGGTCTGATTG-1,0
AAGTCTGGTGCACTTA-1,1
AAGTCTGGTTCCGTCT-1,0
AAGTCTGGTTTGGGCC-1,1
AAGTCTGTCAAGATCC-1,3
AAGTCTGTCACAGTAC-1,0
AAGTCTGTCCTCATTA-1,5
AAGTCTGTCGACGGAA-1,2
AAGTCTGTCGCCCTTA-1,1
AATCCAGAGCCACGCT-1,0
AATCCAGAGTGACATA-1,4
AATCCAGCAAGTTCTG-1,1
AATCCAGCAGAGCCAA-1,8
AATCCAGCATCTGGTA-1,3
AATCCAGGTCCCTACT-1,6
AATCCAGTCAAACCGT-1,1
AATCCAGTCATGTAGC-1,4
AATCCAGTCTGCCCTA-1,1
AATCGGTAGACGCTTT-1,1
AATCGGTAGAGGTTAT-1,0
AATCGGTAGCGAAGGG-1,0
AATCGGTAGGTGATTA-1,6
AATCGGTAGGTGCTAG-1,3
AATCGGTCAAGGTGTG-1,0
AATCGGTCAATCGGTT-1,0
AATCGGTCAGATCTGT-1,3
AATCGGTCATCGGACC-1,6
AATCGGTGTCAATACC-1,3
AATCGGTGTGGCAAAC-1,2
AATCGGTGTGGTTTCA-1,0
AATCGGTGTTCGTGAT-1,2
AATCGGTTCCGATATG-1,2
AATCGGTTCTAGAGTC-1,1
AATCGGTTCTATCCCG-1,2
AATCGGTTCTCCAGGG-1,0
ACACCAAAGAGCAATT-1,4
ACACCAAAGCCACGCT-1,0
ACACCAAAGGAGTTGC-1,4
ACACCAAAGGCTAGGT-1,4
ACACCAAAGTGCCATT-1,2
ACACCAAAGTGGGCTA-1,2
ACACCAACAAAGGTGC-1,0
ACACCAACACGACGAA-1,2
ACACCAACAGTCTTCC-1,0
ACACCAACATTCTCAT-1,5
ACACCAAGTACATGTC-1,4
ACACCAAGTCTTTCAT-1,3
ACACCAATCAGTTCGA-1,2
ACACCAATCGAGCCCA-1,4
ACACCAATCTGGGCCA-1,1
ACACCCTAGAGGTACC-1,0
ACACCCTAGATAGTCA-1,5
ACACCCTAGATATGCA-1,1
ACACCCTAGATGTGGC-1,3
ACACCCTAGCCGGTAA-1,3
ACACCCTAGCGCTCCA-1,0
ACACCCTAGGATGCGT-1,0
ACACCCTAGGTGCTTT-1,2
ACACCCTAGTGGTAGC-1,1
ACACCCTCAAGACACG-1,0
ACACCCTCACGCCAGT-1,6
ACACCCTCATGCCTAA-1,0
ACACCCTGTAACGTTC-1,4
ACACCCTGTAAGTTCC-1,1
ACACCCTGTCATTAGC-1,4
ACACCCTTCCACGTTC-1,1
ACACCCTTCGGCCGAT-1,2
ACACCCTTCTCGATGA-1,6
ACACCCTTCTCTGAGA-1,2
ACACCCTTCTGTTTGT-1,3
ACACCGGAGCTCTCGG-1,4
ACACCGGAGTATCGAA-1,4
ACACCGGAGTGAATTG-1,1
ACACCGGCATCGGGTC-1,3
ACACCGGGTCTCTTAT-1,1
ACACCGGTCAAGGCTT-1,0
ACACTGAAGAGATGAG-1,4
ACACTGAAGCCGATTT-1,4
ACACTGAAGGATATAC-1,2
ACACTGAAGGGAACGG-1,1
ACACTGAAGGGAGTAA-1,2
ACACTGAAGTGGACGT-1,3
ACACTGACAATGTAAG-1,0
ACACTGACATGATCCA-1,0
ACACTGAGTACTTGAC-1,0
ACACTGAGTAGTGAAT-1,0
ACACTGAGTCACTTCC-1,1
ACACTGAGTTAGGGTG-1,3
ACACTGATCACGCATA-1,0
ACACTGATCATACGGT-1,1
ACACTGATCCATTCTA-1,0
ACACTGATCCCAAGAT-1,0
ACACTGATCGGAAACG-1,2
ACAGCCGAGAAAGTGG-1,1
ACAGCCGAGTGGGCTA-1,4
ACAGCCGAGTGGTAGC-1,4
ACAGCCGAGTTTCCTT-1,0
ACAGCCGCAAGGTTCT-1,4
ACAGCCGCACAGGCCT-1,1
ACAGCCGCACTAGTAC-1,2
ACAGCCGCAGATCCAT-1,1
ACAGCCGCAGGGTATG-1,0
ACAGCCGCATCTACGA-1,6
ACAGCCGCATGTAAGA-1,5
ACAGCCGCATGTCGAT-1,5
ACAGCCGCATTGTGCA-1,0
ACAGCCGGTAGCGATG-1,2
ACAGCCGGTGCACTTA-1,3
ACAGCCGGTGGACGAT-1,2
ACAGCCGGTGTGACGA-1,5
ACAGCCGGTTAAGTAG-1,0
ACAGCCGTCAGCTGGC-1,0
ACAGCCGTCATGGTCA-1,1
ACAGCCGTCCTTGACC-1,2
ACAGCCGTCGCGCCAA-1,2
ACAGCCGTCGTCGTTC-1,2
ACAGCTAAGAGCAATT-1,0
ACAGCTAAGGGTTCCC-1,2
ACAGCTAAGGTGTGGT-1,0
ACAGCTACAACGATGG-1,2
ACAGCTACACACTGCG-1,0
ACAGCTACAGGTCGTC-1,0
ACAGCTACATGGATGG-1,2
ACAGCTACATGGTCTA-1,1
ACAGCTAGTACCGTAT-1,0
ACAGCTAGTCAGAAGC-1,2
ACAGCTAGTGCATCTA-1,0
ACAGCTAGTGCGAAAC-1,1
ACAGCTATCCACTGGG-1,3
ACAGCTATCGCCAAAT-1,0
ACAGCTATCGTCCGTT-1,0
ACAGCTATCTAACGGT-1,0
ACAGCTATCTGTTGAG-1,3
ACATACGAGAGGTTGC-1,2
ACATACGAGGCTACGA-1,2
ACATACGAGGGTGTGT-1,0
ACATACGAGTGACATA-1,3
ACATACGCAAACGTGG-1,4
ACATACGCAGTATAAG-1,2
ACATACGCATATGGTC-1,0
ACATACGCATTAACCG-1,1
ACATACGGTAAGTGGC-1,2
ACATACGGTAGCCTCG-1,1
ACATACGGTGGCTCCA-1,2
ACATACGGTGGTACAG-1,4
ACATACGGTTCTGAAC-1,3
ACATACGTCATGTCCC-1,2
ACATACGTCATTTGGG-1,5
ACATACGTCGGCATCG-1,0
ACATACGTCGTTACGA-1,1
ACATACGTCTCATTCA-1,0
ACATACGTCTCGCTTG-1,8
ACATACGTCTCTTGAT-1,0
ACATACGTCTTGAGGT-1,7
ACATCAGAGGCCCGTT-1,5
ACATCAGAGTCGTACT-1,1
ACATCAGCAATGTAAG-1,6
ACATCAGCACAAGACG-1,1
ACATCAGCACATGGGA-1,1
ACATCAGCACATTTCT-1,0
ACATCAGCACCAACCG-1,0
ACATCAGCACTTAACG-1,1
ACATCAGCAGTATAAG-1,2
ACATCAGCATTTGCTT-1,0
ACATCAGGTACATCCA-1,1
ACATCAGGTTTCGCTC-1,4
ACATCAGTCCACTGGG-1,0
ACATCAGTCTGGCGTG-1,4
ACATGGTAGACTAGGC-1,5
ACATGGTAGAGGGATA-1,2
ACATGGTAGAGTCGGT-1,2
ACATGGTAGATATGGT-1,5
ACATGGTAGCTAGTGG-1,2
ACATGGTAGTGGTAAT-1,4
ACATGGTAGTTAGCGG-1,5
ACATGGTCAAGACGTG-1,7
ACATGGTCACATTCGA-1,0
ACATGGTCACGCATCG-1,3
ACATGGTCACTGAAGG-1,4
ACATGGTCAGCCTTGG-1,0
ACATGGTCATTCACTT-1,0
ACATGGTGTAATAGCA-1,1
ACATGGTGTATTACCG-1,3
ACATGGTGTCATGCAT-1,0
ACATGGTGTTAAGATG-1,4
ACATGGTGTTCAACCA-1,2
ACATGGTGTTGCGTTA-1,4
ACATGGTTCATCACCC-1,0
ACATGGTTCCACGTTC-1,0
ACATGGTTCGGCCGAT-1,3
ACATGGTTCGGTTAAC-1,0
ACATGGTTCTACCTGC-1,2
ACCAGTAAGACCACGA-1,1
ACCAGTAAGACTTTCG-1,4
ACCAGTAAGCCAGGAT-1,4
ACCAGTACAACACGCC-1,4
ACCAGTACAAGCGATG-1,1
ACCAGTACACCGATAT-1,0
ACCAGTACATAAAGGT-1,4
ACCAGTAGTATGAAAC-1,0
ACCAGTAGTGCTGTAT-1,1
ACCAGTAGTGTTAAGA-1,0
ACCAGTAGTTATCGGT-1,1
ACCAGTAGTTCGTTGA-1,1
ACCAGTAGTTGCGTTA-1,1
ACCAGTATCACCGGGT-1,1
ACCAGTATCCACTGGG-1,2
ACCAGTATCCTGCTTG-1,3
ACCAGTATCGCCAGCA-1,3
ACCAGTATCTCGCTTG-1,0
ACCCACTAGAGTGACC-1,4
ACCCACTAGATCCCGC-1,0
ACCCACTAGATCGATA-1,6
ACCCACTAGGAACTGC-1,1
ACCCACTAGGATGCGT-1,0
ACCCACTCAAGTTCTG-1,1
ACCCACTCACAGAGGT-1,4
ACCCACTCACGAAAGC-1,0
ACCCACTCAGGAATGC-1,0
ACCCACTCATGCGCAC-1,2
ACCCACTCATGGAATA-1,2
ACCCACTGTATTCTCT-1,4
ACCCACTGTCGGGTCT-1,3
ACCCACTGTCTCGTTC-1,0
ACCCACTGTGGTGTAG-1,4
ACCCACTTCAATCACG-1,3
ACCCACTTCAGTCAGT-1,5
ACCCACTTCCCTGACT-1,2
ACCCACTTCCTTTCTC-1,0
ACCCACTTCGCCAGCA-1,1
ACCCACTTCGCCATAA-1,1
ACCGTAAAGCACCGTC-1,3
ACCGTAAAGCGTAATA-1,3
ACCGTAAAGGAGCGTT-1,7
ACCGTAAAGTAGTGCG-1,0
ACCGTAAAGTATCTCG-1,3
ACCGTAAAGTGACTCT-1,4
ACCGTAACAAGGGTCA-1,0
ACCGTAACAGACAAGC-1,4
ACCGTAACAGACTCGC-1,1
ACCGTAACAGCTCGAC-1,1
ACCGTAACAGGGAGAG-1,0
ACCGTAAGTATAGTAG-1,6
ACCGTAAGTATTACCG-1,2
ACCGTAAGTCTAGCCG-1,0
ACCGTAAGTTATCGGT-1,3
ACCGTAAGTTGGTTTG-1,1
ACCGTAATCACAATGC-1,0
ACCGTAATCCCTAATT-1,4
ACCGTAATCCTAGTGA-1,0
ACCTTTAAGACTTGAA-1,3
ACCTTTAAGCGCTCCA-1,0
ACCTTTAAGTACGTAA-1,1
ACCTTTACACTGTGTA-1,2
ACCTTTACAGTTCATG-1,2
ACCTTTACATGTCCTC-1,1
ACCTTTACATTGTGCA-1,0
ACCTTTAGTATAGGTA-1,0
ACCTTTAGTCACCCAG-1,0
ACCTTTAGTCGGATCC-1,0
ACCTTTAGTCTTCTCG-1,0
ACCTTTAGTGGTGTAG-1,2
ACCTTTAGTGTAACGG-1,3
ACCTTTAGTGTGGCTC-1,0
ACCTTTAGTTCAGGCC-1,1
ACCTTTAGTTGTCGCG-1,1
ACCTTTAGTTTAAGCC-1,0
ACCTTTATCAAGGTAA-1,2
ACCTTTATCAGGTAAA-1,0
ACCTTTATCCAAGCCG-1,2
ACGAGCCAGAGGTTGC-1,0
ACGAGCCAGCTGGAAC-1,0
ACGAGCCCAACTGCGC-1,3
ACGAGCCCACGGTGTC-1,4
ACGAGCCCAGCTTAAC-1,1
ACGAGCCCAGGCTCAC-1,4
ACGAGCCCAGGTCTCG-1,2
ACGAGCCCAGGTGCCT-1,2
ACGAGCCCATCAGTCA-1,4
ACGAGCCGTAGAGTGC-1,0
ACGAGCCGTGCAGACA-1,1
ACGAGCCGTGCCTTGG-1,3
ACGAGCCTCAATCTCT-1,0
ACGAGCCTCTAACGGT-1,4
ACGAGCCTCTTGTTTG-1,0
ACGAGGAAGTCGTTTG-1,1
ACGAGGAAGTGCAAGC-1,2
ACGAGGAAGTGGAGAA-1,3
ACGAGGACAATCTACG-1,3
ACGAGGACAGCCAATT-1,3
ACGAGGACAGGGAGAG-1,3
ACGAGGAGTGCTAGCC-1,6
ACGAGGAGTGGCCCTA-1,2
ACGAGGAGTTCAGACT-1,5
ACGAGGAGTTCCACGG-1,4
ACGAGGATCAACCAAC-1,0
ACGAGGATCGAATCCA-1,2
ACGATACAGATCTGCT-1,0
ACGATACAGCCACCTG-1,0
ACGATACAGCTACCTA-1,1
ACGATACAGCTCTCGG-1,2
ACGATACAGCTGTTCA-1,0
ACGATACAGGCGCTCT-1,7
ACGATACCAACTGGCC-1,7
ACGATACCACGGACAA-1,0
ACGATACCACTCGACG-1,3
ACGATACGTCTACCTC-1,2
ACGATACGTTCACCTC-1,2
ACGATACTCAGCAACT-1,1
ACGATACTCATATCGG-1,0
ACGATACTCCCTTGTG-1,2
ACGATACTCCTACAGA-1,1
ACGATACTCGCTTAGA-1,0
ACGATACTCGGACAAG-1,1
ACGATACTCGGATGTT-1,1
ACGATGTAGCAGACTG-1,1
ACGATGTAGCGATTCT-1,2
ACGATGTAGGATATAC-1,0
ACGATGTAGGCGACAT-1,4
ACGATGTAGGGCATGT-1,1
ACGATGTAGGGTTTCT-1,6
ACGATGTAGTGCTGCC-1,3
ACGATGTCAAACTGTC-1,0
ACGATGTCAAGACACG-1,4
ACGATGTCAATCCAAC-1,3
ACGATGTCACAGCCCA-1,1
ACGATGTCACCAGGTC-1,0
ACGATGTCAGACACTT-1,5
ACGATGTCAGTCAGAG-1,1
ACGATGTCAGTCTTCC-1,2
ACGATGTGTCAGTGGA-1,5
ACGATGTGTCGCATAT-1,4
ACGATGTGTCTGATTG-1,1
ACGATGTGTTACAGAA-1,0
ACGATGTTCAAGGCTT-1,1
ACGATGTTCCATGAAC-1,1
ACGATGTTCTCTTATG-1,5
ACGCAGCAGACGCACA-1,1
ACGCAGCAGAGTGAGA-1,4
ACGCAGCCAACACCTA-1,7
ACGCAGCCACAACGTT-1,1
ACGCAGCCACGACTCG-1,4
ACGCAGCCATGGGACA-1,3
ACGCAGCGTAAACCTC-1,0
ACGCAGCGTCATGCCG-1,0
ACGCAGCGTCTACCTC-1,8
ACGCAGCGTCTAGTCA-1,0
ACGCAGCGTGTGACCC-1,5
ACGCAGCGTTAAAGAC-1,2
ACGCAGCGTTCAACCA-1,3
ACGCAGCTCACGACTA-1,7
ACGCAGCTCCATGCTC-1,0
ACGCAGCTCCCAAGTA-1,2
ACGCAGCTCGGCTACG-1,7
ACGCAGCTCTAACCGA-1,0
ACGCAGCTCTACTCAT-1,2
ACGCCAGAGAACTCGG-1,6
ACGCCAGAGAAGATTC-1,0
ACGCCAGAGAGGTACC-1,3
ACGCCAGAGGAGTCTG-1,3
ACGCCAGAGGCCCTTG-1,6
ACGCCAGAGGGAGTAA-1,4
ACGCCAGAGGGTGTTG-1,5
ACGCCAGCAAAGAATC-1,1
ACGCCAGCACATAACC-1,8
ACGCCAGCACCAGGCT-1,1
ACGCCAGCACTACAGT-1,1
ACGCCAGCATGCCTAA-1,0
ACGCCAGGTACAGCAG-1,4
ACGCCAGGTACATGTC-1,0
ACGCCAGGTACCGGCT-1,0
ACGCCAGGTAGAAAGG-1,1
ACGCCAGGTAGGGTAC-1,1
ACGCCAGGTGCGATAG-1,3
ACGCCAGGTGGTAACG-1,4
ACGCCAGGTTATCGGT-1,2
ACGCCAGTCAGGTTCA-1,4
ACGCCAGTCGCATGAT-1,2
ACGCCAGTCTACCTGC-1,4
ACGCCGAAGCTGAACG-1,0
ACGCCGAAGTTTGCGT-1,0
ACGCCGACAAGAAAGG-1,4
ACGCCGACAAGACACG-1,3
ACGCCGACACAGGCCT-1,1
ACGCCGACACCACCAG-1,4
ACGCCGACAGACAGGT-1,0
ACGCCGACAGGGTATG-1,3
ACGCCGACATCTATGG-1,0
ACGCCGACATTGGCGC-1,1
ACGCCGACATTGGGCC-1,1
ACGCCGAGTCATCCCT-1,2
ACGCCGAGTGTCTGAT-1,3
ACGCCGATCACATAGC-1,1
ACGCCGATCAGCAACT-1,2
ACGCCGATCCACGTTC-1,2
ACGCCGATCCCATTAT-1,0
ACGCCGATCTCCCTGA-1,4
ACGGAGAAGAAACGCC-1,4
ACGGAGAAGCAGGCTA-1,7
ACGGAGAAGCCCAACC-1,3
ACGGAGAAGGTAGCTG-1,1
ACGGAGAAGTAATCCC-1,1
ACGGAGAAGTCCATAC-1,1
ACGGAGAAGTCTTGCA-1,1
ACGGAGAAGTGTTTGC-1,2
ACGGAGACAATCAGAA-1,3
ACGGAGACAATCCAAC-1,1
ACGGAGACACCACCAG-1,1
ACGGAGACAGGGTATG-1,2
ACGGAGACAGTAAGCG-1,1
ACGGAGACATTATCTC-1,3
ACGGAGAGTAGGACAC-1,1
ACGGAGAGTCAGAATA-1,0
ACGGAGAGTGATGATA-1,2
ACGGAGAGTGGCTCCA-1,2
ACGGAGAGTTCGTGAT-1,4
ACGGAGAGTTGGAGGT-1,3
ACGGAGAGTTTAAGCC-1,1
ACGGAGAGTTTCGCTC-1,1
ACGGAGATCACGGTTA-1,1
ACGGAGATCAGCGATT-1,0
ACGGAGATCATCGCTC-1,7
ACGGAGATCCTCGCAT-1,2
ACGGAGATCGCGTAGC-1,0
ACGGAGATCGGACAAG-1,0
ACGGCCAAGATATACG-1,4
ACGGCCAAGCGTTCCG-1,2
ACGGCCAAGGATGGAA-1,6
ACGGCCAAGGCCATAG-1,2
ACGGCCAAGGCCGAAT-1,0
ACGGCCAAGGTACTCT-1,4
ACGGCCAAGTACATGA-1,1
ACGGCCACAACGCACC-1,3
ACGGCCACAAGTTAAG-1,6
ACGGCCACAATCTGCA-1,3
ACGGCCACACACAGAG-1,0
ACGGCCACACGAGGTA-1,1
ACGGCCACAGGGTTAG-1,1
ACGGCCAGTCTGGAGA-1,3
ACGGCCAGTTCAACCA-1,8
ACGGCCATCACTTATC-1,0
ACGGCCATCTTCATGT-1,2
ACGGCCATCTTTACAC-1,3
ACGGGCTAGAATGTGT-1,1
ACGGGCTAGCGCCTTG-1,1
ACGGGCTAGCGCTTAT-1,6
ACGGGCTAGGAGCGAG-1,4
ACGGGCTAGGTGTTAA-1,0
ACGGGCTAGTGGAGTC-1,0
ACGGGCTCAAACCCAT-1,3
ACGGGCTCAAGGCTCC-1,0
ACGGGCTCAATAGCGG-1,4
ACGGGCTCACACTGCG-1,2
ACGGGCTCACATGGGA-1,0
ACGGGCTCACCAGCAC-1,2
ACGGGCTCAGTCAGAG-1,5
ACGGGCTCAGTCGATT-1,0
ACGGGCTCATTACGAC-1,1
ACGGGCTGTAAACGCG-1,2
ACGGGCTGTAGTACCT-1,0
ACGGGCTGTATGGTTC-1,0
ACGGGCTTCATTATCC-1,4
ACGGGCTTCCAGTATG-1,1
ACGGGCTTCCGGCACA-1,1
ACGGGCTTCCTCATTA-1,0
ACGGGCTTCTTTACGT-1,2
ACGGGTCAGATCGATA-1,1
ACGGGTCAGCAATATG-1,1
ACGGGTCAGGGAGTAA-1,0
ACGGGTCAGTGTACCT-1,0
ACGGGTCAGTGTTTGC-1,4
ACGGGTCGTCACCCAG-1,5
ACGGGTCGTGTTCGAT-1,0
ACGGGTCGTGTTGGGA-1,0
ACGGGTCGTTCACGGC-1,2
ACGGGTCGTTCAGCGC-1,0
ACGGGTCTCTGAGGGA-1,4
ACGGGTCTCTTTAGGG-1,8
ACGTCAAAGATGCGAC-1,2
ACGTCAAAGCACACAG-1,0
ACGTCAAAGTCCGTAT-1,2
ACGTCAAAGTTATCGC-1,4
ACGTCAACAAATTGCC-1,7
ACGTCAACAAGTCATC-1,1
ACGTCAACAAGTTCTG-1,3
ACGTCAACAATCGAAA-1,1
ACGTCAACACGTGAGA-1,3
ACGTCAACATAGGATA-1,1
ACGTCAACATTACGAC-1,5
ACGTCAAGTATCTGCA-1,7
ACGTCAAGTCGACTGC-1,1
ACGTCAAGTGGAAAGA-1,2
ACGTCAAGTTAAAGTG-1,1
ACGTCAAGTTAAGAAC-1,0
ACGTCAATCCATGAAC-1,2
ACGTCAATCCCGGATG-1,6
ACGTCAATCGCGGATC-1,0
ACGTCAATCGGTTAAC-1,0
ACTATCTAGACTAAGT-1,4
ACTATCTAGATGGGTC-1,8
ACTATCTAGCTCCCAG-1,0
ACTATCTAGCTGCAAG-1,5
ACTATCTAGGAATTAC-1,2
ACTATCTCAGCCTTTC-1,6
ACTATCTCAGTCAGAG-1,3
ACTATCTCATCTATGG-1,8
ACTATCTCATGACGGA-1,3
ACTATCTGTACTCAAC-1,1
ACTATCTGTGGTCCGT-1,5
ACTATCTGTGTCAATC-1,3
ACTATCTGTGTTTGGT-1,1
ACTATCTGTTACGGAG-1,2
ACTATCTGTTATGCGT-1,0
ACTATCTTCAGATAAG-1,7
ACTATCTTCGCAGGCT-1,1
ACTGAACAGAAGCCCA-1,0
ACTGAACAGACCTAGG-1,4
ACTGAACAGACGCACA-1,3
ACTGAACAGGGTGTGT-1,2
ACTGAACCAACTGGCC-1,8
ACTGAACCACAGATTC-1,1
ACTGAACCACGAGGTA-1,3
ACTGAACCACTATCTT-1,3
ACTGAACGTCCAGTAT-1,0
ACTGAACTCCACTGGG-1,6
ACTGAACTCCGAACGC-1,4
ACTGAGTAGAGACGAA-1,3
ACTGAGTAGGCATTGG-1,0
ACTGAGTAGTATCGAA-1,1
ACTGAGTCAACACCTA-1,6
ACTGAGTCACCTCGGA-1,0
ACTGAGTCAGCTGTTA-1,2
ACTGAGTGTAAGCACG-1,0
ACTGAGTGTACAGCAG-1,0
ACTGAGTGTACCGTTA-1,3
ACTGAGTGTCAAACTC-1,4
ACTGAGTGTCAGTGGA-1,0
ACTGAGTGTGACCAAG-1,2
ACTGAGTGTGTATGGG-1,2
ACTGAGTGTGTGGCTC-1,4
ACTGAGTGTTACTGAC-1,5
ACTGATGAGAAGAAGC-1,0
ACTGATGAGATCCGAG-1,4
ACTGATGAGCCCAACC-1,0
ACTGATGAGCTAGTCT-1,3
ACTGATGAGGAGTCTG-1,2
ACTGATGAGTGCCATT-1,0
ACTGATGAGTTAAGTG-1,0
ACTGATGCAAACGCGA-1,0
ACTGATGCAACTGGCC-1,2
ACTGATGCACACCGAC-1,0
ACTGATGCACTGAAGG-1,4
ACTGATGCACTGTGTA-1,4
ACTGATGCAGTCCTTC-1,1
ACTGATGCAGTGACAG-1,2
ACTGATGCATCGGGTC-1,1
ACTGATGGTACGAAAT-1,8
ACTGATGGTCTTGTCC-1,0
ACTGATGTCACATGCA-1,1
ACTGATGTCCGTTGTC-1,0
ACTGATGTCGCCATAA-1,7
ACTGATGTCGTCCAGG-1,4
ACTGATGTCTTGCATT-1,4
ACTGCTCAGAAACCAT-1,1
ACTGCTCAGACAGAGA-1,4
ACTGCTCAGAGTACCG-1,1
ACTGCTCAGTGAACAT-1,0
ACTGCTCCAAGCTGAG-1,0
ACTGCTCCAAGGTGTG-1,0
ACTGCTCCAGTATCTG-1,3
ACTGCTCCATTCTCAT-1,0
ACTGCTCGTACTCAAC-1,1
ACTGCTCGTCGGCATC-1,0
ACTGCTCGTCTCTTAT-1,0
ACTGCTCGTGTGACCC-1,0
ACTGCTCGTGTTTGTG-1,3
ACTGCTCGTTCTGTTT-1,8
ACTGCTCTCCCGACTT-1,7
ACTGCTCTCCCTAATT-1,1
ACTGCTCTCGAATGGG-1,0
ACTGCTCTCGGATGGA-1,0
ACTGCTCTCGGTTAAC-1,1
ACTGCTCTCGTCGTTC-1,2
ACTGCTCTCTGCGACG-1,0
ACTGCTCTCTTGCCGT-1,3
ACTGTCCAGATGGGTC-1,3
ACTGTCCAGATGTTAG-1,3
ACTGTCCAGCACGCCT-1,3
ACTGTCCAGCAGACTG-1,7
ACTGTCCAGCGCCTTG-1,0
ACTGTCCAGCGCTTAT-1,0
ACTGTCCAGCGTTGCC-1,1
ACTGTCCAGTGTTGAA-1,2
ACTGTCCCATAAGACA-1,2
ACTGTCCGTACGAAAT-1,0
ACTGTCCGTCAGTGGA-1,1
ACTGTCCGTTCGGCAC-1,4
ACTGTCCTCAAGGTAA-1,0
ACTGTCCTCATAAAGG-1,1
ACTGTCCTCATCGCTC-1,1
ACTGTCCTCGGATGGA-1,0
ACTGTCCTCTAGAGTC-1,4
ACTTACTAGAGTAAGG-1,1
ACTTACTAGCCGGTAA-1,4
ACTTACTAGGATCGCA-1,5
ACTTACTAGGCATGTG-1,1
ACTTACTAGTACTTGC-1,1
ACTTACTCAAGTAATG-1,8
ACTTACTCAATCAGAA-1,1
ACTTACTCACACCGCA-1,1
ACTTACTCATCATCCC-1,1
ACTTACTGTACTTGAC-1,0
ACTTACTGTCCCTACT-1,4
ACTTACTGTCGTTGTA-1,0
ACTTACTGTGACGCCT-1,0
ACTTACTGTGAGCGAT-1,2
ACTTACTGTTAAGGGC-1,3
ACTTACTGTTCTGAAC-1,0
ACTTACTTCAGAGGTG-1,2
ACTTACTTCCCACTTG-1,6
ACTTACTTCCTTAATC-1,0
ACTTACTTCGCCCTTA-1,3
ACTTACTTCGTTGACA-1,2
ACTTACTTCTGGTTCC-1,0
ACTTGTTAGACTTGAA-1,1
ACTTGTTAGAGACTAT-1,5
ACTTGTTAGCAGACTG-1,1
ACTTGTTAGGATCGCA-1,5
ACTTGTTAGGATTCGG-1,7
ACTTGTTAGTTAGGTA-1,1
ACTTGTTCACCAGATT-1,4
ACTTGTTCACCATCCT-1,2
ACTTGTTCAGACTCGC-1,4
ACTTGTTCAGGACGTA-1,2
ACTTGTTCATATACGC-1,0
ACTTGTTCATCCTTGC-1,1
ACTTGTTCATTGGTAC-1,3
ACTTGTTGTCCCGACA-1,1
ACTTGTTGTGCACCAC-1,0
ACTTGTTGTGCTGTAT-1,0
ACTTGTTGTGTTAAGA-1,0
ACTTGTTGTTGCTCCT-1,6
ACTTGTTGTTTGGGCC-1,1
ACTTGTTTCCCTGACT-1,0
ACTTGTTTCCTCAACC-1,2
ACTTGTTTCTCCAACC-1,3
ACTTGTTTCTCTTATG-1,1
ACTTGTTTCTGGTGTA-1,0
ACTTGTTTCTTCGGTC-1,7
ACTTTCAAGCACCGTC-1,2
ACTTTCAAGCCCAACC-1,2
ACTTTCACACGTAAGG-1,0
ACTTTCACACGTCAGC-1,0
ACTTTCACACTGAAGG-1,3
ACTTTCACAGACTCGC-1,2
ACTTTCACAGGTTTCA-1,0
ACTTTCACATCACAAC-1,0
ACTTTCAGTCATGCCG-1,2
ACTTTCAGTCGCCATG-1,4
ACTTTCATCAATCTCT-1,1
ACTTTCATCACTCTTA-1,3
ACTTTCATCACTGGGC-1,3
ACTTTCATCGAGGTAG-1,4
ACTTTCATCTTCGGTC-1,1
AGAATAGAGAGTAATC-1,6
AGAATAGAGCTGCAAG-1,3
AGAATAGAGGAGTTGC-1,1
AGAATAGAGGCTATCT-1,4
AGAATAGAGTCTTGCA-1,4
AGAATAGCAATGTAAG-1,5
AGAATAGCAATTCCTT-1,5
AGAATAGCACACCGAC-1,3
AGAATAGCAGATGGCA-1,4
AGAATAGCAGTTAACC-1,1
AGAATAGCATTCTTAC-1,0
AGAATAGGTAGCAAAT-1,6
AGAATAGGTGCCTTGG-1,0
AGAATAGGTTCAACCA-1,3
AGAATAGTCAACCAAC-1,4
AGAATAGTCACCACCT-1,3
AGAATAGTCCACTGGG-1,1
AGAATAGTCGTGGGAA-1,6
AGAATAGTCTGGTTCC-1,0
AGACGTTAGCGATTCT-1,3
AGACGTTAGGCTAGAC-1,1
AGACGTTAGTGAAGTT-1,0
AGACGTTAGTGCAAGC-1,0
AGACGTTAGTGTACCT-1,2
AGACGTTCAAAGGTGC-1,0
AGACGTTCACGCCAGT-1,3
AGACGTTCACTACAGT-1,0
AGACGTTCAGGATCGA-1,0
AGACGTTGTAAGTAGT-1,4
AGACGTTGTAAGTGGC-1,1
AGACGTTGTACTTAGC-1,1
AGACGTTGTCCCTACT-1,4
AGACGTTGTTGAGGTG-1,0
AGACGTTTCAGTGTTG-1,2
AGACGTTTCCAAATGC-1,4
AGACGTTTCGGTCCGA-1,1
AGACGTTTCGTCCGTT-1,4
AGAGCGAAGCTGTCTA-1,1
AGAGCGAAGGATGGTC-1,7
AGAGCGAAGTGAACGC-1,5
AGAGCGAAGTTGAGTA-1,0
AGAGCGACATATACGC-1,2
AGAGCGACATGTTCCC-1,2
AGAGCGAGTCCATGAT-1,6
AGAGCGAGTCTGCCAG-1,3
AGAGCGATCACTCTTA-1,0
AGAGCGATCAGGCCCA-1,7
AGAGCTTAGAACAATC-1,2
AGAGCTTAGCAGGTCA-1,4
AGAGCTTAGCTGTCTA-1,3
AGAGCTTAGCTTCGCG-1,0
AGAGCTTAGGATATAC-1,0
AGAGCTTAGGCTACGA-1,5
AGAGCTTCAAGGTTCT-1,1
AGAGCTTCACATTAGC-1,6
AGAGCTTCACCAGATT-1,6
AGAGCTTCACGGTGTC-1,0
AGAGCTTCAGATCGGA-1,0
AGAGCTTCATGGTCTA-1,1
AGAGCTTCATGTCTCC-1,3
AGAGCTTGTCGACTGC-1,0
AGAGCTTGTGCACGAA-1,6
AGAGCTTGTGCTAGCC-1,0
AGAGCTTGTTATCACG-1,0
AGAGCTTGTTCGCTAA-1,7
AGAGCTTTCAGAGACG-1,2
AGAGCTTTCATGTAGC-1,1
AGAGCTTTCCAAACTG-1,3
AGAGCTTTCCTTTACA-1,0
AGAGCTTTCGTACCGG-1,1
AGAGCTTTCGTTACGA-1,0
AGAGCTTTCTAACTGG-1,6
AGAGCTTTCTAGCACA-1,0
AGAGCTTTCTATCCTA-1,1
AGAGCTTTCTGGAGCC-1,2
AGAGTGGAGGACTGGT-1,3
AGAGTGGCAAGCCCAC-1,8
AGAGTGGCACTCTGTC-1,6
AGAGTGGCAGAGTGTG-1,0
AGAGTGGCAGGATCGA-1,2
AGAGTGGCAGGGTTAG-1,3
AGAGTGGCAGGTGCCT-1,8
AGAGTGGCAGGTGGAT-1,1
AGAGTGGCATGTAAGA-1,4
AGAGTGGCATGTAGTC-1,0
AGAGTGGGTACCGCTG-1,2
AGAGTGGGTACTCTCC-1,0
AGAGTGGGTCAGATAA-1,5
AGAGTGGGTCCGACGT-1,1
AGAGTGGGTGCAACTT-1,1
AGAGTGGGTTCTGGTA-1,0
AGAGTGGGTTTACTCT-1,4
AGAGTGGTCAGTTTGG-1,0
AGAGTGGTCATCGATG-1,0
AGAGTGGTCGGAGCAA-1,6
AGAGTGGTCTGGTATG-1,0
AGAGTGGTCTTGACGA-1,0
AGAGTGGTCTTGTACT-1,1
AGATCTGAGCTGAACG-1,6
AGATCTGAGGTACTCT-1,2
AGATCTGCAACTGCTA-1,8
AGATCTGCACCAGCAC-1,6
AGATCTGCACCTGGTG-1,1
AGATCTGCAGGGATTG-1,4
AGATCTGGTAGCCTCG-1,0
AGATCTGGTGCCTGGT-1,0
AGATCTGGTGTGCGTC-1,2
AGATCTGGTTAAAGAC-1,3
AGATCTGTCAACCATG-1,2
AGATCTGTCACCCTCA-1,1
AGATCTGTCTTTCCTC-1,0
AGATTGCAGGATTCGG-1,3
AGATTGCCAATGAAAC-1,0
AGATTGCCACCCATTC-1,2
AGATTGCCACGGATAG-1,0
AGATTGCCACTTAACG-1,2
AGATTGCCAGTAGAGC-1,0
AGATTGCCATCGACGC-1,7
AGATTGCCATGTTCCC-1,1
AGATTGCGTATTAGCC-1,0
AGATTGCGTCAGGACA-1,3
AGATTGCGTGATAAAC-1,3
AGATTGCGTTGCCTCT-1,0
AGATTGCTCACCACCT-1,0
AGATTGCTCAGGTAAA-1,0
AGATTGCTCAGTTGAC-1,0
AGATTGCTCCTACAGA-1,2
AGATTGCTCCTTTACA-1,4
AGATTGCTCTGGTTCC-1,0
AGATTGCTCTTCGAGA-1,5
AGCAGCCAGAGAACAG-1,0
AGCAGCCAGAGCTTCT-1,0
AGCAGCCAGTGTGAAT-1,1
AGCAGCCCAAGTCTGT-1,0
AGCAGCCCACCCATGG-1,2
AGCAGCCCACGGTAAG-1,1
AGCAGCCCACTTAAGC-1,1
AGCAGCCCAGTCTTCC-1,2
AGCAGCCGTAACGCGA-1,5
AGCAGCCGTAGGACAC-1,0
AGCAGCCGTCTAAAGA-1,4
AGCAGCCGTTATCCGA-1,3
AGCAGCCGTTTGGCGC-1,2
AGCAGCCTCACCATAG-1,2
AGCAGCCTCCATGAGT-1,0
AGCAGCCTCCCACTTG-1,1
AGCAGCCTCCTGTACC-1,0
AGCAGCCTCGGAAATA-1,0
AGCAGCCTCGTGGTCG-1,4
AGCATACAGACACTAA-1,2
AGCATACAGCCTTGAT-1,0
AGCATACAGGCTACGA-1,1
AGCATACAGGGAGTAA-1,4
AGCATACAGGGTTTCT-1,1
AGCATACAGGTGCACA-1,4
AGCATACAGTGCGATG-1,1
AGCATACAGTGGAGTC-1,4
AGCATACCAAAGCAAT-1,1
AGCATACCAATGACCT-1,1
AGCATACCAGGTCGTC-1,1
AGCATACCATGACGGA-1,1
AGCATACCATGCTGGC-1,6
AGCATACGTCGCTTTC-1,7
AGCATACGTGAGTGAC-1,8
AGCATACTCACGCGGT-1,2
AGCATACTCCATTCTA-1,2
AGCATACTCGCTGATA-1,0
AGCATACTCTACTCAT-1,2
AGCCTAAAGAGATGAG-1,3
AGCCTAAAGATAGTCA-1,0
AGCCTAAAGATTACCC-1,1
AGCCTAAAGCAATCTC-1,2
AGCCTAAAGCTGTCTA-1,0
AGCCTAAAGGCGATAC-1,0
AGCCTAAAGTAGCCGA-1,5
AGCCTAAAGTCGATAA-1,1
AGCCTAAAGTGAATTG-1,1
AGCCTAACAATCAGAA-1,0
AGCCTAACACAGATTC-1,4
AGCCTAACACATCCGG-1,0
AGCCTAACACTATCTT-1,0
AGCCTAAGTAAGGGAA-1,0
AGCCTAAGTATATGAG-1,7
AGCCTAAGTCTAAAGA-1,1
AGCCTAAGTGCTCTTC-1,1
AGCCTAATCACATGCA-1,1
AGCCTAATCATGCTCC-1,0
AGCCTAATCCCGGATG-1,2
AGCGGTCAGAAGGTGA-1,4
AGCGGTCAGAGCTGGT-1,2
AGCGGTCAGCTGGAAC-1,3
AGCGGTCCAATGTAAG-1,1
AGCGGTCCACAGTCGC-1,3
AGCGGTCCACCAGGCT-1,3
AGCGGTCCACCATCCT-1,3
AGCGGTCCAGTGGAGT-1,1
AGCGGTCCATACTCTT-1,1
AGCGGTCCATATGCTG-1,1
AGCGGTCCATGTCTCC-1,4
AGCGGTCGTATTAGCC-1,0
AGCGGTCGTCCTAGCG-1,0
AGCGGTCGTGGCCCTA-1,5
AGCGGTCGTGGGTCAA-1,1
AGCGGTCGTGGTCTCG-1,3
AGCGGTCGTGGTGTAG-1,1
AGCGGTCGTTTGACTG-1,3
AGCGGTCTCCGAGCCA-1,4
AGCGGTCTCGTGGGAA-1,1
AGCGTATAGAAACGAG-1,7
AGCGTATAGACCGGAT-1,1
AGCGTATAGATAGGAG-1,3
AGCGTATAGGCAGGTT-1,0
AGCGTATAGTACGCCC-1,1
AGCGTATAGTTTAGGA-1,1
AGCGTATCACAAGACG-1,7
AGCGTATCACAGACTT-1,1
AGCGTATCACATAACC-1,4
AGCGTATCACCTCGGA-1,0
AGCGTATCACGTGAGA-1,0
AGCGTATCAGTGAGTG-1,3
AGCGTATGTACCGTAT-1,1
AGCGTATGTGGTAACG-1,4
AGCGTATTCAGCTTAG-1,2
AGCGTATTCCCAACGG-1,3
AGCGTATTCCTTGACC-1,1
AGCGTATTCGCGCCAA-1,2
AGCGTATTCTCACATT-1,3
AGCGTCGAGATGTAAC-1,6
AGCGTCGAGTTAACGA-1,2
AGCGTCGAGTTCGCAT-1,4
AGCGTCGGTCCAAGTT-1,2
AGCGTCGGTTGGAGGT-1,1
AGCGTCGTCACCGGGT-1,0
AGCGTCGTCCTTGACC-1,4
AGCGTCGTCGTGACAT-1,3
AGCGTCGTCTCTGTCG-1,1
AGCGTCGTCTGCAGTA-1,1
AGCGTCGTCTTGTACT-1,0
AGCTCCTAGACTACAA-1,2
AGCTCCTAGCCCAATT-1,0
AGCTCCTAGCTCAACT-1,1
AGCTCCTAGGTGACCA-1,2
AGCTCCTAGTCGAGTG-1,0
AGCTCCTCAAGGACTG-1,0
AGCTCCTCAAGTAGTA-1,0
AGCTCCTCAATGGAGC-1,2
AGCTCCTCACCTATCC-1,3
AGCTCCTCACCTGGTG-1,2
AGCTCCTCAGCGTTCG-1,5
AGCTCCTGTACATGTC-1,0
AGCTCCTGTACCGTAT-1,3
AGCTCCTGTTCGGGCT-1,8
AGCTCCTGTTGCCTCT-1,0
AGCTCCTTCCAGAGGA-1,2
AGCTCCTTCGCTTGTC-1,1
AGCTCCTTCTCAAGTG-1,2
AGCTCTCAGTACGTTC-1,3
AGCTCTCCAAGGTTCT-1,1
AGCTCTCCAGCTGGCT-1,2
AGCTCTCCAGTCGTGC-1,0
AGCTCTCCATGTAGTC-1,0
AGCTCTCGTAGGGACT-1,3
AGCTCTCGTCGAAAGC-1,2
AGCTCTCGTGCCTGCA-1,3
AGCTCTCGTTCGGGCT-1,3
AGCTCTCTCCAGAAGG-1,2
AGCTCTCTCCCTTGTG-1,0
AGCTCTCTCCGATATG-1,1
AGCTTGAAGAAGGTGA-1,4
AGCTTGACAAACGTGG-1,0
AGCTTGACAACTGCTA-1,2
AGCTTGACAAGCGATG-1,3
AGCTTGACACCAGCAC-1,1
AGCTTGACACCATCCT-1,0
AGCTTGACACCGTTGG-1,4
AGCTTGACAGATCCAT-1,0
AGCTTGACATTCCTCG-1,8
AGCTTGAGTAGCGCAA-1,1
AGCTTGAGTCATATGC-1,1
AGCTTGAGTGACGGTA-1,4
AGCTTGAGTGTCTGAT-1,3
AGCTTGAGTGTGCGTC-1,0
AGCTTGAGTTAAGAAC-1,3
AGCTTGAGTTTGGCGC-1,2
AGCTTGATCACCATAG-1,2
AGCTTGATCCTCCTAG-1,3
AGCTTGATCGATCCCT-1,4
AGGCCACAGCACACAG-1,1
AGGCCACAGCCTCGTG-1,8
AGGCCACAGCTAACTC-1,0
AGGCCACAGGCCCTCA-1,2
AGGCCACAGTTCGCAT-1,2
AGGCCACCAAGCCCAC-1,3
AGGCCACCACCGAAAG-1,4
AGGCCACCAGCGTCCA-1,4
AGGCCACCAGCTGTTA-1,1
AGGCCACCATTGGCGC-1,3
AGGCCACGTACATCCA-1,7
AGGCCACGTATAAACG-1,2
AGGCCACGTCATCCCT-1,4
AGGCCACGTTATCACG-1,2
AGGCCACGTTCGCGAC-1,7
AGGCCACGTTCGGCAC-1,3
AGGCCACTCATCTGCC-1,5
AGGCCACTCATGTCTT-1,7
AGGCCACTCGAACGGA-1,3
AGGCCACTCGCGTTTC-1,1
AGGCCACTCGTAGGTT-1,0
AGGCCACTCTGGGCCA-1,0
AGGCCACTCTTGAGGT-1,4
AGGCCACTCTTGCATT-1,1
AGGCCACTCTTTAGGG-1,0
AGGCCGTAGAAGGGTA-1,1
AGGCCGTAGACAAAGG-1,2
AGGCCGTAGCTGATAA-1,1
AGGCCGTAGGAGTACC-1,3
AGGCCGTAGTAATCCC-1,1
AGGCCGTCAATGGAGC-1,4
AGGCCGTCACAGATTC-1,0
AGGCCGTCATATGAGA-1,2
AGGCCGTGTAAGTGTA-1,0
AGGCCGTGTCGCGAAA-1,3
AGGCCGTGTTGAGGTG-1,4
AGGCCGTTCACATACG-1,1
AGGCCGTTCGACGGAA-1,5
AGGCCGTTCGCAAGCC-1,0
AGGCCGTTCGCAGGCT-1,2
AGGGAGTAGAGAGCTC-1,0
AGGGAGTAGATGCGAC-1,0
AGGGAGTAGCCAGGAT-1,6
AGGGAGTAGCGTCTAT-1,1
AGGGAGTAGTCGATAA-1,1
AGGGAGTCAACACGCC-1,5
AGGGAGTCAACTGCTA-1,0
AGGGAGTCACGGTGTC-1,1
AGGGAGTCATATGCTG-1,3
AGGGAGTGTAAATGTG-1,2
AGGGAGTGTAATAGCA-1,1
AGGGAGTGTACAGTGG-1,2
AGGGAGTGTAGGCTGA-1,0
AGGGAGTGTGTTCTTT-1,1
AGGGAGTGTTCCACAA-1,0
AGGGAGTTCTCTGTCG-1,0
AGGGATGAGCACCGTC-1,6
AGGGATGAGCATGGCA-1,1
AGGGATGCAAAGTCAA-1,8
AGGGATGCAAGGTTCT-1,7
AGGGATGCAAGTAGTA-1,2
AGGGATGCATCCGCGA-1,0
AGGGATGCATGGATGG-1,0
AGGGATGGTCAATACC-1,0
AGGGATGGTCATATGC-1,2
AGGGATGGTCCGCTGA-1,1
AGGGATGTCCAGATCA-1,1
AGGGATGTCGCGTAGC-1,0
AGGGATGTCTTCGGTC-1,3
AGGGTGAAGAGGGCTT-1,2
AGGGTGAAGGCATGTG-1,0
AGGGTGAAGTGGGATC-1,4
AGGGTGACAAAGGTGC-1,1
AGGGTGACAAGAGTCG-1,1
AGGGTGACAAGGGTCA-1,1
AGGGTGACAATGAAAC-1,1
AGGGTGACACACCGAC-1,3
AGGGTGACACCAACCG-1,5
AGGGTGACACTACAGT-1,1
AGGGTGACAGGCAGTA-1,0
AGGGTGACAGTTTACG-1,2
AGGGTGAGTAAACGCG-1,0
AGGGTGAGTAACGCGA-1,3
AGGGTGAGTAAGTAGT-1,1
AGGGTGAGTACCGTTA-1,2
AGGGTGAGTCGATTGT-1,1
AGGGTGAGTGCAGACA-1,0
AGGGTGAGTGCGGTAA-1,3
AGGGTGAGTGTGGCTC-1,5
AGGGTGAGTTGATTCG-1,1
AGGGTGATCACCTTAT-1,3
AGGGTGATCCATGAGT-1,4
AGGGTGATCCGCAGTG-1,1
AGGGTGATCCGGCACA-1,4
AGGGTGATCCTGTACC-1,7
AGGGTGATCGCCAAAT-1,0
AGGTCATAGCTAAGAT-1,6
AGGTCATAGGATGTAT-1,7
AGGTCATAGTCTCCTC-1,0
AGGTCATCAACACCTA-1,0
AGGTCATCACATTCGA-1,2
AGGTCATCACCGAAAG-1,7
AGGTCATCACTGCCAG-1,0
AGGTCATCATTCACTT-1,2
AGGTCATGTAAGGGAA-1,0
AGGTCATGTCAAAGAT-1,3
AGGTCATGTCAGCTAT-1,3
AGGTCATGTGGCCCTA-1,0
AGGTCATGTTCCGGCA-1,1
AGGTCATTCAGAGGTG-1,2
AGGTCATTCATTGCGA-1,5
AGGTCATTCCACGTTC-1,1
AGGTCATTCGGATGGA-1,4
AGGTCCGAGAATTGTG-1,3
AGGTCCGAGCCTCGTG-1,4
AGGTCCGAGCTAACTC-1,5
AGGTCCGAGCTACCTA-1,8
AGGTCCGAGGAATGGA-1,0
AGGTCCGAGGTACTCT-1,2
AGGTCCGAGTAGGCCA-1,1
AGGTCCGCATCGGGTC-1,3
AGGTCCGCATGAACCT-1,3
AGGTCCGGTAACGACG-1,3
AGGTCCGGTACCGCTG-1,1
AGGTCCGGTACGACCC-1,0
AGGTCCGGTATGCTTG-1,0
AGGTCCGTCCATGAAC-1,1
AGGTCCGTCCGCGGTA-1,1
AGGTCCGTCGATCCCT-1,0
AGTAGTCAGAGCTGCA-1,0
AGTAGTCAGAGGGCTT-1,3
AGTAGTCAGATATGGT-1,1
AGTAGTCAGCAATATG-1,3
AGTAGTCAGCCACGTC-1,0
AGTAGTCCAAGCCTAT-1,1
AGTAGTCCAATAAGCA-1,1
AGTAGTCCAATTGCTG-1,8
AGTAGTCCACCTGGTG-1,4
AGTAGTCCAGCTGTTA-1,0
AGTAGTCCATACTCTT-1,0
AGTAGTCGTAAGGGAA-1,0
AGTAGTCGTACTTCTT-1,5
AGTAGTCGTATAGTAG-1,2
AGTAGTCGTATGGTTC-1,1
AGTAGTCGTTAAGGGC-1,0
AGTAGTCTCACGACTA-1,2
AGTAGTCTCGATAGAA-1,0
AGTAGTCTCTACCTGC-1,0
AGTCTTTAGAATAGGG-1,0
AGTCTTTAGAGTCGGT-1,0
AGTCTTTAGGGATGGG-1,5
AGTCTTTCACAGATTC-1,0
AGTCTTTCATCTACGA-1,1
AGTCTTTCATGGGAAC-1,1
AGTCTTTCATGTCTCC-1,4
AGTCTTTGTAAATGAC-1,1
AGTCTTTGTCCAGTAT-1,2
AGTCTTTGTTCAGCGC-1,0
AGTCTTTTCCACGTTC-1,3
AGTCTTTTCGGTGTCG-1,2
AGTCTTTTCGTAGGTT-1,1
AGTCTTTTCTCTTGAT-1,3
AGTCTTTTCTGTCAAG-1,0
AGTCTTTTCTGTTTGT-1,1
AGTCTTTTCTTACCTA-1,2
AGTCTTTTCTTCTGGC-1,1
AGTGAGGAGCATGGCA-1,6
AGTGAGGAGGTCATCT-1,0
AGTGAGGAGTAAGTAC-1,4
AGTGAGGAGTCTCCTC-1,4
AGTGAGGCAACTGCTA-1,2
AGTGAGGCAAGAGGCT-1,2
AGTGAGGCACAGGTTT-1,8
AGTGAGGCACATCTTT-1,1
AGTGAGGCACCACGTG-1,0
AGTGAGGCACCCATGG-1,2
AGTGAGGCACGCTTTC-1,8
AGTGAGGCACTAGTAC-1,4
AGTGAGGCAGTATCTG-1,7
AGTGAGGGTGCAACGA-1,0
AGTGAGGGTGGTACAG-1,4
AGTGAGGGTTTAAGCC-1,1
AGTGAGGGTTTGTTGG-1,0
AGTGAGGTCACTGGGC-1,1
AGTGAGGTCACTTCAT-1,0
AGTGAGGTCCAAGCCG-1,1
AGTGAGGTCCAGAAGG-1,4
AGTGAGGTCCGCATAA-1,5
AGTGAGGTCGACAGCC-1,3
AGTGAGGTCGGCGCAT-1,0
AGTGAGGTCGTATCAG-1,1
AGTGAGGTCGTCACGG-1,4
AGTGAGGTCGTTACGA-1,0
AGTGAGGTCTGTTGAG-1,1
AGTGGGAAGAACAACT-1,2
AGTGGGAAGTCGTTTG-1,0
AGTGGGACAGACAGGT-1,3
AGTGGGACAGTAACGG-1,4
AGTGGGACATCCGGGT-1,3
AGTGGGACATTCTTAC-1,2
AGTGGGAGTACTCGCG-1,2
AGTGGGAGTAGAGTGC-1,3
AGTGGGAGTCACCCAG-1,0
AGTGGGAGTCGGCACT-1,1
AGTGGGAGTTCCATGA-1,0
AGTGGGATCATTATCC-1,5
AGTGGGATCTGCTGTC-1,0
AGTGTCAAGACGACGT-1,8
AGTGTCAAGTATCTCG-1,2
AGTGTCAAGTCTCGGC-1,2
AGTGTCAAGTGTACTC-1,1
AGTGTCACAAGTTAAG-1,7
AGTGTCACACGGCCAT-1,4
AGTGTCACAGCTATTG-1,2
AGTGTCAGTAAGAGAG-1,7
AGTGTCAGTAAGAGGA-1,2
AGTGTCAGTCCTCTTG-1,2
AGTGTCAGTCGCGTGT-1,2
AGTGTCAGTCTCGTTC-1,0
AGTGTCAGTGTTTGGT-1,3
AGTGTCAGTTAAAGTG-1,3
AGTGTCAGTTATCCGA-1,1
AGTGTCAGTTCAGACT-1,3
AGTGTCAGTTGAGTTC-1,1
AGTGTCATCGACGGAA-1,3
AGTGTCATCTCTGAGA-1,3
AGTGTCATCTGCGTAA-1,2
AGTTGGTAGACCGGAT-1,0
AGTTGGTAGGCATGGT-1,2
AGTTGGTCAAAGTCAA-1,0
AGTTGGTCAGTGGAGT-1,0
AGTTGGTGTATGGTTC-1,3
AGTTGGTGTCCGAAGA-1,5
AGTTGGTGTCGCCATG-1,2
AGTTGGTGTCTAGTCA-1,0
AGTTGGTGTTGAGGTG-1,2
AGTTGGTGTTGGAGGT-1,5
AGTTGGTGTTGGTGGA-1,5
AGTTGGTTCATGTCTT-1,0
AGTTGGTTCCGTAGTA-1,5
AGTTGGTTCGCGTTTC-1,4
AGTTGGTTCTAACGGT-1,3
ATAACGCAGCGCCTCA-1,3
ATAACGCCACGGACAA-1,2
ATAACGCCACGGTAGA-1,5
ATAACGCCAGGCAGTA-1,2
ATAACGCCATGCCCGA-1,3
ATAACGCGTCTCCCTA-1,1
ATAACGCGTTGTCTTT-1,1
ATAACGCTCACCCGAG-1,0
ATAACGCTCAGTCAGT-1,1
ATAACGCTCGAATCCA-1,3
ATAACGCTCGGTTCGG-1,0
ATAAGAGAGCGTCAAG-1,2
ATAAGAGAGGTCATCT-1,1
ATAAGAGAGTACGATA-1,4
ATAAGAGCAAGCGTAG-1,1
ATAAGAGCACTGTCGG-1,1
ATAAGAGCATCGGACC-1,4
ATAAGAGCATTGAGCT-1,3
ATAAGAGGTAAACACA-1,7
ATAAGAGGTACCATCA-1,5
ATAAGAGGTCATACTG-1,0
ATAAGAGTCACTGGGC-1,5
ATAAGAGTCAGGTTCA-1,2
ATAGACCAGAATTCCC-1,3
ATAGACCAGATGCGAC-1,0
ATAGACCAGTCCGGTC-1,2
ATAGACCAGTGTACGG-1,1
ATAGACCCAGCTGTTA-1,2
ATAGACCCAGGAATCG-1,4
ATAGACCCATATGAGA-1,2
ATAGACCCATATGCTG-1,0
ATAGACCGTATGAAAC-1,4
ATAGACCGTCTAGCGC-1,0
ATAGACCGTGCCTGCA-1,1
ATAGACCGTTCAACCA-1,2
ATAGACCTCAGGCGAA-1,1
ATAGACCTCGAGAACG-1,4
ATAGACCTCTGCCCTA-1,0
ATCACGAAGACACTAA-1,4
ATCACGAAGAGGTAGA-1,4
ATCACGAAGAGGTTGC-1,0
ATCACGAAGCTTATCG-1,7
ATCACGAAGGAGCGTT-1,0
ATCACGAAGGGCACTA-1,0
ATCACGACAAGTTGTC-1,3
ATCACGACACAGGTTT-1,1
ATCACGACAGGTCGTC-1,1
ATCACGACATGCAATC-1,1
ATCACGACATGGTAGG-1,1
ATCACGAGTACCGAGA-1,0
ATCACGAGTACCGGCT-1,2
ATCACGAGTACTTAGC-1,1
ATCACGAGTATGAATG-1,6
ATCACGAGTCCAGTTA-1,0
ATCACGAGTCCATCCT-1,3
ATCACGAGTCTTCAAG-1,1
ATCACGAGTGAGGCTA-1,4
ATCACGAGTTTCGCTC-1,0
ATCACGATCAGCATGT-1,1
ATCACGATCCACGTGG-1,3
ATCACGATCTAAGCCA-1,1
ATCACGATCTTGTTTG-1,2
ATCATCTAGACAATAC-1,4
ATCATCTAGCCAACAG-1,2
ATCATCTAGCTAACAA-1,0
ATCATCTAGGAATGGA-1,4
ATCATCTAGTCATCCA-1,3
ATCATCTAGTCCGTAT-1,1
ATCATCTAGTGAACGC-1,3
ATCATCTCAAAGGAAG-1,0
ATCATCTCAAGCCATT-1,6
ATCATCTCACATTCGA-1,1
ATCATCTCACGAAACG-1,0
ATCATCTCAGACTCGC-1,0
ATCATCTCAGGGTATG-1,3
ATCATCTGTCTGATTG-1,0
ATCATCTGTGCACCAC-1,4
ATCATCTTCAACACGT-1,3
ATCATCTTCACAATGC-1,0
ATCATCTTCACGAAGG-1,4
ATCATCTTCCGTACAA-1,2
ATCATCTTCCGTCAAA-1,3
ATCATCTTCGAACTGT-1,1
ATCATCTTCGGAATCT-1,0
ATCATCTTCGGCTTGG-1,4
ATCATCTTCTCATTCA-1,2
ATCATCTTCTGAAAGA-1,0
ATCATGGAGACAGGCT-1,1
ATCATGGAGATGTGGC-1,1
ATCATGGAGCGATCCC-1,1
ATCATGGAGCTAGTCT-1,0
ATCATGGAGGATTCGG-1,3
ATCATGGAGTGTCTCA-1,0
ATCATGGAGTTAACGA-1,1
ATCATGGCAATGGATA-1,1
ATCATGGCACACAGAG-1,2
ATCATGGCACATGTGT-1,1
ATCATGGCAGCTGTAT-1,4
ATCATGGGTACAGCAG-1,7
ATCATGGGTGAGCGAT-1,8
ATCATGGGTTACTGAC-1,1
ATCATGGGTTGTCGCG-1,5
ATCATGGTCACTTATC-1,1
ATCATGGTCATAACCG-1,3
ATCATGGTCCACGAAT-1,7
ATCATGGTCTGTTGAG-1,3
ATCATGGTCTTGCATT-1,4
ATCCACCAGCGGATCA-1,3
ATCCACCAGGATGCGT-1,0
ATCCACCCAACGATGG-1,0
ATCCACCCAAGTAATG-1,2
ATCCACCCAATCGGTT-1,6
ATCCACCCAATCTGCA-1,1
ATCCACCCATAACCTG-1,3
ATCCACCCATCCAACA-1,0
ATCCACCGTACTTGAC-1,0
ATCCACCGTAGGCTGA-1,4
ATCCACCGTCGGCACT-1,1
ATCCACCGTTTCGCTC-1,0
ATCCGAAAGAAACGAG-1,4
ATCCGAAAGCACAGGT-1,0
ATCCGAAAGGCCATAG-1,0
ATCCGAAAGTACGTAA-1,8
ATCCGAAAGTAGTGCG-1,0
ATCCGAACACAAGTAA-1,2
ATCCGAACATTACCTT-1,0
ATCCGAAGTCTGCCAG-1,3
ATCCGAATCACAGGCC-1,1
ATCCGAATCCAGATCA-1,2
ATCCGAATCCTGCTTG-1,3
ATCGAGTAGAGTCTGG-1,4
ATCGAGTAGATGTGGC-1,1
ATCGAGTAGGAGTTTA-1,1
ATCGAGTAGGTGATAT-1,0
ATCGAGTCACAGCGTC-1,0
ATCGAGTCACCAACCG-1,1
ATCGAGTGTCAAAGCG-1,5
ATCGAGTGTCATGCAT-1,2
ATCGAGTGTCTTCAAG-1,1
ATCGAGTGTTATGCGT-1,4
ATCGAGTTCAGGCAAG-1,6
ATCGAGTTCGGACAAG-1,1
ATCGAGTTCGGTGTTA-1,1
ATCGAGTTCTTACCTA-1,1
ATCTACTAGACACGAC-1,0
ATCTACTAGCTACCGC-1,0
ATCTACTAGGCTCAGA-1,0
ATCTACTAGTACGATA-1,1
ATCTACTAGTACGCCC-1,3
ATCTACTAGTTGTAGA-1,4
ATCTACTAGTTTCCTT-1,5
ATCTACTCACGCCAGT-1,1
ATCTACTCAGGCAGTA-1,1
ATCTACTCAGGGTATG-1,7
ATCTACTCATGCAATC-1,0
ATCTACTCATGCCACG-1,4
ATCTACTGTAAGGGCT-1,3
ATCTACTGTAATAGCA-1,1
ATCTACTGTCCTCTTG-1,0
ATCTACTGTTGTTTGG-1,0
ATCTACTTCACAACGT-1,1
ATCTACTTCGTTTATC-1,1
ATCTGCCAGACAGGCT-1,1
ATCTGCCAGATGCCAG-1,5
ATCTGCCAGCCACCTG-1,0
ATCTGCCAGCCATCGC-1,4
ATCTGCCAGGTAGCTG-1,8
ATCTGCCCAAACAACA-1,0
ATCTGCCCAAACGTGG-1,0
ATCTGCCCACACCGAC-1,4
ATCTGCCCAGATCTGT-1,2
ATCTGCCCATCTATGG-1,0
ATCTGCCGTAAATGAC-1,1
ATCTGCCGTCAGATAA-1,0
ATCTGCCGTCGCTTTC-1,4
ATCTGCCGTCTAGGTT-1,1
ATCTGCCGTTACGCGC-1,0
ATCTGCCGTTACTGAC-1,4
ATCTGCCGTTCTGTTT-1,1
ATCTGCCGTTGGAGGT-1,2
ATCTGCCGTTTCGCTC-1,0
ATCTGCCTCACCCGAG-1,8
ATCTGCCTCCATGCTC-1,6
ATCTGCCTCTGTCAAG-1,3
ATCTGCCTCTGTCTCG-1,0
ATCTGCCTCTTCAACT-1,0
ATGAGGGAGACCCACC-1,8
ATGAGGGAGGAATCGC-1,1
ATGAGGGAGGACTGGT-1,3
ATGAGGGAGTAATCCC-1,1
ATGAGGGAGTAGGTGC-1,4
ATGAGGGAGTCCTCCT-1,3
ATGAGGGCAATCACAC-1,4
ATGAGGGCACCGATAT-1,0
ATGAGGGCACCTCGTT-1,1
ATGAGGGCACTCGACG-1,2
ATGAGGGCATCCGGGT-1,2
ATGAGGGCATGCGCAC-1,3
ATGAGGGGTACCTACA-1,4
ATGAGGGTCACGACTA-1,0
ATGCGATAGACATAAC-1,4
ATGCGATAGATCACGG-1,2
ATGCGATCAATGAAAC-1,1
ATGCGATCAATGGAAT-1,5
ATGCGATCACCTTGTC-1,4
ATGCGATCACGTTGGC-1,7
ATGCGATGTCACAAGG-1,8
ATGCGATGTTTGCATG-1,0
ATGCGATTCAGCATGT-1,7
ATGCGATTCGGAAATA-1,1
ATGCGATTCGGAGCAA-1,1
ATGGGAGAGACGACGT-1,6
ATGGGAGAGCGTTGCC-1,2
ATGGGAGAGCTAAACA-1,1
ATGGGAGAGGCTAGCA-1,1
ATGGGAGAGGGATGGG-1,2
ATGGGAGAGTACGTTC-1,1
ATGGGAGAGTTAGCGG-1,0
ATGGGAGCAATGGATA-1,0
ATGGGAGCACAGACAG-1,5
ATGGGAGCACGAAAGC-1,3
ATGGGAGCATGGATGG-1,4
ATGGGAGGTAAGTGGC-1,1
ATGGGAGGTGTTCTTT-1,1
ATGGGAGGTTCCCGAG-1,0
ATGGGAGTCAGTTAGC-1,2
ATGGGAGTCCCTCTTT-1,2
ATGGGAGTCCCTTGTG-1,0
ATGGGAGTCTCCAGGG-1,3
ATGGGAGTCTGCCAGG-1,0
ATGGGAGTCTTATCTG-1,1
ATGTGTGAGCAACGGT-1,0
ATGTGTGAGCCCAGCT-1,3
ATGTGTGCAGGACGTA-1,1
ATGTGTGCAGTTTACG-1,2
ATGTGTGCATCACCCT-1,4
ATGTGTGGTCAAACTC-1,8
ATGTGTGGTGCTCTTC-1,1
ATGTGTGTCACAACGT-1,0
ATGTGTGTCCGTAGTA-1,2
ATGTGTGTCTCGATGA-1,3
ATTACTCAGCAAATCA-1,2
ATTACTCAGCTGATAA-1,1
ATTACTCAGGAGTTTA-1,3
ATTACTCAGGTACTCT-1,5
ATTACTCCAACGATCT-1,4
ATTACTCCACGAGAGT-1,8
ATTACTCCAGATAATG-1,4
ATTACTCCAGATCTGT-1,0
ATTACTCCATGAACCT-1,1
ATTACTCCATTACGAC-1,2
ATTACTCGTCCAGTAT-1,2
ATTACTCGTCTAGCCG-1,1
ATTACTCGTTTGTTGG-1,1
ATTACTCTCAGTTTGG-1,4
ATTACTCTCCTAGTGA-1,2
ATTATCCAGGCTAGGT-1,2
ATTATCCCAAGTAATG-1,2
ATTATCCCAGACAGGT-1,0
ATTATCCCAGTGGAGT-1,2
ATTATCCGTAGAAAGG-1,2
ATTATCCGTCCCGACA-1,1
ATTATCCGTGTTAAGA-1,3
ATTATCCTCGAGGTAG-1,0
ATTATCCTCTTGTACT-1,0
ATTCTACAGAAGATTC-1,2
ATTCTACAGAGCTATA-1,0
ATTCTACCAAATACAG-1,1
ATTCTACCAAGACACG-1,4
ATTCTACCAAGAGGCT-1,3
ATTCTACCAAGCGTAG-1,0
ATTCTACCAGACGTAG-1,3
ATTCTACCAGCCTTGG-1,1
ATTCTACCATCGATGT-1,6
ATTCTACGTACCAGTT-1,0
ATTCTACGTAGCCTAT-1,1
ATTCTACGTCTCACCT-1,0
ATTCTACTCCGGGTGT-1,1
ATTCTACTCCTTTCTC-1,3
ATTCTACTCTCAAACG-1,2
ATTGGACAGACGCAAC-1,1
ATTGGACAGCTAGTTC-1,2
ATTGGACAGCTGCAAG-1,0
ATTGGACAGTGGAGTC-1,4
ATTGGACGTACCGAGA-1,0
ATTGGACGTAGGGTAC-1,0
ATTGGACTCAAGAAGT-1,3
ATTGGACTCACAAACC-1,3
ATTGGACTCCGCGCAA-1,0
ATTGGACTCCTGCAGG-1,2
ATTGGACTCGTAGGTT-1,3
ATTGGACTCTCGAGTA-1,0
ATTGGACTCTGGCGAC-1,4
ATTGGTGAGCGAGAAA-1,7
ATTGGTGAGTACGACG-1,2
ATTGGTGCAAAGTGCG-1,2
ATTGGTGCAAGCGATG-1,0
ATTGGTGCAAGTAATG-1,6
ATTGGTGCAAGTTAAG-1,1
ATTGGTGCACAACGTT-1,4
ATTGGTGCATTTGCCC-1,0
ATTGGTGGTCACCCAG-1,4
ATTGGTGGTCTGGAGA-1,0
ATTGGTGGTGATGATA-1,1
ATTGGTGGTTCGCTAA-1,1
ATTGGTGTCCTGTAGA-1,6
ATTGGTGTCCTTAATC-1,6
ATTGGTGTCGCTTGTC-1,2
ATTGGTGTCGTACCGG-1,3
ATTGGTGTCGTAGGAG-1,0
ATTTCTGAGAGCCCAA-1,0
ATTTCTGAGGTAGCTG-1,4
ATTTCTGAGTACGCGA-1,3
ATTTCTGAGTATCGAA-1,5
ATTTCTGAGTATGACA-1,2
ATTTCTGAGTTAACGA-1,7
ATTTCTGCAATGGAGC-1,1
ATTTCTGCACGGTGTC-1,1
ATTTCTGCACTCGACG-1,0
ATTTCTGCAGCGTAAG-1,0
ATTTCTGCAGGTGCCT-1,1
ATTTCTGCATAAAGGT-1,2
ATTTCTGCATACGCTA-1,0
ATTTCTGCATGCGCAC-1,3
ATTTCTGCATTTGCTT-1,7
ATTTCTGGTCATGCCG-1,2
ATTTCTGGTCCCTACT-1,5
ATTTCTGGTGAACCTT-1,3
ATTTCTGGTGGTCCGT-1,0
ATTTCTGTCCCACTTG-1,2
ATTTCTGTCCGAATGT-1,8
ATTTCTGTCCTGTACC-1,1
ATTTCTGTCGTTGACA-1,0
ATTTCTGTCTGCTGTC-1,1
ATTTCTGTCTGTGCAA-1,0
CAACCAACAAATCCGT-1,4
CAACCAACAGTGGGAT-1,2
CAACCAACAGTTAACC-1,0
CAACCAACATTTGCTT-1,2
CAACCAAGTATCGCAT-1,4
CAACCAAGTCAAACTC-1,6
CAACCAAGTCACTGGC-1,0
CAACCAAGTCAGCTAT-1,1
CAACCAAGTCGAACAG-1,1
CAACCAAGTCTGGAGA-1,1
CAACCAAGTGCTTCTC-1,0
CAACCAAGTGTTGAGG-1,1
CAACCAATCAGGCAAG-1,3
CAACCAATCATCATTC-1,1
CAACCAATCCACTGGG-1,4
CAACCAATCGTCTGAA-1,1
CAACCAATCTAACTGG-1,0
CAACCTCAGAGACGAA-1,4
CAACCTCAGGCACATG-1,5
CAACCTCAGGGAACGG-1,2
CAACCTCAGTGGTAGC-1,0
CAACCTCCAAGCCTAT-1,2
CAACCTCCAAGCTGTT-1,0
CAACCTCCAATGTAAG-1,3
CAACCTCCACCAGGCT-1,1
CAACCTCCACTATCTT-1,1
CAACCTCCACTGAAGG-1,1
CAACCTCCAGATCCAT-1,0
CAACCTCCAGTAACGG-1,2
CAACCTCCATTCTCAT-1,1
CAACCTCGTAGCGCAA-1,2
CAACCTCGTAGTAGTA-1,3
CAACCTCGTCTTGATG-1,0
CAACCTCGTTCCTCCA-1,1
CAACCTCGTTCGGCAC-1,0
CAACCTCTCCAGAAGG-1,8
CAACCTCTCTGCGTAA-1,2
CAACCTCTCTGTTGAG-1,1
CAACTAGAGAGCAATT-1,1
CAACTAGCAAGCGATG-1,3
CAACTAGCAAGTCATC-1,4
CAACTAGCACAGACTT-1,4
CAACTAGCACAGGTTT-1,1
CAACTAGCAGCCAGAA-1,0
CAACTAGGTAGCACGA-1,2
CAACTAGGTCATCGGC-1,4
CAACTAGGTTGCCTCT-1,0
CAACTAGTCACCTTAT-1,0
CAACTAGTCAGAGACG-1,4
CAACTAGTCGCATGAT-1,0
CAAGAAAAGAGCAATT-1,2
CAAGAAAAGCGGCTTC-1,1
CAAGAAACACACCGCA-1,3
CAAGAAACACATGTGT-1,2
CAAGAAACACCACGTG-1,0
CAAGAAACATTCTTAC-1,3
CAAGAAAGTCAAAGCG-1,0
CAAGAAAGTCCAGTAT-1,1
CAAGAAAGTCGCGTGT-1,1
CAAGAAAGTCGGGTCT-1,4
CAAGAAAGTCTGGTCG-1,1
CAAGAAAGTTAAGTAG-1,3
CAAGAAAGTTCCTCCA-1,0
CAAGAAAGTTGAGTTC-1,2
CAAGAAAGTTTAAGCC-1,4
CAAGAAATCACGCGGT-1,2
CAAGAAATCTTCAACT-1,0
CAAGATCAGACCACGA-1,2
CAAGATCAGGACTGGT-1,2
CAAGATCAGTATTGGA-1,5
CAAGATCAGTTGAGTA-1,7
CAAGATCCACGTTGGC-1,4
CAAGATCCAGCTCGAC-1,0
CAAGATCGTAAGGGAA-1,0
CAAGATCGTCAACTGT-1,7
CAAGATCGTCAGAATA-1,4
CAAGATCGTGCACCAC-1,0
CAAGATCGTGTGTGCC-1,3
CAAGATCGTTAGGGTG-1,2
CAAGATCGTTGCTCCT-1,3
CAAGATCTCACAATGC-1,0
CAAGATCTCACATAGC-1,1
CAAGATCTCGCCAGCA-1,2
CAAGGCCAGAGGTTAT-1,3
CAAGGCCAGCAGGCTA-1,2
CAAGGCCAGGGATACC-1,3
CAAGGCCAGGGTCGAT-1,2
CAAGGCCAGGTAGCCA-1,4
CAAGGCCCAACACGCC-1,1
CAAGGCCCACCTGGTG-1,0
CAAGGCCCACGTGAGA-1,1
CAAGGCCCAGCAGTTT-1,2
CAAGGCCCAGTGGAGT-1,0
CAAGGCCCATCCCACT-1,6
CAAGGCCCATGTCCTC-1,4
CAAGGCCGTACAGTGG-1,3
CAAGGCCGTCACAAGG-1,3
CAAGGCCGTCGAGTTT-1,1
CAAGGCCGTTATGCGT-1,4
CAAGGCCTCTCAAGTG-1,0
CAAGGCCTCTTCGGTC-1,1
CAAGTTGAGAGTAATC-1,1
CAAGTTGAGCTGCCCA-1,0
CAAGTTGAGTCTCGGC-1,0
CAAGTTGAGTGACTCT-1,2
CAAGTTGAGTTAGCGG-1,2
CAAGTTGCAAACTGTC-1,0
CAAGTTGCAATCGGTT-1,1
CAAGTTGCAATTGCTG-1,3
CAAGTTGCACAGCGTC-1,2
CAAGTTGCACCCAGTG-1,0
CAAGTTGCAGTAAGCG-1,0
CAAGTTGCATCTACGA-1,1
CAAGTTGGTACTTAGC-1,5
CAAGTTGGTATAAACG-1,1
CAAGTTGGTCGACTGC-1,4
CAAGTTGGTCGCATAT-1,7
CAAGTTGGTCGGCTCA-1,3
CAAGTTGGTCTCGTTC-1,1
CAAGTTGGTCTTCAAG-1,0
CAAGTTGGTGTGCGTC-1,2
CAAGTTGTCATAAAGG-1,0
CAAGTTGTCGGCCGAT-1,4
CAAGTTGTCGGGAGTA-1,0
CAAGTTGTCTCTTGAT-1,4
CACAAACAGCTACCGC-1,1
CACAAACAGTAGGTGC-1,7
CACAAACCACGCTTTC-1,2
CACAAACCACTGTGTA-1,2
CACAAACCATAAGACA-1,0
CACAAACCATACTCTT-1,0
CACAAACGTCGCATAT-1,0
CACAAACGTTAAAGTG-1,5
CACAAACTCCAGAGGA-1,1
CACAAACTCCGGCACA-1,1
CACACAAAGACTGTAA-1,2
CACACAAAGGTTCCTA-1,0
CACACAACAATCTACG-1,0
CACACAACAATGGTCT-1,3
CACACAACAGCGAACA-1,0
CACACAACATCGATTG-1,6
CACACAACATGGTTGT-1,6
CACACAAGTAAGGGAA-1,2
CACACAAGTAGCGATG-1,2
CACACAAGTGACCAAG-1,4
CACACAATCACCATAG-1,1
CACACAATCCGCAAGC-1,3
CACACAATCCGTAGGC-1,1
CACACAATCCTATGTT-1,1
CACACAATCGACAGCC-1,2
CACACAATCGAGAACG-1,3
CACACCTAGGCACATG-1,3
CACACCTAGGCCGAAT-1,3
CACACCTCAAGGTTCT-1,2
CACACCTCAGAAGCAC-1,3
CACACCTCATAAAGGT-1,6
CACACCTCATCCAACA-1,1
CACACCTCATGAGCGA-1,1
CACACCTGTATGGTTC-1,0
CACACCTGTCAGAAGC-1,3
CACACCTGTCTAAACC-1,6
CACACCTGTCTGATCA-1,1
CACACCTTCAAAGACA-1,1
CACACCTTCAGTCCCT-1,6
CACACCTTCCCGGATG-1,1
CACACCTTCGAGGTAG-1,6
CACACTCAGAAGAAGC-1,4
CACACTCAGCCACCTG-1,1
CACACTCAGCCATCGC-1,4
CACACTCAGCTAAGAT-1,4
CACACTCAGGTGTTAA-1,2
CACACTCAGTACGTTC-1,4
CACACTCAGTTTGCGT-1,1
CACACTCCACAGATTC-1,4
CACACTCCACGTTGGC-1,3
CACACTCCATATGGTC-1,1
CACACTCGTACGAAAT-1,4
CACACTCGTAGAGCTG-1,0
CACACTCGTCCAGTAT-1,0
CACACTCGTCTAGTGT-1,2
CACACTCGTCTCATCC-1,1
CACACTCGTGTAAGTA-1,8
CACACTCGTTTACTCT-1,0
CACACTCTCAGGCCCA-1,4
CACACTCTCCCTAACC-1,4
CACACTCTCCTTTCTC-1,2
CACACTCTCGCAAACT-1,0
CACAGGCAGACCGGAT-1,1
CACAGGCAGAGCTATA-1,3
CACAGGCAGCCACGTC-1,1
CACAGGCAGTGAACGC-1,0
CACAGGCCAAATTGCC-1,4
CACAGGCCAAGCCCAC-1,0
CACAGGCCAATGCCAT-1,3
CACAGGCCACCAGGTC-1,3
CACAGGCCACCTCGGA-1,0
CACAGGCTCAGCGATT-1,1
CACAGGCTCCAAGCCG-1,0
CACAGGCTCCGCAGTG-1,1
CACAGGCTCTCTTGAT-1,5
CACAGGCTCTGCAGTA-1,3
CACAGTAAGTACGATA-1,1
CACAGTAAGTGAACGC-1,0
CACAGTACAAGACGTG-1,1
CACAGTACACATAACC-1,0
CACAGTACATCGGTTA-1,2
CACAGTAGTCCCTACT-1,2
CACAGTAGTCGGCATC-1,2
CACAGTAGTGCTTCTC-1,0
CACAGTATCAGGCCCA-1,1
CACAGTATCCCAACGG-1,4
CACATAGAGACCCACC-1,1
CACATAGAGGCTAGGT-1,2
CACATAGAGTAATCCC-1,1
CACATAGCAAGACGTG-1,2
CACATAGCAAGTCTGT-1,1
CACATAGGTATTACCG-1,3
CACATAGGTCAGTGGA-1,2
CACATAGTCATCACCC-1,1
CACATAGTCCGCATAA-1,2
CACATTTAGCACCGTC-1,0
CACATTTAGGGTGTGT-1,2
CACATTTAGTAGCGGT-1,1
CACATTTAGTTACGGG-1,8
CACATTTCAGATTGCT-1,3
CACATTTGTAATCACC-1,2
CACATTTGTACTCAAC-1,1
CACATTTGTCACACGC-1,6
CACATTTGTCACCTAA-1,0
CACATTTGTCTCCATC-1,3
CACATTTTCAGTTAGC-1,0
CACATTTTCGGAAATA-1,2
CACATTTTCTGAGGGA-1,3
CACATTTTCTTGCAAG-1,4
CACCACTAGACTTGAA-1,3
CACCACTAGAGGACGG-1,3
CACCACTAGATAGTCA-1,0
CACCACTAGATCACGG-1,1
CACCACTAGCCGTCGT-1,0
CACCACTAGTACGACG-1,1
CACCACTAGTGCGATG-1,4
CACCACTCAGTATGCT-1,1
CACCACTCATGTCCTC-1,2
CACCACTCATTCGACA-1,1
CACCACTGTAGTAGTA-1,1
CACCACTGTATGGTTC-1,0
CACCACTGTTGTCGCG-1,4
CACCACTTCTATCCCG-1,5
CACCACTTCTTCATGT-1,3
CACCAGGAGAAGGGTA-1,0
CACCAGGAGAGCTGGT-1,8
CACCAGGAGCCAGGAT-1,2
CACCAGGAGGTAGCTG-1,1
CACCAGGAGTATCGAA-1,3
CACCAGGAGTCGAGTG-1,0
CACCAGGAGTTCGCGC-1,3
CACCAGGAGTTTGCGT-1,0
CACCAGGCAACTGCGC-1,7
CACCAGGCACAGCGTC-1,0
CACCAGGCACGTCAGC-1,4
CACCAGGCAGTCAGAG-1,0
CACCAGGCAGTCCTTC-1,7
CACCAGGCAGTCTTCC-1,2
CACCAGGGTATCAGTC-1,8
CACCAGGGTTCCCGAG-1,3
CACCAGGGTTCGCGAC-1,3
CACCAGGTCGTACCGG-1,2
CACCAGGTCTACTATC-1,0
CACCAGGTCTGTTGAG-1,0
CACCAGGTCTTCAACT-1,0
CACCTTGAGAACTGTA-1,0
CACCTTGAGACAGAGA-1,0
CACCTTGAGAGACGAA-1,0
CACCTTGAGCAGACTG-1,4
CACCTTGAGCAGCGTA-1,1
CACCTTGAGGCCCTCA-1,1
CACCTTGAGTGGAGAA-1,2
CACCTTGAGTGTACCT-1,2
CACCTTGCAGCTGCTG-1,2
CACCTTGGTAAGAGGA-1,4
CACCTTGGTATGGTTC-1,2
CACCTTGGTCCATGAT-1,0
CACCTTGGTCTTTCAT-1,1
CACCTTGGTGGCTCCA-1,1
CACCTTGGTGTGGCTC-1,5
CACCTTGGTTGCCTCT-1,5
CACCTTGGTTTACTCT-1,5
CACCTTGTCAGAAATG-1,1
CACCTTGTCAGCTGGC-1,4
CACCTTGTCATTTGGG-1,1
CACCTTGTCCGTTGCT-1,0
CACCTTGTCCTGCAGG-1,4
CACCTTGTCTACTCAT-1,1
CACCTTGTCTCTGAGA-1,2
CACTCCAAGAGCTTCT-1,3
CACTCCAAGAGGTACC-1,3
CACTCCAAGATGCGAC-1,0
CACTCCAAGCGATGAC-1,1
CACTCCAAGTGGTAGC-1,6
CACTCCACAAGCGTAG-1,1
CACTCCACACAAGCCC-1,1
CACTCCACACCTATCC-1,4
CACTCCACACGCGAAA-1,4
CACTCCACATACTACG-1,2
CACTCCACATTCCTCG-1,0
CACTCCAGTACAGTGG-1,1
CACTCCAGTCGCGGTT-1,7
CACTCCAGTGAAATCA-1,4
CACTCCAGTGATAAGT-1,1
CACTCCAGTGATGATA-1,4
CACTCCAGTGTCGCTG-1,0
CACTCCAGTTATCGGT-1,1
CACTCCATCGCCAAAT-1,1
CACTCCATCGGACAAG-1,4
CACTCCATCTCTTATG-1,3
CACTCCATCTGTCAAG-1,2
CAGAATCAGAAACCAT-1,1
CAGAATCAGCGGCTTC-1,2
CAGAATCAGTATGACA-1,4
CAGAATCAGTCCCACG-1,0
CAGAATCCAAAGAATC-1,2
CAGAATCCACCGGAAA-1,0
CAGAATCCACGGTGTC-1,6
CAGAATCCACTGAAGG-1,2
CAGAATCCACTGTGTA-1,0
CAGAATCCAGCCTATA-1,0
CAGAATCCATCGGGTC-1,1
CAGAATCGTACTTAGC-1,0
CAGAATCGTATATGAG-1,1
CAGAATCGTATCGCAT-1,0
CAGAATCGTATGAAAC-1,0
CAGAATCGTCGTCTTC-1,2
CAGAATCGTGATGCCC-1,2
CAGAATCGTGGGTATG-1,0
CAGAATCGTTTCGCTC-1,3
CAGAATCTCACCGTAA-1,0
CAGAATCTCCACTGGG-1,3
CAGAATCTCGGCGCAT-1,0
CAGAATCTCTATGTGG-1,1
CAGAATCTCTGAGGGA-1,2
CAGAATCTCTTCGGTC-1,7
CAGAGAGAGAGTGAGA-1,0
CAGAGAGAGATAGTCA-1,4
CAGAGAGAGCGTGAGT-1,2
CAGAGAGAGCTACCTA-1,2
CAGAGAGAGGAGTTGC-1,4
CAGAGAGAGGCGTACA-1,1
CAGAGAGAGTAATCCC-1,1
CAGAGAGAGTACACCT-1,1
CAGAGAGCATAAAGGT-1,4
CAGAGAGGTAAGTAGT-1,8
CAGAGAGGTCAACTGT-1,1
CAGAGAGGTTTACTCT-1,6
CAGAGAGTCAATACCG-1,3
CAGAGAGTCCCAAGAT-1,3
CAGAGAGTCGGCGCTA-1,0
CAGAGAGTCTGGTGTA-1,2
CAGATCAAGACTAAGT-1,1
CAGATCAAGCCACCTG-1,1
CAGATCAAGCCAGGAT-1,1
CAGATCAAGCGTAATA-1,6
CAGATCAAGGCGATAC-1,4
CAGATCAAGGGTCGAT-1,1
CAGATCAAGTGTCCAT-1,4
CAGATCACAAAGGTGC-1,2
CAGATCACAATGTTGC-1,5
CAGATCACAGACGCAA-1,1
CAGATCAGTACAGTGG-1,5
CAGATCAGTACCGTAT-1,3
CAGATCAGTCTGGAGA-1,4
CAGATCAGTGCACTTA-1,3
CAGATCAGTTCAGCGC-1,0
CAGATCATCATCACCC-1,0
CAGATCATCTGCTGCT-1,6
CAGCAGCAGATGTCGG-1,0
CAGCAGCAGGTGCACA-1,4
CAGCAGCCACCGAATT-1,0
CAGCAGCCACGAGGTA-1,1
CAGCAGCCAGGGATTG-1,4
CAGCAGCGTAATAGCA-1,1
CAGCAGCGTATAAACG-1,1
CAGCAGCGTCAGAATA-1,6
CAGCAGCGTGCATCTA-1,7
CAGCAGCGTTCGCTAA-1,7
CAGCAGCGTTCGGCAC-1,2
CAGCAGCTCAACGAAA-1,2
CAGCAGCTCAAGGCTT-1,4
CAGCAGCTCCGTACAA-1,0
CAGCAGCTCGTGGTCG-1,0
CAGCATAAGACATAAC-1,2
CAGCATAAGGATCGCA-1,0
CAGCATAAGGCTCATT-1,1
CAGCATACACATTAGC-1,0
CAGCATACAGCGTTCG-1,1
CAGCATACAGGTCCAC-1,2
CAGCATAGTACCGCTG-1,2
CAGCATAGTACGAAAT-1,3
CAGCATATCACTTATC-1,0
CAGCATATCAGTGCAT-1,2
CAGCATATCAGTGTTG-1,0
CAGCATATCCCTAATT-1,1
CAGCATATCTTCGAGA-1,0
CAGCCGAAGATGTTAG-1,0
CAGCCGAAGCAGGCTA-1,0
CAGCCGAAGCCTATGT-1,1
CAGCCGAAGGCAAAGA-1,0
CAGCCGAAGGTCATCT-1,0
CAGCCGACAGACGCCT-1,3
CAGCCGACATGTTGAC-1,6
CAGCCGAGTAGGAGTC-1,0
CAGCCGAGTCAGAAGC-1,0
CAGCCGAGTCGTCTTC-1,0
CAGCCGAGTCTTGATG-1,1
CAGCCGAGTTGATTCG-1,0
CAGCCGAGTTGTCTTT-1,1
CAGCCGATCATCGGAT-1,2
CAGCCGATCATTATCC-1,4
CAGCGACAGATCCGAG-1,0
CAGCGACAGTCAAGGC-1,2
CAGCGACAGTTGAGAT-1,7
CAGCGACCAGCTCGAC-1,2
CAGCGACGTAGTACCT-1,0
CAGCGACGTCCGTCAG-1,2
CAGCGACGTCTAGCGC-1,3
CAGCGACGTTATCCGA-1,0
CAGCGACGTTTAGGAA-1,0
CAGCGACTCCACGAAT-1,0
CAGCGACTCGGATGGA-1,0
CAGCGACTCTGTTTGT-1,0
CAGCGACTCTTAGAGC-1,5
CAGCTAAAGCCCAATT-1,0
CAGCTAAAGGCAAAGA-1,3
CAGCTAACAAATACAG-1,0
CAGCTAACAAGTAGTA-1,2
CAGCTAACACTTCTGC-1,2
CAGCTAACATGCAACT-1,4
CAGCTAAGTCCTAGCG-1,2
CAGCTAATCAGCACAT-1,5
CAGCTAATCGTCGTTC-1,0
CAGCTAATCTGTCAAG-1,0
CAGCTGGAGAAACCTA-1,2
CAGCTGGAGATCTGCT-1,4
CAGCTGGAGGATGGAA-1,1
CAGCTGGCAAACCTAC-1,5
CAGCTGGCAAGTCTAC-1,3
CAGCTGGCACCAGGCT-1,5
CAGCTGGCACCGATAT-1,3
CAGCTGGCACGTCAGC-1,5
CAGCTGGCAGCGAACA-1,1
CAGCTGGGTACCGCTG-1,1
CAGCTGGGTATTCTCT-1,7
CAGCTGGGTCGGCACT-1,5
CAGCTGGGTCGTTGTA-1,3
CAGCTGGGTCTAAACC-1,0
CAGCTGGGTCTCATCC-1,1
CAGCTGGGTTACTGAC-1,4
CAGCTGGGTTATCGGT-1,1
CAGCTGGGTTGAACTC-1,0
CAGCTGGTCACGGTTA-1,7
CAGCTGGTCAGAAATG-1,6
CAGCTGGTCAGCACAT-1,1
CAGCTGGTCAGTGTTG-1,0
CAGGTGCAGAGCTGGT-1,4
CAGGTGCAGAGGGCTT-1,2
CAGGTGCAGATCGGGT-1,0
CAGGTGCAGGCGTACA-1,1
CAGGTGCAGTGTTTGC-1,4
CAGGTGCCACAACGCC-1,4
CAGGTGCCACCTATCC-1,4
CAGGTGCGTAACGCGA-1,4
CAGGTGCGTATTACCG-1,6
CAGGTGCGTGTGAATA-1,0
CAGGTGCTCATCGATG-1,0
CAGGTGCTCCCGACTT-1,6
CAGGTGCTCTGGTATG-1,4
CAGTAACAGAGCCCAA-1,4
CAGTAACAGGCCCTCA-1,2
CAGTAACAGTGTGGCA-1,0
CAGTAACCACAGGCCT-1,0
CAGTAACCAGACTCGC-1,1
CAGTAACCAGGACGTA-1,3
CAGTAACCAGTCAGAG-1,6
CAGTAACGTAAGAGAG-1,4
CAGTAACGTCGCTTCT-1,0
CAGTAACGTGCATCTA-1,0
CAGTAACGTTTGTTTC-1,0
CAGTAACTCCTGTACC-1,8
CAGTAACTCGGACAAG-1,1
CAGTAACTCGGTCCGA-1,1
CAGTAACTCTTTACGT-1,3
CAGTCCTAGAAGGACA-1,2
CAGTCCTAGACGCAAC-1,0
CAGTCCTAGATGTCGG-1,0
CAGTCCTAGCAATCTC-1,0
CAGTCCTAGTTGAGTA-1,4
CAGTCCTCAATGGATA-1,0
CAGTCCTCACACGCTG-1,0
CAGTCCTCACATGTGT-1,4
CAGTCCTCAGCTGTGC-1,0
CAGTCCTCATGCGCAC-1,1
CAGTCCTCATGTCCTC-1,5
CAGTCCTCATTTGCTT-1,0
CAGTCCTTCTCAAGTG-1,3
CAGTCCTTCTGCGTAA-1,4
CAGTCCTTCTTCAACT-1,4
CATATGGAGAACAACT-1,4
CATATGGAGGAGTAGA-1,0
CATATGGAGGCTCTTA-1,5
CATATGGAGGTCATCT-1,4
CATATGGAGTCACGCC-1,2
CATATGGAGTGCCAGA-1,2
CATATGGAGTGTTAGA-1,8
CATATGGCAACACCCG-1,3
CATATGGCAAGCCGTC-1,3
CATATGGCACGGCCAT-1,2
CATATGGCAGGGTATG-1,7
CATATGGCAGTAAGCG-1,3
CATATGGGTGAGCGAT-1,2
CATATGGGTTGATTGC-1,7
CATATGGTCAGGCGAA-1,2
CATATGGTCCGCGTTT-1,4
CATATGGTCGCAGGCT-1,1
CATATGGTCGGCTACG-1,1
CATATGGTCTATCCCG-1,3
CATATGGTCTCAAACG-1,3
CATATGGTCTCGCTTG-1,3
CATATGGTCTTGTCAT-1,4
CATATTCAGAGGTACC-1,0
CATATTCAGCTCCCAG-1,4
CATATTCAGGGAACGG-1,0
CATATTCAGGTGATTA-1,2
CATATTCAGTGAACAT-1,3
CATATTCCAATCGAAA-1,0
CATATTCCACCTATCC-1,3
CATATTCCATCGTCGG-1,3
CATATTCCATTAGCCA-1,1
CATATTCGTGAGGCTA-1,1
CATATTCGTGTAAGTA-1,0
CATATTCGTTGTCGCG-1,2
CATATTCTCACAATGC-1,2
CATATTCTCACAGTAC-1,0
CATATTCTCATCGGAT-1,4
CATATTCTCCTGCTTG-1,1
CATCAAGAGATATACG-1,2
CATCAAGAGCCACCTG-1,3
CATCAAGAGTCCATAC-1,2
CATCAAGAGTTGCAGG-1,7
CATCAAGAGTTGTCGT-1,5
CATCAAGCAAGCGAGT-1,0
CATCAAGCACGACGAA-1,1
CATCAAGCACGGTAAG-1,1
CATCAAGCAGGTCCAC-1,0
CATCAAGCATGCCACG-1,7
CATCAAGGTCGAATCT-1,1
CATCAAGGTCGACTGC-1,2
CATCAAGGTGAACCTT-1,0
CATCAAGGTGTCCTCT-1,0
CATCAAGGTTGACGTT-1,2
CATCAAGTCAACGCTA-1,1
CATCAAGTCGTCCGTT-1,3
CATCAAGTCTCCAACC-1,7
CATCAAGTCTCTGAGA-1,3
CATCAGAAGCGTAGTG-1,0
CATCAGAAGCTATGCT-1,1
CATCAGAAGGCAGGTT-1,0
CATCAGAAGGCCGAAT-1,3
CATCAGAAGTGATCGG-1,4
CATCAGACAACTGCGC-1,0
CATCAGACAAGGTTCT-1,0
CATCAGACAAGTCATC-1,1
CATCAGACACAAGACG-1,3
CATCAGACAGATAATG-1,2
CATCAGACATATACCG-1,4
CATCAGAGTAACGACG-1,2
CATCAGAGTAATAGCA-1,4
CATCAGAGTAGGGACT-1,2
CATCAGAGTCGAACAG-1,1
CATCAGAGTGTCTGAT-1,1
CATCAGAGTTCCCGAG-1,4
CATCAGATCATCGGAT-1,0
CATCAGATCATGCATG-1,3
CATCAGATCCGTAGGC-1,3
CATCAGATCGGAAATA-1,0
CATCAGATCGTAGATC-1,4
CATCCACAGAAACCGC-1,3
CATCCACAGTGCGTGA-1,3
CATCCACAGTGTACGG-1,0
CATCCACCACAACTGT-1,4
CATCCACCACGGTAAG-1,1
CATCCACCATCATCCC-1,5
CATCCACGTACTCAAC-1,0
CATCCACGTAGCCTCG-1,0
CATCCACGTCGCTTCT-1,2
CATCCACGTCGGATCC-1,5
CATCCACGTGCTGTAT-1,3
CATCCACTCAGTGTTG-1,1
CATCCACTCATTGCCC-1,5
CATCCACTCCGAACGC-1,0
CATCCACTCGAATCCA-1,3
CATCGAAAGGCGCTCT-1,8
CATCGAAAGGGATCTG-1,4
CATCGAACATTTGCTT-1,3
CATCGAAGTGGCGAAT-1,2
CATCGAAGTTCTGTTT-1,4
CATCGAATCAACACTG-1,5
CATCGAATCACAGGCC-1,7
CATCGGGAGAGAACAG-1,5
CATCGGGAGATAGCAT-1,2
CATCGGGAGCAGGCTA-1,3
CATCGGGAGGCGCTCT-1,2
CATCGGGAGTGGTAGC-1,0
CATCGGGCAAGAAGAG-1,3
CATCGGGGTACAGTGG-1,1
CATCGGGGTAGCGCAA-1,3
CATCGGGGTTAAAGTG-1,4
CATCGGGGTTCCGTCT-1,5
CATCGGGGTTGGGACA-1,3
CATCGGGGTTGTGGCC-1,1
CATCGGGTCACATGCA-1,2
CATCGGGTCACGCGGT-1,1
CATCGGGTCCGCAGTG-1,1
CATCGGGTCCTCAATT-1,4
CATCGGGTCGCCTGAG-1,0
CATCGGGTCTCTGAGA-1,4
CATCGGGTCTGACCTC-1,0
CATCGGGTCTGCCCTA-1,4
CATCGGGTCTGTCAAG-1,0
CATGACAAGCGGCTTC-1,0
CATGACAAGGCATTGG-1,0
CATGACAAGGGTATCG-1,4
CATGACACAAGCCGCT-1,3
CATGACACAATCCAAC-1,0
CATGACACACGGTAGA-1,1
CATGACACAGGAATGC-1,0
CATGACACATAAGACA-1,5
CATGACAGTAAGTGGC-1,3
CATGACAGTAGAAGGA-1,1
CATGACAGTGGGTCAA-1,0
CATGACAGTTCCACAA-1,1
CATGACAGTTCCATGA-1,2
CATGACATCACGATGT-1,1
CATGACATCAGCAACT-1,2
CATGACATCAGTGCAT-1,4
CATGACATCTCCTATA-1,1
CATGACATCTGTCTCG-1,2
CATGCCTAGGCATGGT-1,1
CATGCCTCACCAGTTA-1,3
CATGCCTCACCTCGGA-1,1
CATGCCTCACTATCTT-1,2
CATGCCTCATCTCGCT-1,0
CATGCCTGTACCAGTT-1,2
CATGCCTGTCTGGAGA-1,4
CATGCCTGTGCCTGTG-1,4
CATGCCTGTGTAAGTA-1,3
CATGCCTTCAACACAC-1,0
CATGCCTTCACCCGAG-1,6
CATGCCTTCACCGGGT-1,1
CATGCCTTCAGCTCGG-1,2
CATGCCTTCCGGGTGT-1,4
CATGCCTTCCTTGCCA-1,0
CATGCCTTCGATAGAA-1,2
CATGCCTTCGGAAATA-1,4
CATGCCTTCGGTTCGG-1,0
CATGCCTTCTGCCCTA-1,5
CATGGCGAGGAGTTTA-1,0
CATGGCGAGTCCTCCT-1,0
CATGGCGCAATCCGAT-1,1
CATGGCGCACACGCTG-1,2
CATGGCGCAGATGGGT-1,4
CATGGCGCAGCTGTAT-1,0
CATGGCGCAGGTCCAC-1,0
CATGGCGGTCTAGTGT-1,0
CATGGCGTCACGGTTA-1,2
CATTATCAGAGTGACC-1,1
CATTATCAGCGTCTAT-1,1
CATTATCAGGAGTTGC-1,1
CATTATCAGGTGTGGT-1,2
CATTATCAGTCTTGCA-1,5
CATTATCCAACAACCT-1,3
CATTATCCACGCATCG-1,0
CATTATCCACGGATAG-1,2
CATTATCCACTGCCAG-1,0
CATTATCCAGTTCATG-1,3
CATTATCCATAACCTG-1,7
CATTATCCATCTACGA-1,2
CATTATCCATCTGGTA-1,1
CATTATCCATGCCACG-1,3
CATTATCCATGCCCGA-1,4
CATTATCGTGTGCGTC-1,1
CATTATCTCACAACGT-1,1
CATTCGCAGACTTTCG-1,0
CATTCGCAGAGAGCTC-1,1
CATTCGCAGCGTGAGT-1,3
CATTCGCAGCTAACAA-1,3
CATTCGCAGGATATAC-1,0
CATTCGCAGGTGTTAA-1,0
CATTCGCCAATGTTGC-1,0
CATTCGCCATTTGCTT-1,3
CATTCGCGTACCGTTA-1,1
CATTCGCGTAGGCATG-1,0
CATTCGCGTCTTCGTC-1,0
CATTCGCGTGAACCTT-1,1
CATTCGCTCAACCAAC-1,3
CATTCGCTCAGAGGTG-1,2
CATTCGCTCAGTTTGG-1,5
CATTCGCTCGAACGGA-1,2
CATTCGCTCGCTTAGA-1,2
CATTCGCTCGGAGGTA-1,0
CATTCGCTCTCGCTTG-1,2
CATTCGCTCTTCTGGC-1,0
CCAATCCAGAAACCAT-1,2
CCAATCCAGACCACGA-1,0
CCAATCCAGCACCGTC-1,0
CCAATCCAGCAGCGTA-1,1
CCAATCCAGGACACCA-1,3
CCAATCCAGGCACATG-1,1
CCAATCCAGTGGAGAA-1,4
CCAATCCCACTGTGTA-1,6
CCAATCCGTCCCTTGT-1,1
CCAATCCGTCCTAGCG-1,0
CCAATCCGTCGACTGC-1,3
CCAATCCGTGATGTGG-1,4
CCAATCCGTGCTTCTC-1,3
CCAATCCGTTACCGAT-1,1
CCAATCCGTTCCCGAG-1,2
CCAATCCTCAACGAAA-1,2
CCAATCCTCACTATTC-1,1
CCAATCCTCAGGCGAA-1,0
CCAATCCTCATGGTCA-1,0
CCAATCCTCCGCATCT-1,0
CCACCTAAGACAAGCC-1,0
CCACCTAAGACAGACC-1,1
CCACCTAAGCTGAAAT-1,3
CCACCTAAGCTTATCG-1,2
CCACCTAAGGAGCGAG-1,1
CCACCTAAGGTGATTA-1,1
CCACCTAAGTATCGAA-1,2
CCACCTAAGTCCGTAT-1,0
CCACCTAAGTTAGGTA-1,0
CCACCTACAATGGTCT-1,7
CCACCTACAGGGATTG-1,0
CCACCTACAGTCGTGC-1,1
CCACCTACAGTTTACG-1,3
CCACCTAGTTAAGGGC-1,4
CCACCTAGTTCCCGAG-1,1
CCACCTATCCTGTACC-1,1
CCACGGAAGATAGCAT-1,0
CCACGGAAGCCGGTAA-1,2
CCACGGAAGGTGTTAA-1,1
CCACGGACACGGCCAT-1,0
CCACGGACACGTCAGC-1,1
CCACGGAGTAAATGTG-1,2
CCACGGAGTATAGGTA-1,0
CCACGGAGTCGCTTTC-1,1
CCACGGAGTCTCTTTA-1,2
CCACGGAGTTAGGGTG-1,7
CCACGGATCACCTTAT-1,1
CCACGGATCATAAAGG-1,6
CCACGGATCCTTTCGG-1,4
CCACGGATCGCAGGCT-1,0
CCACGGATCTCCAGGG-1,6
CCACGGATCTGGAGCC-1,0
CCACGGATCTTACCTA-1,3
CCACGGATCTTTAGTC-1,4
CCACTACAGCCCAACC-1,1
CCACTACAGCTACCTA-1,0
CCACTACAGGGTCTCC-1,0
CCACTACAGTGTGAAT-1,3
CCACTACCAATGGAAT-1,0
CCACTACCAGCTGTTA-1,0
CCACTACCAGTCCTTC-1,0
CCACTACCATTTCAGG-1,4
CCACTACGTCCAGTAT-1,0
CCACTACGTTCTGGTA-1,0
CCACTACTCCGTCAAA-1,3
CCACTACTCTTGACGA-1,1
CCAGCGAAGATGTTAG-1,1
CCAGCGAAGGGCTTGA-1,4
CCAGCGAAGTCACGCC-1,0
CCAGCGACAAAGTGCG-1,4
CCAGCGACAAGCGCTC-1,5
CCAGCGACAAGCGTAG-1,0
CCAGCGACACATGTGT-1,1
CCAGCGACAGTGGAGT-1,0
CCAGCGAGTATAGGGC-1,2
CCAGCGAGTCACCTAA-1,5
CCAGCGAGTCTAGGTT-1,4
CCAGCGAGTGATGTCT-1,0
CCAGCGAGTTGCTCCT-1,0
CCAGCGATCAACGGCC-1,0
CCAGCGATCCGAACGC-1,0
CCAGCGATCCGTTGCT-1,4
CCAGCGATCCTAGTGA-1,3
CCAGCGATCGAGGTAG-1,0
CCATGTCAGAGTCTGG-1,4
CCATGTCAGGCAGTCA-1,1
CCATGTCAGGCGTACA-1,4
CCATGTCCACCACCAG-1,0
CCATGTCCAGGCTCAC-1,5
CCATGTCCATGCCCGA-1,2
CCATGTCGTAGAAAGG-1,1
CCATGTCGTCAGAAGC-1,0
CCATGTCGTTCGGGCT-1,0
CCATGTCTCAACACTG-1,1
CCATGTCTCAATCTCT-1,0
CCATGTCTCCAAATGC-1,1
CCATTCGAGACAAAGG-1,1
CCATTCGAGATGCCAG-1,5
CCATTCGAGTAATCCC-1,3
CCATTCGCAACTGCTA-1,0
CCATTCGCACAGGAGT-1,3
CCATTCGCATACTACG-1,3
CCATTCGCATGTCGAT-1,1
CCATTCGGTGTGCGTC-1,7
CCATTCGTCATATCGG-1,0
CCATTCGTCCACTGGG-1,2
CCATTCGTCGCCCTTA-1,1
CCATTCGTCGCGGATC-1,2
CCATTCGTCTCAACTT-1,4
CCATTCGTCTCCAACC-1,0
CCCAATCAGAAGGTGA-1,4
CCCAATCAGACAGGCT-1,3
CCCAATCAGATCACGG-1,2
CCCAATCAGATCCCGC-1,1
CCCAATCAGCTTCGCG-1,5
CCCAATCCAAGAAGAG-1,2
CCCAATCCACCACGTG-1,3
CCCAATCCAGAGTGTG-1,0
CCCAATCCATCTCCCA-1,7
CCCAATCCATTTCACT-1,0
CCCAATCGTCACACGC-1,2
CCCAATCGTCAGAATA-1,1
CCCAATCGTGCTGTAT-1,0
CCCAATCGTTACCAGT-1,0
CCCAATCGTTGTACAC-1,1
CCCAATCTCAGTGTTG-1,4
CCCAATCTCGCGTTTC-1,2
CCCAGTTAGAAACCTA-1,4
CCCAGTTAGATGAGAG-1,0
CCCAGTTAGTGTCCAT-1,1
CCCAGTTCAAGAGGCT-1,2
CCCAGTTCAATAGCAA-1,2
CCCAGTTCACCATGTA-1,4
CCCAGTTCACGGATAG-1,1
CCCAGTTCAGGAATGC-1,0
CCCAGTTCAGGTGGAT-1,1
CCCAGTTGTACATGTC-1,3
CCCAGTTGTGTCGCTG-1,1
CCCAGTTGTTATGTGC-1,0
CCCAGTTGTTGTACAC-1,4
CCCAGTTTCAGCATGT-1,0
CCCAGTTTCCACGAAT-1,3
CCCAGTTTCCCTAACC-1,8
CCCAGTTTCCTCAACC-1,0
CCCATACAGCTTCGCG-1,0
CCCATACAGTCTTGCA-1,3
CCCATACAGTGGTAGC-1,1
CCCATACAGTTGAGTA-1,1
CCCATACCAAGCGATG-1,6
CCCATACCAAGGACTG-1,1
CCCATACCACCTGGTG-1,1
CCCATACCACGAGAGT-1,2
CCCATACCAGTTTACG-1,4
CCCATACGTAGGACAC-1,1
CCCATACGTCATACTG-1,5
CCCATACGTCCGTCAG-1,1
CCCATACGTGAGGGAG-1,3
CCCATACGTGTTCGAT-1,3
CCCATACGTTGTCTTT-1,1
CCCATACTCTGAAAGA-1,0
CCCTCCTAGAAGGGTA-1,0
CCCTCCTAGACAAAGG-1,5
CCCTCCTAGACCCACC-1,2
CCCTCCTAGACTGGGT-1,3
CCCTCCTAGAGTCGGT-1,4
CCCTCCTAGCACGCCT-1,0
CCCTCCTAGGCAGGTT-1,1
CCCTCCTAGGCGCTCT-1,3
CCCTCCTAGTCGCCGT-1,8
CCCTCCTCAAGAGTCG-1,3
CCCTCCTCAATCAGAA-1,0
CCCTCCTCAGATCCAT-1,2
CCCTCCTCAGGGTATG-1,8
CCCTCCTCAGTAACGG-1,0
CCCTCCTCATTTCAGG-1,2
CCCTCCTGTAATAGCA-1,2
CCCTCCTGTACCCAAT-1,1
CCCTCCTGTCAGTGGA-1,4
CCCTCCTGTGAGGGTT-1,0
CCCTCCTGTGCAGTAG-1,1
CCCTCCTGTGTGACCC-1,1
CCCTCCTTCAGTCAGT-1,1
CCCTCCTTCCAGATCA-1,3
CCCTCCTTCGCCTGAG-1,1
CCCTCCTTCGTCTGCT-1,0
CCCTCCTTCTCCCTGA-1,3
CCGGGATCAAACCCAT-1,1
CCGGGATCAAAGGAAG-1,3
CCGGGATCAGATAATG-1,0
CCGGGATCAGCGTCCA-1,0
CCGGGATCAGCTGCAC-1,0
CCGGGATCATAGGATA-1,0
CCGGGATCATCCGGGT-1,4
CCGGGATGTAAAGTCA-1,6
CCGGGATGTAAGGGAA-1,0
CCGGGATGTACCGTAT-1,0
CCGGGATGTACTCGCG-1,0
CCGGGATGTAGCTTGT-1,0
CCGGGATGTATTCGTG-1,1
CCGGGATGTCCGTTAA-1,0
CCGGGATGTGATGATA-1,2
CCGGGATGTTACTGAC-1,2
CCGGGATGTTCGTCTC-1,1
CCGGGATTCAACGAAA-1,2
CCGGGATTCATAGCAC-1,2
CCGGGATTCCCAGGTG-1,0
CCGGGATTCCGTAGGC-1,1
CCGGGATTCTCAACTT-1,1
CCGGTAGAGCCAGAAC-1,1
CCGGTAGAGCTCCTCT-1,2
CCGGTAGAGCTTATCG-1,0
CCGGTAGAGGCTAGAC-1,4
CCGGTAGAGTCCGTAT-1,3
CCGGTAGCAAACGCGA-1,0
CCGGTAGCAGACGCTC-1,0
CCGGTAGCAGTAGAGC-1,0
CCGGTAGCATATGAGA-1,4
CCGGTAGCATCGATGT-1,3
CCGGTAGCATTACCTT-1,8
CCGGTAGGTAACGTTC-1,2
CCGGTAGGTTGAGTTC-1,2
CCGGTAGTCAACACGT-1,0
CCGGTAGTCGAGCCCA-1,2
CCGGTAGTCGTCTGAA-1,2
CCGGTAGTCTCTTATG-1,1
CCGTACTAGAGACTTA-1,3
CCGTACTAGAGCTATA-1,0
CCGTACTAGCTACCTA-1,0
CCGTACTAGCTCTCGG-1,4
CCGTACTCAGACGCTC-1,0
CCGTACTCAGCCAATT-1,1
CCGTACTCAGTCAGCC-1,2
CCGTACTGTAAATACG-1,2
CCGTACTGTAACGTTC-1,0
CCGTACTGTACCGGCT-1,4
CCGTACTGTCGGGTCT-1,2
CCGTACTGTCTAAACC-1,7
CCGTACTGTTCCTCCA-1,5
CCGTACTGTTTGCATG-1,0
CCGTACTTCAGTTGAC-1,3
CCGTACTTCATAACCG-1,1
CCGTACTTCCTCATTA-1,4
CCGTACTTCGGTGTTA-1,4
CCGTACTTCTGTCCGT-1,3
CCGTGGAAGATCGGGT-1,4
CCGTGGAAGCAGCGTA-1,1
CCGTGGAAGCAGGCTA-1,4
CCGTGGACAACACCTA-1,1
CCGTGGACAATGTTGC-1,0
CCGTGGACACCCATGG-1,1
CCGTGGACAGATCTGT-1,0
CCGTGGACAGGATCGA-1,4
CCGTGGACAGTCAGCC-1,0
CCGTGGACAGTGACAG-1,4
CCGTGGACAGTTCATG-1,1
CCGTGGACATCCTTGC-1,1
CCGTGGAGTCATGCAT-1,0
CCGTGGAGTCTAGCGC-1,2
CCGTGGAGTTACGCGC-1,0
CCGTGGATCGTACCGG-1,4
CCGTTCAAGACTTGAA-1,3
CCGTTCAAGAGAACAG-1,3
CCGTTCAAGGCTCAGA-1,2
CCGTTCAAGGTAGCTG-1,8
CCGTTCAAGTCTCAAC-1,4
CCGTTCACAAGGCTCC-1,3
CCGTTCACACCCATGG-1,1
CCGTTCACAGTAACGG-1,4
CCGTTCACATGCCACG-1,3
CCGTTCACATGCCTAA-1,6
CCGTTCACATGGAATA-1,0
CCGTTCAGTCCTAGCG-1,0
CCGTTCAGTGAGGGAG-1,3
CCGTTCAGTGCACGAA-1,3
CCGTTCAGTGCGCTTG-1,2
CCGTTCAGTGCTCTTC-1,0
CCGTTCAGTTGGAGGT-1,0
CCGTTCATCACCACCT-1,3
CCGTTCATCACTCCTG-1,1
CCGTTCATCCACGCAG-1,1
CCGTTCATCCATGAAC-1,2
CCGTTCATCGGTCTAA-1,2
CCGTTCATCTTACCTA-1,0
CCGTTCATCTTCTGGC-1,3
CCTAAAGAGAATGTTG-1,4
CCTAAAGAGCACACAG-1,1
CCTAAAGAGCCAGTAG-1,0
CCTAAAGAGCTCCCAG-1,0
CCTAAAGAGGGTCGAT-1,0
CCTAAAGAGTAATCCC-1,0
CCTAAAGAGTGGTAAT-1,0
CCTAAAGCAAGTAGTA-1,4
CCTAAAGCACACAGAG-1,2
CCTAAAGCACCTGGTG-1,0
CCTAAAGCAGCATACT-1,5
CCTAAAGCAGCTCCGA-1,7
CCTAAAGCAGGTTTCA-1,7
CCTAAAGCAGTGACAG-1,0
CCTAAAGCATGAACCT-1,0
CCTAAAGCATTAGGCT-1,4
CCTAAAGCATTTCACT-1,3
CCTAAAGGTCAGAGGT-1,1
CCTAAAGTCGTTTGCC-1,4
CCTAAAGTCTCAAACG-1,3
CCTAAAGTCTGAGTGT-1,2
CCTACACAGAATTCCC-1,2
CCTACACAGATGTGTA-1,1
CCTACACAGCTACCGC-1,3
CCTACACCAAGCCGTC-1,3
CCTACACCACGCCAGT-1,0
CCTACACCAGCTCCGA-1,0
CCTACACCAGTTCCCT-1,3
CCTACACCATCTCCCA-1,2
CCTACACGTACCAGTT-1,0
CCTACACGTATCAGTC-1,4
CCTACACGTCTAAAGA-1,1
CCTACACGTTCGAATC-1,8
CCTACACTCAACGGCC-1,0
CCTACACTCGAATCCA-1,6
CCTACACTCGGCGGTT-1,3
CCTACCAAGACTCGGA-1,3
CCTACCAAGCCAGTTT-1,1
CCTACCAAGCGGCTTC-1,1
CCTACCAAGCTGGAAC-1,0
CCTACCAAGGCTCATT-1,1
CCTACCAAGGTGCACA-1,0
CCTACCACAAATACAG-1,3
CCTACCACAAGTAGTA-1,0
CCTACCACAGCTATTG-1,0
CCTACCACAGTAAGCG-1,1
CCTACCACATGAACCT-1,0
CCTACCACATTCACTT-1,3
CCTACCAGTAGCTGCC-1,0
CCTACCAGTATCGCAT-1,8
CCTACCAGTCCCTACT-1,1
CCTACCAGTCTAGAGG-1,0
CCTACCAGTCTGATTG-1,4
CCTACCAGTGGTCTCG-1,0
CCTACCAGTGTTTGGT-1,3
CCTACCAGTTTAAGCC-1,3
CCTACCATCCAAATGC-1,0
CCTACCATCCCATTTA-1,1
CCTACCATCCTCCTAG-1,3
CCTACCATCGGAATCT-1,3
CCTAGCTAGAGACGAA-1,4
CCTAGCTAGAGGTTAT-1,4
CCTAGCTAGATGCGAC-1,1
CCTAGCTAGCTTCGCG-1,2
CCTAGCTAGTGTACGG-1,1
CCTAGCTAGTTTGCGT-1,3
CCTAGCTCAATAACGA-1,0
CCTAGCTCAATCGGTT-1,5
CCTAGCTCACCTCGTT-1,1
CCTAGCTCATAGACTC-1,3
CCTAGCTCATGCGCAC-1,2
CCTAGCTGTGCACTTA-1,3
CCTAGCTGTGGTTTCA-1,1
CCTAGCTGTTAAGATG-1,4
CCTAGCTGTTGGAGGT-1,1
CCTAGCTGTTTGGCGC-1,2
CCTAGCTTCAAACCGT-1,0
CCTAGCTTCAGCACAT-1,3
CCTAGCTTCCCATTAT-1,7
CCTAGCTTCCGAACGC-1,1
CCTATTAAGTACTTGC-1,1
CCTATTAAGTCTCAAC-1,4
CCTATTACATCTACGA-1,0
CCTATTACATTGAGCT-1,4
CCTATTAGTAAATACG-1,1
CCTATTAGTGACAAAT-1,2
CCTATTAGTGTGGTTT-1,1
CCTATTATCACGCGGT-1,7
CCTATTATCGATGAGG-1,5
CCTATTATCGCGCCAA-1,0
CCTATTATCGTTGACA-1,3
CCTATTATCTGGCGTG-1,1
CCTATTATCTTACCGC-1,1
CCTCAGTAGGATGTAT-1,7
CCTCAGTAGGCTATCT-1,0
CCTCAGTAGGGAACGG-1,1
CCTCAGTAGTCCATAC-1,3
CCTCAGTCAAACGCGA-1,1
CCTCAGTCAACACCCG-1,0
CCTCAGTCAAGCCTAT-1,0
CCTCAGTCACCATCCT-1,3
CCTCAGTGTACATCCA-1,2
CCTCAGTGTAGAAAGG-1,0
CCTCAGTGTATCTGCA-1,0
CCTCAGTGTGCAGGTA-1,4
CCTCAGTTCCACGCAG-1,1
CCTCAGTTCGTTTATC-1,4
CCTCAGTTCTGACCTC-1,8
CCTCAGTTCTGAGGGA-1,0
CCTCAGTTCTTGTACT-1,0
CCTCTGAAGACCACGA-1,0
CCTCTGAAGCGTCAAG-1,0
CCTCTGACACATTCGA-1,3
CCTCTGACACCTTGTC-1,1
CCTCTGACAGCTTAAC-1,5
CCTCTGACAGGGTTAG-1,1
CCTCTGACATCGATGT-1,1
CCTCTGACATGGAATA-1,2
CCTCTGACATGGATGG-1,0
CCTCTGAGTCTTCGTC-1,1
CCTCTGAGTTGACGTT-1,1
CCTCTGATCAAGGCTT-1,5
CCTCTGATCTAAGCCA-1,0
CCTCTGATCTACCAGA-1,7
CCTTACGAGCAACGGT-1,2
CCTTACGAGTCTCAAC-1,1
CCTTACGAGTGTACTC-1,1
CCTTACGCAAGCGCTC-1,0
CCTTACGCACATTTCT-1,1
CCTTACGCACGTCAGC-1,4
CCTTACGCAGCGAACA-1,0
CCTTACGCATAGACTC-1,4
CCTTACGCATTGTGCA-1,4
CCTTACGGTACAAGTA-1,5
CCTTACGGTCAATACC-1,2
CCTTACGGTGTCTGAT-1,0
CCTTACGGTGTTAAGA-1,3
CCTTACGTCAATCTCT-1,2
CCTTACGTCAGCCTAA-1,1
CCTTACGTCATGCTCC-1,0
CCTTACGTCCCAAGAT-1,0
CCTTACGTCCTACAGA-1,1
CCTTACGTCGCTTGTC-1,1
CCTTACGTCGGAAACG-1,4
CCTTACGTCTCAAGTG-1,1
CCTTCCCAGAGTGAGA-1,1
CCTTCCCAGCTGAACG-1,2
CCTTCCCAGCTTATCG-1,0
CCTTCCCAGGCAATTA-1,2
CCTTCCCCAATAGCAA-1,6
CCTTCCCCAATGACCT-1,1
CCTTCCCCACAGATTC-1,1
CCTTCCCCATAGGATA-1,2
CCTTCCCGTACACCGC-1,1
CCTTCCCGTCGGCTCA-1,4
CCTTCCCGTTTACTCT-1,6
CCTTCCCTCACGAAGG-1,4
CCTTCCCTCAGCTTAG-1,0
CCTTCCCTCATCTGTT-1,5
CCTTCCCTCCTTTCTC-1,1
CCTTCGAAGACTAAGT-1,4
CCTTCGAAGAGCTGCA-1,2
CCTTCGAAGCTAACTC-1,1
CCTTCGAAGGCGTACA-1,3
CCTTCGAAGGTGCTTT-1,0
CCTTCGAAGTCCAGGA-1,3
CCTTCGAAGTGCTGCC-1,3
CCTTCGACAACAACCT-1,0
CCTTCGACACAGACAG-1,0
CCTTCGACATGTTCCC-1,1
CCTTCGAGTAAGTAGT-1,2
CCTTCGAGTCGAGATG-1,3
CCTTCGAGTCGAGTTT-1,0
CCTTCGAGTTCCCGAG-1,1
CCTTCGATCCAAGCCG-1,0
CCTTCGATCGGCGCTA-1,4
CCTTCGATCTTGTCAT-1,0
CCTTTCTAGCCAGTTT-1,3
CCTTTCTAGGCAAAGA-1,4
CCTTTCTAGTAGATGT-1,0
CCTTTCTAGTGTGAAT-1,6
CCTTTCTCACAGAGGT-1,5
CCTTTCTCACATAACC-1,0
CCTTTCTCACGTCAGC-1,3
CCTTTCTGTCTTTCAT-1,1
CCTTTCTGTGCGATAG-1,1
CCTTTCTGTGCGGTAA-1,5
CCTTTCTGTGTGAATA-1,6
CCTTTCTTCAATCTCT-1,1
CCTTTCTTCGCCTGTT-1,1
CCTTTCTTCGGTCCGA-1,1
CGAACATAGAAACCGC-1,0
CGAACATAGCCGATTT-1,6
CGAACATAGGCCCGTT-1,0
CGAACATAGGTAAACT-1,3
CGAACATAGTAGCCGA-1,3
CGAACATCAAACCCAT-1,0
CGAACATCAAGTAATG-1,0
CGAACATCAGATGGGT-1,0
CGAACATCATCATCCC-1,2
CGAACATCATCGATGT-1,1
CGAACATCATTCGACA-1,3
CGAACATGTAAGTTCC-1,2
CGAACATGTCAAAGAT-1,1
CGAACATGTCATCGGC-1,4
CGAACATGTCCAAGTT-1,3
CGAACATGTCTTGATG-1,7
CGAACATGTGCAGTAG-1,8
CGAACATGTGGCCCTA-1,1
CGAACATGTTAAGGGC-1,0
CGAACATTCAACACAC-1,2
CGAACATTCACATAGC-1,1
CGAACATTCCAAGCCG-1,0
CGAACATTCCCAAGTA-1,5
CGAACATTCCGATATG-1,0
CGAACATTCTTACCTA-1,2
CGAATGTAGACCTAGG-1,1
CGAATGTAGAGTCTGG-1,0
CGAATGTAGTCCATAC-1,0
CGAATGTCATTGCGGC-1,3
CGAATGTGTGAGGCTA-1,0
CGAATGTGTGCAGACA-1,1
CGAATGTGTTTCGCTC-1,3
CGAATGTGTTTGGGCC-1,0
CGAATGTTCAACGAAA-1,2
CGAATGTTCCGAGCCA-1,2
CGAATGTTCGTACGGC-1,1
CGAATGTTCTATCGCC-1,3
CGACCTTAGATCTGCT-1,0
CGACCTTAGCCTTGAT-1,3
CGACCTTCACGTTGGC-1,3
CGACCTTCAGCGATCC-1,2
CGACCTTCAGCTATTG-1,1
CGACCTTCATCCAACA-1,3
CGACCTTCATCCCATC-1,7
CGACCTTCATCTGGTA-1,0
CGACCTTCATGCAATC-1,4
CGACCTTCATTACGAC-1,3
CGACCTTGTACCGGCT-1,3
CGACCTTGTCAACATC-1,0
CGACCTTGTCCTCCAT-1,6
CGACCTTGTGGTGTAG-1,1
CGACCTTTCCACGTGG-1,0
CGACCTTTCCGCGCAA-1,0
CGACTTCAGAAGGCCT-1,0
CGACTTCAGACCCACC-1,0
CGACTTCAGTACGTAA-1,4
CGACTTCCAAAGCGGT-1,0
CGACTTCCACGACGAA-1,3
CGACTTCCACGGCTAC-1,0
CGACTTCCATACTCTT-1,2
CGACTTCCATCCGCGA-1,0
CGACTTCGTAGATTAG-1,0
CGACTTCGTATGAAAC-1,3
CGACTTCGTTCCACAA-1,7
CGACTTCTCAGGCAAG-1,0
CGACTTCTCAGGTTCA-1,0
CGACTTCTCGATCCCT-1,0
CGACTTCTCGGAAACG-1,2
CGACTTCTCGTGGTCG-1,4
CGAGAAGAGATATGGT-1,0
CGAGAAGAGCGGCTTC-1,0
CGAGAAGAGGTACTCT-1,2
CGAGAAGAGTACGCCC-1,3
CGAGAAGCAGTAAGCG-1,2
CGAGAAGCATCTGGTA-1,0
CGAGAAGGTAAGTAGT-1,3
CGAGAAGGTACCCAAT-1,2
CGAGAAGGTACCGTTA-1,1
CGAGAAGGTAGGACAC-1,4
CGAGAAGGTGTTTGGT-1,2
CGAGAAGGTTATCACG-1,3
CGAGAAGTCACGGTTA-1,5
CGAGAAGTCACTTCAT-1,5
CGAGAAGTCAGTGTTG-1,0
CGAGAAGTCATCTGTT-1,0
CGAGAAGTCTGACCTC-1,1
CGAGCACAGGCTCATT-1,1
CGAGCACAGTCGTTTG-1,5
CGAGCACCAACTTGAC-1,2
CGAGCACCAAGGACAC-1,8
CGAGCACCACGGTAAG-1,2
CGAGCACCAGATAATG-1,1
CGAGCACCAGTGACAG-1,1
CGAGCACGTAAGGATT-1,3
CGAGCACGTGCACCAC-1,2
CGAGCACGTGTAAGTA-1,3
CGAGCACTCAGCTCGG-1,4
CGAGCACTCGACCAGC-1,3
CGAGCACTCGCGATCG-1,7
CGAGCCAAGATAGTCA-1,2
CGAGCCAAGATGCGAC-1,1
CGAGCCAAGCCACGTC-1,0
CGAGCCAAGGAATTAC-1,1
CGAGCCAAGTGGACGT-1,0
CGAGCCACACCCTATC-1,2
CGAGCCACACGTGAGA-1,8
CGAGCCACAGGAACGT-1,2
CGAGCCACAGGTGGAT-1,1
CGAGCCACATGAACCT-1,2
CGAGCCACATGCCCGA-1,0
CGAGCCACATGTTGAC-1,0
CGAGCCAGTAAGTGGC-1,2
CGAGCCAGTAGCCTCG-1,3
CGAGCCAGTCCATCCT-1,1
CGAGCCAGTCCGAGTC-1,0
CGAGCCAGTGACGGTA-1,1
CGAGCCATCACGATGT-1,2
CGAGCCATCCATTCTA-1,0
CGAGCCATCCCTAACC-1,0
CGAGCCATCCCTGACT-1,3
CGAGCCATCCTTGACC-1,3
CGAGCCATCGCTTGTC-1,0
CGAGCCATCGGAGGTA-1,5
CGAGCCATCTCGAGTA-1,3
CGAGCCATCTGGAGCC-1,0
CGAGCCATCTTACCTA-1,0
CGATCGGAGTATCTCG-1,1
CGATCGGAGTCAAGCG-1,5
CGATCGGAGTCCAGGA-1,8
CGATCGGAGTGAACAT-1,1
CGATCGGCACAAGACG-1,2
CGATCGGCACACCGAC-1,1
CGATCGGCACACCGCA-1,8
CGATCGGCACATCCAA-1,2
CGATCGGCATTGGTAC-1,2
CGATCGGGTACCCAAT-1,1
CGATCGGGTACCGGCT-1,0
CGATCGGGTAGAGGAA-1,3
CGATCGGGTATAGGTA-1,1
CGATCGGGTCCAGTAT-1,1
CGATCGGGTCTAGCCG-1,1
CGATCGGGTGCGCTTG-1,4
CGATCGGGTTGCCTCT-1,6
CGATCGGTCAGTTTGG-1,1
CGATCGGTCATAAAGG-1,5
CGATCGGTCTCTGCTG-1,0
CGATGGCAGCACCGTC-1,0
CGATGGCAGGAATCGC-1,2
CGATGGCAGGTAGCCA-1,2
CGATGGCAGTGAACAT-1,5
CGATGGCAGTTGAGTA-1,4
CGATGGCCACAGACTT-1,2
CGATGGCCACATCCAA-1,5
CGATGGCCACGAAAGC-1,2
CGATGGCCAGGGAGAG-1,4
CGATGGCCATCACGAT-1,0
CGATGGCCATGGTTGT-1,4
CGATGGCGTAGCGATG-1,1
CGATGGCGTAGCGCTC-1,1
CGATGGCGTCGAACAG-1,4
CGATGGCTCAACACTG-1,1
CGATGGCTCACCAGGC-1,0
CGATGGCTCTTGACGA-1,4
CGATGTAAGAAACCAT-1,2
CGATGTAAGCTAGTGG-1,2
CGATGTAAGGGCTTCC-1,1
CGATGTACACTCAGGC-1,1
CGATGTAGTAGCTAAA-1,0
CGATGTAGTATCAGTC-1,3
CGATGTATCACCTTAT-1,1
CGATGTATCGTGGGAA-1,1
CGATGTATCTCAACTT-1,3
CGATTGAAGCGTAGTG-1,2
CGATTGAAGGTGTTAA-1,4
CGATTGAAGTTCGCAT-1,1
CGATTGACAAGCCGCT-1,1
CGATTGACAGAGTGTG-1,3
CGATTGACATAGAAAC-1,0
CGATTGAGTAAACCTC-1,2
CGATTGAGTACAGTGG-1,2
CGATTGAGTAGCGATG-1,1
CGATTGAGTCCGAATT-1,0
CGATTGAGTCTGCAAT-1,1
CGATTGAGTCTTTCAT-1,0
CGATTGAGTGACAAAT-1,2
CGATTGATCGTAGGAG-1,1
CGATTGATCGTGGACC-1,2
CGATTGATCTGTGCAA-1,1
CGCCAAGAGAAGAAGC-1,1
CGCCAAGAGCTAGTCT-1,2
CGCCAAGAGCTGAACG-1,4
CGCCAAGAGGCATGTG-1,3
CGCCAAGCACTCTGTC-1,4
CGCCAAGCATATGGTC-1,2
CGCCAAGCATCTCGCT-1,1
CGCCAAGCATGAAGTA-1,3
CGCCAAGCATTAGGCT-1,2
CGCCAAGGTAAAGGAG-1,0
CGCCAAGGTAGGAGTC-1,3
CGCCAAGGTTACGCGC-1,0
CGCCAAGTCACCCGAG-1,0
CGCCAAGTCAGCGATT-1,2
CGCCAAGTCCATGCTC-1,5
CGCCAAGTCCGAACGC-1,1
CGCCAAGTCGGTCTAA-1,2
CGCCAAGTCGTACCGG-1,0
CGCCAAGTCTACCAGA-1,1
CGCGGTAAGAAACCAT-1,0
CGCGGTAAGAGTACCG-1,2
CGCGGTAAGCAAATCA-1,8
CGCGGTAAGGTGCAAC-1,0
CGCGGTAAGTGCCATT-1,4
CGCGGTACAAGCCATT-1,0
CGCGGTACAAGCCGTC-1,4
CGCGGTACAGTACACT-1,3
CGCGGTAGTACTCGCG-1,1
CGCGGTAGTATCTGCA-1,3
CGCGGTAGTCAACTGT-1,4
CGCGGTAGTGGGTCAA-1,1
CGCGGTATCAGAAATG-1,0
CGCGGTATCGCCAAAT-1,0
CGCGGTATCGTAGGAG-1,0
CGCGGTATCTGCAAGT-1,6
CGCGGTATCTTTACAC-1,1
CGCGTTTAGACAGACC-1,1
CGCGTTTAGGACATTA-1,7
CGCGTTTAGGTGTTAA-1,3
CGCGTTTAGTTGAGTA-1,1
CGCGTTTCACAGTCGC-1,0
CGCGTTTCACGTCTCT-1,0
CGCGTTTCACTGTCGG-1,1
CGCGTTTCAGAAGCAC-1,0
CGCGTTTCAGCTTAAC-1,0
CGCGTTTCATAACCTG-1,0
CGCGTTTCATGTAAGA-1,2
CGCGTTTGTCAAACTC-1,3
CGCGTTTGTCACTTCC-1,3
CGCGTTTGTCGCTTCT-1,4
CGCGTTTGTCGGATCC-1,5
CGCGTTTGTCTGCCAG-1,0
CGCGTTTGTCTTGCGG-1,3
CGCGTTTGTGTCGCTG-1,4
CGCGTTTGTGTTCTTT-1,3
CGCGTTTGTTTAGCTG-1,4
CGCGTTTTCCGCGGTA-1,3
CGCGTTTTCGCTGATA-1,7
CGCGTTTTCGTGACAT-1,3
CGCTATCAGAATTCCC-1,4
CGCTATCAGCAGATCG-1,1
CGCTATCAGCGATATA-1,7
CGCTATCAGTACCGGA-1,2
CGCTATCCACTTAACG-1,0
CGCTATCCAGGCTCAC-1,0
CGCTATCCAGTGGAGT-1,0
CGCTATCCATCGGGTC-1,3
CGCTATCCATGCTGGC-1,0
CGCTATCGTATTCGTG-1,4
CGCTATCGTCAGAGGT-1,2
CGCTATCGTGAGGGTT-1,5
CGCTATCGTTTGTTGG-1,4
CGCTATCTCTAGCACA-1,4
CGCTATCTCTGGAGCC-1,5
CGCTATCTCTGTCCGT-1,5
CGCTGGAAGCGAAGGG-1,1
CGCTGGAAGCTAGCCC-1,1
CGCTGGAAGGACAGCT-1,4
CGCTGGAAGGCTACGA-1,1
CGCTGGACACAGCCCA-1,4
CGCTGGACACATAACC-1,3
CGCTGGACAGTCGTGC-1,1
CGCTGGACATATGGTC-1,2
CGCTGGATCGTCTGAA-1,3
CGCTGGATCTCTTGAT-1,0
CGCTGGATCTTGCATT-1,0
CGCTTCAAGTGACATA-1,0
CGCTTCAAGTTCGATC-1,1
CGCTTCACAATCGGTT-1,1
CGCTTCACAGGTCCAC-1,3
CGCTTCACATAGGATA-1,3
CGCTTCACATGAGCGA-1,1
CGCTTCAGTAGCGTGA-1,3
CGCTTCAGTCCGCTGA-1,2
CGCTTCAGTGCGCTTG-1,1
CGCTTCAGTTCCACTC-1,1
CGCTTCATCCGGCACA-1,1
CGCTTCATCGCATGAT-1,3
CGCTTCATCTTGTACT-1,3
CGGACACAGAACTGTA-1,2
CGGACACAGAATAGGG-1,6
CGGACACAGATACACA-1,3
CGGACACAGTACGTTC-1,3
CGGACACAGTCCGTAT-1,4
CGGACACCAAATTGCC-1,3
CGGACACCAGGTGGAT-1,0
CGGACACGTAGAAAGG-1,0
CGGACACGTCGAAAGC-1,0
CGGACACGTGTTTGGT-1,4
CGGACACTCAGCTGGC-1,1
CGGACACTCCCTCAGT-1,3
CGGACACTCGCCCTTA-1,3
CGGACACTCTTACCGC-1,1
CGGACGTAGACAAAGG-1,0
CGGACGTAGACACTAA-1,1
CGGACGTAGCGTCTAT-1,3
CGGACGTAGTAACCCT-1,0
CGGACGTAGTGGGCTA-1,6
CGGACGTCAAATTGCC-1,3
CGGACGTCACAACGTT-1,4
CGGACGTCACATTCGA-1,3
CGGACGTCACCGATAT-1,0
CGGACGTCACCTGGTG-1,8
CGGACGTCACGGACAA-1,0
CGGACGTCATCTCCCA-1,0
CGGACGTCATGAAGTA-1,4
CGGACGTGTACCATCA-1,3
CGGACGTGTCACCCAG-1,0
CGGACGTGTGCTTCTC-1,0
CGGACGTGTGGGTATG-1,1
CGGACGTGTGTCAATC-1,0
CGGACGTTCACAATGC-1,2
CGGACGTTCACATGCA-1,3
CGGACGTTCCATGAGT-1,1
CGGACGTTCCTCATTA-1,4
CGGACGTTCGCGGATC-1,3
CGGACGTTCTTCATGT-1,6
CGGACTGAGCGATTCT-1,3
CGGACTGAGTACTTGC-1,3
CGGACTGAGTCGCCGT-1,0
CGGACTGCAACTGGCC-1,4
CGGACTGCAAGAGTCG-1,1
CGGACTGCACACGCTG-1,1
CGGACTGGTAAGGGAA-1,0
CGGACTGTCAACGCTA-1,0
CGGAGCTAGAATTCCC-1,2
CGGAGCTAGAGACTTA-1,4
CGGAGCTAGATGTGTA-1,0
CGGAGCTAGCCCAGCT-1,1
CGGAGCTCAAACCCAT-1,5
CGGAGCTGTAACGCGA-1,0
CGGAGCTGTAATTGGA-1,3
CGGAGCTGTAGCGATG-1,2
CGGAGCTGTATATGGA-1,2
CGGAGCTGTCTCAACA-1,2
CGGAGCTGTGCAACGA-1,0
CGGAGCTGTGGACGAT-1,8
CGGAGCTGTTACCAGT-1,2
CGGAGCTGTTATGTGC-1,0
CGGAGCTTCAGTGTTG-1,4
CGGAGTCAGCTGAAAT-1,0
CGGAGTCAGGGAACGG-1,4
CGGAGTCCAAGCCGCT-1,2
CGGAGTCCACGAAATA-1,0
CGGAGTCCAGCGTCCA-1,0
CGGAGTCCAGGAATGC-1,0
CGGAGTCCATCCCATC-1,4
CGGAGTCGTAATCACC-1,1
CGGAGTCGTGTGTGCC-1,1
CGGAGTCTCAGATAAG-1,7
CGGAGTCTCATGCATG-1,3
CGGAGTCTCCAAACAC-1,1
CGGAGTCTCGCAAACT-1,0
CGGAGTCTCGGTTAAC-1,1
CGGAGTCTCTTCGGTC-1,0
CGGCTAGAGACGCAAC-1,2
CGGCTAGAGCAATATG-1,2
CGGCTAGAGGGTATCG-1,3
CGGCTAGAGTGATCGG-1,2
CGGCTAGAGTGTTGAA-1,0
CGGCTAGCACCATCCT-1,4
CGGCTAGCAGCATGAG-1,6
CGGCTAGCATCGACGC-1,3
CGGCTAGCATCGGGTC-1,0
CGGCTAGCATTAGGCT-1,1
CGGCTAGGTACGCTGC-1,2
CGGCTAGGTCAGATAA-1,1
CGGCTAGGTCCCTACT-1,5
CGGCTAGGTCGAGTTT-1,8
CGGCTAGGTGATGATA-1,0
CGGCTAGGTTAAAGAC-1,6
CGGCTAGGTTGGGACA-1,0
CGGCTAGTCACAACGT-1,1
CGGCTAGTCACCTCGT-1,0
CGGCTAGTCTATCGCC-1,0
CGGCTAGTCTCAACTT-1,0
CGGGTCAAGAGAGCTC-1,2
CGGGTCAAGATAGGAG-1,1
CGGGTCAAGATGGCGT-1,1
CGGGTCAAGCTAACAA-1,0
CGGGTCAAGGCACATG-1,0
CGGGTCAAGGGTCGAT-1,3
CGGGTCAAGGGTCTCC-1,0
CGGGTCAAGTATCGAA-1,2
CGGGTCAAGTATCTCG-1,2
CGGGTCAAGTGTACGG-1,0
CGGGTCACAATTCCTT-1,4
CGGGTCACATTGGGCC-1,1
CGGGTCAGTCACTGGC-1,0
CGGGTCAGTCTCTTAT-1,3
CGGGTCAGTCTGATCA-1,4
CGGGTCAGTTCATGGT-1,2
CGGGTCATCATCACCC-1,4
CGGTTAAAGAGTAAGG-1,0
CGGTTAAAGCGATTCT-1,2
CGGTTAAAGCTACCTA-1,0
CGGTTAAAGTAAGTAC-1,2
CGGTTAACAAGTCTAC-1,3
CGGTTAACAATGAATG-1,1
CGGTTAACATCCGGGT-1,1
CGGTTAAGTACTCGCG-1,1
CGGTTAAGTAGTGAAT-1,3
CGGTTAAGTGCAGTAG-1,1
CGGTTAAGTGGTCCGT-1,0
CGGTTAAGTTTGGGCC-1,1
CGGTTAATCAGAAATG-1,1
CGGTTAATCAGCACAT-1,0
CGGTTAATCCAAACAC-1,0
CGGTTAATCCATGAGT-1,8
CGGTTAATCCCTAATT-1,4
CGGTTAATCCGTAGGC-1,1
CGGTTAATCGAGCCCA-1,2
CGGTTAATCGCGTTTC-1,1
CGTAGCGAGAAACGCC-1,0
CGTAGCGAGAACAACT-1,1
CGTAGCGAGCACGCCT-1,0
CGTAGCGAGCGATAGC-1,3
CGTAGCGAGGACAGCT-1,0
CGTAGCGAGGGATACC-1,3
CGTAGCGAGTATCTCG-1,4
CGTAGCGCAGGCTCAC-1,2
CGTAGCGCAGTACACT-1,1
CGTAGCGGTCCGAGTC-1,1
CGTAGCGGTCGAGATG-1,0
CGTAGCGTCAGAGGTG-1,0
CGTAGCGTCATGTGGT-1,5
CGTAGCGTCATTTGGG-1,3
CGTAGCGTCGTAGGTT-1,4
CGTAGGCAGCCACGTC-1,0
CGTAGGCAGCTCCCAG-1,0
CGTAGGCAGTATCGAA-1,1
CGTAGGCAGTCTCAAC-1,3
CGTAGGCAGTGTGAAT-1,4
CGTAGGCCACAGGTTT-1,1
CGTAGGCCACCAACCG-1,3
CGTAGGCCACGAAATA-1,6
CGTAGGCCAGGACCCT-1,4
CGTAGGCCAGTAAGCG-1,1
CGTAGGCCATAGAAAC-1,6
CGTAGGCCATATACGC-1,3
CGTAGGCGTACGACCC-1,1
CGTAGGCGTCAGGACA-1,8
CGTAGGCGTCCGTGAC-1,3
CGTAGGCGTCGGCACT-1,4
CGTAGGCTCGTTACGA-1,4
CGTCACTAGCACGCCT-1,1
CGTCACTAGGAGTAGA-1,2
CGTCACTAGTGAACGC-1,0
CGTCACTCAAACAACA-1,4
CGTCACTCACTGTGTA-1,5
CGTCACTCAGCTTCGG-1,2
CGTCACTGTAAAGTCA-1,0
CGTCACTGTCCAGTAT-1,1
CGTCACTGTCGCTTCT-1,0
CGTCACTGTGATAAGT-1,3
CGTCACTGTGGCGAAT-1,2
CGTCACTTCACCTTAT-1,5
CGTCACTTCGGAATCT-1,4
CGTCACTTCGGTTCGG-1,2
CGTCACTTCTCCAACC-1,0
CGTCACTTCTCGATGA-1,6
CGTCACTTCTCTGTCG-1,0
CGTCAGGAGCAGCCTC-1,1
CGTCAGGAGCCACGCT-1,0
CGTCAGGAGGACAGCT-1,2
CGTCAGGAGTCTTGCA-1,5
CGTCAGGAGTGGGTTG-1,7
CGTCAGGCAAGGCTCC-1,0
CGTCAGGCAATAGCGG-1,0
CGTCAGGCACCCAGTG-1,3
CGTCAGGCACCTTGTC-1,0
CGTCAGGCACGGCCAT-1,0
CGTCAGGCACTGTCGG-1,3
CGTCAGGGTCATGCCG-1,3
CGTCAGGGTCTCTTTA-1,3
CGTCAGGTCTATGTGG-1,4
CGTCCATAGAAACGCC-1,0
CGTCCATAGATGCCTT-1,0
CGTCCATAGCTTTGGT-1,0
CGTCCATAGTAGCCGA-1,0
CGTCCATAGTTTGCGT-1,3
CGTCCATGTAGCTCCG-1,0
CGTCCATGTCTTCGTC-1,0
CGTCCATGTGACAAAT-1,4
CGTCCATGTGCAACGA-1,0
CGTCCATGTTGGTTTG-1,0
CGTCCATTCAGGTTCA-1,3
CGTCCATTCCAACCAA-1,1
CGTCCATTCCACTGGG-1,5
CGTCCATTCGGTGTTA-1,3
CGTCCATTCTAACTCT-1,1
CGTCCATTCTGCTTGC-1,2
CGTCTACAGAGACGAA-1,4
CGTCTACAGCTCAACT-1,0
CGTCTACAGGATGTAT-1,0
CGTCTACAGTGCCATT-1,7
CGTCTACAGTTACCCA-1,1
CGTCTACCAAAGCAAT-1,1
CGTCTACCAAGGACTG-1,0
CGTCTACCAGGTGCCT-1,1
CGTCTACGTAATTGGA-1,0
CGTCTACGTGATAAAC-1,0
CGTCTACGTTAGTGGG-1,4
CGTCTACTCCTATTCA-1,4
CGTCTACTCGCGTAGC-1,2
CGTCTACTCTACTTAC-1,0
CGTGAGCAGAGGTTAT-1,0
CGTGAGCAGCCGGTAA-1,2
CGTGAGCAGGAATTAC-1,0
CGTGAGCCACGCCAGT-1,2
CGTGAGCCATCACGAT-1,6
CGTGAGCGTATGGTTC-1,1
CGTGAGCGTCTCCACT-1,0
CGTGAGCTCAGTTCGA-1,0
CGTGAGCTCATCTGCC-1,0
CGTGAGCTCCAAACAC-1,4
CGTGAGCTCCAATGGT-1,0
CGTGAGCTCCACGTGG-1,0
CGTGAGCTCGCATGGC-1,6
CGTGAGCTCGCTTGTC-1,0
CGTGAGCTCTATCGCC-1,5
CGTGAGCTCTCTAAGG-1,0
CGTGTAAAGACTACAA-1,3
CGTGTAAAGCAGGTCA-1,2
CGTGTAAAGCGATCCC-1,1
CGTGTAAAGGCAGGTT-1,1
CGTGTAACAACTGCTA-1,6
CGTGTAACAATGAATG-1,2
CGTGTAACACAGGAGT-1,2
CGTGTAACACCTGGTG-1,0
CGTGTAACACCTTGTC-1,1
CGTGTAACATCTATGG-1,3
CGTGTAACATGGTAGG-1,6
CGTGTAAGTAAACGCG-1,6
CGTGTAAGTAGCAAAT-1,1
CGTGTAAGTAGCCTAT-1,0
CGTGTAAGTATAATGG-1,5
CGTGTAAGTGATAAAC-1,0
CGTGTAAGTGCCTGCA-1,0
CGTGTAAGTGCTGTAT-1,3
CGTGTAAGTTCACGGC-1,4
CGTGTAATCAGATAAG-1,0
CGTGTAATCCAAAGTC-1,5
CGTGTAATCGGGAGTA-1,0
CGTGTCTAGCGTGAGT-1,0
CGTGTCTAGTAGTGCG-1,3
CGTGTCTCAAAGGAAG-1,2
CGTGTCTCAAGTTGTC-1,1
CGTGTCTCACATAACC-1,0
CGTGTCTCACCGAAAG-1,2
CGTGTCTCAGCGATCC-1,2
CGTGTCTCATGGTAGG-1,1
CGTGTCTGTAAGAGAG-1,1
CGTGTCTGTATTCTCT-1,4
CGTGTCTGTCCGAGTC-1,5
CGTGTCTGTTCATGGT-1,1
CGTGTCTGTTGCCTCT-1,4
CGTGTCTGTTTGTTGG-1,1
CGTGTCTTCATCGATG-1,2
CGTGTCTTCCTTAATC-1,0
CGTGTCTTCTACGAGT-1,0
CGTTAGAAGATAGGAG-1,4
CGTTAGAAGCTGGAAC-1,0
CGTTAGACAACACGCC-1,0
CGTTAGACACTCGACG-1,0
CGTTAGACAGGCAGTA-1,1
CGTTAGACAGGGCATA-1,3
CGTTAGACATCTCCCA-1,1
CGTTAGACATGTCGAT-1,1
CGTTAGACATTCTCAT-1,2
CGTTAGAGTACTTAGC-1,0
CGTTAGAGTGACGCCT-1,4
CGTTAGATCATGCTCC-1,0
CGTTCTGAGAGCCCAA-1,4
CGTTCTGAGGGTCGAT-1,1
CGTTCTGAGTAGCGGT-1,3
CGTTCTGAGTATCGAA-1,4
CGTTCTGAGTCCGTAT-1,0
CGTTCTGCAAGTTCTG-1,5
CGTTCTGCAGACAGGT-1,0
CGTTCTGCAGTAGAGC-1,0
CGTTCTGGTACAGTGG-1,2
CGTTCTGGTCACCTAA-1,1
CGTTCTGGTCGTTGTA-1,2
CGTTCTGGTCTGGTCG-1,3
CGTTCTGGTTGCTCCT-1,2
CGTTCTGTCACAAACC-1,3
CGTTCTGTCACCGGGT-1,1
CGTTCTGTCACGACTA-1,0
CGTTCTGTCAGGCGAA-1,4
CGTTCTGTCCTGTACC-1,3
CGTTCTGTCGCCCTTA-1,0
CGTTGGGAGAAACCTA-1,3
CGTTGGGAGAACAATC-1,4
CGTTGGGAGAAGGTGA-1,4
CGTTGGGAGAGCCTAG-1,1
CGTTGGGAGCTCTCGG-1,2
CGTTGGGAGGTGATTA-1,5
CGTTGGGCAACACGCC-1,2
CGTTGGGCAATGGAAT-1,2
CGTTGGGCACGTGAGA-1,7
CGTTGGGCAGGCTGAA-1,3
CGTTGGGCATCCGTGG-1,3
CGTTGGGCATTTCACT-1,3
CGTTGGGGTGAGGCTA-1,0
CGTTGGGGTGAGGGTT-1,7
CGTTGGGGTGTAAGTA-1,0
CGTTGGGGTTCAGTAC-1,2
CGTTGGGGTTCCGTCT-1,0
CGTTGGGTCAAACAAG-1,1
CGTTGGGTCCAGGGCT-1,1
CGTTGGGTCCGGCACA-1,1
CGTTGGGTCTGAGTGT-1,0
CTAACTTAGACTTTCG-1,5
CTAACTTAGAGAGCTC-1,6
CTAACTTAGATAGGAG-1,3
CTAACTTAGCCCGAAA-1,8
CTAACTTAGCTTATCG-1,7
CTAACTTAGGTGATAT-1,4
CTAACTTAGTCATCCA-1,0
CTAACTTAGTCCCACG-1,0
CTAACTTAGTGTACGG-1,4
CTAACTTCAGATGAGC-1,2
CTAACTTCAGTCGTGC-1,4
CTAACTTCATGAAGTA-1,2
CTAACTTGTCAACTGT-1,0
CTAACTTGTCTCGTTC-1,7
CTAACTTTCCTCCTAG-1,0
CTAACTTTCCTTGGTC-1,0
CTAACTTTCGAGGTAG-1,1
CTAACTTTCTCGTATT-1,1
CTAACTTTCTGATTCT-1,3
CTAACTTTCTTCGAGA-1,4
CTAAGACAGATATGCA-1,4
CTAAGACAGCAGCGTA-1,5
CTAAGACAGCTGCCCA-1,0
CTAAGACAGGGTATCG-1,1
CTAAGACCAACACGCC-1,1
CTAAGACCAATCGAAA-1,1
CTAAGACCAGTCTTCC-1,0
CTAAGACCAGTTCCCT-1,4
CTAAGACCATTAGCCA-1,1
CTAAGACGTCGACTGC-1,6
CTAAGACGTCGAGATG-1,2
CTAAGACGTTAGTGGG-1,1
CTAAGACTCACGCGGT-1,6
CTAAGACTCCACGTTC-1,3
CTAAGACTCCGTAGGC-1,1
CTAAGACTCGCCCTTA-1,1
CTAAGACTCTGTCTAT-1,4
CTAATGGAGGTCGGAT-1,4
CTAATGGAGTACGTTC-1,2
CTAATGGAGTCGTTTG-1,5
CTAATGGAGTTCGCAT-1,4
CTAATGGCAAGCGATG-1,0
CTAATGGCAATGAAAC-1,2
CTAATGGCACCATCCT-1,0
CTAATGGCACGACTCG-1,2
CTAATGGCAGATTGCT-1,7
CTAATGGCAGCCAATT-1,0
CTAATGGCATTGAGCT-1,1
CTAATGGGTACCGGCT-1,0
CTAATGGGTCCGTTAA-1,5
CTAATGGGTCGCCATG-1,1
CTAATGGGTGGGTCAA-1,0
CTAATGGGTTACGTCA-1,3
CTAATGGGTTCAGGCC-1,0
CTAATGGTCCAAACAC-1,4
CTAATGGTCGACAGCC-1,2
CTACACCAGAGCTGCA-1,2
CTACACCAGCACCGCT-1,3
CTACACCAGCCAGAAC-1,0
CTACACCAGGCAATTA-1,7
CTACACCCAATGTTGC-1,0
CTACACCCACAGCGTC-1,1
CTACACCCAGCGTTCG-1,3
CTACACCCATTCCTGC-1,0
CTACACCCATTGTGCA-1,3
CTACACCGTAGGACAC-1,3
CTACACCGTCAGAGGT-1,3
CTACACCGTCGTCTTC-1,0
CTACACCGTCTAAACC-1,3
CTACACCGTGATAAAC-1,0
CTACACCGTGTGCGTC-1,2
CTACACCTCAGCTTAG-1,3
CTACACCTCCCATTTA-1,4
CTACACCTCTGTCAAG-1,1
CTACACCTCTTATCTG-1,2
CTACACCTCTTGACGA-1,4
CTACATTAGAATAGGG-1,0
CTACATTAGACTAAGT-1,1
CTACATTAGAGCTTCT-1,0
CTACATTAGCCCGAAA-1,2
CTACATTAGCGTGAGT-1,0
CTACATTAGGCTAGGT-1,0
CTACATTAGTTATCGC-1,0
CTACATTCAAGACGTG-1,1
CTACATTCAAGAGGCT-1,1
CTACATTCACCCAGTG-1,2
CTACATTCAGACACTT-1,4
CTACATTGTAAGTGGC-1,1
CTACATTGTAATAGCA-1,2
CTACATTGTAGAGGAA-1,0
CTACATTGTATTAGCC-1,0
CTACATTGTCTACCTC-1,3
CTACATTGTCTAGAGG-1,2
CTACATTGTGTTTGGT-1,3
CTACATTGTTACGCGC-1,2
CTACATTGTTCGGCAC-1,2
CTACATTTCACTCTTA-1,3
CTACATTTCGTGGGAA-1,2
CTACATTTCTGGCGAC-1,0
CTACCCAAGAAACCTA-1,3
CTACCCAAGACGCACA-1,0
CTACCCAAGAGCTTCT-1,4
CTACCCAAGATGGCGT-1,4
CTACCCAAGCCAGTAG-1,2
CTACCCAAGCGACGTA-1,0
CTACCCAAGTGAACAT-1,7
CTACCCACAACTGCTA-1,7
CTACCCACAAGTACCT-1,0
CTACCCACACCCATGG-1,1
CTACCCACAGTGACAG-1,1
CTACCCAGTAATCACC-1,0
CTACCCAGTCAGGACA-1,3
CTACCCAGTGCAGACA-1,0
CTACCCAGTGGCCCTA-1,4
CTACCCAGTTTAGGAA-1,2
CTACCCATCCGAATGT-1,1
CTACCCATCGATAGAA-1,1
CTACCCATCGGCTACG-1,1
CTACCCATCTGATTCT-1,1
CTACGTCAGGCTAGGT-1,0
CTACGTCAGTAGCCGA-1,3
CTACGTCAGTATGACA-1,4
CTACGTCCAATGACCT-1,0
CTACGTCCACGACTCG-1,6
CTACGTCCATGCAATC-1,5
CTACGTCCATGTAAGA-1,0
CTACGTCGTACCAGTT-1,0
CTACGTCGTCGGCACT-1,0
CTACGTCGTGAGGGAG-1,1
CTACGTCGTTAAGACA-1,0
CTACGTCGTTGTCGCG-1,5
CTACGTCGTTTGGGCC-1,3
CTACGTCTCAACACTG-1,0
CTACGTCTCCCAACGG-1,3
CTAGAGTAGACGCACA-1,4
CTAGAGTAGCCAGGAT-1,1
CTAGAGTAGGTTCCTA-1,0
CTAGAGTAGTAGGTGC-1,4
CTAGAGTCAACTGGCC-1,0
CTAGAGTCAAGCGATG-1,0
CTAGAGTCAAGCGCTC-1,0
CTAGAGTCAAGCTGTT-1,0
CTAGAGTCAAGTACCT-1,0
CTAGAGTCAATGGTCT-1,3
CTAGAGTCACGTAAGG-1,0
CTAGAGTCACTTCGAA-1,0
CTAGAGTGTCATGCAT-1,2
CTAGAGTGTCTAGCCG-1,0
CTAGAGTGTGTTGGGA-1,4
CTAGAGTTCATCATTC-1,1
CTAGAGTTCCGTTGTC-1,4
CTAGAGTTCCTAGTGA-1,0
CTAGCCTAGAGTAAGG-1,2
CTAGCCTAGCGATATA-1,2
CTAGCCTAGCTTCGCG-1,2
CTAGCCTAGTACACCT-1,5
CTAGCCTCACCGATAT-1,0
CTAGCCTCAGAAGCAC-1,1
CTAGCCTGTCAAACTC-1,0
CTAGCCTGTCATATGC-1,8
CTAGCCTGTCTCGTTC-1,1
CTAGCCTTCACAAACC-1,0
CTAGCCTTCACTTCAT-1,4
CTAGCCTTCCAAAGTC-1,1
CTAGCCTTCCTTCAAT-1,1
CTAGCCTTCGATCCCT-1,2
CTAGCCTTCGCGCCAA-1,0
CTAGCCTTCGGTCTAA-1,0
CTAGCCTTCGGTTCGG-1,3
CTAGCCTTCGTGGTCG-1,4
CTAGTGAAGTGTCCAT-1,1
CTAGTGACAAACCTAC-1,6
CTAGTGACACGAAGCA-1,2
CTAGTGACAGTAAGCG-1,3
CTAGTGACAGTCTTCC-1,1
CTAGTGAGTAAGCACG-1,0
CTAGTGAGTCAGTGGA-1,0
CTAGTGAGTTGTCGCG-1,0
CTAGTGATCTCGAGTA-1,3
CTAGTGATCTTGTACT-1,0
CTCACACAGATGTCGG-1,0
CTCACACAGTACATGA-1,1
CTCACACAGTGTCCCG-1,4
CTCACACAGTGTGAAT-1,0
CTCACACAGTTGAGAT-1,0
CTCACACCAAAGAATC-1,0
CTCACACCAAGGTGTG-1,1
CTCACACCACAAGCCC-1,0
CTCACACCACTGTCGG-1,1
CTCACACCAGCTCCGA-1,1
CTCACACCATGTCTCC-1,0
CTCACACGTACTTAGC-1,8
CTCACACGTGGCTCCA-1,0
CTCACACGTGGTCCGT-1,0
CTCACACGTTGTTTGG-1,4
CTCACACTCCACGAAT-1,0
CTCACACTCGAATGCT-1,0
CTCACACTCGCGATCG-1,0
CTCACACTCTAGAGTC-1,4
CTCACACTCTGGTTCC-1,7
CTCAGAAAGACAATAC-1,3
CTCAGAAAGCCACTAT-1,0
CTCAGAAAGGTGCACA-1,2
CTCAGAAAGTCATGCT-1,2
CTCAGAAAGTCTTGCA-1,1
CTCAGAACAAATACAG-1,2
CTCAGAACACGAAAGC-1,0
CTCAGAACAGCGTAAG-1,1
CTCAGAAGTACTCGCG-1,0
CTCAGAAGTGTTCGAT-1,1
CTCAGAATCCGTTGTC-1,2
CTCAGAATCCTAGGGC-1,0
CTCATTAAGTCTTGCA-1,7
CTCATTAAGTGGAGAA-1,1
CTCATTAAGTTACCCA-1,4
CTCATTAAGTTCGATC-1,0
CTCATTACAAATTGCC-1,0
CTCATTACAAGTAATG-1,1
CTCATTACAATCCAAC-1,0
CTCATTACACCTGGTG-1,4
CTCATTACACGGCTAC-1,2
CTCATTACACGTGAGA-1,7
CTCATTACAGCTCGCA-1,1
CTCATTACAGCTGTGC-1,2
CTCATTACATATGAGA-1,0
CTCATTACATGCCTTC-1,3
CTCATTACATTCACTT-1,1
CTCATTAGTAGGACAC-1,0
CTCATTAGTCGGCTCA-1,3
CTCATTAGTTCAGGCC-1,0
CTCATTATCTTCGGTC-1,2
CTCCTAGAGGAATCGC-1,0
CTCCTAGAGGACATTA-1,4
CTCCTAGAGTAAGTAC-1,3
CTCCTAGAGTGGTAGC-1,2
CTCCTAGCATAAGACA-1,3
CTCCTAGGTCCGAAGA-1,3
CTCCTAGGTCTCCATC-1,4
CTCCTAGGTGAGTGAC-1,7
CTCCTAGTCAATACCG-1,1
CTCCTAGTCATGTAGC-1,1
CTCCTAGTCGAGAGCA-1,0
CTCCTAGTCGTGGTCG-1,1
CTCCTAGTCTAACTGG-1,3
CTCGAAAAGACTAGGC-1,8
CTCGAAAAGCAGGTCA-1,1
CTCGAAAAGGCCCGTT-1,3
CTCGAAACACTGTGTA-1,2
CTCGAAACAGTAACGG-1,1
CTCGAAACATGTCTCC-1,1
CTCGAAAGTACAGTTC-1,0
CTCGAAAGTACTCTCC-1,3
CTCGAAAGTAGAGCTG-1,2
CTCGAAAGTCTCCATC-1,1
CTCGAAAGTGCTTCTC-1,2
CTCGAAAGTGGCTCCA-1,2
CTCGAAAGTTGGAGGT-1,2
CTCGAAAGTTTCCACC-1,4
CTCGAAATCAGTACGT-1,2
CTCGAAATCGTTGCCT-1,0
CTCGAAATCGTTTGCC-1,1
CTCGAAATCTCGCATC-1,0
CTCGAGGAGAGGTTGC-1,2
CTCGAGGAGCTACCTA-1,0
CTCGAGGAGTGTCTCA-1,2
CTCGAGGCACTGTCGG-1,1
CTCGAGGGTAAACCTC-1,1
CTCGAGGGTCTTGATG-1,1
CTCGAGGGTGCTCTTC-1,4
CTCGAGGGTTGAGTTC-1,6
CTCGAGGTCCTCCTAG-1,0
CTCGAGGTCCTGTACC-1,2
CTCGAGGTCGCCAGCA-1,3
CTCGAGGTCGTTACAG-1,4
CTCGAGGTCTCTTATG-1,0
CTCGGAGAGACAAAGG-1,1
CTCGGAGAGGACATTA-1,0
CTCGGAGAGGGCTCTC-1,0
CTCGGAGAGTAGCCGA-1,0
CTCGGAGCAACTTGAC-1,0
CTCGGAGCACCACGTG-1,3
CTCGGAGCAGGCTCAC-1,0
CTCGGAGCAGTTCATG-1,0
CTCGGAGGTAACGCGA-1,3
CTCGGAGGTCAGTGGA-1,1
CTCGGAGGTGGCCCTA-1,5
CTCGGAGGTTGATTCG-1,0
CTCGGAGGTTGGGACA-1,0
CTCGGAGGTTGTCGCG-1,0
CTCGGAGTCGCCTGAG-1,1
CTCGGAGTCGGCGCAT-1,2
CTCGGAGTCTATCCCG-1,3
CTCGGGAAGAATAGGG-1,3
CTCGGGAAGTGCGATG-1,2
CTCGGGACAAGCCATT-1,1
CTCGGGACACTAAGTC-1,0
CTCGGGACAGTTAACC-1,0
CTCGGGACATAAAGGT-1,1
CTCGGGACATCCCATC-1,0
CTCGGGACATTCCTCG-1,2
CTCGGGAGTCGAGTTT-1,2
CTCGGGAGTGAAAGAG-1,0
CTCGGGAGTTAAAGAC-1,3
CTCGGGAGTTCTGAAC-1,4
CTCGGGATCCATGAGT-1,2
CTCGGGATCCCAGGTG-1,0
CTCGGGATCTGCTGCT-1,4
CTCGGGATCTGTGCAA-1,2
CTCGGGATCTTACCGC-1,0
CTCGTACAGAAACCTA-1,1
CTCGTACAGTCACGCC-1,0
CTCGTACAGTTCGCGC-1,2
CTCGTACCAACGATCT-1,2
CTCGTACCAAGGACAC-1,3
CTCGTACCACTATCTT-1,3
CTCGTACCAGTAAGAT-1,6
CTCGTACCATAGACTC-1,4
CTCGTACGTACAGACG-1,0
CTCGTACGTAGCGTCC-1,2
CTCGTACGTCAGTGGA-1,0
CTCGTACGTCCGAACC-1,2
CTCGTACGTGACGGTA-1,0
CTCGTACGTTAAGTAG-1,2
CTCGTACGTTATGTGC-1,3
CTCGTACTCCGAGCCA-1,1
CTCGTACTCCTAGTGA-1,1
CTCGTACTCGCGCCAA-1,6
CTCGTACTCTACTATC-1,0
CTCGTCAAGACACTAA-1,0
CTCGTCAAGATATGGT-1,0
CTCGTCAAGCACACAG-1,1
CTCGTCAAGCGATCCC-1,3
CTCGTCAAGCTAGTTC-1,3
CTCGTCAAGGAACTGC-1,2
CTCGTCACAAAGGTGC-1,3
CTCGTCACAACTGGCC-1,4
CTCGTCACAATAGCAA-1,4
CTCGTCACAATGTTGC-1,1
CTCGTCACACGAAAGC-1,0
CTCGTCACACGTGAGA-1,6
CTCGTCACAGGACCCT-1,1
CTCGTCACATCTCGCT-1,3
CTCGTCAGTACCATCA-1,5
CTCGTCAGTCAAACTC-1,2
CTCGTCAGTCATCCCT-1,0
CTCGTCAGTCTTTCAT-1,2
CTCGTCATCCAAACTG-1,4
CTCGTCATCCATGAAC-1,3
CTCGTCATCCCTGACT-1,2
CTCGTCATCCTAGAAC-1,3
CTCGTCATCGGATGTT-1,1
CTCGTCATCGGTCCGA-1,0
CTCGTCATCTGTCCGT-1,0
CTCTAATAGACCTTTG-1,0
CTCTAATAGTGGAGAA-1,2
CTCTAATCACACGCTG-1,2
CTCTAATCACCCATGG-1,1
CTCTAATCACGCTTTC-1,0
CTCTAATCAGCTGTGC-1,1
CTCTAATCAGGATCGA-1,1
CTCTAATCATCGGAAG-1,2
CTCTAATCATGACGGA-1,1
CTCTAATGTACCTACA-1,1
CTCTAATGTAGCGTCC-1,1
CTCTAATGTATTAGCC-1,3
CTCTAATGTCAATGTC-1,2
CTCTAATGTCAGTGGA-1,4
CTCTAATGTGCTTCTC-1,4
CTCTAATGTGTAATGA-1,0
CTCTAATGTGTGAAAT-1,6
CTCTAATGTTGAGTTC-1,3
CTCTAATGTTTGTTGG-1,2
CTCTAATTCATCGCTC-1,0
CTCTAATTCTCTGAGA-1,0
CTCTACGAGGTGTGGT-1,1
CTCTACGCAAGCTGAG-1,4
CTCTACGCACAAGCCC-1,1
CTCTACGCAGTGACAG-1,8
CTCTACGGTCAGAGGT-1,0
CTCTACGGTGGTAACG-1,2
CTCTACGGTTTAGCTG-1,5
CTCTACGTCAGGATCT-1,0
CTCTACGTCGGTTAAC-1,8
CTCTACGTCGTCGTTC-1,8
CTCTACGTCTGCGGCA-1,0
CTCTGGTAGCTCCTTC-1,2
CTCTGGTAGTTTGCGT-1,5
CTCTGGTCACAAGCCC-1,8
CTCTGGTCACCTTGTC-1,4
CTCTGGTCATGGTCAT-1,2
CTCTGGTGTAAGTAGT-1,2
CTCTGGTGTCATGCAT-1,0
CTCTGGTTCCACGACG-1,2
CTCTGGTTCTCTAGGA-1,3
CTCTGGTTCTGGTGTA-1,0
CTCTGGTTCTTGTTTG-1,3
CTGAAACAGAACAATC-1,0
CTGAAACAGAGGACGG-1,4
CTGAAACAGATGTTAG-1,3
CTGAAACAGCCACTAT-1,0
CTGAAACCAAACAACA-1,2
CTGAAACCAACTGGCC-1,0
CTGAAACCACACTGCG-1,6
CTGAAACCACATTAGC-1,4
CTGAAACCATTAGGCT-1,0
CTGAAACCATTTCACT-1,6
CTGAAACGTATAGGTA-1,3
CTGAAACGTCTCACCT-1,4
CTGAAACGTGGTGTAG-1,4
CTGAAACGTTCCGGCA-1,5
CTGAAACTCAGCGACC-1,3
CTGAAACTCCCTTGCA-1,2
CTGAAACTCTTGAGGT-1,0
CTGAAGTAGCAGCCTC-1,0
CTGAAGTAGGCGCTCT-1,1
CTGAAGTAGGCTACGA-1,0
CTGAAGTCAACTGGCC-1,0
CTGAAGTCAATAGAGT-1,0
CTGAAGTCATCATCCC-1,3
CTGAAGTCATGGAATA-1,0
CTGAAGTCATGTTCCC-1,1
CTGAAGTGTAAAGGAG-1,3
CTGAAGTGTAGCTAAA-1,5
CTGAAGTTCATGCTCC-1,1
CTGAAGTTCCCATTTA-1,3
CTGATAGAGATCCCGC-1,7
CTGATAGAGCGCCTCA-1,2
CTGATAGAGGACCACA-1,0
CTGATAGAGTGATCGG-1,0
CTGATAGCAAGAGTCG-1,0
CTGATAGCATGGGACA-1,0
CTGATAGGTACAGCAG-1,0
CTGATAGGTAGCCTAT-1,1
CTGATAGGTATCACCA-1,3
CTGATAGGTCATGCAT-1,2
CTGATAGGTTGAGGTG-1,7
CTGATAGTCAAACCAC-1,0
CTGATAGTCACAGGCC-1,7
CTGATAGTCACCCGAG-1,6
CTGATAGTCAGCACAT-1,1
CTGATAGTCCGTCAAA-1,0
CTGATCCAGAAGGCCT-1,0
CTGATCCAGACGCTTT-1,6
CTGATCCAGATAGCAT-1,1
CTGATCCAGCGTTGCC-1,0
CTGATCCAGGACATTA-1,3
CTGATCCAGGCCCGTT-1,4
CTGATCCCACATCTTT-1,4
CTGATCCCACGAAAGC-1,4
CTGATCCCACTTCTGC-1,0
CTGATCCCAGACAGGT-1,0
CTGATCCCAGACTCGC-1,4
CTGATCCGTACCCAAT-1,1
CTGATCCGTGAGCGAT-1,2
CTGATCCGTTTCCACC-1,2
CTGATCCGTTTCGCTC-1,0
CTGATCCGTTTGTTGG-1,3
CTGATCCTCAAACGGG-1,2
CTGATCCTCCTCATTA-1,3
CTGCCTAAGAAACGCC-1,1
CTGCCTAAGAGGGCTT-1,1
CTGCCTAAGCGGATCA-1,4
CTGCCTAAGCTAGGCA-1,8
CTGCCTAAGCTGAAAT-1,3
CTGCCTAAGGACAGCT-1,0
CTGCCTAAGGCTAGAC-1,0
CTGCCTAAGGGCTTCC-1,0
CTGCCTACAAAGGAAG-1,5
CTGCCTACAAAGGCGT-1,2
CTGCCTACAACACCTA-1,5
CTGCCTACACTCGACG-1,3
CTGCCTACACTGTCGG-1,0
CTGCCTACATGGAATA-1,0
CTGCCTACATTAGCCA-1,6
CTGCCTAGTAGCACGA-1,2
CTGCCTAGTCGGGTCT-1,1
CTGCCTATCCGTTGCT-1,0
CTGCCTATCCTGCAGG-1,5
CTGCCTATCCTTGGTC-1,2
CTGCCTATCTGTTTGT-1,0
CTGCCTATCTTTAGTC-1,0
CTGCGGAAGAGTGACC-1,3
CTGCGGAAGATATGCA-1,1
CTGCGGAAGCGATCCC-1,4
CTGCGGAAGCTAAACA-1,0
CTGCGGAAGGACTGGT-1,1
CTGCGGAAGGGTTTCT-1,7
CTGCGGAAGTGGACGT-1,4
CTGCGGAAGTGTACTC-1,1
CTGCGGACAAACCCAT-1,0
CTGCGGACAGATAATG-1,5
CTGCGGACAGGGTATG-1,1
CTGCGGACATCCCACT-1,7
CTGCGGACATGCGCAC-1,2
CTGCGGAGTACTCAAC-1,6
CTGCGGAGTCGCTTCT-1,0
CTGCGGAGTCGCTTTC-1,1
CTGCGGAGTCTCTTAT-1,3
CTGCGGAGTTATCGGT-1,3
CTGCGGAGTTCGCGAC-1,3
CTGCGGATCAATCACG-1,0
CTGCGGATCAGTTGAC-1,4
CTGCGGATCCACTGGG-1,1
CTGCGGATCCGCTGTT-1,4
CTGCGGATCGTTTATC-1,3
CTGCGGATCTAACGGT-1,3
CTGCTGTAGATAGGAG-1,3
CTGCTGTAGATTACCC-1,3
CTGCTGTAGGCCCGTT-1,5
CTGCTGTAGGGATACC-1,0
CTGCTGTAGTCCATAC-1,4
CTGCTGTCAAAGCGGT-1,0
CTGCTGTCAATCCAAC-1,0
CTGCTGTCACAACGCC-1,0
CTGCTGTCACCAGATT-1,1
CTGCTGTCACGAAACG-1,0
CTGCTGTCACGGTTTA-1,1
CTGCTGTCACTAGTAC-1,2
CTGCTGTCAGATCGGA-1,2
CTGCTGTGTACCGTTA-1,1
CTGCTGTGTCAACATC-1,6
CTGCTGTGTCGGCACT-1,1
CTGCTGTGTCTGGAGA-1,0
CTGCTGTGTGATGTCT-1,0
CTGCTGTTCCAAGCCG-1,4
CTGCTGTTCTTTACGT-1,5
CTGGTCTAGAGAGCTC-1,3
CTGGTCTAGCTAAGAT-1,3
CTGGTCTAGGAGCGAG-1,3
CTGGTCTAGGCTCTTA-1,1
CTGGTCTAGGGATCTG-1,3
CTGGTCTAGGTGGGTT-1,2
CTGGTCTAGTCCCACG-1,4
CTGGTCTAGTGGGCTA-1,2
CTGGTCTCAAACCCAT-1,1
CTGGTCTCAAAGCAAT-1,0
CTGGTCTCACGGCTAC-1,0
CTGGTCTCATTCCTGC-1,0
CTGGTCTCATTCTCAT-1,3
CTGGTCTGTGCAACTT-1,1
CTGGTCTGTGCCTTGG-1,1
CTGGTCTGTGCGGTAA-1,0
CTGGTCTGTTCCAACA-1,2
CTGGTCTGTTGTCTTT-1,4
CTGGTCTTCAGAGCTT-1,4
CTGGTCTTCAGCCTAA-1,1
CTGGTCTTCCAAGTAC-1,0
CTGGTCTTCTGCGACG-1,4
CTGGTCTTCTTTACAC-1,4
CTGTGCTAGAGTGAGA-1,1
CTGTGCTAGATCCCAT-1,3
CTGTGCTAGATCGATA-1,7
CTGTGCTAGCCCAGCT-1,7
CTGTGCTAGCCGTCGT-1,0
CTGTGCTAGCGTCTAT-1,1
CTGTGCTAGGACACCA-1,0
CTGTGCTCAAGAGTCG-1,0
CTGTGCTCACGCATCG-1,3
CTGTGCTCAGTGAGTG-1,3
CTGTGCTCATCATCCC-1,0
CTGTGCTGTATGGTTC-1,7
CTGTGCTGTGTTTGGT-1,4
CTGTGCTGTTACAGAA-1,4
CTGTGCTGTTCAGGCC-1,0
CTGTGCTTCAGCTTAG-1,3
CTGTGCTTCGTCGTTC-1,0
CTGTTTAAGGGTCGAT-1,2
CTGTTTAAGGTAGCCA-1,0
CTGTTTAAGTCACGCC-1,2
CTGTTTAAGTGGGATC-1,4
CTGTTTACAAGTCATC-1,1
CTGTTTACATCGTCGG-1,3
CTGTTTACATTAACCG-1,4
CTGTTTAGTCAAAGCG-1,2
CTGTTTAGTCCCGACA-1,3
CTGTTTAGTCGCATCG-1,0
CTGTTTAGTCGCGAAA-1,0
CTGTTTAGTCGGGTCT-1,1
CTGTTTAGTCTAGAGG-1,0
CTGTTTAGTGATGATA-1,1
CTGTTTAGTTATCACG-1,2
CTGTTTATCAACGGCC-1,0
CTGTTTATCGGAAATA-1,6
CTGTTTATCTGCTTGC-1,4
CTTAACTAGACACGAC-1,0
CTTAACTAGCGATATA-1,1
CTTAACTAGCTGCAAG-1,0
CTTAACTAGTGTTTGC-1,0
CTTAACTCAAGGTGTG-1,4
CTTAACTCACGCCAGT-1,1
CTTAACTCACGGTGTC-1,4
CTTAACTCAGTGGGAT-1,4
CTTAACTGTAAGTGTA-1,3
CTTAACTGTCGACTGC-1,2
CTTAACTTCACGCGGT-1,2
CTTAACTTCAGCTCTC-1,0
CTTAACTTCCAGTATG-1,2
CTTAACTTCGACGGAA-1,3
CTTAACTTCGCTTGTC-1,0
CTTAACTTCGTGGGAA-1,0
CTTAACTTCTGCGGCA-1,3
CTTACCGAGAAGGTTT-1,3
CTTACCGAGCGTAGTG-1,2
CTTACCGAGGAGTTTA-1,3
CTTACCGCAGCCTATA-1,1
CTTACCGCAGGACCCT-1,0
CTTACCGCATTACCTT-1,0
CTTACCGGTAAACACA-1,0
CTTACCGGTACCGGCT-1,0
CTTACCGGTCGTTGTA-1,0
CTTACCGTCACGACTA-1,0
CTTACCGTCAGCATGT-1,0
CTTACCGTCAGCTCGG-1,3
CTTACCGTCATAGCAC-1,0
CTTACCGTCCACGAAT-1,0
CTTACCGTCCTTTCTC-1,2
CTTACCGTCGACCAGC-1,1
CTTACCGTCGCCAAAT-1,1
CTTAGGAAGAAGCCCA-1,0
CTTAGGAAGCGATATA-1,4
CTTAGGAAGCTACCTA-1,7
CTTAGGACACTAAGTC-1,1
CTTAGGATCAGCTCGG-1,1
CTTAGGATCCACTCCA-1,4
CTTAGGATCGCGGATC-1,6
CTTAGGATCGGAAACG-1,3
CTTAGGATCGTTTGCC-1,4
CTTAGGATCTACCTGC-1,1
CTTAGGATCTAGAGTC-1,0
CTTAGGATCTCCCTGA-1,2
CTTCTCTAGAGGTAGA-1,1
CTTCTCTAGGCATTGG-1,2
CTTCTCTAGGCTCAGA-1,1
CTTCTCTCAGATGGCA-1,2
CTTCTCTCATCAGTCA-1,0
CTTCTCTGTAAACGCG-1,1
CTTCTCTGTACCGTTA-1,2
CTTCTCTGTCAGATAA-1,2
CTTCTCTGTTCCATGA-1,1
CTTCTCTTCCAAATGC-1,2
CTTCTCTTCGGAGGTA-1,1
CTTGGCTAGATAGTCA-1,5
CTTGGCTAGATATGCA-1,1
CTTGGCTAGGGTGTGT-1,0
CTTGGCTAGGTTCCTA-1,3
CTTGGCTCAACTGCTA-1,4
CTTGGCTCACAGACAG-1,3
CTTGGCTCACGAAACG-1,0
CTTGGCTCACGGATAG-1,1
CTTGGCTCACTAAGTC-1,3
CTTGGCTCAGGCTCAC-1,2
CTTGGCTGTGGCCCTA-1,2
CTTGGCTGTGTTTGGT-1,0
CTTGGCTGTTAAGTAG-1,4
CTTGGCTGTTCCACTC-1,0
CTTGGCTTCAGAGCTT-1,2
CTTGGCTTCATTTGGG-1,2
CTTGGCTTCCCAGGTG-1,3
CTTTGCGAGAAGGCCT-1,1
CTTTGCGAGAGTACCG-1,1
CTTTGCGAGCATCATC-1,3
CTTTGCGAGCCCAATT-1,2
CTTTGCGAGCCTATGT-1,2
CTTTGCGAGGCATGGT-1,0
CTTTGCGAGTGTGAAT-1,2
CTTTGCGCAGCGATCC-1,6
CTTTGCGCAGTCAGAG-1,3
CTTTGCGGTACATCCA-1,3
CTTTGCGGTAGCTAAA-1,3
CTTTGCGGTCCAACTA-1,1
CTTTGCGGTGTTTGTG-1,1
CTTTGCGGTTACAGAA-1,0
CTTTGCGTCACTCTTA-1,2
CTTTGCGTCACTTCAT-1,0
CTTTGCGTCATCTGCC-1,2
CTTTGCGTCATGTCTT-1,1
CTTTGCGTCCGTCAAA-1,2
CTTTGCGTCGTTTAGG-1,1
CTTTGCGTCTGACCTC-1,3
GAAACTCAGTATTGGA-1,0
GAAACTCAGTTGCAGG-1,6
GAAACTCCAACGATCT-1,0
GAAACTCCAAGACACG-1,4
GAAACTCCACACGCTG-1,0
GAAACTCCAGATCTGT-1,0
GAAACTCCATCGTCGG-1,1
GAAACTCCATTGGGCC-1,0
GAAACTCGTCATATCG-1,0
GAAACTCGTGAGCGAT-1,5
GAAACTCGTGCGGTAA-1,1
GAAACTCGTTACGGAG-1,4
GAAACTCGTTGATTGC-1,0
GAAACTCGTTGTCTTT-1,2
GAAACTCTCAAACAAG-1,1
GAAACTCTCAAACGGG-1,0
GAAACTCTCACTATTC-1,2
GAAACTCTCCAGATCA-1,3
GAAACTCTCGGAATCT-1,0
GAAACTCTCTATCCCG-1,6
GAAACTCTCTTATCTG-1,2
GAAATGAAGATCCGAG-1,1
GAAATGAAGGCATGGT-1,1
GAAATGAAGTAGCGGT-1,4
GAAATGACAAACGCGA-1,3
GAAATGACACGAAAGC-1,0
GAAATGACACTGAAGG-1,2
GAAATGACAGTCGATT-1,1
GAAATGACATCACGTA-1,4
GAAATGACATGGGACA-1,3
GAAATGACATGTAGTC-1,3
GAAATGAGTAGGGACT-1,0
GAAATGAGTATAATGG-1,2
GAAATGAGTATAGTAG-1,3
GAAATGAGTCAGATAA-1,1
GAAATGATCAAACGGG-1,4
GAAATGATCACGATGT-1,5
GAAATGATCATTATCC-1,0
GAAATGATCTCCAACC-1,3
GAACATCAGATGTTAG-1,5
GAACATCAGCAATCTC-1,3
GAACATCAGCGTGTCC-1,1
GAACATCCAACTGCGC-1,2
GAACATCCAGTTCATG-1,1
GAACATCGTAATCACC-1,4
GAACATCGTAGCAAAT-1,2
GAACATCGTAGCGATG-1,2
GAACATCGTATGCTTG-1,4
GAACATCGTGGCGAAT-1,2
GAACATCGTGTGACGA-1,3
GAACATCGTTAGAACA-1,0
GAACATCGTTAGGGTG-1,3
GAACATCTCTAACGGT-1,3
GAACATCTCTGCAAGT-1,1
GAACCTAAGATCTGAA-1,1
GAACCTAAGCCAACAG-1,1
GAACCTAAGCTAAGAT-1,3
GAACCTAAGGACCACA-1,3
GAACCTAAGGCAAAGA-1,1
GAACCTAAGTTTCCTT-1,0
GAACCTACAAACAACA-1,0
GAACCTACAAGCTGAG-1,0
GAACCTACAATCAGAA-1,3
GAACCTACAGCCTGTG-1,0
GAACCTACATGCAATC-1,0
GAACCTACATTACCTT-1,1
GAACCTAGTAGCGCAA-1,0
GAACCTAGTATAGGTA-1,5
GAACCTAGTATGGTTC-1,1
GAACCTAGTCTTGATG-1,6
GAACCTAGTGTTCTTT-1,0
GAACCTAGTTGTTTGG-1,6
GAACCTAGTTTAAGCC-1,1
GAACCTATCAACTCTT-1,4
GAACCTATCAGTGCAT-1,3
GAACCTATCATGTCTT-1,1
GAACCTATCCAAATGC-1,0
GAACCTATCCCAACGG-1,4
GAACCTATCGCCTGTT-1,0
GAACCTATCGGAATCT-1,4
GAACCTATCGGAGGTA-1,4
GAACGGAAGAGCAATT-1,0
GAACGGAAGGATGTAT-1,4
GAACGGAAGGCTCAGA-1,1
GAACGGAAGGGCTTGA-1,8
GAACGGACAATGGATA-1,5
GAACGGACACAACTGT-1,3
GAACGGACAGCCAATT-1,1
GAACGGACAGTAAGAT-1,7
GAACGGACATAAGACA-1,0
GAACGGAGTAGAAAGG-1,5
GAACGGAGTCGCGTGT-1,1
GAACGGAGTTAGATGA-1,2
GAACGGAGTTCCCGAG-1,3
GAACGGATCATAACCG-1,3
GAACGGATCGAATCCA-1,1
GAACGGATCTAACTCT-1,1
GAACGGATCTGAGTGT-1,1
GAACGGATCTGTCAAG-1,0
GAAGCAGAGAACTGTA-1,1
GAAGCAGAGACGCAAC-1,1
GAAGCAGAGAGAGCTC-1,0
GAAGCAGAGAGCAATT-1,1
GAAGCAGAGGGCTTGA-1,3
GAAGCAGAGGTGCACA-1,0
GAAGCAGAGTCATGCT-1,7
GAAGCAGGTAGAGTGC-1,8
GAAGCAGGTCAATACC-1,4
GAAGCAGTCAGCTCTC-1,4
GAAGCAGTCATCTGCC-1,3
GAAGCAGTCGCCAAAT-1,1
GAAGCAGTCTCTTGAT-1,1
GAAGCAGTCTTGTATC-1,4
GAATAAGAGCTATGCT-1,1
GAATAAGAGGCATTGG-1,2
GAATAAGAGGGCTTCC-1,1
GAATAAGAGTCCATAC-1,2
GAATAAGAGTGCGATG-1,0
GAATAAGCAATAGCAA-1,4
GAATAAGCACGTGAGA-1,2
GAATAAGCACTACAGT-1,1
GAATAAGCATTGGGCC-1,1
GAATAAGGTCAGCTAT-1,0
GAATAAGGTCGAAAGC-1,1
GAATAAGGTCGCGTGT-1,0
GAATAAGGTGAAATCA-1,5
GAATAAGGTGAAGGCT-1,2
GAATAAGGTGACGCCT-1,3
GAATAAGGTGCAACTT-1,0
GAATAAGGTTAGAACA-1,7
GAATAAGGTTCCACTC-1,1
GAATAAGTCACAAACC-1,0
GAATAAGTCATGTCCC-1,2
GAATAAGTCCGCATCT-1,0
GAATAAGTCTATCCCG-1,4
GAATAAGTCTGGAGCC-1,4
GAATGAAAGAAACGCC-1,4
GAATGAACAAATCCGT-1,6
GAATGAACAACAACCT-1,7
GAATGAACAACACGCC-1,0
GAATGAACACACCGAC-1,2
GAATGAACACACTGCG-1,2
GAATGAACACCTGGTG-1,0
GAATGAACAGGGCATA-1,5
GAATGAACAGGGTACA-1,2
GAATGAACAGTTCCCT-1,1
GAATGAACATATGGTC-1,1
GAATGAACATGCTAGT-1,0
GAATGAAGTATATGAG-1,3
GAATGAAGTATTACCG-1,1
GAATGAAGTTGCGCAC-1,5
GAATGAATCAACACGT-1,0
GAATGAATCAGCATGT-1,2
GAATGAATCCAAGCCG-1,4
GAATGAATCCAAGTAC-1,3
GAATGAATCCACGACG-1,3
GAATGAATCGTACCGG-1,0
GAATGAATCGTCACGG-1,0
GAATGAATCTCCAGGG-1,0
GAATGAATCTGCGACG-1,2
GAATGAATCTGTCTCG-1,2
GAATGAATCTTGAGAC-1,3
GACACGCAGAGTTGGC-1,1
GACACGCAGATTACCC-1,3
GACACGCAGCTATGCT-1,7
GACACGCAGGCATTGG-1,3
GACACGCAGTACTTGC-1,2
GACACGCCAGCCTTGG-1,0
GACACGCGTAATCACC-1,1
GACACGCGTAGAGCTG-1,6
GACACGCGTCACACGC-1,0
GACACGCGTGACAAAT-1,4
GACACGCGTTACTGAC-1,0
GACACGCGTTATTCTC-1,1
GACACGCGTTTGCATG-1,3
GACACGCTCGTTTATC-1,3
GACACGCTCTGAGGGA-1,1
GACAGAGAGAAACCTA-1,1
GACAGAGAGACGCAAC-1,0
GACAGAGAGCGATATA-1,4
GACAGAGAGTCGTACT-1,6
GACAGAGCAATGGTCT-1,1
GACAGAGCACGCGAAA-1,1
GACAGAGCAGATCTGT-1,4
GACAGAGCAGCCTGTG-1,2
GACAGAGGTACATCCA-1,4
GACAGAGGTAGCTAAA-1,4
GACAGAGGTCTAAAGA-1,2
GACAGAGGTCTGCGGT-1,4
GACAGAGGTTCGGGCT-1,6
GACAGAGGTTGGTGGA-1,0
GACAGAGTCCACTGGG-1,1
GACAGAGTCTGATACG-1,1
GACCAATAGCCTCGTG-1,8
GACCAATAGTACGTTC-1,2
GACCAATCACCGTTGG-1,0
GACCAATCACTTAACG-1,0
GACCAATCAGGGTACA-1,1
GACCAATCATCGGGTC-1,2
GACCAATGTCCGTGAC-1,0
GACCAATGTCTTGTCC-1,1
GACCAATGTGGTCCGT-1,6
GACCAATGTGGTCTCG-1,6
GACCAATGTTTGTTGG-1,0
GACCAATTCCTATGTT-1,0
GACCAATTCTCTGTCG-1,2
GACCAATTCTGCAAGT-1,0
GACCTGGAGAAACGAG-1,0
GACCTGGAGACGCAAC-1,4
GACCTGGAGACTCGGA-1,1
GACCTGGAGATCGGGT-1,7
GACCTGGAGCTAACAA-1,3
GACCTGGCACTTAACG-1,3
GACCTGGCAGGGAGAG-1,2
GACCTGGCAGTCAGAG-1,1
GACCTGGCATCCTTGC-1,4
GACCTGGGTACCGTTA-1,0
GACCTGGGTCTTTCAT-1,0
GACCTGGGTGGTGTAG-1,0
GACCTGGTCGGTTCGG-1,3
GACCTGGTCTTCATGT-1,1
GACGCGTAGCGATGAC-1,0
GACGCGTAGTTAACGA-1,5
GACGCGTCAAGGTGTG-1,1
GACGCGTCAATCCGAT-1,1
GACGCGTCACAACTGT-1,2
GACGCGTCACGCATCG-1,0
GACGCGTCAGGGTACA-1,6
GACGCGTGTAGAGTGC-1,3
GACGCGTGTAGCGATG-1,2
GACGCGTGTGAGTGAC-1,1
GACGCGTGTGCACTTA-1,3
GACGCGTGTTGAGTTC-1,0
GACGCGTTCATGTAGC-1,0
GACGCGTTCCAAAGTC-1,1
GACGCGTTCGTTTAGG-1,0
GACGCGTTCTTGTACT-1,0
GACGGCTAGAGATGAG-1,3
GACGGCTAGCCTATGT-1,0
GACGGCTAGTCACGCC-1,0
GACGGCTCACAACGCC-1,0
GACGGCTCATCACGAT-1,3
GACGGCTCATCACGTA-1,7
GACGGCTCATCTCCCA-1,1
GACGGCTCATGTCTCC-1,1
GACGGCTCATTAGCCA-1,0
GACGGCTCATTGGTAC-1,2
GACGGCTGTCTACCTC-1,0
GACGGCTGTGCGGTAA-1,1
GACGGCTGTGGACGAT-1,2
GACGGCTGTTCGTTGA-1,1
GACGGCTGTTGAGTTC-1,0
GACGGCTTCAGCTCGG-1,4
GACGGCTTCAGGTTCA-1,0
GACGGCTTCCATTCTA-1,0
GACGTGCAGCGCCTTG-1,4
GACGTGCAGCGTTCCG-1,0
GACGTGCAGGATATAC-1,1
GACGTGCAGTGGGTTG-1,4
GACGTGCCAAATCCGT-1,1
GACGTGCCAGGATTGG-1,2
GACGTGCCATCGATTG-1,5
GACGTGCGTACCAGTT-1,5
GACGTGCGTCGAACAG-1,1
GACGTGCGTGCGGTAA-1,4
GACGTGCGTTACCGAT-1,4
GACGTGCGTTCTGTTT-1,1
GACGTGCTCAGAGACG-1,0
GACGTGCTCGTACCGG-1,0
GACGTGCTCGTTTGCC-1,1
GACGTTAAGAATCTCC-1,1
GACGTTAAGACACTAA-1,8
GACGTTAAGCGCTTAT-1,3
GACGTTAAGGTGATAT-1,1
GACGTTAAGTCATGCT-1,2
GACGTTACATGCGCAC-1,1
GACGTTAGTACCGGCT-1,2
GACGTTAGTCACACGC-1,0
GACGTTAGTCCTGCTT-1,2
GACGTTAGTCGTGGCT-1,0
GACGTTAGTCTTCAAG-1,1
GACGTTAGTTGCCTCT-1,0
GACGTTATCACTCTTA-1,0
GACGTTATCTTCATGT-1,8
GACTAACAGGCCGAAT-1,0
GACTAACAGGGCATGT-1,1
GACTAACCAATCTGCA-1,2
GACTAACCACCAGGCT-1,3
GACTAACCAGTCCTTC-1,5
GACTAACCAGTGACAG-1,4
GACTAACCATGGTCTA-1,0
GACTAACGTCCCGACA-1,4
GACTAACGTCGGCATC-1,5
GACTAACGTCTAAAGA-1,2
GACTAACGTCTAACGT-1,1
GACTAACGTCTGCAAT-1,0
GACTAACGTTCCACGG-1,5
GACTAACGTTGTGGCC-1,3
GACTAACTCCTGTACC-1,0
GACTAACTCTAACGGT-1,2
GACTAACTCTGCGTAA-1,1
GACTACAAGATGGGTC-1,0
GACTACAAGATGTGTA-1,0
GACTACAAGGCTAGAC-1,1
GACTACAAGTACGCGA-1,4
GACTACACAAGCGCTC-1,4
GACTACACAATGGTCT-1,4
GACTACACACCATCCT-1,1
GACTACACAGCCAGAA-1,1
GACTACAGTCTCTTAT-1,5
GACTACAGTGTGCGTC-1,1
GACTACATCGAATGGG-1,0
GACTACATCGCGATCG-1,6
GACTACATCTCTAGGA-1,5
GACTGCGAGACTAAGT-1,2
GACTGCGAGATCCCGC-1,4
GACTGCGAGCGTTCCG-1,1
GACTGCGAGCTAACTC-1,2
GACTGCGAGGTAAACT-1,5
GACTGCGAGTTGCAGG-1,2
GACTGCGCAAGTCTAC-1,4
GACTGCGCAAGTTCTG-1,8
GACTGCGCAATGGAGC-1,2
GACTGCGCATAGTAAG-1,1
GACTGCGCATTGAGCT-1,1
GACTGCGGTCCGACGT-1,6
GACTGCGGTCGCCATG-1,1
GACTGCGGTTCCCTTG-1,0
GACTGCGGTTTAAGCC-1,3
GACTGCGTCACGCGGT-1,0
GACTGCGTCAGGCAAG-1,3
GACTGCGTCATCACCC-1,1
GACTGCGTCTTCTGGC-1,3
GAGCAGAAGAAACGCC-1,0
GAGCAGAAGAGCCCAA-1,2
GAGCAGAAGAGCTGCA-1,5
GAGCAGAAGAGTAATC-1,1
GAGCAGAAGCAAATCA-1,1
GAGCAGAAGCAGCCTC-1,3
GAGCAGAAGCCACCTG-1,0
GAGCAGAAGTCGTTTG-1,4
GAGCAGAAGTTTAGGA-1,3
GAGCAGACACACCGCA-1,0
GAGCAGACAGACTCGC-1,0
GAGCAGACATAAAGGT-1,4
GAGCAGACATTCCTCG-1,0
GAGCAGAGTACAGACG-1,1
GAGCAGAGTAGAGTGC-1,1
GAGCAGAGTATAATGG-1,2
GAGCAGAGTCCGAAGA-1,2
GAGCAGAGTCTGATTG-1,0
GAGCAGAGTTGATTCG-1,3
GAGCAGATCAAGGCTT-1,8
GAGGTGAAGATACACA-1,0
GAGGTGAAGATCACGG-1,4
GAGGTGAAGGACAGCT-1,1
GAGGTGAAGTACGTAA-1,7
GAGGTGACAAGCCGTC-1,0
GAGGTGACAAGGACTG-1,2
GAGGTGACAAGTCTGT-1,3
GAGGTGACACAGACTT-1,4
GAGGTGACAGTAAGAT-1,0
GAGGTGACAGTGAGTG-1,1
GAGGTGACAGTGGGAT-1,8
GAGGTGACAGTTTACG-1,1
GAGGTGAGTACCGAGA-1,2
GAGGTGAGTATCACCA-1,0
GAGGTGAGTCAACTGT-1,0
GAGGTGAGTCATGCAT-1,0
GAGGTGAGTGGCAAAC-1,4
GAGGTGAGTTCAGGCC-1,6
GAGGTGATCAGCACAT-1,4
GAGGTGATCCTGTAGA-1,2
GAGGTGATCGCATGGC-1,3
GAGGTGATCTAACTGG-1,0
GAGGTGATCTGCCCTA-1,5
GAGTCCGAGAGCAATT-1,3
GAGTCCGAGAGCCCAA-1,1
GAGTCCGAGCGCTTAT-1,4
GAGTCCGAGGAGTTGC-1,4
GAGTCCGAGTGCAAGC-1,1
GAGTCCGCAACTTGAC-1,0
GAGTCCGCACACATGT-1,3
GAGTCCGCAGCAGTTT-1,3
GAGTCCGCAGCATACT-1,0
GAGTCCGCAGCCACCA-1,3
GAGTCCGCATAAAGGT-1,3
GAGTCCGCATGAGCGA-1,4
GAGTCCGCATTAGCCA-1,2
GAGTCCGCATTCGACA-1,1
GAGTCCGGTAACGCGA-1,0
GAGTCCGGTATATCCG-1,1
GAGTCCGGTATCACCA-1,5
GAGTCCGGTCCGCTGA-1,0
GAGTCCGGTCTGCCAG-1,3
GAGTCCGGTTTGTGTG-1,4
GAGTCCGTCACTGGGC-1,1
GAGTCCGTCATGCATG-1,2
GAGTCCGTCCGATATG-1,1
GAGTCCGTCGTCGTTC-1,3
GATCAGTAGCAGGTCA-1,5
GATCAGTAGCCCGAAA-1,0
GATCAGTCAAGGTTTC-1,2
GATCAGTCACCACCAG-1,6
GATCAGTCAGCCACCA-1,0
GATCAGTCAGCGATCC-1,0
GATCAGTCAGGCTCAC-1,0
GATCAGTCAGTAGAGC-1,0
GATCAGTCAGTCCTTC-1,1
GATCAGTCATGCCTTC-1,0
GATCAGTCATTCTCAT-1,2
GATCAGTGTACCTACA-1,3
GATCAGTGTCCAGTAT-1,4
GATCAGTGTCCAGTTA-1,0
GATCAGTGTGTAATGA-1,0
GATCAGTTCCGGCACA-1,1
GATCAGTTCCTAAGTG-1,0
GATCAGTTCGCTTAGA-1,4
GATCGATAGAAACGCC-1,0
GATCGATAGAGTGACC-1,3
GATCGATAGATCACGG-1,0
GATCGATAGCCACGCT-1,0
GATCGATAGCTAACAA-1,4
GATCGATAGTGGGATC-1,1
GATCGATCAACTGGCC-1,2
GATCGATCACAACGCC-1,6
GATCGATCACAGAGGT-1,2
GATCGATCACTTACGA-1,6
GATCGATCATTACGAC-1,3
GATCGATGTCTGCCAG-1,8
GATCGATGTCTTTCAT-1,3
GATCGATGTGCACGAA-1,1
GATCGATGTTCCACTC-1,1
GATCGATTCACCGTAA-1,0
GATCGATTCCAGTATG-1,0
GATCGATTCTGTGCAA-1,1
GATCGCGAGACCGGAT-1,2
GATCGCGAGCGGCTTC-1,1
GATCGCGAGGTAAACT-1,2
GATCGCGAGTCTTGCA-1,7
GATCGCGAGTTTAGGA-1,0
GATCGCGCAAGCTGGA-1,5
GATCGCGCACTTGGAT-1,1
GATCGCGCAGTATCTG-1,0
GATCGCGCATTACGAC-1,3
GATCGCGGTAGGGACT-1,5
GATCGCGGTCGAAAGC-1,0
GATCGCGGTGAAAGAG-1,2
GATCGCGTCCGGGTGT-1,2
GATCGCGTCCTGCTTG-1,6
GATCGTAAGGCCCTTG-1,7
GATCGTAAGGTAAACT-1,0
GATCGTACAAAGGTGC-1,0
GATCGTACAAGCTGAG-1,5
GATCGTACACATCCAA-1,0
GATCGTACACCGAAAG-1,2
GATCGTACAGAGCCAA-1,1
GATCGTAGTCACAAGG-1,4
GATCGTAGTCTAACGT-1,2
GATCGTATCAATAAGG-1,1
GATCTAGAGAATGTGT-1,0
GATCTAGAGCAAATCA-1,2
GATCTAGAGCCCAACC-1,1
GATCTAGAGCTACCTA-1,3
GATCTAGAGTGATCGG-1,1
GATCTAGCAAGCCGCT-1,2
GATCTAGCAAGGTGTG-1,1
GATCTAGCACCGCTAG-1,0
GATCTAGCATACGCCG-1,1
GATCTAGCATCCGTGG-1,0
GATCTAGCATTGGCGC-1,2
GATCTAGGTAAGTTCC-1,2
GATCTAGGTGCAACTT-1,0
GATCTAGGTGTAACGG-1,7
GATCTAGTCAGCATGT-1,1
GATCTAGTCAGTCCCT-1,0
GATCTAGTCCTTGACC-1,3
GATCTAGTCTATCGCC-1,1
GATGAAAAGACAATAC-1,0
GATGAAAAGATAGGAG-1,0
GATGAAAAGGAATCGC-1,4
GATGAAACACCCAGTG-1,7
GATGAAACAGACGCTC-1,5
GATGAAACAGATGGCA-1,1
GATGAAAGTAATCGTC-1,1
GATGAAAGTGGAAAGA-1,1
GATGAAAGTGTCTGAT-1,6
GATGAAAGTTGACGTT-1,0
GATGAAATCCCTTGTG-1,1
GATGAGGAGACAAGCC-1,3
GATGAGGAGACAGACC-1,0
GATGAGGAGCAATCTC-1,4
GATGAGGAGCAGCGTA-1,1
GATGAGGAGCTTCGCG-1,4
GATGAGGAGTACGTAA-1,6
GATGAGGAGTCCGGTC-1,1
GATGAGGAGTTGTAGA-1,1
GATGAGGCAATAGCGG-1,1
GATGAGGGTAGCGCTC-1,1
GATGAGGGTCCGTTAA-1,1
GATGAGGGTTAAGAAC-1,0
GATGAGGTCCACGCAG-1,1
GATGAGGTCCGCAAGC-1,4
GATGAGGTCGCACTCT-1,5
GATGAGGTCTCTGAGA-1,0
GATGCTAAGAAGGACA-1,6
GATGCTAAGGCTATCT-1,2
GATGCTAAGTCGCCGT-1,2
GATGCTAAGTGGGCTA-1,4
GATGCTACAACCGCCA-1,2
GATGCTACAGAGCCAA-1,0
GATGCTACATTGGTAC-1,3
GATGCTAGTCGCATCG-1,0
GATGCTAGTCTTCAAG-1,1
GATGCTAGTGTGACGA-1,3
GATGCTAGTTCAGGCC-1,0
GATGCTAGTTGCTCCT-1,4
GATGCTATCAACACTG-1,3
GATGCTATCATACGGT-1,0
GATGCTATCCTCCTAG-1,0
GATGCTATCCTTTCTC-1,4
GATGCTATCGAGAACG-1,3
GATGCTATCGGAAACG-1,1
GATTCAGAGCACCGCT-1,1
GATTCAGAGTTGCAGG-1,0
GATTCAGCAAGCCGTC-1,1
GATTCAGCAATGGTCT-1,4
GATTCAGCACAGGCCT-1,2
GATTCAGCAGTAAGAT-1,1
GATTCAGCATGCCTAA-1,1
GATTCAGCATTCCTCG-1,0
GATTCAGGTAGCTCCG-1,0
GATTCAGGTATAGGGC-1,0
GATTCAGGTCTCACCT-1,2
GATTCAGGTCTTCTCG-1,2
GATTCAGGTGACTACT-1,0
GATTCAGTCAGTGCAT-1,2
GATTCAGTCCCAAGTA-1,8
GATTCAGTCGATCCCT-1,0
GATTCAGTCTGTCCGT-1,0
GATTCAGTCTGTTGAG-1,4
GCAAACTAGAAAGTGG-1,3
GCAAACTAGCCACCTG-1,3
GCAAACTAGCCCAGCT-1,1
GCAAACTCAAAGGTGC-1,0
GCAAACTCAAGAGGCT-1,4
GCAAACTCAAGGCTCC-1,5
GCAAACTCAATCTACG-1,0
GCAAACTCAATGGAAT-1,3
GCAAACTCACATGTGT-1,2
GCAAACTCACGGACAA-1,1
GCAAACTCAGGTCCAC-1,1
GCAAACTGTAAAGTCA-1,2
GCAAACTGTAAGGGCT-1,4
GCAAACTGTAGCTGCC-1,0
GCAAACTGTCACTGGC-1,0
GCAAACTGTCCTCCAT-1,4
GCAAACTGTCGAAAGC-1,1
GCAAACTGTGCATCTA-1,0
GCAAACTGTTCCACAA-1,5
GCAAACTTCGATGAGG-1,2
GCAAACTTCTAGAGTC-1,0
GCAATCAAGATCCCAT-1,4
GCAATCAAGGCCATAG-1,2
GCAATCACAATCTGCA-1,4
GCAATCACAATGTTGC-1,8
GCAATCACACCACCAG-1,1
GCAATCACATGGATGG-1,8
GCAATCAGTACCGTTA-1,1
GCAATCAGTATTACCG-1,2
GCAATCAGTCACTGGC-1,2
GCAATCAGTCTAACGT-1,2
GCAATCAGTTCTGGTA-1,3
GCAATCATCAGAGACG-1,0
GCAATCATCCAGTATG-1,1
GCAATCATCCGCGCAA-1,2
GCAATCATCCTTTACA-1,4
GCAATCATCGTAGATC-1,2
GCAATCATCGTCACGG-1,0
GCAATCATCTTGGGTA-1,1
GCACATAAGCGATCCC-1,1
GCACATACATCCCATC-1,8
GCACATACATTAACCG-1,1
GCACATACATTACGAC-1,0
GCACATAGTACTTAGC-1,0
GCACATAGTCATGCAT-1,1
GCACATAGTTTGTTTC-1,4
GCACATATCAACCATG-1,0
GCACATATCAACGGCC-1,3
GCACATATCCAGGGCT-1,4
GCACATATCGTTTGCC-1,3
GCACATATCTTACCTA-1,0
GCACTCTAGCTAAGAT-1,0
GCACTCTAGGACAGCT-1,0
GCACTCTCAAAGGCGT-1,0
GCACTCTCACACCGAC-1,0
GCACTCTCATATGAGA-1,1
GCACTCTCATCACGTA-1,4
GCACTCTGTACTTGAC-1,1
GCACTCTGTATTCTCT-1,0
GCACTCTGTCAAAGAT-1,0
GCACTCTGTCCAAGTT-1,1
GCACTCTGTCGTCTTC-1,0
GCACTCTGTTCAGGCC-1,0
GCACTCTGTTGAACTC-1,0
GCACTCTGTTGAGGTG-1,1
GCACTCTTCCTGCTTG-1,2
GCACTCTTCGGAAACG-1,3
GCACTCTTCTGTCCGT-1,0
GCACTCTTCTTAGCCC-1,1
GCAGCCAAGAAGCCCA-1,3
GCAGCCAAGATATACG-1,0
GCAGCCAAGATCTGCT-1,3
GCAGCCAAGTCCGTAT-1,6
GCAGCCAAGTTAAGTG-1,7
GCAGCCAAGTTACCCA-1,0
GCAGCCACAAAGAATC-1,2
GCAGCCACAACACGCC-1,1
GCAGCCACAAGCCGCT-1,0
GCAGCCACAAGGACAC-1,3
GCAGCCACATCCGCGA-1,3
GCAGCCACATTAGGCT-1,3
GCAGCCAGTAAATACG-1,0
GCAGCCAGTAGTGAAT-1,4
GCAGCCAGTCTCCCTA-1,0
GCAGCCAGTGCATCTA-1,1
GCAGCCAGTGTTAAGA-1,4
GCAGCCAGTTGAACTC-1,1
GCAGCCATCATAAAGG-1,1
GCAGCCATCCAATGGT-1,1
GCAGCCATCGCGCCAA-1,5
GCAGTTAAGAGACTAT-1,1
GCAGTTAAGAGAGCTC-1,3
GCAGTTAAGCAACGGT-1,0
GCAGTTAAGGAATTAC-1,1
GCAGTTAAGTGTCCAT-1,3
GCAGTTACAAGAGTCG-1,2
GCAGTTAGTAGGGTAC-1,4
GCAGTTAGTATTACCG-1,1
GCAGTTAGTTCCATGA-1,6
GCAGTTATCAACCATG-1,2
GCAGTTATCACAGGCC-1,3
GCAGTTATCAGCACAT-1,3
GCAGTTATCATGTCCC-1,4
GCAGTTATCCCGACTT-1,7
GCAGTTATCCGCATCT-1,0
GCAGTTATCGAACGGA-1,0
GCAGTTATCTAACGGT-1,1
GCATACAAGAGGGCTT-1,0
GCATACAAGAGTGAGA-1,0
GCATACAAGCGATGAC-1,7
GCATACAAGTGAACGC-1,1
GCATACAAGTTACCCA-1,4
GCATACAAGTTGAGAT-1,3
GCATACACAAGAGGCT-1,3
GCATACACAAGCCATT-1,4
GCATACACAAGCGATG-1,0
GCATACACAATGGATA-1,1
GCATACACACGCATCG-1,1
GCATACACACTACAGT-1,0
GCATACACAGATGAGC-1,3
GCATACACATATACCG-1,3
GCATACACATTATCTC-1,1
GCATACAGTCTAAAGA-1,0
GCATACATCCGGCACA-1,2
GCATACATCGCAAGCC-1,4
GCATGATAGACTGGGT-1,1
GCATGATAGCGATAGC-1,4
GCATGATAGCTAAACA-1,4
GCATGATAGTTGTCGT-1,2
GCATGATCAAGTTAAG-1,3
GCATGATCACTACAGT-1,7
GCATGATCAGGTCCAC-1,2
GCATGATCAGTGGGAT-1,0
GCATGATCATCACAAC-1,0
GCATGATGTAAGTGGC-1,4
GCATGATGTCTACCTC-1,3
GCATGATTCATCGCTC-1,3
GCATGATTCGAGCCCA-1,2
GCATGATTCGGCTTGG-1,1
GCATGATTCTGCGTAA-1,0
GCATGCGAGAGTGACC-1,0
GCATGCGAGCTCAACT-1,4
GCATGCGAGGATGCGT-1,2
GCATGCGAGGGTCTCC-1,7
GCATGCGCAAGCGATG-1,5
GCATGCGCACCATCCT-1,0
GCATGCGCATCAGTCA-1,1
GCATGCGCATGTCTCC-1,2
GCATGCGGTACCATCA-1,0
GCATGCGGTGTGTGCC-1,0
GCATGCGGTTAGTGGG-1,3
GCATGCGGTTATGCGT-1,2
GCATGCGTCAAAGACA-1,0
GCATGCGTCAATACCG-1,3
GCATGCGTCCACGTGG-1,2
GCATGCGTCCCATTTA-1,1
GCATGCGTCTTAACCT-1,2
GCATGCGTCTTCGAGA-1,1
GCATGCGTCTTTACGT-1,2
GCATGTAAGAGCTGGT-1,1
GCATGTAAGATTACCC-1,4
GCATGTAAGGCTAGAC-1,0
GCATGTACACCCTATC-1,3
GCATGTACAGATCCAT-1,5
GCATGTACAGGCTGAA-1,5
GCATGTACATGCCTTC-1,0
GCATGTAGTTAAGATG-1,1
GCATGTATCACCGGGT-1,3
GCATGTATCAGTCCCT-1,1
GCATGTATCATAACCG-1,1
GCATGTATCCACTGGG-1,4
GCATGTATCCGTTGCT-1,0
GCATGTATCTCGATGA-1,1
GCCAAATAGATAGTCA-1,8
GCCAAATAGTCAAGCG-1,3
GCCAAATCAAGTTAAG-1,2
GCCAAATCAATCGAAA-1,3
GCCAAATCACGAAGCA-1,4
GCCAAATCATATACCG-1,5
GCCAAATCATGCCTTC-1,0
GCCAAATGTACAGTGG-1,1
GCCAAATGTACTCTCC-1,3
GCCAAATGTTACGGAG-1,3
GCCTCTAAGAAGAAGC-1,7
GCCTCTAAGAATTCCC-1,0
GCCTCTAAGACACGAC-1,3
GCCTCTAAGCCTATGT-1,4
GCCTCTAAGCGTGAAC-1,1
GCCTCTAAGCTAGTTC-1,2
GCCTCTAAGTGGGATC-1,2
GCCTCTACAACGATGG-1,0
GCCTCTACAATGCCAT-1,4
GCCTCTACAATGGACG-1,3
GCCTCTACATCTCCCA-1,2
GCCTCTACATGCTAGT-1,0
GCCTCTAGTCAATGTC-1,1
GCCTCTAGTCATACTG-1,3
GCCTCTAGTGCATCTA-1,5
GCCTCTAGTGGTAACG-1,0
GCCTCTAGTTCTGTTT-1,4
GCCTCTATCAACACAC-1,4
GCCTCTATCATGTCCC-1,0
GCCTCTATCCATTCTA-1,0
GCCTCTATCCCTGACT-1,2
GCCTCTATCGGTTAAC-1,5
GCGACCAAGCCAGTAG-1,1
GCGACCAAGCTCCCAG-1,0
GCGACCACACCCATTC-1,7
GCGACCACAGGCAGTA-1,0
GCGACCACATCGGTTA-1,0
GCGACCAGTAGCCTAT-1,4
GCGACCAGTAGCCTCG-1,1
GCGACCAGTAGGCTGA-1,0
GCGACCAGTCCGAACC-1,2
GCGACCAGTGCCTGCA-1,0
GCGACCAGTGCGATAG-1,8
GCGACCAGTTCAGTAC-1,0
GCGACCATCACCCGAG-1,0
GCGACCATCCGAGCCA-1,0
GCGAGAAAGACTAAGT-1,3
GCGAGAAAGCCACGCT-1,3
GCGAGAAAGCCTTGAT-1,3
GCGAGAAAGTTAGCGG-1,4
GCGAGAACAAACGTGG-1,0
GCGAGAACAATAGAGT-1,4
GCGAGAACACCTCGGA-1,2
GCGAGAACAGGGTATG-1,1
GCGAGAACATAGAAAC-1,1
GCGAGAACATGTAAGA-1,1
GCGAGAAGTAAACGCG-1,0
GCGAGAAGTACGCACC-1,1
GCGAGAAGTAGCTAAA-1,4
GCGAGAAGTCCGACGT-1,3
GCGAGAATCCTCAATT-1,4
GCGAGAATCGCTTGTC-1,4
GCGAGAATCGTTTATC-1,2
GCGCAACAGAAGGTGA-1,0
GCGCAACAGACGCAAC-1,0
GCGCAACAGTGAAGAG-1,1
GCGCAACCAAGGACAC-1,0
GCGCAACCACGTCTCT-1,0
GCGCAACCAGCCTTGG-1,0
GCGCAACCATCCGGGT-1,2
GCGCAACCATCGACGC-1,0
GCGCAACCATGACGGA-1,3
GCGCAACCATTGGTAC-1,0
GCGCAACGTAAACACA-1,0
GCGCAACGTCCAGTAT-1,3
GCGCAACGTCGCGGTT-1,2
GCGCAACGTCTCTTTA-1,3
GCGCAACGTGCCTGCA-1,1
GCGCAACTCTGGGCCA-1,4
GCGCAGTAGACCACGA-1,0
GCGCAGTAGACCGGAT-1,3
GCGCAGTAGACCTAGG-1,0
GCGCAGTAGGCCGAAT-1,0
GCGCAGTAGTAGGCCA-1,3
GCGCAGTAGTCCGGTC-1,2
GCGCAGTAGTCGTTTG-1,0
GCGCAGTAGTGATCGG-1,3
GCGCAGTCAATCGGTT-1,2
GCGCAGTCACTTGGAT-1,2
GCGCAGTCAGTTCCCT-1,5
GCGCAGTCATTTGCTT-1,2
GCGCAGTGTAAGAGAG-1,3
GCGCAGTGTAATCGTC-1,2
GCGCAGTGTAGAAGGA-1,3
GCGCAGTGTCCATCCT-1,0
GCGCAGTGTCCGTTAA-1,2
GCGCAGTGTCTCCATC-1,1
GCGCAGTGTCTGCGGT-1,3
GCGCAGTGTGAAAGAG-1,3
GCGCAGTGTGCGCTTG-1,1
GCGCAGTGTTACGTCA-1,0
GCGCAGTTCCATTCTA-1,4
GCGCAGTTCGAGGTAG-1,2
GCGCAGTTCTCGTTTA-1,3
GCGCCAAAGAGGTAGA-1,3
GCGCCAAAGCTACCGC-1,6
GCGCCAAAGCTGCGAA-1,3
GCGCCAAAGCTTTGGT-1,1
GCGCCAAAGTACGTTC-1,0
GCGCCAAAGTGTCCAT-1,2
GCGCCAACAACTTGAC-1,2
GCGCCAACAAGTTCTG-1,3
GCGCCAACACAGGCCT-1,3
GCGCCAACACCAGTTA-1,2
GCGCCAACACGTTGGC-1,1
GCGCCAACATAGACTC-1,2
GCGCCAACATCTACGA-1,2
GCGCCAACATCTGGTA-1,0
GCGCCAAGTTCGCTAA-1,3
GCGCCAAGTTTCCACC-1,3
GCGCCAATCATTGCGA-1,3
GCGCCAATCTACCAGA-1,1
GCGCGATAGACACGAC-1,0
GCGCGATAGATCCGAG-1,0
GCGCGATAGATCGATA-1,0
GCGCGATAGGACACCA-1,6
GCGCGATAGGATCGCA-1,4
GCGCGATCAATCTACG-1,4
GCGCGATCAATGGAGC-1,0
GCGCGATCACATCTTT-1,3
GCGCGATCAGCTGCAC-1,3
GCGCGATGTACAGTTC-1,1
GCGCGATGTAGTGAAT-1,1
GCGCGATGTCAAAGAT-1,1
GCGCGATGTCTGGTCG-1,0
GCGCGATGTGCACTTA-1,0
GCGCGATGTTGAACTC-1,4
GCGCGATGTTTCGCTC-1,3
GCGCGATTCCCACTTG-1,6
GCGCGATTCGCAAACT-1,0
GCGCGATTCGTTACAG-1,4
GCGCGATTCTTTCCTC-1,1
GCGGGTTAGAGTCGGT-1,0
GCGGGTTAGGATATAC-1,1
GCGGGTTAGTACCGGA-1,6
GCGGGTTCACTCAGGC-1,1
GCGGGTTCAGTGACAG-1,0
GCGGGTTCATTCACTT-1,4
GCGGGTTCATTCCTCG-1,3
GCGGGTTGTACTCTCC-1,5
GCGGGTTGTCATGCCG-1,1
GCGGGTTGTCCCTTGT-1,1
GCGGGTTGTCTCTCGT-1,0
GCGGGTTGTGTCAATC-1,2
GCGGGTTTCATGCAAC-1,3
GCGGGTTTCCGCATAA-1,3
GCGGGTTTCCTGTACC-1,4
GCGGGTTTCTGATACG-1,1
GCTCCTAAGACACGAC-1,4
GCTCCTAAGCCACGCT-1,1
GCTCCTAAGCTGTCTA-1,2
GCTCCTAAGGAACTGC-1,1
GCTCCTAAGGACAGAA-1,2
GCTCCTAAGTCGTTTG-1,4
GCTCCTACAGCCTGTG-1,1
GCTCCTACAGCGTAAG-1,1
GCTCCTACAGGAATGC-1,1
GCTCCTACAGGTCTCG-1,6
GCTCCTAGTCACTGGC-1,3
GCTCCTAGTGACAAAT-1,1
GCTCCTAGTTCGGCAC-1,1
GCTCCTATCACCAGGC-1,1
GCTCCTATCATCGATG-1,4
GCTCCTATCCAAGTAC-1,0
GCTCCTATCCTATGTT-1,0
GCTCCTATCCTTAATC-1,3
GCTCCTATCTTCCTTC-1,3
GCTCTGTAGAAGGGTA-1,2
GCTCTGTAGATATGCA-1,1
GCTCTGTAGATGTAAC-1,0
GCTCTGTAGGTGCAAC-1,0
GCTCTGTAGTAGTGCG-1,4
GCTCTGTCAAGAGGCT-1,0
GCTCTGTCAAGAGTCG-1,1
GCTCTGTCAATCCAAC-1,0
GCTCTGTCAATGGAAT-1,1
GCTCTGTCACAACTGT-1,5
GCTCTGTCATTTCAGG-1,2
GCTCTGTGTACCAGTT-1,7
GCTCTGTGTCGCGGTT-1,0
GCTCTGTGTGTGACGA-1,8
GCTCTGTTCAGTTAGC-1,2
GCTCTGTTCATAACCG-1,1
GCTCTGTTCATCGGAT-1,0
GCTCTGTTCCGAGCCA-1,8
GCTCTGTTCCTTGCCA-1,1
GCTCTGTTCGTAGGTT-1,0
GCTGCAGAGCCAGGAT-1,2
GCTGCAGAGCCGGTAA-1,4
GCTGCAGAGCTAAACA-1,1
GCTGCAGAGTACACCT-1,2
GCTGCAGCAAAGTCAA-1,2
GCTGCAGCACACATGT-1,4
GCTGCAGCACGGATAG-1,0
GCTGCAGCACTCTGTC-1,5
GCTGCAGCAGAGCCAA-1,0
GCTGCAGCATACTACG-1,1
GCTGCAGCATATACGC-1,2
GCTGCAGGTACAGCAG-1,3
GCTGCAGGTATCGCAT-1,0
GCTGCAGTCAGCGACC-1,3
GCTGCAGTCGAGCCCA-1,6
GCTGCAGTCGGAGGTA-1,1
GCTGCAGTCTGCTTGC-1,0
GCTGCGAAGACGACGT-1,1
GCTGCGAAGAGACGAA-1,0
GCTGCGAAGCAGGCTA-1,0
GCTGCGAAGTAGATGT-1,0
GCTGCGAAGTGTTTGC-1,0
GCTGCGACAGCGAACA-1,0
GCTGCGACAGGCTCAC-1,1
GCTGCGACAGTCTTCC-1,7
GCTGCGAGTACTCTCC-1,5
GCTGCGAGTCGAGTTT-1,5
GCTGCGATCCAGGGCT-1,2
GCTGCGATCCGCAAGC-1,4
GCTGCGATCTAAGCCA-1,1
GCTGCTTAGGATCGCA-1,1
GCTGCTTAGGCTAGGT-1,4
GCTGCTTAGGTCATCT-1,0
GCTGCTTAGTCCTCCT-1,5
GCTGCTTCAAGTCATC-1,2
GCTGCTTCACAGTCGC-1,3
GCTGCTTCACCGATAT-1,3
GCTGCTTCACCGTTGG-1,8
GCTGCTTCAGTACACT-1,4
GCTGCTTGTACAGACG-1,2
GCTGCTTGTTCGCGAC-1,5
GCTGCTTTCCCTAATT-1,6
GCTGCTTTCCTATTCA-1,0
GCTGCTTTCCTTGGTC-1,3
GCTGCTTTCGTGGACC-1,0
GCTGGGTAGAATCTCC-1,0
GCTGGGTAGATATGGT-1,0
GCTGGGTAGCCAGTAG-1,1
GCTGGGTAGCGATTCT-1,1
GCTGGGTAGCTAGTCT-1,2
GCTGGGTAGTCGTACT-1,0
GCTGGGTCAATGTTGC-1,2
GCTGGGTCACGTCAGC-1,1
GCTGGGTCACTTAAGC-1,7
GCTGGGTCATTGTGCA-1,2
GCTGGGTGTAGCTGCC-1,8
GCTGGGTGTCATATCG-1,4
GCTGGGTGTCGGCATC-1,2
GCTGGGTGTGACGGTA-1,1
GCTGGGTGTGTTCTTT-1,3
GCTGGGTGTTCCGTCT-1,0
GCTGGGTTCATAAAGG-1,3
GCTGGGTTCCTTGGTC-1,2
GCTGGGTTCTCACATT-1,2
GCTTCCAAGAATAGGG-1,2
GCTTCCAAGAGTACCG-1,1
GCTTCCAAGGGCACTA-1,5
GCTTCCAAGTGACTCT-1,2
GCTTCCACAAATCCGT-1,1
GCTTCCACAAGCCGCT-1,2
GCTTCCACAGATCTGT-1,6
GCTTCCAGTAAAGTCA-1,0
GCTTCCAGTAAGAGAG-1,0
GCTTCCAGTCGCATCG-1,3
GCTTCCAGTGACAAAT-1,2
GCTTCCATCCATTCTA-1,6
GCTTCCATCCCAGGTG-1,6
GCTTCCATCCTACAGA-1,1
GCTTCCATCTATCCCG-1,4
GCTTCCATCTGTGCAA-1,4
GCTTGAAAGACGCACA-1,0
GCTTGAAAGAGTCGGT-1,4
GCTTGAAAGCGTAATA-1,3
GCTTGAAAGCGTTGCC-1,2
GCTTGAAAGGTGATTA-1,2
GCTTGAAAGTGAACAT-1,0
GCTTGAAAGTTACCCA-1,5
GCTTGAACAAGGACTG-1,1
GCTTGAACAATAGAGT-1,1
GCTTGAACACAGACAG-1,0
GCTTGAACACATTTCT-1,0
GCTTGAACACCGCTAG-1,1
GCTTGAACACTATCTT-1,0
GCTTGAACACTTGGAT-1,2
GCTTGAACAGCGTAAG-1,1
GCTTGAACAGCTTCGG-1,1
GCTTGAACATACGCTA-1,2
GCTTGAACATTAACCG-1,0
GCTTGAAGTACCGTTA-1,1
GCTTGAAGTAGCTTGT-1,3
GCTTGAAGTCCATCCT-1,0
GCTTGAAGTCTTGTCC-1,0
GCTTGAAGTGGTAACG-1,2
GCTTGAAGTTTAAGCC-1,2
GCTTGAATCACCTTAT-1,1
GGAAAGCAGCCGTCGT-1,2
GGAAAGCAGCTATGCT-1,0
GGAAAGCAGTTGAGAT-1,1
GGAAAGCCACTGTTAG-1,4
GGAAAGCGTCTAGCCG-1,2
GGAAAGCTCACTGGGC-1,0
GGAAAGCTCATGTGGT-1,0
GGAAAGCTCGGTCTAA-1,3
GGAACTTAGCTAGTCT-1,4
GGAACTTAGTACACCT-1,7
GGAACTTAGTTGCAGG-1,3
GGAACTTCAACGATCT-1,1
GGAACTTCACTCGACG-1,0
GGAACTTCATGACATC-1,0
GGAACTTCATGCCTTC-1,0
GGAACTTCATTTGCTT-1,0
GGAACTTGTACACCGC-1,0
GGAACTTGTACAGCAG-1,2
GGAACTTGTACTCAAC-1,8
GGAACTTGTCGTGGCT-1,0
GGAACTTGTGCACGAA-1,0
GGAACTTTCAATCTCT-1,2
GGAACTTTCAGCCTAA-1,4
GGAACTTTCAGCTCGG-1,0
GGAACTTTCATGTGGT-1,0
GGAACTTTCCTAAGTG-1,4
GGAACTTTCGCCATAA-1,3
GGAACTTTCGTTTAGG-1,1
GGAACTTTCTGTCTCG-1,3
GGAATAAAGGACATTA-1,1
GGAATAAAGGACTGGT-1,0
GGAATAAAGGCTATCT-1,5
GGAATAAAGTAACCCT-1,0
GGAATAAAGTGGTAAT-1,1
GGAATAAAGTTCGATC-1,3
GGAATAACACTCAGGC-1,2
GGAATAACAGCATACT-1,2
GGAATAACAGCCACCA-1,1
GGAATAACATGGTCAT-1,0
GGAATAAGTACGCTGC-1,2
GGAATAAGTAGTACCT-1,2
GGAATAAGTATGAATG-1,0
GGAATAAGTGACAAAT-1,0
GGAATAAGTGGCCCTA-1,0
GGAATAAGTGGTACAG-1,3
GGAATAATCAACGAAA-1,2
GGAATAATCATATCGG-1,0
GGAATAATCATCGGAT-1,6
GGAATAATCATGCTCC-1,1
GGAATAATCCCATTTA-1,4
GGACAAGAGAGAACAG-1,1
GGACAAGAGCATGGCA-1,6
GGACAAGAGTCTCGGC-1,0
GGACAAGCAAAGTGCG-1,0
GGACAAGCAAATCCGT-1,0
GGACAAGCAATTGCTG-1,4
GGACAAGCACAACTGT-1,0
GGACAAGCACGTTGGC-1,2
GGACAAGCACTAGTAC-1,3
GGACAAGCATGCAACT-1,1
GGACAAGGTCTTGCGG-1,0
GGACAAGGTGCATCTA-1,8
GGACAAGGTGCTGTAT-1,0
GGACAAGGTGTTTGGT-1,4
GGACAAGGTTATCCGA-1,1
GGACAAGGTTATGTGC-1,3
GGACAAGGTTCGCTAA-1,2
GGACAAGTCAAACGGG-1,0
GGACAAGTCCCACTTG-1,1
GGACAGAAGACAAGCC-1,6
GGACAGAAGACAGACC-1,2
GGACAGAAGACCTAGG-1,0
GGACAGAAGAGCCCAA-1,3
GGACAGAAGCTGAAAT-1,4
GGACAGAAGGCGCTCT-1,4
GGACAGAAGGTAGCCA-1,2
GGACAGAAGTCGTACT-1,3
GGACAGAAGTCTTGCA-1,1
GGACAGACACGGCGTT-1,4
GGACAGACAGCCAATT-1,0
GGACAGACATTGAGCT-1,1
GGACAGAGTTGAGGTG-1,1
GGACAGATCCAAAGTC-1,2
GGACAGATCGTCCAGG-1,0
GGACAGATCTTGTATC-1,0
GGACATTAGTTGTAGA-1,2
GGACATTCACAGCCCA-1,0
GGACATTCACCATCCT-1,2
GGACATTCAGACACTT-1,0
GGACATTCAGGGTACA-1,0
GGACATTCATCGATTG-1,3
GGACATTCATCGGAAG-1,1
GGACATTCATGGATGG-1,8
GGACATTGTAACGCGA-1,3
GGACATTGTCTCAACA-1,2
GGACATTGTGACCAAG-1,0
GGACATTGTTTCGCTC-1,5
GGACATTTCAACACTG-1,1
GGACATTTCAATACCG-1,0
GGACATTTCACCATAG-1,1
GGACATTTCATTCACT-1,2
GGACATTTCGAATGCT-1,7
GGACATTTCTAACCGA-1,0
GGACGTCAGCATGGCA-1,0
GGACGTCCAAGGACTG-1,2
GGACGTCCACAGACAG-1,2
GGACGTCCAGCGAACA-1,2
GGACGTCCAGTTAACC-1,3
GGACGTCGTACAGACG-1,1
GGACGTCGTAGAAAGG-1,3
GGACGTCGTAGCGCTC-1,1
GGACGTCGTCCGAATT-1,0
GGACGTCGTCTTGCGG-1,4
GGACGTCGTGACCAAG-1,0
GGACGTCGTGAGCGAT-1,3
GGACGTCGTGATAAGT-1,5
GGACGTCGTTAAGGGC-1,0
GGACGTCGTTCCACGG-1,2
GGACGTCTCAAACGGG-1,0
GGACGTCTCCGCGTTT-1,1
GGACGTCTCGACCAGC-1,3
GGACGTCTCGGCGGTT-1,3
GGACGTCTCTTGTACT-1,8
GGAGCAAAGACCGGAT-1,0
GGAGCAAAGCGAAGGG-1,0
GGAGCAAAGCGCTTAT-1,0
GGAGCAAAGCTATGCT-1,2
GGAGCAAAGTCGATAA-1,3
GGAGCAACAAGCCCAC-1,3
GGAGCAACAAGTAGTA-1,0
GGAGCAACACATGGGA-1,4
GGAGCAACAGGCAGTA-1,1
GGAGCAAGTCGCTTCT-1,6
GGAGCAAGTTTCCACC-1,1
GGAGCAATCAACGCTA-1,1
GGAGCAATCACTCTTA-1,1
GGAGCAATCACTTACT-1,0
GGAGCAATCAGTGTTG-1,4
GGAGCAATCGGTGTTA-1,4
GGATGTTAGAGGTACC-1,3
GGATGTTAGCGTTGCC-1,0
GGATGTTAGGGAGTAA-1,0
GGATGTTAGTTTCCTT-1,0
GGATGTTCAAGAAGAG-1,0
GGATGTTCAATCGGTT-1,0
GGATGTTCACACATGT-1,4
GGATGTTCACACTGCG-1,4
GGATGTTCACATGTGT-1,0
GGATGTTCACGGCTAC-1,1
GGATGTTCAGGACCCT-1,1
GGATGTTCATGAACCT-1,5
GGATGTTGTAAGTGTA-1,1
GGATGTTGTAGCGATG-1,0
GGATGTTGTATCACCA-1,4
GGATGTTGTTCACCTC-1,1
GGATGTTTCAACGGGA-1,3
GGATGTTTCACATGCA-1,5
GGATGTTTCACCATAG-1,1
GGATGTTTCCAGGGCT-1,1
GGATGTTTCCATGAAC-1,2
GGATTACAGAGCTGCA-1,5
GGATTACAGCAATCTC-1,1
GGATTACAGCCAACAG-1,2
GGATTACAGCCAGTAG-1,4
GGATTACAGTGTTGAA-1,0
GGATTACCAACAACCT-1,3
GGATTACCAATCTGCA-1,3
GGATTACCAGAGCCAA-1,3
GGATTACCAGTATGCT-1,4
GGATTACGTCAGGACA-1,0
GGATTACGTCCGTTAA-1,0
GGATTACTCACCCGAG-1,0
GGATTACTCATGCAAC-1,4
GGATTACTCCATGCTC-1,8
GGATTACTCCCTAACC-1,0
GGATTACTCCGTACAA-1,1
GGATTACTCTTTACGT-1,7
GGCAATTAGAGAGCTC-1,1
GGCAATTAGGCTATCT-1,1
GGCAATTAGTAATCCC-1,6
GGCAATTAGTGAATTG-1,3
GGCAATTCAAAGTGCG-1,4
GGCAATTCAACTGCGC-1,3
GGCAATTCACGCGAAA-1,1
GGCAATTCACGGCGTT-1,2
GGCAATTCACGGTGTC-1,3
GGCAATTCACTGAAGG-1,0
GGCAATTGTCGTCTTC-1,2
GGCAATTTCACCCGAG-1,2
GGCAATTTCAGTGTTG-1,1
GGCAATTTCGTTGCCT-1,2
GGCAATTTCTCGATGA-1,2
GGCAATTTCTGTTGAG-1,3
GGCCGATAGCAATATG-1,2
GGCCGATAGCGTAGTG-1,4
GGCCGATAGCTCCTCT-1,3
GGCCGATAGGCTAGGT-1,5
GGCCGATAGTACGACG-1,0
GGCCGATAGTGCGATG-1,0
GGCCGATCACACTGCG-1,0
GGCCGATCACCACCAG-1,3
GGCCGATCAGCTTCGG-1,1
GGCCGATCAGTGGGAT-1,2
GGCCGATCATGAAGTA-1,0
GGCCGATCATTGGCGC-1,3
GGCCGATGTAACGCGA-1,3
GGCCGATGTAAGGGAA-1,3
GGCCGATGTGATGTGG-1,6
GGCCGATGTTATTCTC-1,2
GGCCGATGTTGAACTC-1,5
GGCCGATGTTGCGCAC-1,0
GGCCGATGTTGCTCCT-1,0
GGCCGATTCCGTAGTA-1,4
GGCCGATTCCTTGGTC-1,2
GGCCGATTCGGCTACG-1,1
GGCGACTAGCGTTCCG-1,0
GGCGACTAGGGCATGT-1,4
GGCGACTAGGTAAACT-1,0
GGCGACTAGTCATCCA-1,6
GGCGACTCAATCACAC-1,1
GGCGACTCACTCAGGC-1,0
GGCGACTCACTGTCGG-1,4
GGCGACTCAGAGCCAA-1,3
GGCGACTCAGTATGCT-1,5
GGCGACTCATCGGTTA-1,0
GGCGACTCATGGATGG-1,4
GGCGACTGTACGCACC-1,2
GGCGACTGTAGCGTAG-1,4
GGCGACTGTCCGAAGA-1,2
GGCGACTGTGAGTATA-1,7
GGCGACTTCACGGTTA-1,0
GGCGACTTCAGCTCTC-1,2
GGCGACTTCCTCAATT-1,0
GGCGACTTCGCGGATC-1,2
GGCGACTTCGTCCAGG-1,4
GGCGACTTCTTTACGT-1,7
GGCGTGTAGCCAACAG-1,0
GGCGTGTAGCCTCGTG-1,3
GGCGTGTAGCGCTTAT-1,4
GGCGTGTAGGTGTTAA-1,5
GGCGTGTCACCATGTA-1,0
GGCGTGTCACGACGAA-1,2
GGCGTGTCACGGCCAT-1,3
GGCGTGTCAGACTCGC-1,0
GGCGTGTCATCCGTGG-1,8
GGCGTGTCATGCTGGC-1,0
GGCGTGTCATTGGCGC-1,2
GGCGTGTGTAAACGCG-1,2
GGCGTGTGTCAATACC-1,1
GGCGTGTGTCGGCTCA-1,0
GGCGTGTGTGCAGTAG-1,1
GGCGTGTGTTAGATGA-1,2
GGCGTGTGTTCTGAAC-1,4
GGCGTGTTCACTATTC-1,0
GGCGTGTTCGACGGAA-1,4
GGCGTGTTCGTACCGG-1,1
GGCGTGTTCTCGGACG-1,2
GGCTCGAAGAGGACGG-1,1
GGCTCGAAGAGGTAGA-1,6
GGCTCGAAGATGCCAG-1,1
GGCTCGAAGGCATGGT-1,1
GGCTCGAAGGTCGGAT-1,0
GGCTCGAAGTCGAGTG-1,1
GGCTCGAAGTTATCGC-1,2
GGCTCGACAACTGGCC-1,5
GGCTCGACACATTCGA-1,2
GGCTCGACACCACCAG-1,1
GGCTCGACAGCTGTAT-1,3
GGCTCGACAGGATTGG-1,0
GGCTCGACAGTCGATT-1,2
GGCTCGACATGAGCGA-1,1
GGCTCGACATTAGGCT-1,4
GGCTCGAGTACAAGTA-1,2
GGCTCGAGTCGCGAAA-1,0
GGCTCGAGTCTACCTC-1,2
GGCTCGAGTCTTCTCG-1,2
GGCTCGAGTGCGATAG-1,1
GGCTCGAGTGCGGTAA-1,1
GGCTCGATCGGATGTT-1,1
GGCTCGATCTCTGCTG-1,2
GGCTGGTAGAAACGCC-1,1
GGCTGGTAGACAGACC-1,3
GGCTGGTAGGGATCTG-1,1
GGCTGGTAGTGTTAGA-1,1
GGCTGGTCAACGATGG-1,3
GGCTGGTCACCGTTGG-1,3
GGCTGGTCAGCTTCGG-1,3
GGCTGGTCAGTTCCCT-1,7
GGCTGGTCATCGGAAG-1,1
GGCTGGTCATTCCTCG-1,1
GGCTGGTGTACAAGTA-1,2
GGCTGGTGTATAGGTA-1,3
GGCTGGTGTCCTCCAT-1,4
GGCTGGTGTGCGAAAC-1,3
GGCTGGTGTTTCGCTC-1,8
GGCTGGTTCAGCAACT-1,0
GGCTGGTTCGCCTGTT-1,3
GGCTGGTTCGCTTAGA-1,1
GGCTGGTTCGTTGCCT-1,7
GGCTGGTTCTATGTGG-1,6
GGCTGGTTCTGCAGTA-1,0
GGCTGGTTCTTGCATT-1,1
GGGAATGAGAAGGCCT-1,0
GGGAATGAGATGGCGT-1,3
GGGAATGAGCCTATGT-1,2
GGGAATGCAAGCTGTT-1,1
GGGAATGCACCAGGCT-1,5
GGGAATGCATAGTAAG-1,0
GGGAATGCATGCAACT-1,3
GGGAATGGTAAAGGAG-1,6
GGGAATGGTTCGTCTC-1,0
GGGAATGTCACTTACT-1,0
GGGAATGTCCTTGGTC-1,0
GGGAATGTCGGTGTCG-1,0
GGGAATGTCTGATTCT-1,1
GGGACCTAGGACGAAA-1,6
GGGACCTAGTCAATAG-1,0
GGGACCTCAAACTGTC-1,1
GGGACCTCAAGACACG-1,0
GGGACCTCAAGCCGCT-1,0
GGGACCTCATGATCCA-1,0
GGGACCTCATTTGCTT-1,0
GGGACCTGTCAATACC-1,1
GGGACCTGTCACACGC-1,3
GGGACCTGTCTAGCGC-1,2
GGGACCTGTCTCCATC-1,2
GGGACCTGTTCCTCCA-1,4
GGGACCTGTTGGTTTG-1,4
GGGACCTTCCCGACTT-1,1
GGGACCTTCGATCCCT-1,4
GGGACCTTCGCAGGCT-1,0
GGGACCTTCTCAAGTG-1,0
GGGACCTTCTCTAGGA-1,1
GGGAGATAGAATTCCC-1,1
GGGAGATAGAGGACGG-1,4
GGGAGATAGCATGGCA-1,0
GGGAGATAGTGGGATC-1,3
GGGAGATAGTGGTCCC-1,2
GGGAGATCAAATTGCC-1,3
GGGAGATCACATCCGG-1,4
GGGAGATCACCTCGTT-1,8
GGGAGATCAGTGACAG-1,0
GGGAGATCATTATCTC-1,0
GGGAGATTCCAGGGCT-1,0
GGGAGATTCGCGGATC-1,8
GGGATGAAGTGGTCCC-1,0
GGGATGACATGAAGTA-1,1
GGGATGACATGCTAGT-1,1
GGGATGAGTAGCGATG-1,0
GGGATGAGTAGGGACT-1,2
GGGATGAGTGGCTCCA-1,0
GGGATGAGTTCACGGC-1,4
GGGATGATCACAATGC-1,0
GGGATGATCAGAAATG-1,0
GGGATGATCAGAGGTG-1,0
GGGATGATCGCACTCT-1,3
GGGATGATCGCTAGCG-1,2
GGGATGATCGGTCTAA-1,0
GGGATGATCGTCACGG-1,0
GGGATGATCTGGTGTA-1,0
GGGATGATCTTAGCCC-1,3
GGGCACTAGCTGATAA-1,1
GGGCACTAGTACGACG-1,0
GGGCACTAGTCTCCTC-1,0
GGGCACTAGTTTAGGA-1,0
GGGCACTCACCACGTG-1,0
GGGCACTCAGGCAGTA-1,4
GGGCACTCAGTCACTA-1,0
GGGCACTCATGCAACT-1,2
GGGCACTCATGCTGGC-1,2
GGGCACTGTAAGAGGA-1,0
GGGCACTGTACGCTGC-1,0
GGGCACTGTGACCAAG-1,2
GGGCACTGTGCAGTAG-1,2
GGGCACTGTGGAAAGA-1,2
GGGCACTTCAGAAATG-1,1
GGGCACTTCCAGTAGT-1,5
GGGCACTTCCCGACTT-1,1
GGGCACTTCCTTGACC-1,2
GGGCACTTCTAGCACA-1,4
GGGCACTTCTCGTATT-1,5
GGGCACTTCTGATTCT-1,1
GGGCATCAGATGAGAG-1,0
GGGCATCAGGGAACGG-1,0
GGGCATCAGGTGACCA-1,2
GGGCATCCAATGTAAG-1,0
GGGCATCCACACGCTG-1,0
GGGCATCCACCAGGTC-1,0
GGGCATCCACGGATAG-1,4
GGGCATCCATAAAGGT-1,4
GGGCATCGTCGCATAT-1,8
GGGCATCGTCGCTTCT-1,0
GGGCATCGTCTCACCT-1,2
GGGCATCGTCTTGTCC-1,0
GGGCATCGTGGTACAG-1,0
GGGCATCGTTCAGGCC-1,2
GGGCATCTCCCGACTT-1,3
GGGCATCTCGAACTGT-1,1
GGGCATCTCTCTAAGG-1,0
GGGCATCTCTGCCAGG-1,4
GGGTCTGAGCCCAGCT-1,1
GGGTCTGAGCTGAACG-1,4
GGGTCTGAGGAGTTTA-1,0
GGGTCTGAGGATCGCA-1,0
GGGTCTGAGGGAGTAA-1,0
GGGTCTGAGGTGCAAC-1,4
GGGTCTGAGTCGAGTG-1,1
GGGTCTGAGTGACTCT-1,4
GGGTCTGCAAGAGGCT-1,2
GGGTCTGCACAAGACG-1,1
GGGTCTGCACATGGGA-1,0
GGGTCTGCACTGAAGG-1,1
GGGTCTGCAGACACTT-1,8
GGGTCTGCAGCTATTG-1,4
GGGTCTGCAGGTCTCG-1,1
GGGTCTGGTAGCGCAA-1,2
GGGTCTGGTAGGCATG-1,0
GGGTCTGGTCTGATCA-1,2
GGGTCTGGTCTGATTG-1,0
GGGTCTGGTGATAAAC-1,2
GGGTCTGGTTAAGACA-1,4
GGGTCTGGTTACGCGC-1,2
GGGTCTGTCAAACCAC-1,7
GGGTCTGTCACCATAG-1,1
GGGTCTGTCACCTTAT-1,0
GGGTCTGTCCCAAGAT-1,2
GGGTCTGTCGAATGGG-1,2
GGGTCTGTCGAGAACG-1,2
GGGTCTGTCGTTACAG-1,1
GGGTCTGTCTGGCGTG-1,1
GGGTCTGTCTTACCTA-1,2
GGGTTGCAGAGCCTAG-1,0
GGGTTGCAGTTCGATC-1,3
GGGTTGCCAAAGTGCG-1,0
GGGTTGCGTACCGTAT-1,0
GGGTTGCGTAGAAAGG-1,2
GGGTTGCGTCATATGC-1,3
GGGTTGCGTTCGGCAC-1,0
GGGTTGCTCACCGGGT-1,2
GGGTTGCTCACGCATA-1,1
GGGTTGCTCACTCTTA-1,1
GGGTTGCTCAGCATGT-1,3
GGGTTGCTCAGGTAAA-1,3
GGGTTGCTCATGTGGT-1,4
GGGTTGCTCCAAAGTC-1,0
GGGTTGCTCCAGAAGG-1,5
GGGTTGCTCCATGCTC-1,0
GGGTTGCTCTATCCTA-1,4
GGGTTGCTCTTGCAAG-1,1
GGTATTGAGAAACCAT-1,4
GGTATTGAGACCGGAT-1,6
GGTATTGAGAGTACAT-1,0
GGTATTGAGCTCCCAG-1,6
GGTATTGAGGTACTCT-1,2
GGTATTGAGGTGACCA-1,0
GGTATTGAGTGGGTTG-1,2
GGTATTGCAACACCTA-1,0
GGTATTGCAAGAAGAG-1,0
GGTATTGCAATGGAAT-1,4
GGTATTGCATCGGACC-1,1
GGTATTGGTACTCTCC-1,4
GGTATTGGTAGGCTGA-1,1
GGTATTGGTCGCGTGT-1,4
GGTATTGGTGGTCTCG-1,2
GGTATTGGTGTTTGGT-1,4
GGTATTGGTTGGTGGA-1,0
GGTATTGTCGGTTCGG-1,1
GGTGAAGAGACTCGGA-1,3
GGTGAAGAGCCAGAAC-1,0
GGTGAAGAGCGAAGGG-1,4
GGTGAAGAGTCTCGGC-1,0
GGTGAAGAGTGGGTTG-1,4
GGTGAAGAGTTACCCA-1,2
GGTGAAGCAAGCGCTC-1,0
GGTGAAGCAGCCAGAA-1,0
GGTGAAGCAGTTAACC-1,4
GGTGAAGGTAAAGGAG-1,3
GGTGAAGGTAACGTTC-1,1
GGTGAAGGTAAGTAGT-1,0
GGTGAAGGTCGAAAGC-1,1
GGTGAAGGTGGTACAG-1,7
GGTGAAGTCAACCATG-1,1
GGTGAAGTCACCCTCA-1,1
GGTGAAGTCACGCGGT-1,3
GGTGAAGTCCACTCCA-1,2
GGTGAAGTCCGTCATC-1,2
GGTGAAGTCGGCGGTT-1,3
GGTGAAGTCTGCTGCT-1,0
GGTGCGTAGCTACCTA-1,4
GGTGCGTAGCTGATAA-1,0
GGTGCGTAGTGAAGAG-1,0
GGTGCGTCACATAACC-1,1
GGTGCGTCACTCGACG-1,2
GGTGCGTCAGAGTGTG-1,3
GGTGCGTCAGTAAGAT-1,3
GGTGCGTGTACCGAGA-1,3
GGTGCGTGTCATATGC-1,1
GGTGCGTGTCTCAACA-1,2
GGTGCGTGTCTCTCTG-1,1
GGTGCGTGTGAGGCTA-1,3
GGTGCGTGTTACCGAT-1,1
GGTGCGTTCAAACCGT-1,1
GGTGCGTTCACATGCA-1,2
GGTGCGTTCACCATAG-1,5
GGTGCGTTCCAAACAC-1,1
GGTGCGTTCCACGAAT-1,4
GGTGTTAAGCCACGTC-1,2
GGTGTTAAGGACATTA-1,0
GGTGTTAAGTATTGGA-1,4
GGTGTTAAGTGAAGTT-1,6
GGTGTTACAAGAAAGG-1,6
GGTGTTAGTACAGACG-1,2
GGTGTTAGTCGGGTCT-1,1
GGTGTTATCAATAAGG-1,4
GGTGTTATCACATAGC-1,6
GGTGTTATCCAAAGTC-1,0
GGTGTTATCGAGCCCA-1,1
GGTGTTATCGGAAATA-1,1
GGTGTTATCGGCCGAT-1,0
GTAACGTAGATCGATA-1,3
GTAACGTCAAGTAGTA-1,0
GTAACGTCACGGATAG-1,0
GTAACGTCAGACAAGC-1,5
GTAACGTCAGCTGTGC-1,4
GTAACGTGTAGCTAAA-1,1
GTAACGTGTCTTGATG-1,2
GTAACGTGTGTGACGA-1,2
GTAACGTGTTACTGAC-1,1
GTAACGTTCGTTACAG-1,0
GTAACGTTCTGCCAGG-1,4
GTAACTGAGAAGGTGA-1,3
GTAACTGAGAGCTATA-1,2
GTAACTGAGATGTCGG-1,3
GTAACTGAGTCACGCC-1,4
GTAACTGCAAGGTTTC-1,2
GTAACTGCACCAGCAC-1,1
GTAACTGCACCAGGCT-1,2
GTAACTGCACTCGACG-1,1
GTAACTGCAGCTGCAC-1,4
GTAACTGCATAAGACA-1,0
GTAACTGCATTCCTCG-1,2
GTAACTGGTACCTACA-1,0
GTAACTGGTGGACGAT-1,0
GTAACTGTCAACTCTT-1,1
GTAACTGTCCAAGCCG-1,1
GTAACTGTCTAACGGT-1,1
GTACGTAAGAGACGAA-1,3
GTACGTACAAGACGTG-1,0
GTACGTACAAGCCATT-1,3
GTACGTACAATCCGAT-1,3
GTACGTACACTTCGAA-1,1
GTACGTAGTCAACTGT-1,0
GTACGTAGTCTTTCAT-1,0
GTACGTAGTGACTACT-1,0
GTACGTAGTTGGTGGA-1,2
GTACGTATCAAAGTAG-1,1
GTACGTATCCTCCTAG-1,1
GTACGTATCTTAGCCC-1,4
GTACTCCAGAAGGTGA-1,1
GTACTCCAGAGCCCAA-1,4
GTACTCCAGAGGACGG-1,3
GTACTCCAGATAGTCA-1,0
GTACTCCCACCGCTAG-1,3
GTACTCCCATCAGTAC-1,2
GTACTCCGTAAATGTG-1,3
GTACTCCGTCGCTTCT-1,1
GTACTCCGTTATCCGA-1,4
GTACTCCGTTGCTCCT-1,0
GTACTCCGTTTAAGCC-1,0
GTACTCCTCAGGATCT-1,4
GTACTCCTCAGGCAAG-1,4
GTACTCCTCCACTGGG-1,1
GTACTCCTCCTAGAAC-1,0
GTACTCCTCTGAGGGA-1,2
GTACTCCTCTTAACCT-1,3
GTACTCCTCTTGCATT-1,0
GTACTTTAGATGTAAC-1,3
GTACTTTAGCACCGCT-1,3
GTACTTTAGCGCCTCA-1,2
GTACTTTAGCGCTTAT-1,2
GTACTTTAGCTAAGAT-1,5
GTACTTTAGTACGCGA-1,0
GTACTTTCACCGAAAG-1,5
GTACTTTCAGATTGCT-1,1
GTACTTTCAGCCTGTG-1,0
GTACTTTCATACTACG-1,1
GTACTTTGTAGCACGA-1,1
GTACTTTGTCTGGTCG-1,1
GTACTTTGTCTTGCGG-1,0
GTACTTTGTGGCCCTA-1,4
GTACTTTGTTTGGCGC-1,0
GTACTTTTCAACCAAC-1,1
GTACTTTTCAATACCG-1,1
GTACTTTTCCGCAAGC-1,3
GTACTTTTCGCTGATA-1,1
GTACTTTTCGGCTACG-1,1
GTACTTTTCTGCAGTA-1,0
GTAGGCCAGCGTGTCC-1,0
GTAGGCCAGCTTCGCG-1,0
GTAGGCCAGTCCGTAT-1,0
GTAGGCCCAATGACCT-1,1
GTAGGCCCAATGCCAT-1,0
GTAGGCCCACGGTAAG-1,0
GTAGGCCCACTTAACG-1,0
GTAGGCCCAGGACCCT-1,1
GTAGGCCGTAACGTTC-1,1
GTAGGCCGTAGCTTGT-1,3
GTAGGCCGTATAGGGC-1,2
GTAGGCCGTCGCCATG-1,0
GTAGGCCGTTCACCTC-1,2
GTAGGCCGTTGCTCCT-1,5
GTAGGCCTCCTAGGGC-1,4
GTAGGCCTCTATCCTA-1,2
GTAGTCAAGAGGTTGC-1,0
GTAGTCAAGATAGTCA-1,1
GTAGTCAAGATTACCC-1,4
GTAGTCAAGCTGAAAT-1,4
GTAGTCAAGGACGAAA-1,1
GTAGTCAAGGAGTACC-1,1
GTAGTCAAGGGCACTA-1,5
GTAGTCAAGGGCATGT-1,2
GTAGTCAAGGTCGGAT-1,3
GTAGTCAAGTCATCCA-1,0
GTAGTCAAGTTCCACA-1,1
GTAGTCACACCACCAG-1,0
GTAGTCACAGCCTATA-1,6
GTAGTCACAGCCTTTC-1,3
GTAGTCACATCCCATC-1,3
GTAGTCAGTAAAGTCA-1,2
GTAGTCAGTACGACCC-1,2
GTAGTCAGTACGCACC-1,4
GTAGTCAGTATGAAAC-1,1
GTAGTCAGTCCATCCT-1,0
GTAGTCAGTCTCGTTC-1,0
GTAGTCAGTTAAGTAG-1,1
GTAGTCAGTTTGTTTC-1,3
GTAGTCATCCATTCTA-1,1
GTAGTCATCGACCAGC-1,3
GTAGTCATCGTCGTTC-1,4
GTAGTCATCTGGGCCA-1,3
GTAGTCATCTTGCAAG-1,2
GTATCTTAGAAGATTC-1,0
GTATCTTAGCCAGTAG-1,1
GTATCTTAGTATCTCG-1,2
GTATCTTAGTGAATTG-1,0
GTATCTTAGTGCGTGA-1,3
GTATCTTAGTGTTTGC-1,1
GTATCTTCAATCCGAT-1,1
GTATCTTCACAACGTT-1,3
GTATCTTCACTGTCGG-1,3
GTATCTTCAGTACACT-1,3
GTATCTTCAGTGACAG-1,2
GTATCTTGTCACTGGC-1,2
GTATCTTGTCGTGGCT-1,1
GTATCTTGTCTCTTTA-1,1
GTATCTTGTGAACCTT-1,2
GTATCTTGTTTGCATG-1,0
GTATCTTTCAAAGTAG-1,0
GTATCTTTCAGGATCT-1,6
GTATCTTTCAGTGCAT-1,6
GTATTCTAGACAAAGG-1,0
GTATTCTAGATATACG-1,4
GTATTCTAGCGTCAAG-1,1
GTATTCTAGCGTTGCC-1,4
GTATTCTAGGACGAAA-1,0
GTATTCTAGGGTTTCT-1,3
GTATTCTAGTCATCCA-1,3
GTATTCTAGTTGTCGT-1,0
GTATTCTCAACTGCTA-1,8
GTATTCTCAAGTTCTG-1,1
GTATTCTCACGGCGTT-1,4
GTATTCTCAGCTATTG-1,0
GTATTCTGTCCGAATT-1,1
GTATTCTGTCTAGCGC-1,0
GTATTCTGTGCGGTAA-1,3
GTATTCTGTTGATTGC-1,0
GTATTCTTCAGCTCGG-1,4
GTATTCTTCAGTGCAT-1,2
GTATTCTTCGGAAATA-1,0
GTATTCTTCGTTGCCT-1,0
GTATTCTTCTGAGTGT-1,1
GTATTCTTCTTCGAGA-1,0
GTCAAGTAGCAATATG-1,1
GTCAAGTAGCCACGCT-1,1
GTCAAGTAGGAGTCTG-1,0
GTCAAGTAGGCAATTA-1,2
GTCAAGTAGGGCTCTC-1,2
GTCAAGTAGGTGCACA-1,1
GTCAAGTCAAGCGCTC-1,0
GTCAAGTCACAGGTTT-1,4
GTCAAGTCACGCATCG-1,0
GTCAAGTCACTCGACG-1,0
GTCAAGTGTACAGTGG-1,5
GTCAAGTGTATGCTTG-1,3
GTCAAGTTCATAGCAC-1,3
GTCAAGTTCATCGGAT-1,3
GTCAAGTTCTCGGACG-1,8
GTCAAGTTCTTCGAGA-1,2
GTCACAAAGACCCACC-1,0
GTCACAAAGGGTCTCC-1,1
GTCACAAAGTACCGGA-1,7
GTCACAACAACGATGG-1,3
GTCACAACACAGGCCT-1,1
GTCACAACAGTCGTGC-1,0
GTCACAACATACTCTT-1,4
GTCACAACATGCCCGA-1,0
GTCACAAGTACTCAAC-1,1
GTCACAAGTAGATTAG-1,2
GTCACAAGTGCAGGTA-1,0
GTCACAAGTGCAGTAG-1,1
GTCACAAGTGTCGCTG-1,6
GTCACAAGTGTTGAGG-1,2
GTCACAAGTTGAACTC-1,2
GTCACAAGTTGTCGCG-1,1
GTCACAATCTCTTGAT-1,0
GTCACAATCTTTCCTC-1,0
GTCACGGAGGTTACCT-1,4
GTCACGGAGTACGACG-1,2
GTCACGGCAAATTGCC-1,0
GTCACGGCAAGAAGAG-1,4
GTCACGGCAAGTCTAC-1,0
GTCACGGGTATGAAAC-1,1
GTCACGGGTCCATCCT-1,0
GTCACGGGTCGCTTTC-1,4
GTCACGGGTCTAAAGA-1,0
GTCACGGGTGCGGTAA-1,2
GTCACGGGTTGTTTGG-1,0
GTCACGGTCAACACAC-1,3
GTCACGGTCAGGCAAG-1,1
GTCACGGTCAGTTGAC-1,0
GTCACGGTCGGACAAG-1,4
GTCATTTAGAAACGAG-1,1
GTCATTTAGGATTCGG-1,4
GTCATTTAGTCTCGGC-1,4
GTCATTTAGTTTGCGT-1,0
GTCATTTCAAGCCATT-1,0
GTCATTTGTAATTGGA-1,3
GTCATTTGTACACCGC-1,3
GTCATTTGTCAATACC-1,5
GTCATTTGTCCAGTTA-1,4
GTCATTTTCAGCGACC-1,3
GTCATTTTCAGTACGT-1,0
GTCATTTTCCACGTGG-1,2
GTCATTTTCCCATTAT-1,1
GTCCTCAAGAATTGTG-1,4
GTCCTCAAGACGACGT-1,2
GTCCTCAAGATATGCA-1,1
GTCCTCAAGCTAGGCA-1,2
GTCCTCAAGTACGATA-1,0
GTCCTCAAGTGGTAAT-1,1
GTCCTCACAATGTAAG-1,0
GTCCTCACACAGGCCT-1,2
GTCCTCACAGCTGGCT-1,1
GTCCTCACAGGTCCAC-1,2
GTCCTCACAGTCAGAG-1,0
GTCCTCACAGTCAGCC-1,0
GTCCTCAGTCTCAACA-1,2
GTCCTCAGTCTTGTCC-1,0
GTCCTCAGTGGAAAGA-1,0
GTCCTCATCAACACCA-1,8
GTCCTCATCAAGCCTA-1,3
GTCCTCATCAAGGCTT-1,3
GTCCTCATCAGTTGAC-1,2
GTCCTCATCATGCAAC-1,0
GTCCTCATCCATGCTC-1,4
GTCCTCATCGAACTGT-1,0
GTCCTCATCGGCTACG-1,3
GTCCTCATCGTAGGAG-1,1
GTCGGGTAGACAAAGG-1,5
GTCGGGTAGAGTCGGT-1,0
GTCGGGTAGATGTCGG-1,0
GTCGGGTCAAACAACA-1,2
GTCGGGTCAATGGAGC-1,4
GTCGGGTCACCCTATC-1,5
GTCGGGTCAGAGTGTG-1,4
GTCGGGTCATATACCG-1,2
GTCGGGTCATCCGGGT-1,0
GTCGGGTCATGGATGG-1,1
GTCGGGTGTAATAGCA-1,1
GTCGGGTGTCGGGTCT-1,1
GTCGGGTGTCTCGTTC-1,0
GTCGGGTGTGGTAACG-1,0
GTCGGGTGTGGTACAG-1,0
GTCGGGTGTTATCACG-1,1
GTCGGGTGTTCAGGCC-1,0
GTCGGGTGTTGAGTTC-1,2
GTCGGGTTCAAGGCTT-1,1
GTCGGGTTCACCTCGT-1,1
GTCGGGTTCCAAACTG-1,0
GTCGGGTTCCAATGGT-1,7
GTCGGGTTCGCTAGCG-1,2
GTCGGGTTCTGCGGCA-1,0
GTCGTAAAGACAAGCC-1,7
GTCGTAAAGACAGGCT-1,1
GTCGTAAAGCCACCTG-1,2
GTCGTAAAGCGTTGCC-1,0
GTCGTAAAGGGAAACA-1,4
GTCGTAACAACTGCGC-1,0
GTCGTAACAACTTGAC-1,0
GTCGTAACAAGAAAGG-1,1
GTCGTAACAAGCTGTT-1,2
GTCGTAACAGTCAGAG-1,0
GTCGTAACATAAGACA-1,1
GTCGTAACATACTACG-1,2
GTCGTAAGTCTCCCTA-1,6
GTCGTAAGTGCACTTA-1,1
GTCGTAAGTGCCTGTG-1,4
GTCGTAAGTTGATTCG-1,4
GTCGTAATCACAACGT-1,0
GTCGTAATCACCCTCA-1,3
GTCGTAATCGTGTAGT-1,4
GTCTCGTAGAAACCGC-1,1
GTCTCGTAGAATGTGT-1,4
GTCTCGTAGACCTTTG-1,0
GTCTCGTAGTACGCCC-1,3
GTCTCGTAGTGGGTTG-1,2
GTCTCGTAGTTACCCA-1,1
GTCTCGTCAAGCGAGT-1,0
GTCTCGTCAGGCAGTA-1,1
GTCTCGTCATGAGCGA-1,0
GTCTCGTGTATTACCG-1,3
GTCTCGTGTCTCGTTC-1,2
GTCTCGTGTCTCTTTA-1,1
GTCTCGTGTCTGATTG-1,2
GTCTCGTGTGGCTCCA-1,1
GTCTCGTTCCTTGACC-1,0
GTCTCGTTCGGAGGTA-1,4
GTCTCGTTCTGCGACG-1,4
GTCTCGTTCTGTTTGT-1,2
GTCTCGTTCTTGCCGT-1,4
GTCTTCGAGATACACA-1,4
GTCTTCGAGATGCCAG-1,0
GTCTTCGAGCAGCCTC-1,2
GTCTTCGAGGAACTGC-1,1
GTCTTCGAGGTACTCT-1,4
GTCTTCGAGTTTCCTT-1,0
GTCTTCGCAACACGCC-1,1
GTCTTCGGTAGAGCTG-1,2
GTCTTCGGTAGCACGA-1,5
GTCTTCGGTAGCGTCC-1,0
GTCTTCGGTCTCTTAT-1,0
GTCTTCGGTGCACTTA-1,5
GTCTTCGTCAGTACGT-1,2
GTCTTCGTCGTAGGTT-1,0
GTCTTCGTCTACCAGA-1,1
GTCTTCGTCTGTCTAT-1,4
GTCTTCGTCTTGAGAC-1,1
GTGAAGGAGAAGGCCT-1,4
GTGAAGGAGAATCTCC-1,1
GTGAAGGAGAATTCCC-1,1
GTGAAGGAGAGCAATT-1,1
GTGAAGGAGCCCAACC-1,2
GTGAAGGAGTACATGA-1,1
GTGAAGGCACACAGAG-1,3
GTGAAGGCAGGCAGTA-1,0
GTGAAGGCAGGCTCAC-1,1
GTGAAGGCATTGTGCA-1,2
GTGAAGGGTATATGAG-1,4
GTGAAGGGTCCCGACA-1,4
GTGAAGGGTCTAGAGG-1,1
GTGAAGGGTTATTCTC-1,0
GTGAAGGTCATCATTC-1,0
GTGAAGGTCCCTTGCA-1,1
GTGAAGGTCTGCGGCA-1,0
GTGAAGGTCTGTCTCG-1,2
GTGCAGCAGACTGTAA-1,0
GTGCAGCAGCGATCCC-1,2
GTGCAGCAGCTGCAAG-1,6
GTGCAGCAGTAACCCT-1,4
GTGCAGCCAAACCTAC-1,7
GTGCAGCCAAAGCGGT-1,0
GTGCAGCCAATGACCT-1,1
GTGCAGCCACTTACGA-1,8
GTGCAGCCATCTGGTA-1,3
GTGCAGCGTCTTTCAT-1,3
GTGCAGCGTGACCAAG-1,4
GTGCAGCGTGTGAATA-1,3
GTGCAGCGTGTGCGTC-1,0
GTGCAGCGTGTTCTTT-1,0
GTGCAGCGTTAGGGTG-1,0
GTGCAGCTCAGAAATG-1,0
GTGCAGCTCTGGCGAC-1,0
GTGCATAAGAGTAATC-1,3
GTGCATAAGCCACGTC-1,1
GTGCATAAGGAATCGC-1,2
GTGCATAAGGGAACGG-1,1
GTGCATAAGTAGTGCG-1,3
GTGCATACAAAGAATC-1,4
GTGCATACAAATACAG-1,3
GTGCATACAATCTGCA-1,1
GTGCATACAGCCTTTC-1,1
GTGCATACATGGATGG-1,3
GTGCATAGTAGTACCT-1,5
GTGCATAGTCTCCCTA-1,1
GTGCATAGTTAAAGAC-1,0
GTGCATAGTTCCGGCA-1,3
GTGCATATCAAGCCTA-1,0
GTGCATATCACGAAGG-1,3
GTGCATATCAGTTCGA-1,1
GTGCATATCCAACCAA-1,0
GTGCATATCCTTTACA-1,3
GTGCATATCGTATCAG-1,2
GTGCATATCGTTACAG-1,0
GTGCATATCTCGATGA-1,0
GTGCGGTAGAAGGCCT-1,1
GTGCGGTAGAGACGAA-1,1
GTGCGGTAGGCCCGTT-1,3
GTGCGGTCAATAGCGG-1,5
GTGCGGTCACACGCTG-1,4
GTGCGGTCACGCCAGT-1,0
GTGCGGTCAGTCGATT-1,1
GTGCGGTCATATACCG-1,1
GTGCGGTGTATTAGCC-1,0
GTGCGGTGTCCGTGAC-1,3
GTGCGGTGTGATGTCT-1,1
GTGCGGTGTTAAGAAC-1,1
GTGCGGTGTTCCACGG-1,0
GTGCGGTGTTTGCATG-1,0
GTGCGGTTCAGCCTAA-1,1
GTGCGGTTCCTATTCA-1,1
GTGCGGTTCGAGGTAG-1,4
GTGCGGTTCGTGGACC-1,0
GTGCTTCAGGCATGTG-1,4
GTGCTTCAGGCCGAAT-1,1
GTGCTTCAGTCATGCT-1,1
GTGCTTCAGTCCGTAT-1,3
GTGCTTCCACGACGAA-1,0
GTGCTTCCAGGTCCAC-1,1
GTGCTTCCAGTCTTCC-1,4
GTGCTTCCATAGTAAG-1,4
GTGCTTCGTGATGTCT-1,0
GTGCTTCGTGTTTGGT-1,2
GTGCTTCGTGTTTGTG-1,3
GTGCTTCTCAAGCCTA-1,2
GTGCTTCTCCCTCTTT-1,0
GTGCTTCTCGTTGACA-1,0
GTGCTTCTCTGGTGTA-1,3
GTGCTTCTCTTGACGA-1,0
GTGGGTCAGAAGATTC-1,6
GTGGGTCAGCTAGTCT-1,8
GTGGGTCAGGAGTCTG-1,3
GTGGGTCAGGCGTACA-1,2
GTGGGTCCAAGTAGTA-1,0
GTGGGTCCAATCCAAC-1,3
GTGGGTCCAGTATAAG-1,1
GTGGGTCCATCACGTA-1,0
GTGGGTCGTCAAGCGA-1,3
GTGGGTCGTCACCTAA-1,4
GTGGGTCGTCCAACTA-1,1
GTGGGTCGTCCGAGTC-1,5
GTGGGTCGTGTGGTTT-1,1
GTGGGTCGTGTGTGCC-1,4
GTGGGTCGTTTCGCTC-1,3
GTGGGTCTCATAGCAC-1,4
GTGGGTCTCATATCGG-1,2
GTGGGTCTCTACTTAC-1,3
GTGGGTCTCTTTACAC-1,3
GTGTGCGAGACACTAA-1,0
GTGTGCGAGCGACGTA-1,1
GTGTGCGAGCGTGAAC-1,1
GTGTGCGAGCTAAGAT-1,0
GTGTGCGAGGACACCA-1,1
GTGTGCGAGTCGAGTG-1,7
GTGTGCGAGTCTCCTC-1,2
GTGTGCGAGTTTCCTT-1,2
GTGTGCGCACGAAATA-1,0
GTGTGCGCAGGATTGG-1,3
GTGTGCGCATCTATGG-1,5
GTGTGCGCATGCCACG-1,6
GTGTGCGGTACCGCTG-1,2
GTGTGCGGTCAGATAA-1,3
GTGTGCGGTCTCCACT-1,2
GTGTGCGGTTTGTTGG-1,1
GTGTGCGTCGAGGTAG-1,0
GTGTGCGTCGCGATCG-1,3
GTGTGCGTCGTTGCCT-1,3
GTGTGCGTCTGGTTCC-1,3
GTGTTAGAGAATGTGT-1,1
GTGTTAGAGACAGACC-1,7
GTGTTAGAGAGCTGGT-1,1
GTGTTAGAGATAGGAG-1,1
GTGTTAGAGCGGATCA-1,0
GTGTTAGAGGCTCATT-1,3
GTGTTAGAGTGGTAAT-1,8
GTGTTAGCAAATCCGT-1,1
GTGTTAGCAAGGCTCC-1,0
GTGTTAGCAAGGGTCA-1,1
GTGTTAGCACAGATTC-1,0
GTGTTAGCAGGGCATA-1,1
GTGTTAGCATGCAATC-1,0
GTGTTAGGTACGACCC-1,0
GTGTTAGGTAGAAAGG-1,3
GTGTTAGGTAGCACGA-1,0
GTGTTAGGTCCTCCAT-1,5
GTGTTAGGTGTCAATC-1,0
GTGTTAGGTTGATTGC-1,1
GTGTTAGTCAAACCAC-1,3
GTGTTAGTCGTTGCCT-1,3
GTGTTAGTCTTGAGAC-1,2
GTTAAGCAGATGCCTT-1,8
GTTAAGCAGCCAGAAC-1,3
GTTAAGCAGCCCTAAT-1,1
GTTAAGCCAATAGCGG-1,0
GTTAAGCCACATGGGA-1,3
GTTAAGCCAGCTTCGG-1,0
GTTAAGCCATGGGACA-1,4
GTTAAGCCATTGGTAC-1,0
GTTAAGCGTACCTACA-1,6
GTTAAGCGTAGATTAG-1,1
GTTAAGCGTATATGAG-1,2
GTTAAGCGTCCATGAT-1,3
GTTAAGCGTTCCATGA-1,1
GTTAAGCTCATGGTCA-1,3
GTTAAGCTCCTTAATC-1,4
GTTAAGCTCGTTTAGG-1,6
GTTACAGAGAAACCAT-1,1
GTTACAGAGCAATATG-1,2
GTTACAGAGCCCAGCT-1,1
GTTACAGAGGCGCTCT-1,0
GTTACAGAGTGAAGAG-1,3
GTTACAGCAACCGCCA-1,4
GTTACAGCAAGCCTAT-1,3
GTTACAGCAGGATTGG-1,1
GTTACAGCATACTACG-1,3
GTTACAGGTAAACACA-1,4
GTTACAGGTAACGACG-1,2
GTTACAGGTAGGCTGA-1,0
GTTACAGGTCCAAGTT-1,2
GTTACAGGTCCTCTTG-1,3
GTTACAGGTCTCTTTA-1,0
GTTACAGGTCTTCTCG-1,4
GTTACAGGTGTTGAGG-1,4
GTTACAGGTGTTTGTG-1,1
GTTACAGTCCAGGGCT-1,8
GTTACAGTCCGAAGAG-1,1
GTTACAGTCGCATGAT-1,0
GTTACAGTCGTCGTTC-1,8
GTTACAGTCTATCCTA-1,3
GTTACAGTCTCACATT-1,1
GTTACAGTCTCCCTGA-1,1
GTTCATTAGCTGATAA-1,0
GTTCATTAGGCTATCT-1,1
GTTCATTAGGGAAACA-1,2
GTTCATTCATCGTCGG-1,0
GTTCATTGTACGAAAT-1,0
GTTCATTGTCAATACC-1,1
GTTCATTGTCCAGTTA-1,3
GTTCATTGTCCGAATT-1,0
GTTCATTGTCTTCAAG-1,2
GTTCATTGTTCTGAAC-1,4
GTTCATTTCACAAACC-1,1
GTTCATTTCAGCATGT-1,3
GTTCATTTCCAGTAGT-1,0
GTTCATTTCCCTAACC-1,4
GTTCATTTCTTAACCT-1,6
GTTCGGGAGCAGCGTA-1,4
GTTCGGGAGCCATCGC-1,7
GTTCGGGAGCGGATCA-1,0
GTTCGGGAGGAGTTGC-1,2
GTTCGGGAGTAAGTAC-1,2
GTTCGGGCAAGGACAC-1,0
GTTCGGGCACCAGCAC-1,3
GTTCGGGCACCTCGTT-1,4
GTTCGGGCACGAGGTA-1,1
GTTCGGGCAGATTGCT-1,1
GTTCGGGCATAACCTG-1,7
GTTCGGGGTAGCGTGA-1,3
GTTCGGGGTCTTCGTC-1,1
GTTCGGGGTGAGGCTA-1,1
GTTCGGGTCAGTTAGC-1,2
GTTCTCGAGCGTAATA-1,4
GTTCTCGAGCTTCGCG-1,3
GTTCTCGAGGACCACA-1,0
GTTCTCGAGGGTTTCT-1,1
GTTCTCGAGTCTCAAC-1,5
GTTCTCGAGTGAATTG-1,1
GTTCTCGCACAGATTC-1,4
GTTCTCGCACCGTTGG-1,0
GTTCTCGCAGCCACCA-1,0
GTTCTCGCAGGGTTAG-1,0
GTTCTCGGTGAACCTT-1,2
GTTCTCGGTGATAAAC-1,4
GTTCTCGGTGCAACTT-1,6
GTTCTCGGTTAGAACA-1,4
GTTCTCGTCAGCCTAA-1,3
GTTCTCGTCCGAGCCA-1,0
GTTCTCGTCGAACTGT-1,2
GTTCTCGTCTGCCCTA-1,3
GTTCTCGTCTTAGCCC-1,4
GTTTCTAAGAGACTTA-1,3
GTTTCTAAGGAGTCTG-1,1
GTTTCTAAGGATATAC-1,3
GTTTCTAAGGTGATTA-1,1
GTTTCTAAGTCCTCCT-1,4
GTTTCTAAGTGTCCCG-1,0
GTTTCTACACCAGGTC-1,4
GTTTCTACACGAGGTA-1,3
GTTTCTACAGCTATTG-1,3
GTTTCTAGTAACGACG-1,0
GTTTCTAGTCTTGTCC-1,6
GTTTCTAGTTCGGCAC-1,1
GTTTCTATCCACTCCA-1,0
GTTTCTATCCTTTCTC-1,2
GTTTCTATCGATGAGG-1,8
GTTTCTATCGTAGATC-1,2
GTTTCTATCTCAAACG-1,1
GTTTCTATCTGGAGCC-1,0
GTTTCTATCTTAGCCC-1,4
TAAACCGAGAAACCTA-1,4
TAAACCGAGAGGACGG-1,1
TAAACCGAGCGTGAGT-1,3
TAAACCGCAAGTAGTA-1,4
TAAACCGCAGCTCGAC-1,3
TAAACCGCATGTCTCC-1,3
TAAACCGGTCGTGGCT-1,1
TAAACCGGTCTAGCCG-1,4
TAAACCGGTGTGCGTC-1,5
TAAACCGGTGTTAAGA-1,4
TAAACCGGTTCCACGG-1,5
TAAACCGGTTGGTAAA-1,0
TAAACCGTCAGAGGTG-1,4
TAAACCGTCATCGGAT-1,4
TAAACCGTCCTCTAGC-1,2
TAAGAGAAGACCGGAT-1,1
TAAGAGAAGCTGAACG-1,3
TAAGAGAAGGCGATAC-1,3
TAAGAGACAAGAGGCT-1,4
TAAGAGACAATCGGTT-1,0
TAAGAGACACCACGTG-1,0
TAAGAGACACGTTGGC-1,2
TAAGAGACAGGCGATA-1,0
TAAGAGACAGGGCATA-1,6
TAAGAGACAGGTTTCA-1,0
TAAGAGACATCATCCC-1,4
TAAGAGACATGACGGA-1,3
TAAGAGAGTCTTCGTC-1,0
TAAGAGATCAAAGTAG-1,7
TAAGAGATCATAGCAC-1,1
TAAGAGATCGCGCCAA-1,5
TAAGAGATCTGCGGCA-1,5
TAAGAGATCTTGCATT-1,1
TAAGAGATCTTTACGT-1,2
TAAGCGTAGATAGCAT-1,8
TAAGCGTAGGAGTTTA-1,2
TAAGCGTAGGATGGTC-1,5
TAAGCGTCAACTTGAC-1,2
TAAGCGTCAGATTGCT-1,5
TAAGCGTCAGCTGCAC-1,1
TAAGCGTCATCGATGT-1,1
TAAGCGTCATGGGAAC-1,1
TAAGCGTGTACGACCC-1,1
TAAGCGTGTCAGCTAT-1,1
TAAGCGTGTGAGGGTT-1,1
TAAGCGTGTGCCTGGT-1,0
TAAGCGTTCACTCCTG-1,0
TAAGCGTTCAGCATGT-1,1
TAAGCGTTCGTCACGG-1,0
TAAGTGCAGACACTAA-1,0
TAAGTGCAGCGTTTAC-1,7
TAAGTGCAGGACGAAA-1,0
TAAGTGCCAACTGGCC-1,2
TAAGTGCCAATGACCT-1,0
TAAGTGCCACGGTAAG-1,1
TAAGTGCCATGACGGA-1,2
TAAGTGCGTCGAGATG-1,0
TAAGTGCGTCTGGTCG-1,0
TAAGTGCGTGCGGTAA-1,1
TAAGTGCTCACCCGAG-1,4
TAAGTGCTCAGTTTGG-1,2
TAAGTGCTCCCTTGCA-1,1
TAAGTGCTCGTACCGG-1,0
TAAGTGCTCTACTCAT-1,4
TACACGAAGACACGAC-1,2
TACACGAAGCAGACTG-1,0
TACACGAAGCCGGTAA-1,5
TACACGAAGCTAGTCT-1,1
TACACGACAAGTAATG-1,1
TACACGACATCACGTA-1,2
TACACGACATGTTCCC-1,0
TACACGAGTAAGAGGA-1,1
TACACGAGTCTCACCT-1,1
TACACGAGTGATGATA-1,4
TACACGAGTGTCGCTG-1,0
TACACGATCAAACAAG-1,1
TACACGATCATCTGCC-1,0
TACACGATCTAACCGA-1,0
TACAGTGAGCCAGAAC-1,2
TACAGTGAGGACGAAA-1,0
TACAGTGAGGGAAACA-1,3
TACAGTGCACACCGAC-1,3
TACAGTGCACGTGAGA-1,4
TACAGTGCATCCGCGA-1,4
TACAGTGTCACATGCA-1,7
TACAGTGTCATATCGG-1,2
TACAGTGTCATCGGAT-1,1
TACAGTGTCCAACCAA-1,0
TACAGTGTCTTTAGGG-1,1
TACCTATAGAAGGCCT-1,3
TACCTATAGAGGGCTT-1,0
TACCTATAGCTTATCG-1,0
TACCTATCAATGGAGC-1,4
TACCTATCATGGTCTA-1,0
TACCTATGTAAGTAGT-1,3
TACCTATGTATCAGTC-1,7
TACCTATGTCCGAGTC-1,1
TACCTATGTGCAGACA-1,6
TACCTATGTTCAGCGC-1,1
TACCTATGTTGCTCCT-1,1
TACCTATTCTTCATGT-1,0
TACCTATTCTTGAGGT-1,1
TACCTTAAGAAGAAGC-1,0
TACCTTAAGACAGGCT-1,0
TACCTTAAGACCACGA-1,1
TACCTTAAGATGCCTT-1,3
TACCTTAAGCAGACTG-1,0
TACCTTAAGCGCCTTG-1,4
TACCTTAAGGTGCAAC-1,0
TACCTTACAAGGCTCC-1,2
TACCTTACACAGATTC-1,3
TACCTTACATACAGCT-1,1
TACCTTACATCACAAC-1,2
TACCTTAGTACGACCC-1,2
TACCTTAGTCTCACCT-1,2
TACCTTAGTGTCCTCT-1,4
TACCTTAGTTCGCTAA-1,2
TACCTTATCAACACAC-1,7
TACCTTATCACCGGGT-1,2
TACCTTATCACTTCAT-1,1
TACCTTATCCAAAGTC-1,1
TACCTTATCCAATGGT-1,2
TACCTTATCGAATCCA-1,1
TACCTTATCGAGAACG-1,3
TACCTTATCGCCATAA-1,3
TACCTTATCTAACGGT-1,3
TACGGATAGCCCAACC-1,7
TACGGATAGGCTCAGA-1,1
TACGGATAGTAACCCT-1,1
TACGGATAGTCTCAAC-1,6
TACGGATAGTGCCATT-1,6
TACGGATCAAGTTGTC-1,3
TACGGATCAATCAGAA-1,3
TACGGATCACGGCCAT-1,5
TACGGATCATGTAGTC-1,1
TACGGATGTAAGTAGT-1,4
TACGGATGTGCTCTTC-1,4
TACGGATGTTCTGAAC-1,0
TACGGATGTTTGGCGC-1,4
TACGGATTCACAAACC-1,3
TACGGATTCACTTACT-1,0
TACGGATTCCGCGGTA-1,7
TACGGATTCCGTCATC-1,1
TACGGGCAGCACACAG-1,1
TACGGGCCAATCACAC-1,0
TACGGGCCACGTCAGC-1,6
TACGGGCCAGATAATG-1,2
TACGGGCCAGCGTTCG-1,1
TACGGGCCATAGTAAG-1,0
TACGGGCGTAGAGTGC-1,1
TACGGGCGTCTCACCT-1,5
TACGGGCGTCTGGAGA-1,7
TACGGGCGTGATAAAC-1,6
TACGGGCGTTATCCGA-1,5
TACGGTAAGAAACCTA-1,1
TACGGTAAGAGTACCG-1,4
TACGGTAAGCCCTAAT-1,2
TACGGTAAGGCATGGT-1,5
TACGGTAAGGCATGTG-1,5
TACGGTAAGTGGGTTG-1,3
TACGGTACACATGGGA-1,0
TACGGTACAGCGATCC-1,3
TACGGTACATACTCTT-1,2
TACGGTAGTCGGCACT-1,0
TACGGTAGTGTGGCTC-1,0
TACGGTAGTTCACGGC-1,2
TACGGTATCAGCAACT-1,0
TACTCATAGAATTGTG-1,1
TACTCATAGTACGACG-1,4
TACTCATCAAACCTAC-1,2
TACTCATCAATGTTGC-1,1
TACTCATCAGGTCTCG-1,2
TACTCATCATATACGC-1,2
TACTCATCATGTCTCC-1,4
TACTCATCATTTGCCC-1,5
TACTCATGTAGGCTGA-1,0
TACTCATGTCAGCTAT-1,3
TACTCATGTCATGCAT-1,3
TACTCATGTGAAGGCT-1,1
TACTCATGTTATGCGT-1,3
TACTCATTCAACGGCC-1,0
TACTCATTCAGGTTCA-1,3
TACTCATTCATTTGGG-1,3
TACTCATTCCACGAAT-1,2
TACTCATTCCGTCAAA-1,1
TACTCATTCGCCATAA-1,1
TACTCATTCGGTTCGG-1,1
TACTCATTCTCCCTGA-1,7
TACTCGCAGAATTCCC-1,4
TACTCGCAGCTCCCAG-1,8
TACTCGCAGGCCCTTG-1,5
TACTCGCAGTGTTTGC-1,1
TACTCGCCAAGGTTTC-1,3
TACTCGCCAAGTTAAG-1,0
TACTCGCCACTATCTT-1,4
TACTCGCCAGGCAGTA-1,2
TACTCGCGTACCTACA-1,0
TACTCGCGTAGCACGA-1,1
TACTCGCGTCATTAGC-1,0
TACTCGCGTGTAAGTA-1,1
TACTCGCGTGTCTGAT-1,0
TACTCGCGTGTTAAGA-1,7
TACTCGCGTTGAGGTG-1,1
TACTCGCTCCACGTGG-1,2
TACTCGCTCGTTACAG-1,7
TACTCGCTCTCGGACG-1,0
TACTTACAGAAACGAG-1,3
TACTTACAGAAGGTGA-1,4
TACTTACAGCTACCTA-1,1
TACTTACAGGGATCTG-1,0
TACTTACAGGTACTCT-1,0
TACTTACAGGTCGGAT-1,0
TACTTACAGTAGTGCG-1,2
TACTTACCAATGGTCT-1,0
TACTTACCACAAGACG-1,1
TACTTACCACCACCAG-1,2
TACTTACCACCCATTC-1,5
TACTTACCAGCTGCAC-1,1
TACTTACCATGGGAAC-1,7
TACTTACCATTGGGCC-1,1
TACTTACGTATGAAAC-1,2
TACTTACGTTCGGGCT-1,2
TACTTACGTTGGAGGT-1,0
TACTTACTCCCTGACT-1,0
TACTTACTCGATAGAA-1,8
TACTTGTAGTCTTGCA-1,3
TACTTGTCACTTCTGC-1,1
TACTTGTCAGTAGAGC-1,1
TACTTGTCATACAGCT-1,4
TACTTGTCATCAGTCA-1,1
TACTTGTCATCCGGGT-1,2
TACTTGTGTATTCTCT-1,4
TACTTGTGTCGAAAGC-1,0
TACTTGTGTCGCGGTT-1,0
TACTTGTGTGACGCCT-1,0
TACTTGTGTGATGATA-1,4
TACTTGTGTGTGGCTC-1,7
TACTTGTGTTAAGATG-1,1
TACTTGTGTTAAGGGC-1,7
TACTTGTGTTCCACGG-1,4
TACTTGTGTTCTGAAC-1,1
TACTTGTTCACGCGGT-1,2
TACTTGTTCCGAAGAG-1,0
TACTTGTTCCTAGAAC-1,2
TACTTGTTCCTCCTAG-1,5
TACTTGTTCCTTGGTC-1,1
TACTTGTTCGAGAGCA-1,3
TACTTGTTCTCGTATT-1,4
TACTTGTTCTGCCAGG-1,0
TAGACCAAGCAAATCA-1,0
TAGACCAAGCCCTAAT-1,0
TAGACCAAGGGCACTA-1,0
TAGACCAAGGTGCACA-1,7
TAGACCAAGTACGCGA-1,6
TAGACCACACGGTGTC-1,5
TAGACCAGTAAGCACG-1,8
TAGACCAGTACAGTGG-1,7
TAGACCAGTACCGCTG-1,1
TAGACCAGTCAACATC-1,4
TAGACCAGTCCGAACC-1,4
TAGACCAGTCGCATAT-1,5
TAGACCAGTCGGGTCT-1,1
TAGACCAGTCTCTTAT-1,1
TAGACCAGTCTGATTG-1,1
TAGACCAGTGCAGGTA-1,6
TAGACCAGTGGCAAAC-1,3
TAGACCATCATGTGGT-1,6
TAGACCATCCCGACTT-1,1
TAGAGCTAGAATTGTG-1,6
TAGAGCTAGAGCCTAG-1,1
TAGAGCTAGCACACAG-1,2
TAGAGCTAGCCACGCT-1,0
TAGAGCTAGCCACGTC-1,2
TAGAGCTAGCTACCGC-1,1
TAGAGCTAGTGTCCAT-1,1
TAGAGCTCAAGTCTGT-1,1
TAGAGCTCACTTAACG-1,0
TAGAGCTCAGCGTAAG-1,1
TAGAGCTCATGGTAGG-1,3
TAGAGCTGTAAGGATT-1,4
TAGAGCTGTCGTCTTC-1,3
TAGAGCTGTCTCTTTA-1,1
TAGCCGGAGAAACCTA-1,0
TAGCCGGAGCTGATAA-1,0
TAGCCGGAGTAATCCC-1,3
TAGCCGGCAAGACACG-1,3
TAGCCGGCACCACCAG-1,0
TAGCCGGGTAGAGTGC-1,2
TAGCCGGGTGAGGCTA-1,1
TAGCCGGGTGTGAAAT-1,3
TAGCCGGTCAACACGT-1,1
TAGCCGGTCTGTACGA-1,2
TAGGCATAGCACACAG-1,5
TAGGCATAGCCCGAAA-1,2
TAGGCATAGGTGCACA-1,1
TAGGCATAGTCAAGGC-1,3
TAGGCATAGTGTCTCA-1,3
TAGGCATCAAAGGCGT-1,3
TAGGCATCACATCCAA-1,4
TAGGCATCACATGACT-1,7
TAGGCATCATCAGTCA-1,0
TAGGCATGTACATCCA-1,2
TAGGCATGTCATGCAT-1,3
TAGGCATGTCGGCACT-1,8
TAGGCATGTGACAAAT-1,0
TAGGCATTCAAAGACA-1,1
TAGGCATTCACGACTA-1,1
TAGGCATTCACTCCTG-1,7
TAGGCATTCCGAAGAG-1,6
TAGGCATTCCGCAGTG-1,0
TAGGCATTCCTTGACC-1,8
TAGGCATTCGATGAGG-1,0
TAGGCATTCTGTCTCG-1,8
TAGTGGTAGAGTACAT-1,0
TAGTGGTAGCAGACTG-1,3
TAGTGGTAGTGGAGTC-1,0
TAGTGGTAGTTACGGG-1,4
TAGTGGTCACGCCAGT-1,1
TAGTGGTCAGCGATCC-1,1
TAGTGGTCAGCTGCTG-1,0
TAGTGGTCATGTAGTC-1,1
TAGTGGTGTCATATGC-1,1
TAGTGGTGTCCAACTA-1,4
TAGTGGTGTGCATCTA-1,0
TAGTGGTTCACATAGC-1,4
TAGTGGTTCCGCGTTT-1,0
TAGTGGTTCCGTACAA-1,0
TAGTGGTTCTCGGACG-1,1
TAGTTGGAGAAACCTA-1,2
TAGTTGGAGACTGGGT-1,2
TAGTTGGAGAGCCTAG-1,0
TAGTTGGAGATCACGG-1,2
TAGTTGGAGATGTCGG-1,3
TAGTTGGAGTGAATTG-1,3
TAGTTGGCACATAACC-1,3
TAGTTGGCACGAAAGC-1,4
TAGTTGGCAGCAGTTT-1,2
TAGTTGGCATCTCGCT-1,8
TAGTTGGGTACAGCAG-1,2
TAGTTGGGTATCAGTC-1,5
TAGTTGGGTCTCCCTA-1,1
TAGTTGGGTTACGTCA-1,3
TAGTTGGGTTCAGACT-1,1
TAGTTGGGTTGGTGGA-1,0
TAGTTGGTCCAGATCA-1,0
TAGTTGGTCTCAACTT-1,3
TAGTTGGTCTGACCTC-1,7
TATCAGGAGAAAGTGG-1,4
TATCAGGAGATCTGAA-1,6
TATCAGGCAACTTGAC-1,4
TATCAGGCAAGGTTTC-1,2
TATCAGGCAGGATCGA-1,0
TATCAGGCATCCGCGA-1,4
TATCAGGGTAATCGTC-1,1
TATCAGGGTATATGAG-1,4
TATCAGGGTCCGTTAA-1,1
TATCAGGGTCTCAACA-1,2
TATCAGGGTTCAACCA-1,3
TATCAGGTCCCGGATG-1,1
TATCAGGTCGAGAGCA-1,1
TATCAGGTCGGCATCG-1,3
TATCTCAAGCAGCCTC-1,3
TATCTCAAGCGTCTAT-1,2
TATCTCACAGATGGGT-1,0
TATCTCACATCGGAAG-1,6
TATCTCACATGCGCAC-1,1
TATCTCACATGCTAGT-1,2
TATCTCAGTAAGGGAA-1,4
TATCTCAGTAGAGCTG-1,3
TATCTCAGTCGCATAT-1,0
TATCTCATCCACTGGG-1,6
TATCTCATCCCTCAGT-1,2
TATCTCATCCTATTCA-1,3
TATGCCCAGACACGAC-1,3
TATGCCCAGACGCAAC-1,0
TATGCCCAGATGTAAC-1,0
TATGCCCAGTATGACA-1,2
TATGCCCCACGGCTAC-1,5
TATGCCCCATGTAGTC-1,1
TATGCCCTCAACACCA-1,1
TATGCCCTCAGGATCT-1,3
TATGCCCTCTCATTCA-1,6
TATTACCAGCCAGAAC-1,3
TATTACCAGCCCAACC-1,0
TATTACCAGGATTCGG-1,0
TATTACCAGGCAGTCA-1,0
TATTACCAGGTGTTAA-1,5
TATTACCAGTCAAGGC-1,3
TATTACCCAAGCTGAG-1,0
TATTACCCAATAGCGG-1,8
TATTACCCACAAGTAA-1,3
TATTACCCACGAGAGT-1,1
TATTACCCAGCGAACA-1,5
TATTACCCATATACGC-1,4
TATTACCCATGTAGTC-1,3
TATTACCCATGTCCTC-1,0
TATTACCGTACTCAAC-1,1
TATTACCGTTAGGGTG-1,3
TATTACCGTTGTTTGG-1,1
TATTACCTCACTTCAT-1,0
TATTACCTCGGAATCT-1,1
TCAACGAAGAACAATC-1,3
TCAACGAAGCGGCTTC-1,2
TCAACGAAGCTCTCGG-1,1
TCAACGAAGGTTACCT-1,3
TCAACGAAGTCAAGGC-1,1
TCAACGACAGTGACAG-1,7
TCAACGAGTAGAGCTG-1,1
TCAACGAGTCATATGC-1,1
TCAACGAGTGCAGACA-1,2
TCAACGAGTGCCTTGG-1,0
TCAACGAGTGCTAGCC-1,1
TCAACGAGTGTTCGAT-1,1
TCAACGAGTTCTGGTA-1,1
TCAACGAGTTGGACCC-1,6
TCAACGATCAGTGTTG-1,4
TCAACGATCATGTCCC-1,4
TCAACGATCTGGAGCC-1,7
TCAACGATCTGGTATG-1,3
TCAATCTAGAAGAAGC-1,1
TCAATCTAGATAGTCA-1,0
TCAATCTAGCACCGTC-1,1
TCAATCTAGCCTTGAT-1,0
TCAATCTCAACGCACC-1,1
TCAATCTCAAGCGATG-1,2
TCAATCTCAATCAGAA-1,2
TCAATCTCAGACAAGC-1,2
TCAATCTCAGCTGCAC-1,1
TCAATCTCATCCTAGA-1,4
TCAATCTGTAAACGCG-1,4
TCAATCTGTCATCGGC-1,2
TCAATCTGTGAAGGCT-1,0
TCAATCTGTTCCGTCT-1,0
TCAATCTGTTGAGTTC-1,1
TCAATCTTCAACGGGA-1,0
TCAATCTTCACCACCT-1,1
TCAATCTTCAGCTTAG-1,8
TCAATCTTCCGAAGAG-1,1
TCAATCTTCTCACATT-1,4
TCACAAGAGAAAGTGG-1,1
TCACAAGAGTCGCCGT-1,3
TCACAAGCAATTCCTT-1,1
TCACAAGCACAACGTT-1,0
TCACAAGCACGAAAGC-1,1
TCACAAGCAGCGTAAG-1,0
TCACAAGCAGTATGCT-1,3
TCACAAGCATGGATGG-1,1
TCACAAGCATTAGGCT-1,1
TCACAAGGTATAGGTA-1,2
TCACAAGGTCGCATCG-1,3
TCACAAGGTGACTCAT-1,7
TCACAAGGTGCTAGCC-1,0
TCACAAGGTTACAGAA-1,0
TCACAAGGTTGACGTT-1,3
TCACAAGTCAAGAAGT-1,1
TCACAAGTCAAGATCC-1,3
TCACAAGTCAATACCG-1,0
TCACAAGTCACATAGC-1,8
TCACAAGTCCTCATTA-1,1
TCACAAGTCGGAAACG-1,2
TCACGAAAGATCACGG-1,1
TCACGAAAGATCTGCT-1,0
TCACGAAAGCACCGCT-1,3
TCACGAAAGCGTCTAT-1,0
TCACGAAAGCTATGCT-1,3
TCACGAAAGGCTCTTA-1,3
TCACGAAAGGTCGGAT-1,2
TCACGAACAAGTCATC-1,0
TCACGAACATGCATGT-1,2
TCACGAACATGGTCTA-1,3
TCACGAACATGTAAGA-1,0
TCACGAAGTCGAATCT-1,3
TCACGAAGTTCCCTTG-1,2
TCACGAATCAAGGTAA-1,0
TCACGAATCGAATCCA-1,2
TCACGAATCTAGAGTC-1,2
TCAGATGAGCCGATTT-1,6
TCAGATGAGGAACTGC-1,0
TCAGATGAGGCATTGG-1,0
TCAGATGAGTGAAGAG-1,1
TCAGATGCACGCGAAA-1,1
TCAGATGCACTCAGGC-1,2
TCAGATGCAGATTGCT-1,0
TCAGATGCAGGCTGAA-1,0
TCAGATGGTAGCGTCC-1,3
TCAGATGGTATATGAG-1,8
TCAGATGGTCATATGC-1,3
TCAGATGGTTAGTGGG-1,4
TCAGATGGTTCCCGAG-1,6
TCAGATGTCTATCGCC-1,2
TCAGCAAAGAGCCTAG-1,2
TCAGCAAAGCCCAGCT-1,0
TCAGCAAAGGGAGTAA-1,4
TCAGCAAAGTGGGCTA-1,7
TCAGCAAAGTGGTAAT-1,1
TCAGCAACACTAAGTC-1,1
TCAGCAACAGCATACT-1,0
TCAGCAACAGCTGTAT-1,2
TCAGCAAGTACGCTGC-1,2
TCAGCAAGTCTAGAGG-1,0
TCAGCAAGTGGGTCAA-1,1
TCAGCAAGTTACGACT-1,4
TCAGCAATCAGGATCT-1,1
TCAGCAATCATAAAGG-1,1
TCAGCTCAGACCCACC-1,0
TCAGCTCAGCGATGAC-1,0
TCAGCTCAGGCCCGTT-1,0
TCAGCTCCACAAGCCC-1,0
TCAGCTCCAGACAAAT-1,3
TCAGCTCCAGTAACGG-1,2
TCAGCTCCATCGGGTC-1,1
TCAGCTCCATGCATGT-1,0
TCAGCTCCATTCCTGC-1,0
TCAGCTCGTACAGTTC-1,5
TCAGCTCGTACGACCC-1,3
TCAGCTCGTACGCTGC-1,0
TCAGCTCGTCAGATAA-1,5
TCAGCTCGTCTCCATC-1,4
TCAGCTCGTTCAGGCC-1,0
TCAGCTCGTTCGGCAC-1,1
TCAGCTCGTTGCCTCT-1,5
TCAGCTCGTTTGACTG-1,0
TCAGCTCTCACCGGGT-1,2
TCAGCTCTCAGAAATG-1,3
TCAGCTCTCAGTTCGA-1,0
TCAGCTCTCCGTAGTA-1,1
TCAGCTCTCCTGCAGG-1,6
TCAGCTCTCGTTACGA-1,3
TCAGCTCTCTGAAAGA-1,0
TCAGGATAGAGTTGGC-1,3
TCAGGATAGATCTGAA-1,3
TCAGGATAGCAGGCTA-1,5
TCAGGATAGCTAGCCC-1,2
TCAGGATAGGACCACA-1,1
TCAGGATAGGATGTAT-1,2
TCAGGATAGGTGGGTT-1,0
TCAGGATAGTCCTCCT-1,1
TCAGGATAGTGGGATC-1,2
TCAGGATCAAGCGATG-1,0
TCAGGATCAAGGTTTC-1,1
TCAGGATCAGTCTTCC-1,2
TCAGGATCATCATCCC-1,3
TCAGGATCATGGTTGT-1,1
TCAGGATGTACCTACA-1,2
TCAGGATGTCTCTTTA-1,1
TCAGGATGTCTTGTCC-1,0
TCAGGATTCAGTGTTG-1,5
TCAGGATTCTCCAACC-1,3
TCAGGTAAGCACACAG-1,1
TCAGGTAAGCGCTTAT-1,0
TCAGGTACAAGCCGTC-1,7
TCAGGTACAAGCGATG-1,0
TCAGGTACACATGGGA-1,2
TCAGGTAGTAATCGTC-1,0
TCAGGTAGTCGAACAG-1,3
TCAGGTAGTCTTGTCC-1,4
TCAGGTAGTTCGTGAT-1,4
TCAGGTAGTTGTTTGG-1,0
TCAGGTATCAAGGTAA-1,0
TCAGGTATCAGCTCGG-1,2
TCAGGTATCATCTGTT-1,0
TCAGGTATCCTCGCAT-1,6
TCAGGTATCGGCGCAT-1,2
TCAGGTATCTACCTGC-1,4
TCAGGTATCTCTTGAT-1,0
TCAGGTATCTGTGCAA-1,3
TCAGGTATCTTGACGA-1,1
TCAGGTATCTTTACGT-1,0
TCATTACAGTGTGGCA-1,2
TCATTACAGTTACGGG-1,7
TCATTACCAGTATGCT-1,1
TCATTACCATGTAAGA-1,1
TCATTACGTAAAGTCA-1,2
TCATTACGTACACCGC-1,8
TCATTACGTCGACTGC-1,3
TCATTACGTCGTCTTC-1,1
TCATTACGTTACGTCA-1,0
TCATTACGTTATCCGA-1,3
TCATTACTCACTTATC-1,7
TCATTACTCATTGCCC-1,4
TCATTACTCCCTTGTG-1,0
TCATTACTCGACAGCC-1,2
TCATTACTCGTTGCCT-1,0
TCATTTGAGATGAGAG-1,7
TCATTTGAGCTCCTCT-1,8
TCATTTGAGGATGTAT-1,1
TCATTTGAGTGTACTC-1,4
TCATTTGCACGCTTTC-1,2
TCATTTGCACTGTCGG-1,2
TCATTTGCAGAGCCAA-1,0
TCATTTGCATCCCACT-1,3
TCATTTGCATTTGCCC-1,4
TCATTTGGTAAGTAGT-1,0
TCATTTGGTCCCTTGT-1,4
TCATTTGGTCTAGCCG-1,0
TCATTTGGTGAACCTT-1,0
TCATTTGGTGAGGCTA-1,2
TCATTTGGTGATAAAC-1,4
TCATTTGTCGTTGACA-1,2
TCATTTGTCTACTATC-1,2
TCATTTGTCTTTACGT-1,0
TCCACACAGCGATAGC-1,1
TCCACACAGCTAGTTC-1,1
TCCACACAGCTTATCG-1,3
TCCACACAGGAATCGC-1,7
TCCACACCAATAAGCA-1,4
TCCACACCAATGCCAT-1,4
TCCACACCACGGCTAC-1,1
TCCACACCACTATCTT-1,4
TCCACACCAGGAATGC-1,6
TCCACACCATAAGACA-1,0
TCCACACCATCCGTGG-1,0
TCCACACCATGTTGAC-1,2
TCCACACCATTGAGCT-1,3
TCCACACGTGGGTCAA-1,3
TCCACACGTGGTACAG-1,2
TCCACACGTTATTCTC-1,2
TCCACACTCCTGCTTG-1,7
TCCACACTCCTTTACA-1,4
TCCCGATAGCTGATAA-1,3
TCCCGATAGTTACGGG-1,0
TCCCGATCAAGGGTCA-1,2
TCCCGATCACCAGTTA-1,0
TCCCGATCACTGTGTA-1,2
TCCCGATCAGGACGTA-1,2
TCCCGATGTATGGTTC-1,1
TCCCGATGTGATGCCC-1,0
TCCCGATGTTAAGATG-1,1
TCCCGATGTTTAGGAA-1,4
TCCCGATTCATGCTCC-1,1
TCCCGATTCCAAACTG-1,7
TCCCGATTCCGAACGC-1,0
TCGAGGCAGCATCATC-1,4
TCGAGGCAGTGAACGC-1,0
TCGAGGCAGTGGTAGC-1,2
TCGAGGCAGTTTCCTT-1,0
TCGAGGCCAAAGGTGC-1,1
TCGAGGCCAAGGACTG-1,7
TCGAGGCCACGAAATA-1,1
TCGAGGCCAGGCGATA-1,0
TCGAGGCCAGGTCTCG-1,1
TCGAGGCGTATCACCA-1,1
TCGAGGCGTCGCATCG-1,1
TCGAGGCGTCTCTTAT-1,0
TCGAGGCGTGCACCAC-1,1
TCGAGGCGTGTAAGTA-1,0
TCGAGGCGTTATGTGC-1,8
TCGAGGCTCACAGGCC-1,1
TCGAGGCTCAGAGCTT-1,0
TCGAGGCTCAGCTCTC-1,4
TCGAGGCTCATGCATG-1,1
TCGAGGCTCATGTCCC-1,0
TCGAGGCTCCGTACAA-1,2
TCGAGGCTCCTACAGA-1,0
TCGAGGCTCCTAGAAC-1,4
TCGAGGCTCGGCATCG-1,2
TCGAGGCTCGGTCTAA-1,3
TCGAGGCTCTGGTATG-1,4
TCGCGAGAGAAGCCCA-1,8
TCGCGAGAGCTAAGAT-1,5
TCGCGAGAGTGTACCT-1,0
TCGCGAGCACAGCGTC-1,1
TCGCGAGCACATCCAA-1,1
TCGCGAGCACCGAATT-1,2
TCGCGAGCACTTGGAT-1,1
TCGCGAGCAGTATGCT-1,0
TCGCGAGCAGTTTACG-1,1
TCGCGAGGTGATGCCC-1,3
TCGCGAGGTGCGATAG-1,2
TCGCGAGGTGGTGTAG-1,0
TCGCGAGGTGTAATGA-1,4
TCGCGAGTCAGTTGAC-1,3
TCGCGAGTCGGACAAG-1,1
TCGCGAGTCTGAGGGA-1,4
TCGCGTTAGATATGCA-1,0
TCGCGTTAGGACTGGT-1,3
TCGCGTTCAAGCGAGT-1,0
TCGCGTTCACACGCTG-1,0
TCGCGTTCACTTCGAA-1,4
TCGCGTTCAGTAAGCG-1,1
TCGCGTTCAGTTCCCT-1,2
TCGCGTTCATGTTCCC-1,1
TCGCGTTGTACATGTC-1,0
TCGCGTTGTCTCAACA-1,1
TCGCGTTGTGCACGAA-1,0
TCGCGTTTCAGCACAT-1,3
TCGCGTTTCATCTGCC-1,4
TCGCGTTTCGCTAGCG-1,1
TCGCGTTTCGCTGATA-1,0
TCGCGTTTCGGAATCT-1,0
TCGGGACAGCGATGAC-1,0
TCGGGACAGCTAACTC-1,3
TCGGGACAGCTCAACT-1,4
TCGGGACAGCTCTCGG-1,3
TCGGGACAGGCATTGG-1,4
TCGGGACAGGTGCAAC-1,4
TCGGGACAGTCTCGGC-1,6
TCGGGACAGTGTCTCA-1,1
TCGGGACCAAGAAAGG-1,0
TCGGGACCAAGCGTAG-1,2
TCGGGACCAATGCCAT-1,2
TCGGGACCATCTACGA-1,4
TCGGGACCATGATCCA-1,5
TCGGGACCATTCGACA-1,3
TCGGGACGTGCAACGA-1,1
TCGGGACGTGCACGAA-1,0
TCGGGACGTGTTCGAT-1,0
TCGGGACGTTAGATGA-1,3
TCGGGACGTTCCGTCT-1,2
TCGGGACGTTGGTTTG-1,0
TCGGGACTCTGCCCTA-1,2
TCGGGACTCTGTACGA-1,0
TCGGTAAAGCACGCCT-1,0
TCGGTAAAGGAGTTGC-1,2
TCGGTAAAGGTCATCT-1,3
TCGGTAACAACAACCT-1,3
TCGGTAACACTAGTAC-1,1
TCGGTAACATCGGAAG-1,4
TCGGTAACATGATCCA-1,4
TCGGTAACATTGCGGC-1,2
TCGGTAAGTAGCGTCC-1,3
TCGGTAAGTCAGCTAT-1,4
TCGGTAAGTCTGCCAG-1,1
TCGGTAAGTGAGGGTT-1,1
TCGGTAAGTGCCTGTG-1,1
TCGGTAAGTGTAAGTA-1,0
TCGGTAAGTTCTGTTT-1,1
TCGGTAATCACAGTAC-1,0
TCGTACCAGAAACCAT-1,4
TCGTACCAGACCTAGG-1,5
TCGTACCAGATAGGAG-1,0
TCGTACCAGGACTGGT-1,7
TCGTACCAGGCTACGA-1,0
TCGTACCCACCGGAAA-1,0
TCGTACCCACTGTTAG-1,4
TCGTACCCAGCTGCAC-1,2
TCGTACCCAGTAAGAT-1,0
TCGTACCCATGCAATC-1,5
TCGTACCGTAAACCTC-1,0
TCGTACCGTCAAGCGA-1,3
TCGTACCGTTGAACTC-1,4
TCGTACCGTTTCCACC-1,4
TCGTACCTCAACACAC-1,2
TCGTACCTCATGGTCA-1,0
TCGTACCTCGACAGCC-1,4
TCGTAGAAGGACATTA-1,7
TCGTAGAAGTATGACA-1,0
TCGTAGAAGTGGACGT-1,7
TCGTAGACAAGGACTG-1,2
TCGTAGACAGGTTTCA-1,3
TCGTAGAGTCAACTGT-1,7
TCGTAGAGTCAGGACA-1,3
TCGTAGAGTCTGGTCG-1,1
TCGTAGAGTTCGTCTC-1,1
TCGTAGAGTTCTGTTT-1,0
TCGTAGATCATGCAAC-1,0
TCGTAGATCCCTTGCA-1,1
TCGTAGATCGGTGTTA-1,4
TCGTAGATCTTTAGTC-1,4
TCTATTGAGAAACGCC-1,1
TCTATTGAGAGTGAGA-1,1
TCTATTGAGCATCATC-1,4
TCTATTGAGCCTCGTG-1,3
TCTATTGAGTACGCGA-1,3
TCTATTGAGTTGAGTA-1,3
TCTATTGCAATCACAC-1,0
TCTATTGCACAACGCC-1,1
TCTATTGCACAGGTTT-1,4
TCTATTGCACTTGGAT-1,1
TCTATTGCATCCGTGG-1,3
TCTATTGGTAAGGGAA-1,2
TCTATTGGTAAGTGGC-1,3
TCTATTGGTACCAGTT-1,0
TCTATTGGTATCGCAT-1,2
TCTATTGGTGGGTATG-1,0
TCTATTGGTTATGTGC-1,0
TCTATTGGTTCCTCCA-1,0
TCTATTGTCAATAAGG-1,3
TCTATTGTCAGAGGTG-1,1
TCTATTGTCGATGAGG-1,8
TCTATTGTCGGTCTAA-1,3
TCTCATAAGTCGCCGT-1,7
TCTCATACAGAAGCAC-1,4
TCTCATACAGCTGCAC-1,0
TCTCATACAGTATGCT-1,0
TCTCATACATAAGACA-1,0
TCTCATACATTGAGCT-1,4
TCTCATAGTCAACATC-1,4
TCTCATAGTGCATCTA-1,4
TCTCATAGTGGCGAAT-1,6
TCTCATAGTTAGATGA-1,1
TCTCATATCACAACGT-1,1
TCTCATATCACAGTAC-1,1
TCTCATATCATCTGCC-1,1
TCTCATATCCGATATG-1,4
TCTCATATCGGAATCT-1,0
TCTCATATCTTGACGA-1,8
TCTCATATCTTTACAC-1,1
TCTCTAACAAGCGTAG-1,0
TCTCTAACACCATGTA-1,3
TCTCTAACACGCCAGT-1,3
TCTCTAACAGCTTCGG-1,3
TCTCTAACAGGCTCAC-1,2
TCTCTAACAGTAGAGC-1,1
TCTCTAACATCGATGT-1,3
TCTCTAACATCGGAAG-1,7
TCTCTAAGTAACGACG-1,2
TCTCTAAGTAGCAAAT-1,5
TCTCTAAGTATCGCAT-1,2
TCTCTAAGTCGCTTCT-1,4
TCTCTAAGTGCTGTAT-1,1
TCTCTAAGTTCGGCAC-1,0
TCTCTAATCAACTCTT-1,4
TCTCTAATCCTTCAAT-1,2
TCTCTAATCGAGGTAG-1,0
TCTCTAATCGTACGGC-1,3
TCTCTAATCTTCCTTC-1,5
TCTGAGAAGCAGCCTC-1,1
TCTGAGAAGCTAGGCA-1,0
TCTGAGAAGCTGATAA-1,4
TCTGAGAAGTAGATGT-1,1
TCTGAGACACACATGT-1,0
TCTGAGACACGACTCG-1,4
TCTGAGACAGAGTGTG-1,0
TCTGAGACATCCAACA-1,1
TCTGAGACATTACGAC-1,2
TCTGAGAGTACGCACC-1,0
TCTGAGAGTCAATACC-1,1
TCTGAGAGTGTGTGCC-1,1
TCTGAGAGTTAAGACA-1,1
TCTGAGATCATCTGTT-1,1
TCTGAGATCCGTCAAA-1,1
TCTGAGATCTTATCTG-1,1
TCTGAGATCTTTACAC-1,0
TCTGGAAAGAATCTCC-1,4
TCTGGAAAGAGTGACC-1,1
TCTGGAAAGCGATTCT-1,3
TCTGGAACAGACGCCT-1,3
TCTGGAACAGCATGAG-1,2
TCTGGAACATAAGACA-1,1
TCTGGAAGTCAAGCGA-1,1
TCTGGAAGTCGAGTTT-1,0
TCTGGAAGTCTCATCC-1,7
TCTGGAAGTGACTCAT-1,0
TCTGGAAGTGTAATGA-1,2
TCTGGAAGTTAGAACA-1,0
TCTGGAAGTTCAGTAC-1,1
TCTGGAAGTTGGACCC-1,1
TCTGGAATCAACCATG-1,1
TCTGGAATCATGTCCC-1,3
TCTGGAATCCAGTAGT-1,6
TCTGGAATCGAACGGA-1,3
TCTGGAATCTTGAGGT-1,0
TCTTCGGAGACATAAC-1,0
TCTTCGGAGACGCACA-1,3
TCTTCGGAGCCCTAAT-1,1
TCTTCGGAGCGTTTAC-1,2
TCTTCGGAGCTCCTTC-1,5
TCTTCGGAGGACATTA-1,1
TCTTCGGAGTGAAGTT-1,3
TCTTCGGAGTGGTAAT-1,1
TCTTCGGAGTTTCCTT-1,5
TCTTCGGCAAATACAG-1,7
TCTTCGGCAAGGTTCT-1,1
TCTTCGGCACCGTTGG-1,1
TCTTCGGCACGAGGTA-1,1
TCTTCGGCAGGTCTCG-1,1
TCTTCGGGTATCGCAT-1,8
TCTTCGGGTCTCCATC-1,4
TCTTCGGGTCTTGTCC-1,0
TCTTCGGGTTTGTGTG-1,1
TCTTCGGTCAAGAAGT-1,4
TCTTCGGTCATTCACT-1,1
TCTTCGGTCCATGCTC-1,8
TCTTTCCAGAGACGAA-1,1
TCTTTCCAGAGCCTAG-1,7
TCTTTCCAGCACAGGT-1,0
TCTTTCCAGCTAAACA-1,4
TCTTTCCAGGACTGGT-1,2
TCTTTCCAGGCGTACA-1,0
TCTTTCCAGTAGGTGC-1,1
TCTTTCCAGTCTTGCA-1,3
TCTTTCCCAAACGCGA-1,2
TCTTTCCCAAGGCTCC-1,0
TCTTTCCCAATGAATG-1,2
TCTTTCCCACCGTTGG-1,0
TCTTTCCCACGACGAA-1,2
TCTTTCCCAGTGACAG-1,0
TCTTTCCCATCCGCGA-1,0
TCTTTCCCATGATCCA-1,2
TCTTTCCGTAGCGATG-1,1
TCTTTCCGTCACCCAG-1,1
TCTTTCCGTCCGCTGA-1,2
TCTTTCCGTGATAAAC-1,1
TCTTTCCGTGCAACTT-1,0
TCTTTCCGTTCAGCGC-1,5
TCTTTCCGTTTCGCTC-1,3
TCTTTCCTCGACGGAA-1,0
TCTTTCCTCGTTACGA-1,3
TCTTTCCTCTAACTCT-1,1
TGAAAGAAGACTCGGA-1,6
TGAAAGAAGAGCCCAA-1,4
TGAAAGACAACTGCTA-1,3
TGAAAGACAATTCCTT-1,4
TGAAAGACACCAGTTA-1,4
TGAAAGACACGAAATA-1,0
TGAAAGACAGACAGGT-1,2
TGAAAGACAGATGGCA-1,4
TGAAAGACATCAGTAC-1,4
TGAAAGAGTAAACGCG-1,3
TGAAAGAGTAGGGTAC-1,3
TGAAAGAGTCCCTACT-1,7
TGAAAGAGTCCGAAGA-1,6
TGAAAGAGTGACGGTA-1,1
TGAAAGAGTGTATGGG-1,4
TGAAAGAGTTGGTAAA-1,0
TGAAAGATCAGCAACT-1,1
TGAAAGATCGATAGAA-1,1
TGAAAGATCGGAAATA-1,5
TGAAAGATCTATCGCC-1,4
TGACAACAGGAATCGC-1,3
TGACAACAGGAGTAGA-1,4
TGACAACAGGGATGGG-1,8
TGACAACCAACTGCGC-1,0
TGACAACCACAGGTTT-1,2
TGACAACCAGCCTATA-1,3
TGACAACCATCGATGT-1,0
TGACAACGTAGGGACT-1,0
TGACAACGTTCTGGTA-1,1
TGACAACTCAGCTCGG-1,4
TGACAACTCAGCTTAG-1,1
TGACAACTCCGGGTGT-1,1
TGACAACTCGCAAACT-1,3
TGACAACTCTAACTGG-1,8
TGACAACTCTACTCAT-1,4
TGACGGCAGATGGCGT-1,1
TGACGGCAGCTCTCGG-1,2
TGACGGCAGGTGTTAA-1,5
TGACGGCCAAACGTGG-1,3
TGACGGCCACCGAAAG-1,5
TGACGGCCATAAGACA-1,2
TGACGGCGTAAGAGAG-1,0
TGACGGCGTAAGTGTA-1,2
TGACGGCGTAATAGCA-1,2
TGACGGCGTACCGAGA-1,8
TGACGGCGTCTGATCA-1,1
TGACGGCGTGGCGAAT-1,2
TGACGGCGTGGTCCGT-1,0
TGACGGCGTTCAGTAC-1,4
TGACGGCGTTGGACCC-1,1
TGACGGCTCCTCAATT-1,7
TGACGGCTCTCCCTGA-1,4
TGACTAGAGCAGATCG-1,4
TGACTAGAGCAGCGTA-1,0
TGACTAGAGCCACGTC-1,7
TGACTAGAGGTGATTA-1,1
TGACTAGAGTAGCCGA-1,2
TGACTAGCAAGCGAGT-1,7
TGACTAGCAGACGCTC-1,4
TGACTAGCAGCTATTG-1,3
TGACTAGGTAGGACAC-1,0
TGACTAGGTCGCTTTC-1,0
TGACTAGGTCTCCATC-1,1
TGACTAGGTTGAGGTG-1,0
TGACTAGTCAAGGCTT-1,1
TGACTAGTCCCACTTG-1,3
TGACTAGTCCGAGCCA-1,0
TGACTAGTCCGCATAA-1,0
TGACTAGTCCTAGTGA-1,3
TGACTAGTCCTCAATT-1,8
TGACTTTAGCACAGGT-1,2
TGACTTTAGGAGTACC-1,4
TGACTTTAGGTCATCT-1,0
TGACTTTCAAACTGTC-1,1
TGACTTTCACGAAACG-1,6
TGACTTTCATGTAAGA-1,0
TGACTTTGTGATAAAC-1,2
TGACTTTGTGCAGGTA-1,7
TGACTTTGTTTAGCTG-1,5
TGACTTTTCAACGCTA-1,3
TGACTTTTCACCAGGC-1,0
TGACTTTTCCGCATCT-1,6
TGACTTTTCCTTGGTC-1,3
TGACTTTTCTTCAACT-1,3
TGAGAGGAGAAGCCCA-1,8
TGAGAGGAGAATCTCC-1,0
TGAGAGGAGACTGGGT-1,5
TGAGAGGAGATGTAAC-1,3
TGAGAGGAGCGAAGGG-1,0
TGAGAGGAGGTGCACA-1,0
TGAGAGGAGGTGTGGT-1,3
TGAGAGGCACGGTAAG-1,0
TGAGAGGGTACTCGCG-1,3
TGAGAGGGTAGCACGA-1,3
TGAGAGGGTCCAGTGC-1,3
TGAGAGGGTCTTGTCC-1,1
TGAGAGGGTGACGGTA-1,2
TGAGAGGGTGATGCCC-1,2
TGAGAGGGTGCACCAC-1,4
TGAGAGGGTGTAATGA-1,1
TGAGAGGTCTGACCTC-1,0
TGAGCATCACCGGAAA-1,4
TGAGCATCAGGCTGAA-1,4
TGAGCATCATCCGTGG-1,1
TGAGCATGTAGCTCCG-1,2
TGAGCATGTCAGATAA-1,0
TGAGCATGTCCGACGT-1,1
TGAGCATGTCTAGAGG-1,0
TGAGCATGTGCACCAC-1,1
TGAGCATGTTAGAACA-1,3
TGAGCATGTTCGCGAC-1,0
TGAGCATGTTCGTGAT-1,1
TGAGCATTCAAACAAG-1,1
TGAGCATTCACGACTA-1,4
TGAGCATTCAGCATGT-1,3
TGAGCATTCCCATTAT-1,3
TGAGCATTCCGCATAA-1,0
TGAGCATTCGACCAGC-1,4
TGAGCATTCGTTTGCC-1,2
TGAGCATTCTAACCGA-1,3
TGAGCATTCTAGAGTC-1,4
TGAGCATTCTGAAAGA-1,2
TGAGCATTCTGTTTGT-1,7
TGAGCCGAGAAACCAT-1,4
TGAGCCGAGCCGCCTA-1,3
TGAGCCGAGTACGACG-1,1
TGAGCCGAGTAGGTGC-1,0
TGAGCCGCAAACCTAC-1,0
TGAGCCGCAAAGGCGT-1,0
TGAGCCGCACAACTGT-1,1
TGAGCCGGTCAATACC-1,0
TGAGCCGGTTTAGCTG-1,1
TGAGCCGTCACAAACC-1,0
TGAGCCGTCTAGCACA-1,4
TGAGCCGTCTGGTGTA-1,0
TGAGCCGTCTTTACGT-1,1
TGAGGGAAGCAATCTC-1,3
TGAGGGAAGCCTTGAT-1,4
TGAGGGAAGCGATTCT-1,0
TGAGGGAAGGTCATCT-1,3
TGAGGGAAGTGTTAGA-1,1
TGAGGGAAGTTTGCGT-1,1
TGAGGGACAACGCACC-1,1
TGAGGGACACCAACCG-1,1
TGAGGGACACCGCTAG-1,4
TGAGGGACATCCAACA-1,1
TGAGGGACATGCTAGT-1,0
TGAGGGAGTCTGCCAG-1,0
TGAGGGAGTGATGTGG-1,0
TGAGGGAGTTCACGGC-1,3
TGAGGGAGTTCAGACT-1,0
TGAGGGATCTACGAGT-1,4
TGAGGGATCTGACCTC-1,0
TGATTTCAGAAACCGC-1,1
TGATTTCAGCAATATG-1,1
TGATTTCAGCACAGGT-1,2
TGATTTCAGGACACCA-1,1
TGATTTCAGTGATCGG-1,1
TGATTTCCAAGGTGTG-1,1
TGATTTCCAATCTACG-1,1
TGATTTCCACAACTGT-1,1
TGATTTCCACCTCGTT-1,1
TGATTTCCATACGCTA-1,0
TGATTTCCATCGGTTA-1,0
TGATTTCGTCCGACGT-1,2
TGATTTCGTGAAGGCT-1,8
TGATTTCGTGCGCTTG-1,4
TGATTTCGTGGTCTCG-1,1
TGATTTCGTGTTAAGA-1,0
TGATTTCTCACTCCTG-1,1
TGATTTCTCTGATTCT-1,4
TGATTTCTCTTGTATC-1,2
TGCACCTAGACTGGGT-1,2
TGCACCTAGATACACA-1,0
TGCACCTAGATCCCAT-1,3
TGCACCTAGATCTGAA-1,0
TGCACCTAGCTCCCAG-1,3
TGCACCTAGCTTCGCG-1,4
TGCACCTAGGCTATCT-1,0
TGCACCTAGGTCGGAT-1,5
TGCACCTAGGTGTGGT-1,2
TGCACCTAGTACGCGA-1,1
TGCACCTAGTGGGATC-1,2
TGCACCTAGTTATCGC-1,1
TGCACCTCAATCGGTT-1,1
TGCACCTCATCATCCC-1,1
TGCACCTGTATCAGTC-1,1
TGCACCTGTGCACCAC-1,1
TGCACCTTCAGCTGGC-1,4
TGCACCTTCCACGTGG-1,3
TGCACCTTCGGAATCT-1,4
TGCACCTTCGTACCGG-1,1
TGCACCTTCTGGTGTA-1,4
TGCCAAAAGGAGTTTA-1,0
TGCCAAAAGGCATTGG-1,1
TGCCAAAAGTCCCACG-1,1
TGCCAAACAAGCCGTC-1,7
TGCCAAACACGCGAAA-1,0
TGCCAAACAGCGTAAG-1,0
TGCCAAACAGGACGTA-1,0
TGCCAAACAGTTTACG-1,1
TGCCAAACATACTACG-1,1
TGCCAAAGTACACCGC-1,1
TGCCAAAGTACGCACC-1,2
TGCCAAAGTCAGCTAT-1,2
TGCCAAAGTCGAACAG-1,0
TGCCAAAGTCTTGTCC-1,2
TGCCAAAGTGCAGACA-1,0
TGCCAAAGTGTCAATC-1,0
TGCCAAAGTGTGCCTG-1,0
TGCCAAATCATCGGAT-1,4
TGCCAAATCCAACCAA-1,7
TGCCAAATCCAGTAGT-1,7
TGCCAAATCGAATGCT-1,4
TGCCAAATCTTGCATT-1,4
TGCCCATAGCGTGTCC-1,1
TGCCCATAGGGAAACA-1,1
TGCCCATAGGGATACC-1,2
TGCCCATAGTTGAGTA-1,1
TGCCCATCAAGGTTTC-1,0
TGCCCATCACGCATCG-1,1
TGCCCATCAGGGATTG-1,3
TGCCCATCATCTCGCT-1,3
TGCCCATCATGGAATA-1,4
TGCCCATGTATATGAG-1,1
TGCCCATGTCAATGTC-1,4
TGCCCATGTCCATCCT-1,1
TGCCCATGTCTCATCC-1,2
TGCCCATGTGTTTGTG-1,0
TGCCCATTCAACCATG-1,3
TGCCCATTCAAGGTAA-1,1
TGCCCATTCACTCTTA-1,1
TGCCCATTCATCGATG-1,2
TGCCCATTCCGAGCCA-1,1
TGCCCATTCGCCAGCA-1,4
TGCCCATTCTCCCTGA-1,4
TGCCCTAAGAATGTTG-1,4
TGCCCTAAGACACGAC-1,3
TGCCCTAAGACTGGGT-1,4
TGCCCTAAGAGGTTGC-1,1
TGCCCTAAGATGTAAC-1,1
TGCCCTAAGTACATGA-1,3
TGCCCTAAGTTAGCGG-1,0
TGCCCTAAGTTATCGC-1,4
TGCCCTACAAAGGCGT-1,1
TGCCCTACAAATCCGT-1,2
TGCCCTACAATAGCGG-1,1
TGCCCTACACCATGTA-1,1
TGCCCTACAGACGCCT-1,1
TGCCCTACATAAAGGT-1,1
TGCCCTAGTATAAACG-1,1
TGCCCTAGTATTCGTG-1,3
TGCCCTAGTGCACTTA-1,0
TGCCCTAGTTATGTGC-1,6
TGCCCTATCACATGCA-1,0
TGCCCTATCCAAGCCG-1,4
TGCCCTATCGCAAACT-1,5
TGCCCTATCGTCCAGG-1,2
TGCCCTATCTTCAACT-1,3
TGCGCAGAGAATTGTG-1,0
TGCGCAGAGCGCCTTG-1,7
TGCGCAGAGGGTGTTG-1,2
TGCGCAGAGGTGCAAC-1,4
TGCGCAGAGGTGCTAG-1,1
TGCGCAGAGGTGGGTT-1,0
TGCGCAGCAATAAGCA-1,3
TGCGCAGCACGTTGGC-1,7
TGCGCAGCAGATGGGT-1,2
TGCGCAGCATCCTTGC-1,6
TGCGCAGCATCGACGC-1,4
TGCGCAGCATTTGCCC-1,0
TGCGCAGGTAGCGATG-1,1
TGCGCAGGTGCCTTGG-1,0
TGCGCAGGTTCGGGCT-1,4
TGCGCAGGTTTGTTGG-1,1
TGCGCAGTCCAGGGCT-1,1
TGCGCAGTCCGCGCAA-1,1
TGCGCAGTCGGCTTGG-1,0
TGCGGGTAGACAGAGA-1,6
TGCGGGTAGACTTGAA-1,5
TGCGGGTAGCCAACAG-1,3
TGCGGGTAGGGCACTA-1,4
TGCGGGTAGTTGTCGT-1,4
TGCGGGTCAAAGGAAG-1,1
TGCGGGTCACCATCCT-1,0
TGCGGGTCACGGATAG-1,2
TGCGGGTCAGCAGTTT-1,1
TGCGGGTCAGGGAGAG-1,1
TGCGGGTCATATGAGA-1,2
TGCGGGTCATCGATGT-1,0
TGCGGGTGTACCAGTT-1,6
TGCGGGTGTTAAGGGC-1,2
TGCGGGTGTTAAGTAG-1,5
TGCGGGTGTTAGGGTG-1,1
TGCGGGTGTTTGTTTC-1,1
TGCGGGTTCACCAGGC-1,0
TGCGGGTTCCTCATTA-1,7
TGCGGGTTCTTATCTG-1,4
TGCGTGGAGTAGATGT-1,1
TGCGTGGAGTTAACGA-1,2
TGCGTGGCAGTGGAGT-1,0
TGCGTGGCATTTGCTT-1,4
TGCGTGGGTAGGAGTC-1,0
TGCGTGGGTGACCAAG-1,7
TGCGTGGTCAACTCTT-1,0
TGCGTGGTCCGTACAA-1,5
TGCGTGGTCGCGCCAA-1,0
TGCTACCAGATGGCGT-1,0
TGCTACCAGCACCGTC-1,7
TGCTACCAGCTACCTA-1,3
TGCTACCAGGGTTTCT-1,1
TGCTACCCAAGGCTCC-1,4
TGCTACCCAATCTGCA-1,0
TGCTACCCACAAGTAA-1,2
TGCTACCCAGCCTTGG-1,0
TGCTACCCAGCTCGAC-1,3
TGCTACCCAGTGAGTG-1,2
TGCTACCCATTAGGCT-1,0
TGCTACCGTCATCGGC-1,1
TGCTACCGTCCGACGT-1,1
TGCTACCGTCTAGTGT-1,2
TGCTACCGTCTGATCA-1,0
TGCTACCGTGCAGGTA-1,4
TGCTACCGTGTTCGAT-1,3
TGCTACCTCCACGAAT-1,7
TGCTACCTCCTAGAAC-1,6
TGCTACCTCGGGAGTA-1,2
TGCTACCTCTGTACGA-1,0
TGCTGCTAGATGCCTT-1,4
TGCTGCTAGCCCAGCT-1,2
TGCTGCTAGGATATAC-1,2
TGCTGCTAGTCATGCT-1,6
TGCTGCTCAAGTCATC-1,1
TGCTGCTCAAGTTGTC-1,0
TGCTGCTCACCGAAAG-1,0
TGCTGCTCACGAAAGC-1,0
TGCTGCTCACTGAAGG-1,0
TGCTGCTCAGAGCCAA-1,1
TGCTGCTCAGCGAACA-1,3
TGCTGCTCATCTGGTA-1,0
TGCTGCTCATGACATC-1,0
TGCTGCTGTAGCAAAT-1,2
TGCTGCTGTAGCGTCC-1,6
TGCTGCTGTCAAACTC-1,3
TGCTGCTGTCAGAGGT-1,2
TGCTGCTGTCAGATAA-1,0
TGCTGCTGTCAGCTAT-1,1
TGCTGCTGTTACAGAA-1,2
TGCTGCTGTTGGAGGT-1,4
TGCTGCTGTTGGTAAA-1,3
TGCTGCTTCACAGTAC-1,1
TGCTGCTTCGGCATCG-1,0
TGCTGCTTCGGCCGAT-1,3
TGGACGCAGCTGCAAG-1,7
TGGACGCAGGTGATTA-1,0
TGGACGCCATCGGAAG-1,1
TGGACGCGTCGCATCG-1,0
TGGACGCGTGAAAGAG-1,0
TGGACGCGTGTCCTCT-1,3
TGGACGCTCCAAAGTC-1,0
TGGACGCTCGCATGAT-1,0
TGGACGCTCGCATGGC-1,3
TGGCCAGAGAGCTGGT-1,3
TGGCCAGAGATATGGT-1,4
TGGCCAGAGCTACCTA-1,1
TGGCCAGAGGCAATTA-1,0
TGGCCAGAGGTAGCCA-1,0
TGGCCAGAGTCATCCA-1,3
TGGCCAGCAATGAATG-1,7
TGGCCAGCATTACGAC-1,8
TGGCCAGGTAGCTGCC-1,4
TGGCCAGGTATATGAG-1,4
TGGCCAGGTCCCTACT-1,0
TGGCCAGGTCGAGTTT-1,1
TGGCCAGTCCAAACAC-1,0
TGGCCAGTCCGTTGTC-1,0
TGGCCAGTCGGACAAG-1,0
TGGCCAGTCGGCTTGG-1,1
TGGCGCAAGAAGGTGA-1,4
TGGCGCAAGCTAGCCC-1,1
TGGCGCAAGGGATCTG-1,1
TGGCGCAAGTACCGGA-1,2
TGGCGCACACCCTATC-1,3
TGGCGCACAGCTGCAC-1,1
TGGCGCAGTATTACCG-1,0
TGGCGCAGTCAAACTC-1,4
TGGCGCAGTCACCCAG-1,0
TGGCGCAGTGCGCTTG-1,2
TGGCGCAGTGTAAGTA-1,2
TGGCGCAGTGTCCTCT-1,3
TGGCGCAGTTACGGAG-1,0
TGGCGCAGTTTAGGAA-1,4
TGGCGCATCAAGAAGT-1,0
TGGCGCATCACCAGGC-1,2
TGGCGCATCAGTTTGG-1,0
TGGCGCATCGTCGTTC-1,3
TGGCTGGAGAGGACGG-1,2
TGGCTGGAGCTAAACA-1,3
TGGCTGGAGCTGTCTA-1,0
TGGCTGGAGTCATGCT-1,1
TGGCTGGAGTTAGCGG-1,0
TGGCTGGCAAAGGCGT-1,3
TGGCTGGCACAACTGT-1,0
TGGCTGGCACGAGGTA-1,0
TGGCTGGCACTTCGAA-1,0
TGGCTGGCAGCTCCGA-1,0
TGGCTGGCAGTCCTTC-1,2
TGGCTGGCATGAAGTA-1,0
TGGCTGGGTCGTTGTA-1,0
TGGCTGGGTCTAGTCA-1,2
TGGCTGGGTTGTCTTT-1,5
TGGCTGGTCAGTCAGT-1,0
TGGCTGGTCCATGAGT-1,0
TGGCTGGTCCTAGAAC-1,0
TGGCTGGTCGCTAGCG-1,3
TGGCTGGTCGGTGTTA-1,2
TGGCTGGTCGGTTCGG-1,0
TGGCTGGTCGTCCAGG-1,3
TGGGAAGAGATCACGG-1,2
TGGGAAGAGTGTACCT-1,5
TGGGAAGCAGATCGGA-1,2
TGGGAAGCATGTTGAC-1,2
TGGGAAGGTATCTGCA-1,2
TGGGAAGGTCGAACAG-1,7
TGGGAAGGTCTAAACC-1,1
TGGGAAGGTTCCCGAG-1,1
TGGGAAGGTTTGGGCC-1,8
TGGGAAGTCAAACAAG-1,0
TGGGAAGTCACCGGGT-1,0
TGGGAAGTCAGTCAGT-1,2
TGGGAAGTCATCGGAT-1,1
TGGGAAGTCCCTAATT-1,1
TGGGAAGTCCTTTCTC-1,8
TGGGAAGTCTGATACG-1,1
TGGGCGTAGACAGACC-1,3
TGGGCGTAGAGTTGGC-1,3
TGGGCGTAGATCTGAA-1,4
TGGGCGTAGCGATGAC-1,1
TGGGCGTAGGAGTACC-1,1
TGGGCGTAGGGCACTA-1,3
TGGGCGTAGTTGTCGT-1,4
TGGGCGTCAAGTCTGT-1,3
TGGGCGTCACTTCTGC-1,3
TGGGCGTCAGCTGTTA-1,3
TGGGCGTCATGGTTGT-1,3
TGGGCGTGTAGAGTGC-1,0
TGGGCGTGTCCAAGTT-1,0
TGGGCGTGTCTTCGTC-1,5
TGGGCGTGTTATTCTC-1,1
TGGGCGTGTTCAACCA-1,1
TGGGCGTTCAGCACAT-1,1
TGGGCGTTCCGTCATC-1,1
TGGGCGTTCCTAGTGA-1,3
TGGTTAGAGATGTGGC-1,0
TGGTTAGAGGGTGTTG-1,2
TGGTTAGCACCAGCAC-1,1
TGGTTAGCACGGTAGA-1,4
TGGTTAGCACTAAGTC-1,0
TGGTTAGCACTGCCAG-1,1
TGGTTAGCATCACGAT-1,1
TGGTTAGGTAAACCTC-1,1
TGGTTAGGTAACGACG-1,0
TGGTTAGGTAGCGTCC-1,1
TGGTTAGGTGAGGCTA-1,4
TGGTTAGGTGGAAAGA-1,3
TGGTTAGGTTTCCACC-1,0
TGGTTAGTCAAAGACA-1,0
TGGTTAGTCCTCCTAG-1,0
TGGTTAGTCTCGCATC-1,0
TGGTTCCAGAGTGAGA-1,0
TGGTTCCAGATGTCGG-1,1
TGGTTCCAGCACGCCT-1,3
TGGTTCCAGTAGCCGA-1,1
TGGTTCCAGTCGAGTG-1,0
TGGTTCCCAGTTCATG-1,0
TGGTTCCGTCGAACAG-1,3
TGGTTCCGTGCCTGCA-1,1
TGGTTCCTCAGAAATG-1,2
TGGTTCCTCCAAAGTC-1,0
TGGTTCCTCCCTCAGT-1,2
TGGTTCCTCCGCAAGC-1,0
TGTATTCAGAATGTGT-1,6
TGTATTCAGCCATCGC-1,1
TGTATTCAGTCCTCCT-1,1
TGTATTCCAATGAATG-1,3
TGTATTCCACTCTGTC-1,0
TGTATTCCATCCCATC-1,0
TGTATTCGTAAACCTC-1,2
TGTATTCGTAGCCTAT-1,4
TGTATTCGTCATTAGC-1,1
TGTATTCGTCGGCACT-1,0
TGTATTCGTGCAACTT-1,2
TGTATTCTCCTATGTT-1,0
TGTATTCTCGAACTGT-1,0
TGTATTCTCGTCACGG-1,0
TGTATTCTCTATCCTA-1,3
TGTATTCTCTTGCCGT-1,1
TGTCCCAAGGTAAACT-1,3
TGTCCCAAGTAGCGGT-1,1
TGTCCCACAACTGCTA-1,1
TGTCCCACAAGGTGTG-1,4
TGTCCCAGTAAGTGGC-1,4
TGTCCCAGTAAGTGTA-1,1
TGTCCCAGTGCACCAC-1,2
TGTCCCAGTGTGACCC-1,0
TGTCCCATCAGTGTTG-1,0
TGTCCCATCGCCAGCA-1,0
TGTCCCATCTTAGCCC-1,2
TGTCCCATCTTTACGT-1,4
TGTGGTAAGAAACCTA-1,4
TGTGGTAAGATGCGAC-1,3
TGTGGTAAGCGCTCCA-1,2
TGTGGTAAGTCCATAC-1,1
TGTGGTACAAGTTCTG-1,2
TGTGGTACACCACCAG-1,1
TGTGGTACACCTCGGA-1,3
TGTGGTAGTTACCGAT-1,3
TGTGGTAGTTGGTTTG-1,2
TGTGGTAGTTGTCGCG-1,0
TGTGGTATCACCCTCA-1,0
TGTGGTATCAGCACAT-1,4
TGTGGTATCTGATTCT-1,3
TGTGGTATCTGTGCAA-1,0
TGTGTTTAGGCATTGG-1,1
TGTGTTTAGGCCCTCA-1,3
TGTGTTTCACTCGACG-1,4
TGTGTTTCAGGATCGA-1,1
TGTGTTTCATATACGC-1,6
TGTGTTTCATGGTAGG-1,2
TGTGTTTGTATGAAAC-1,0
TGTGTTTGTGGTTTCA-1,3
TGTGTTTGTGTTCGAT-1,0
TGTGTTTTCCCTTGTG-1,1
TGTGTTTTCTACTCAT-1,1
TGTGTTTTCTGTGCAA-1,3
TGTGTTTTCTTGTTTG-1,1
TGTTCCGAGCTAGCCC-1,3
TGTTCCGAGTATCTCG-1,3
TGTTCCGCAATCTACG-1,8
TGTTCCGCACCCATTC-1,6
TGTTCCGCACGTCAGC-1,2
TGTTCCGCAGCCTTGG-1,0
TGTTCCGCAGCGAACA-1,0
TGTTCCGCAGCGTTCG-1,3
TGTTCCGGTAAACACA-1,0
TGTTCCGGTTTGGCGC-1,2
TGTTCCGTCACAATGC-1,0
TGTTCCGTCGAATGGG-1,1
TGTTCCGTCTTTACAC-1,0
TTAACTCAGAATTGTG-1,0
TTAACTCAGCTACCGC-1,4
TTAACTCAGCTTCGCG-1,2
TTAACTCAGTCAATAG-1,7
TTAACTCAGTGTACCT-1,1
TTAACTCAGTTGTAGA-1,4
TTAACTCCAAAGAATC-1,3
TTAACTCCAAGGTTCT-1,4
TTAACTCCACTAAGTC-1,5
TTAACTCCATCCGTGG-1,0
TTAACTCCATGAACCT-1,3
TTAACTCCATGACGGA-1,0
TTAACTCCATTTCAGG-1,8
TTAACTCGTAGAAGGA-1,0
TTAACTCGTCGCGTGT-1,0
TTAACTCGTCTACCTC-1,6
TTAACTCGTTCCGTCT-1,2
TTAACTCTCAGTGCAT-1,2
TTAACTCTCCACTCCA-1,1
TTAACTCTCCTAGGGC-1,5
TTAACTCTCTCCGGTT-1,1
TTAGGACAGAAGGCCT-1,1
TTAGGACAGAGGTAGA-1,2
TTAGGACAGATGTGTA-1,1
TTAGGACAGCAGGTCA-1,0
TTAGGACAGTGTTTGC-1,0
TTAGGACCAAATCCGT-1,2
TTAGGACCAACTTGAC-1,4
TTAGGACCAGCTGCAC-1,2
TTAGGACCAGGGCATA-1,8
TTAGGACCAGGGTATG-1,0
TTAGGACCATCTCGCT-1,4
TTAGGACGTAACGCGA-1,4
TTAGGACGTACCGCTG-1,1
TTAGGACGTCACCCAG-1,0
TTAGGACGTCAGAAGC-1,0
TTAGGACGTCAGAGGT-1,0
TTAGGACGTCATACTG-1,1
TTAGGACGTCGCCATG-1,4
TTAGGACTCCGTCATC-1,0
TTAGGACTCCTGCTTG-1,0
TTAGGCAAGAAGAAGC-1,1
TTAGGCAAGAAGGGTA-1,0
TTAGGCACAAACCTAC-1,1
TTAGGCACAATGGAGC-1,1
TTAGGCACACGGTAAG-1,1
TTAGGCAGTCGGGTCT-1,1
TTAGGCAGTCTCATCC-1,0
TTAGGCAGTCTGGTCG-1,2
TTAGGCAGTTAAGACA-1,2
TTAGGCAGTTATGTGC-1,6
TTAGGCAGTTTGGGCC-1,0
TTAGGCATCAGCTCGG-1,2
TTAGGCATCAGTTAGC-1,3
TTAGGCATCATCTGCC-1,1
TTAGGCATCATGCAAC-1,4
TTAGGCATCCAAACAC-1,5
TTAGGCATCCCAAGTA-1,3
TTAGGCATCTATCCTA-1,0
TTAGTTCAGAGTTGGC-1,3
TTAGTTCAGCAGGTCA-1,2
TTAGTTCAGGCAGGTT-1,4
TTAGTTCCAAGGACAC-1,1
TTAGTTCCACAGATTC-1,0
TTAGTTCCACTACAGT-1,3
TTAGTTCCAGGTCTCG-1,1
TTAGTTCGTACATGTC-1,7
TTAGTTCGTATGAATG-1,1
TTAGTTCGTTGACGTT-1,3
TTAGTTCGTTGGGACA-1,4
TTAGTTCTCAACACGT-1,1
TTAGTTCTCAACACTG-1,1
TTAGTTCTCAGTCCCT-1,2
TTAGTTCTCTGACCTC-1,3
TTAGTTCTCTGTTGAG-1,5
TTATGCTAGAAACCGC-1,2
TTATGCTAGACATAAC-1,3
TTATGCTAGCATCATC-1,2
TTATGCTAGGCACATG-1,1
TTATGCTAGTCTCAAC-1,2
TTATGCTAGTGTTAGA-1,6
TTATGCTCAAGAAAGG-1,3
TTATGCTCAAGGACTG-1,2
TTATGCTCAGCCTGTG-1,5
TTATGCTCAGCTTAAC-1,4
TTATGCTCATAAGACA-1,3
TTATGCTCATGCAATC-1,2
TTATGCTGTCCGTGAC-1,1
TTATGCTGTGTTTGGT-1,1
TTATGCTTCAGCTTAG-1,5
TTATGCTTCCGTCAAA-1,0
TTATGCTTCGCCAAAT-1,8
TTATGCTTCGGATGGA-1,1
TTATGCTTCTAACGGT-1,0
TTATGCTTCTGGTGTA-1,2
TTCCCAGAGGCGTACA-1,3
TTCCCAGAGGCTATCT-1,3
TTCCCAGAGTACGACG-1,1
TTCCCAGCAAGCTGGA-1,4
TTCCCAGCAATGGTCT-1,1
TTCCCAGCACGAGGTA-1,0
TTCCCAGCATCACGTA-1,3
TTCCCAGGTAAATACG-1,0
TTCCCAGGTAAGTGTA-1,1
TTCCCAGGTACGCTGC-1,3
TTCCCAGGTAGCTAAA-1,3
TTCCCAGGTCCAACTA-1,1
TTCCCAGGTCTCAACA-1,4
TTCCCAGGTGAAATCA-1,0
TTCCCAGTCAACTCTT-1,2
TTCCCAGTCAGGTAAA-1,0
TTCCCAGTCGCACTCT-1,0
TTCCCAGTCTACCTGC-1,0
TTCGAAGAGCTACCGC-1,3
TTCGAAGAGCTGCGAA-1,0
TTCGAAGAGGAGTCTG-1,3
TTCGAAGAGGCCCTTG-1,4
TTCGAAGCACGCCAGT-1,4
TTCGAAGCACGGATAG-1,0
TTCGAAGCAGCATGAG-1,4
TTCGAAGGTAGCGATG-1,1
TTCGAAGGTATAATGG-1,3
TTCGAAGGTCGGGTCT-1,8
TTCGAAGGTCTCAACA-1,0
TTCGAAGGTGACTCAT-1,3
TTCGAAGGTGCTAGCC-1,3
TTCGAAGGTGTCCTCT-1,4
TTCGAAGTCCTAGTGA-1,0
TTCGAAGTCCTCCTAG-1,2
TTCGAAGTCCTGCTTG-1,3
TTCGAAGTCGGGAGTA-1,2
TTCGAAGTCTAGCACA-1,7
TTCGAAGTCTGGTTCC-1,8
TTCGGTCAGAAGGCCT-1,0
TTCGGTCAGAGACGAA-1,1
TTCGGTCAGATGCCAG-1,0
TTCGGTCAGCATCATC-1,0
TTCGGTCAGGTGACCA-1,2
TTCGGTCCACTAGTAC-1,8
TTCGGTCCAGAGTGTG-1,0
TTCGGTCCAGCCAATT-1,0
TTCGGTCCAGCTATTG-1,4
TTCGGTCCAGCTGTGC-1,0
TTCGGTCCAGTGGGAT-1,2
TTCGGTCGTAAGAGAG-1,4
TTCGGTCGTATTCTCT-1,3
TTCGGTCGTCATATGC-1,2
TTCGGTCGTCCTCTTG-1,0
TTCGGTCTCAACCAAC-1,1
TTCGGTCTCACCACCT-1,1
TTCGGTCTCAGTCCCT-1,2
TTCGGTCTCCTTGACC-1,0
TTCGGTCTCGCGATCG-1,2
TTCGGTCTCGTCTGAA-1,0
TTCGGTCTCTCAACTT-1,4
TTCTACAAGACCTAGG-1,4
TTCTACAAGCTAACTC-1,3
TTCTACAAGCTGTTCA-1,0
TTCTACAAGTCAATAG-1,4
TTCTACAAGTGTTAGA-1,0
TTCTACAAGTGTTGAA-1,0
TTCTACACAACTGGCC-1,4
TTCTACACACGGATAG-1,0
TTCTACACACGTAAGG-1,7
TTCTACACAGACGCTC-1,2
TTCTACACAGTAAGAT-1,1
TTCTACAGTATGAAAC-1,1
TTCTACAGTGTATGGG-1,5
TTCTACAGTGTGCGTC-1,0
TTCTACAGTTATTCTC-1,3
TTCTACATCACTTATC-1,4
TTCTACATCAGGCCCA-1,5
TTCTACATCTCCAACC-1,0
TTCTCAAAGCACGCCT-1,7
TTCTCAACACTGTTAG-1,0
TTCTCAACAGCTCGCA-1,0
TTCTCAACAGGCAGTA-1,4
TTCTCAACAGTGACAG-1,4
TTCTCAACATTTCAGG-1,2
TTCTCAAGTACAGTGG-1,3
TTCTCAAGTACATGTC-1,0
TTCTCAAGTACTTCTT-1,1
TTCTCAAGTGACCAAG-1,3
TTCTCAAGTGCTGTAT-1,5
TTCTCAAGTTAGGGTG-1,1
TTCTCAATCATCGGAT-1,2
TTCTCAATCATTTGGG-1,5
TTCTCAATCTATCCCG-1,4
TTCTCCTAGACGACGT-1,1
TTCTCCTAGTCAATAG-1,7
TTCTCCTCAAACGTGG-1,2
TTCTCCTCAATACGCT-1,2
TTCTCCTCACATGGGA-1,0
TTCTCCTCAGATGGGT-1,1
TTCTCCTGTATATGAG-1,0
TTCTCCTGTGGAAAGA-1,3
TTCTCCTGTTACAGAA-1,5
TTCTCCTGTTCCACAA-1,0
TTCTCCTGTTTGACTG-1,1
TTCTCCTTCCGCGCAA-1,2
TTCTCCTTCGATCCCT-1,1
TTCTCCTTCTGAGGGA-1,0
TTCTTAGAGCCAACAG-1,0
TTCTTAGAGCGTGAAC-1,4
TTCTTAGCAGATCGGA-1,3
TTCTTAGCAGCCAGAA-1,3
TTCTTAGGTCACCCAG-1,0
TTCTTAGGTCGAACAG-1,3
TTCTTAGGTGACTACT-1,4
TTCTTAGGTGCGATAG-1,0
TTCTTAGGTTAAGGGC-1,1
TTCTTAGGTTACGGAG-1,7
TTCTTAGTCAAACCAC-1,4
TTCTTAGTCACTGGGC-1,0
TTCTTAGTCCACTCCA-1,3
TTCTTAGTCCGCATAA-1,0
TTCTTAGTCGCTTGTC-1,1
TTGAACGAGCCACGCT-1,1
TTGAACGCAAAGTCAA-1,2
TTGAACGCATCCCATC-1,1
TTGAACGCATGAAGTA-1,1
TTGAACGGTCGACTAT-1,0
TTGAACGGTCTAGGTT-1,4
TTGAACGGTGAACCTT-1,4
TTGAACGGTGATAAAC-1,2
TTGAACGTCGCATGAT-1,1
TTGACTTAGATATGCA-1,0
TTGACTTAGCACGCCT-1,8
TTGACTTAGGTGCACA-1,0
TTGACTTAGTCAAGGC-1,3
TTGACTTCACGGCTAC-1,3
TTGACTTCACTGTCGG-1,0
TTGACTTCAGACACTT-1,0
TTGACTTCAGCCTATA-1,2
TTGACTTCAGCGAACA-1,4
TTGACTTGTAAACACA-1,2
TTGACTTGTACCAGTT-1,3
TTGACTTGTCGATTGT-1,0
TTGACTTGTCTGCGGT-1,3
TTGACTTGTTCAGTAC-1,3
TTGACTTGTTGTCTTT-1,0
TTGACTTGTTGTTTGG-1,0
TTGACTTGTTTCCACC-1,1
TTGACTTGTTTGTTGG-1,6
TTGACTTTCAACCAAC-1,1
TTGACTTTCACATGCA-1,2
TTGACTTTCCAGATCA-1,4
TTGACTTTCGGAATCT-1,3
TTGACTTTCGTGGACC-1,3
TTGACTTTCTTTACAC-1,4
TTGCCGTAGGACAGAA-1,0
TTGCCGTAGTCTCGGC-1,3
TTGCCGTCAAGTAGTA-1,4
TTGCCGTCACATTAGC-1,2
TTGCCGTCATACTCTT-1,2
TTGCCGTCATGCAACT-1,2
TTGCCGTCATTCTTAC-1,4
TTGCCGTGTAGATTAG-1,4
TTGCCGTGTCGCATAT-1,0
TTGCCGTGTCTCTTTA-1,1
TTGCCGTGTGGCAAAC-1,4
TTGCCGTGTGTGCGTC-1,4
TTGCCGTTCCAGAAGG-1,1
TTGCCGTTCCCAGGTG-1,3
TTGCGTCAGGGTCGAT-1,2
TTGCGTCCAACACGCC-1,2
TTGCGTCCAAGACACG-1,3
TTGCGTCCAATCCAAC-1,0
TTGCGTCCAATGAAAC-1,6
TTGCGTCCACATGGGA-1,0
TTGCGTCCAGACAGGT-1,3
TTGCGTCCAGCCACCA-1,4
TTGCGTCCAGGGTACA-1,0
TTGCGTCCAGTGACAG-1,1
TTGCGTCGTCCGAACC-1,1
TTGCGTCGTCCTCCAT-1,4
TTGCGTCGTGATGCCC-1,5
TTGCGTCGTTACGCGC-1,0
TTGCGTCGTTAGAACA-1,0
TTGCGTCTCAAACCGT-1,7
TTGCGTCTCCACGTTC-1,2
TTGCGTCTCGAATCCA-1,1
TTGCGTCTCGGCGGTT-1,1
TTGGAACAGACTTTCG-1,1
TTGGAACAGAGGGCTT-1,0
TTGGAACAGAGTACCG-1,4
TTGGAACAGCTGGAAC-1,3
TTGGAACCAAGCCCAC-1,3
TTGGAACCACACCGCA-1,1
TTGGAACCACGGACAA-1,2
TTGGAACCACTTAAGC-1,5
TTGGAACCATGTCGAT-1,2
TTGGAACCATTGTGCA-1,5
TTGGAACGTCATGCCG-1,0
TTGGAACGTCCCTTGT-1,2
TTGGAACGTCGTCTTC-1,0
TTGGAACGTGACAAAT-1,2
TTGGAACGTGTTTGGT-1,3
TTGGAACTCTACTATC-1,0
TTGGAACTCTGTACGA-1,3
TTGGCAAAGCCGCCTA-1,3
TTGGCAAAGCTAACAA-1,2
TTGGCAAAGTACATGA-1,4
TTGGCAACAAGCGATG-1,3
TTGGCAACAATTCCTT-1,1
TTGGCAAGTGAACCTT-1,4
TTGGCAAGTGTTAAGA-1,2
TTGGCAAGTTCGGCAC-1,2
TTGGCAAGTTCGTCTC-1,3
TTGGCAATCACTGGGC-1,7
TTGGCAATCTCCTATA-1,0
TTGGCAATCTTACCTA-1,0
TTGGCAATCTTCCTTC-1,1
TTGGCAATCTTCGAGA-1,5
TTGTAGGAGATTACCC-1,1
TTGTAGGAGCCAGAAC-1,0
TTGTAGGAGGTGATAT-1,2
TTGTAGGAGTGTACGG-1,4
TTGTAGGCACAGAGGT-1,1
TTGTAGGCACCAGATT-1,4
TTGTAGGCACCGTTGG-1,2
TTGTAGGCAGTCTTCC-1,0
TTGTAGGCATCCAACA-1,2
TTGTAGGGTGTTGGGA-1,1
TTGTAGGGTTCAGACT-1,0
TTGTAGGGTTCGTCTC-1,4
TTGTAGGTCACCACCT-1,2
TTGTAGGTCATTGCGA-1,0
TTGTAGGTCCGAACGC-1,5
TTGTAGGTCCTAAGTG-1,0
TTGTAGGTCCTCCTAG-1,1
TTGTAGGTCGCACTCT-1,4
TTGTAGGTCTACCAGA-1,3
TTTACTGAGAATTCCC-1,0
TTTACTGAGAGAGCTC-1,0
TTTACTGAGCGATCCC-1,0
TTTACTGAGGACGAAA-1,0
TTTACTGAGGCCATAG-1,1
TTTACTGAGGGTGTGT-1,2
TTTACTGAGTGGGATC-1,3
TTTACTGAGTTGCAGG-1,2
TTTACTGCACGAAAGC-1,1
TTTACTGGTACCGTAT-1,0
TTTACTGGTTCCAACA-1,1
TTTACTGGTTCCCTTG-1,1
TTTACTGGTTGTGGAG-1,0
TTTACTGTCAGTCCCT-1,2
TTTACTGTCCGCATCT-1,7
TTTACTGTCCTTTACA-1,4
TTTACTGTCGTGGGAA-1,0
TTTACTGTCGTGGTCG-1,8
TTTACTGTCTGATTCT-1,2
TTTACTGTCTGCAAGT-1,2
TTTATGCAGAAGGTTT-1,3
TTTATGCAGAGTGACC-1,0
TTTATGCAGATGGGTC-1,1
TTTATGCAGCGATGAC-1,4
TTTATGCAGGACATTA-1,1
TTTATGCAGGCATGTG-1,1
TTTATGCCAAGCCCAC-1,0
TTTATGCCAAGGACTG-1,2
TTTATGCCAGCCTTTC-1,5
TTTATGCCATGACATC-1,0
TTTATGCGTACTTAGC-1,7
TTTATGCGTAGTAGTA-1,0
TTTATGCGTCTAGCCG-1,0
TTTATGCGTGTCGCTG-1,2
TTTATGCGTTGGGACA-1,0
TTTATGCTCTCATTCA-1,6
TTTCCTCAGACAGAGA-1,1
TTTCCTCAGCGTTGCC-1,2
TTTCCTCAGTGCGATG-1,1
TTTCCTCAGTGGGATC-1,0
TTTCCTCCAGGGCATA-1,2
TTTCCTCGTAGGACAC-1,0
TTTCCTCGTCCTCCAT-1,0
TTTCCTCGTGTAATGA-1,3
TTTCCTCGTTACCGAT-1,0
TTTCCTCTCAACTCTT-1,0
TTTCCTCTCACGCATA-1,0
TTTCCTCTCCACGTGG-1,4
TTTGCGCAGACTGTAA-1,7
TTTGCGCAGAGTGACC-1,3
TTTGCGCAGCAGGCTA-1,1
TTTGCGCAGCCACGCT-1,2
TTTGCGCAGCTGAACG-1,3
TTTGCGCAGGGTATCG-1,1
TTTGCGCAGGTGGGTT-1,0
TTTGCGCCAAGCGTAG-1,0
TTTGCGCCAAGGGTCA-1,1
TTTGCGCCACCATCCT-1,3
TTTGCGCCACTGTTAG-1,2
TTTGCGCGTAAACGCG-1,2
TTTGCGCGTAAATGAC-1,2
TTTGCGCGTACCGAGA-1,1
TTTGCGCGTAGCTGCC-1,2
TTTGCGCGTATAAACG-1,4
TTTGCGCGTCAAAGAT-1,0
TTTGCGCGTGACGGTA-1,0
TTTGCGCGTTCCGTCT-1,6
TTTGCGCTCGCTTAGA-1,3
TTTGCGCTCGGAAATA-1,0
TTTGCGCTCGTTTGCC-1,1
TTTGCGCTCTCTTATG-1,3
TTTGGTTAGCTATGCT-1,2
TTTGGTTAGGTTACCT-1,1
TTTGGTTCACCTCGTT-1,1
TTTGGTTCACTACAGT-1,1
TTTGGTTCAGATCCAT-1,1
TTTGGTTCAGGGCATA-1,3
TTTGGTTCAGTAGAGC-1,4
TTTGGTTGTAACGACG-1,1
TTTGGTTGTCAAGCGA-1,4
TTTGGTTGTCCAACTA-1,0
TTTGGTTGTGTAATGA-1,1
TTTGGTTGTTTAAGCC-1,3
TTTGGTTTCAACACCA-1,0
TTTGGTTTCAGCGATT-1,7
TTTGGTTTCCAAGCCG-1,7
TTTGGTTTCCAGATCA-1,0
TTTGGTTTCCTCCTAG-1,1
TTTGGTTTCGTGGGAA-1,0
TTTGGTTTCTCATTCA-1,4
TTTGGTTTCTTCAACT-1,4
TTTGTCAAGACGCACA-1,0
TTTGTCAAGACTTTCG-1,1
TTTGTCAAGCACCGTC-1,2
TTTGTCAAGCGGCTTC-1,0
TTTGTCAAGCTGATAA-1,1
TTTGTCACAGACTCGC-1,0
TTTGTCACAGCTCCGA-1,4
TTTGTCACAGGGATTG-1,3
TTTGTCAGTAGCAAAT-1,3
TTTGTCAGTCAGATAA-1,0
TTTGTCAGTCGCGTGT-1,1
TTTGTCAGTTACCGAT-1,0
TTTGTCATCATGTCCC-1,0
TTTGTCATCCGATATG-1,0
TTTGTCATCGTCTGAA-1,1
TTTGTCATCTCGAGTA-1,4
TTTGTCATCTGCTTGC-1,0
