cell,ident
l1_AAACCTGAGCCAGAAC,2
l1_AAACCTGAGTGGACGT,1
l1_AAACCTGCATGAGCGA,3
l1_AAACCTGTCTTGTCAT,1
l1_AAACGGGAGAACAACT,1
l1_AAACGGGAGACAGAGA,1
l1_AAACGGGAGCGCTTAT,1
l1_AAACGGGGTAAGGGAA,1
l1_AAACGGGGTTGTACAC,1
l1_AAACGGGTCGGATGTT,1
l1_AAAGATGGTCAGTGGA,1
l1_AAAGATGTCAGCTCTC,1
l1_AAAGATGTCGGCTTGG,1
l1_AAAGCAACACACGCTG,1
l1_AAAGCAACAGTGGAGT,1
l1_AAAGCAATCTTGTTTG,1
l1_AAAGTAGAGAGCTTCT,3
l1_AAAGTAGAGCTGAACG,2
l1_AAAGTAGAGGATCGCA,1
l1_AAAGTAGAGGCATGTG,1
l1_AAAGTAGCATTGAGCT,4
l1_AAAGTAGCATTTCAGG,5
l1_AAAGTAGTCTAACTGG,4
l1_AAATGCCGTACCAGTT,5
l1_AAATGCCTCAGCTTAG,1
l1_AACACGTAGATGTGTA,1
l1_AACACGTAGCAGACTG,3
l1_AACACGTAGGAGCGTT,1
l1_AACACGTAGGATGCGT,1
l1_AACACGTCATCCTTGC,1
l1_AACACGTCATTGGCGC,3
l1_AACCATGCAGGCTGAA,1
l1_AACCATGGTCTCTCTG,1
l1_AACCATGTCCCAAGAT,4
l1_AACCGCGAGCTGATAA,4
l1_AACCGCGTCTGCTTGC,1
l1_AACGTTGAGTCAAGCG,1
l1_AACGTTGCAGGTGGAT,4
l1_AACGTTGGTCGATTGT,0
l1_AACGTTGGTTACCGAT,0
l1_AACGTTGTCATGCAAC,0
l1_AACGTTGTCCAGTATG,4
l1_AACGTTGTCCGTCATC,1
l1_AACGTTGTCTGCTGCT,3
l1_AACTCAGAGTCACGCC,1
l1_AACTCAGTCTGTCTAT,4
l1_AACTCCCGTGAGGCTA,2
l1_AACTCCCGTTCACCTC,1
l1_AACTCTTCAAATACAG,1
l1_AACTCTTGTACAAGTA,6
l1_AACTCTTGTCGAATCT,1
l1_AACTCTTGTCTCCCTA,1
l1_AACTGGTCAATCCAAC,1
l1_AACTGGTCAGCTGTGC,5
l1_AACTGGTGTCTTGCGG,1
l1_AACTGGTGTGTGCGTC,5
l1_AACTGGTTCAGGATCT,1
l1_AACTTTCAGAACTCGG,1
l1_AACTTTCAGTGGTCCC,1
l1_AACTTTCGTGTATGGG,1
l1_AACTTTCTCTTTACGT,1
l1_AAGACCTAGACAGACC,5
l1_AAGACCTAGACGCACA,4
l1_AAGACCTCACATCCGG,6
l1_AAGACCTCAGTTCCCT,4
l1_AAGACCTGTATATCCG,1
l1_AAGACCTGTCGCCATG,1
l1_AAGCCGCGTCTCCCTA,3
l1_AAGCCGCGTGCAACGA,1
l1_AAGCCGCTCTTCAACT,1
l1_AAGGAGCAGTTAGGTA,3
l1_AAGGAGCCATTAGGCT,2
l1_AAGGAGCTCTCCCTGA,0
l1_AAGGCAGGTCCGTGAC,5
l1_AAGGCAGTCCAAACAC,1
l1_AAGGCAGTCCGCAAGC,3
l1_AAGGTTCAGTCGTTTG,4
l1_AAGTCTGCACATAACC,2
l1_AAGTCTGCATATGCTG,5
l1_AAGTCTGCATGCCACG,2
l1_AAGTCTGTCAACACTG,1
l1_AAGTCTGTCCACGTTC,3
l1_AAGTCTGTCCCTAATT,1
l1_AAGTCTGTCCGTTGTC,1
l1_AAGTCTGTCGTATCAG,2
l1_AATCCAGAGAGTACCG,2
l1_AATCCAGCACAGAGGT,2
l1_AATCCAGCATAAGACA,1
l1_AATCGGTAGACCACGA,3
l1_AATCGGTAGGCCCTTG,3
l1_AATCGGTGTCATCGGC,1
l1_ACACCAAAGCCACTAT,0
l1_ACACCAAAGTCAAGCG,2
l1_ACACCAACACAAGCCC,1
l1_ACACCAACATAGGATA,5
l1_ACACCCTGTAAACCTC,6
l1_ACACCCTGTAGAGCTG,4
l1_ACACCCTGTCGAGATG,4
l1_ACACCCTGTTACGTCA,6
l1_ACACCCTGTTCCATGA,1
l1_ACACCCTTCGGCCGAT,3
l1_ACACCGGCATGGTTGT,1
l1_ACACCGGGTGGTAACG,1
l1_ACACCGGGTGGTCTCG,3
l1_ACACCGGGTTCCTCCA,4
l1_ACACCGGTCAGTGCAT,4
l1_ACACCGGTCCTTTCGG,3
l1_ACACCGGTCGCGATCG,5
l1_ACACTGACAATGAAAC,5
l1_ACACTGAGTCGCCATG,1
l1_ACACTGAGTGTTGGGA,1
l1_ACACTGATCGCCCTTA,2
l1_ACACTGATCGGCTACG,1
l1_ACAGCCGAGATGGCGT,1
l1_ACAGCCGCATCAGTCA,2
l1_ACAGCCGGTAAGTGGC,1
l1_ACAGCCGGTAGCGCTC,1
l1_ACAGCCGGTCAGAATA,3
l1_ACAGCCGGTGACAAAT,1
l1_ACAGCTAAGTACGTTC,1
l1_ACAGCTACAAGCTGTT,1
l1_ACAGCTACAAGTCTAC,1
l1_ACAGCTACACAGACAG,4
l1_ACAGCTACAGTCAGCC,1
l1_ACAGCTAGTTCCCTTG,5
l1_ACAGCTATCACAGTAC,1
l1_ACAGCTATCTAGCACA,1
l1_ACATACGAGTCGATAA,5
l1_ACATACGCACCAGGCT,2
l1_ACATACGCATTTCACT,1
l1_ACATACGGTCCATCCT,3
l1_ACATACGGTCTGGTCG,1
l1_ACATACGGTTCGCTAA,1
l1_ACATACGTCCCTTGTG,3
l1_ACATACGTCCGCATAA,1
l1_ACATACGTCGGCATCG,1
l1_ACATCAGAGTCGCCGT,1
l1_ACATCAGCAACTGGCC,3
l1_ACATCAGTCATTGCCC,5
l1_ACATCAGTCGGAAACG,2
l1_ACATCAGTCGGCTACG,1
l1_ACATGGTAGTTACGGG,2
l1_ACATGGTTCGATAGAA,5
l1_ACCAGTAAGGGCATGT,6
l1_ACCAGTAAGTGGGTTG,1
l1_ACCAGTACAAGTTCTG,1
l1_ACCAGTACAGGGAGAG,1
l1_ACCAGTAGTATAGGTA,5
l1_ACCAGTAGTTCCATGA,1
l1_ACCAGTATCGCCAGCA,5
l1_ACCCACTAGATGCGAC,3
l1_ACCCACTCATTCACTT,0
l1_ACCCACTGTCTAGTGT,0
l1_ACCCACTGTGAAAGAG,4
l1_ACCCACTTCCAAGTAC,1
l1_ACCGTAAAGTGCAAGC,1
l1_ACCGTAAGTCTAACGT,1
l1_ACCGTAATCGCGTTTC,1
l1_ACCGTAATCTGAGTGT,2
l1_ACCTTTACAATCTACG,3
l1_ACCTTTACAGCTGCAC,1
l1_ACCTTTAGTAAGGGCT,3
l1_ACCTTTAGTACTCGCG,5
l1_ACCTTTAGTGCAGTAG,1
l1_ACCTTTATCCCGGATG,1
l1_ACGAGCCAGAGACTAT,0
l1_ACGAGCCCATACAGCT,5
l1_ACGAGGAAGTACGCGA,1
l1_ACGAGGACATCGGAAG,1
l1_ACGAGGAGTCGCATCG,3
l1_ACGAGGAGTCGGCACT,3
l1_ACGAGGAGTGGAAAGA,1
l1_ACGAGGATCTTGCAAG,1
l1_ACGATACGTCGAGATG,1
l1_ACGATACGTTCCACAA,1
l1_ACGATACTCACGATGT,2
l1_ACGATACTCTTGCATT,2
l1_ACGATGTAGTCTCCTC,2
l1_ACGATGTCATCTCCCA,1
l1_ACGATGTCATGTAGTC,1
l1_ACGCAGCAGTATTGGA,1
l1_ACGCAGCCACACATGT,1
l1_ACGCAGCCAGTATCTG,0
l1_ACGCAGCGTCTTGCGG,2
l1_ACGCCAGAGATGTGGC,5
l1_ACGCCAGGTGACTACT,1
l1_ACGCCAGGTGGGTATG,1
l1_ACGCCAGTCGAGGTAG,6
l1_ACGCCGAAGGGCATGT,2
l1_ACGCCGACACGAAATA,3
l1_ACGCCGAGTCAACATC,4
l1_ACGCCGAGTGACAAAT,5
l1_ACGGAGAAGCTAGTTC,2
l1_ACGGAGAAGTAGCCGA,4
l1_ACGGAGACATCGATGT,1
l1_ACGGAGAGTAGCTCCG,6
l1_ACGGAGAGTGTAAGTA,1
l1_ACGGCCAAGATGTGGC,1
l1_ACGGCCAGTTCCACTC,1
l1_ACGGCCAGTTGTACAC,3
l1_ACGGCCATCGCGCCAA,6
l1_ACGGCCATCGGAAACG,4
l1_ACGGCCATCTCCAGGG,1
l1_ACGGGCTAGTGTACGG,1
l1_ACGGGCTAGTTCCACA,1
l1_ACGGGCTCATGTCGAT,1
l1_ACGGGCTTCCCGGATG,1
l1_ACGGGTCAGCCACCTG,1
l1_ACGGGTCCATCATCCC,1
l1_ACGGGTCCATGCTAGT,1
l1_ACGGGTCGTCTCAACA,1
l1_ACGGGTCTCAGATAAG,1
l1_ACGTCAAAGAGTGAGA,1
l1_ACGTCAACACCAGGCT,6
l1_ACGTCAATCATGTCCC,1
l1_ACTATCTAGTCATGCT,3
l1_ACTATCTGTTGGTGGA,5
l1_ACTGAACAGATGTAAC,1
l1_ACTGAACTCAAAGTAG,1
l1_ACTGAACTCAAGAAGT,6
l1_ACTGAACTCACATAGC,1
l1_ACTGAACTCAGCTTAG,3
l1_ACTGAACTCATACGGT,2
l1_ACTGAGTAGCCCGAAA,5
l1_ACTGAGTGTGATGATA,1
l1_ACTGAGTTCATCGGAT,2
l1_ACTGAGTTCCCATTTA,4
l1_ACTGATGAGTGGCACA,4
l1_ACTGATGCAAAGAATC,4
l1_ACTGATGGTGCTTCTC,0
l1_ACTGCTCAGTACGTTC,3
l1_ACTGCTCGTAGGCTGA,1
l1_ACTGCTCGTCACCTAA,1
l1_ACTGCTCTCGACAGCC,4
l1_ACTGTCCAGAGTTGGC,1
l1_ACTGTCCAGCTAAGAT,1
l1_ACTGTCCTCTACTTAC,1
l1_ACTGTCCTCTCTTATG,2
l1_ACTTACTAGCTGGAAC,2
l1_ACTTACTCAAAGTGCG,5
l1_ACTTACTCAAGCCTAT,1
l1_ACTTACTCAAGGACTG,2
l1_ACTTACTGTATGCTTG,2
l1_ACTTGTTAGGACATTA,3
l1_ACTTGTTAGGCTCTTA,0
l1_ACTTGTTAGTTGTCGT,1
l1_ACTTGTTCACCAGATT,1
l1_ACTTGTTGTCTTCAAG,1
l1_ACTTGTTGTTCCACAA,4
l1_ACTTGTTGTTGTCTTT,1
l1_ACTTGTTTCATCTGCC,1
l1_ACTTGTTTCGCCTGTT,1
l1_ACTTTCAAGCGTGAGT,1
l1_ACTTTCAAGGAATTAC,1
l1_ACTTTCACAAGGACAC,3
l1_ACTTTCACAGCTTCGG,5
l1_ACTTTCATCTTGTATC,1
l1_ACTTTCATCTTTAGGG,1
l1_AGAATAGCAAGCTGTT,2
l1_AGACGTTAGAGTCGGT,6
l1_AGACGTTAGGCATGGT,2
l1_AGACGTTAGTCGATAA,1
l1_AGACGTTCAGACGCAA,0
l1_AGACGTTGTCTCACCT,1
l1_AGACGTTTCTTTAGTC,1
l1_AGAGCGAAGTCGAGTG,4
l1_AGAGCGAAGTGACTCT,4
l1_AGAGCGACAATGCCAT,2
l1_AGAGCGACATCCGGGT,3
l1_AGAGCGAGTCCATCCT,1
l1_AGAGCGAGTTTGGCGC,5
l1_AGAGCGATCTCTAAGG,6
l1_AGAGCGATCTGCCCTA,3
l1_AGAGCTTAGTTTCCTT,5
l1_AGAGCTTCATACCATG,5
l1_AGAGCTTGTTAAGGGC,1
l1_AGAGCTTTCGTAGGTT,0
l1_AGAGTGGGTACGAAAT,2
l1_AGAGTGGGTACTCTCC,1
l1_AGAGTGGGTGCGAAAC,1
l1_AGAGTGGTCACGACTA,1
l1_AGATCTGCAATTGCTG,1
l1_AGATCTGCACCTATCC,4
l1_AGATCTGCAGCAGTTT,5
l1_AGATCTGGTGATGCCC,1
l1_AGATTGCAGAGCTTCT,4
l1_AGATTGCCACTAAGTC,1
l1_AGATTGCCATACGCTA,4
l1_AGATTGCTCACGGTTA,1
l1_AGATTGCTCTCATTCA,5
l1_AGCAGCCAGTGGGATC,5
l1_AGCATACAGTTAGGTA,2
l1_AGCATACCATACAGCT,5
l1_AGCATACGTAGCTTGT,4
l1_AGCATACGTTAAAGTG,5
l1_AGCATACTCAAACGGG,1
l1_AGCATACTCTCTGAGA,4
l1_AGCCTAAAGAATGTGT,1
l1_AGCCTAAAGAATGTTG,4
l1_AGCCTAAGTATCACCA,0
l1_AGCCTAATCGCGCCAA,4
l1_AGCGGTCAGGCTACGA,1
l1_AGCGGTCCAATCCAAC,4
l1_AGCGGTCCAGATCGGA,4
l1_AGCGGTCCATTGAGCT,1
l1_AGCGGTCTCCTATTCA,3
l1_AGCGTATCAGTGACAG,1
l1_AGCGTATCATGTCTCC,0
l1_AGCGTATGTCATATGC,1
l1_AGCGTATGTGGGTCAA,1
l1_AGCGTATTCGACAGCC,1
l1_AGCTCCTTCCTACAGA,3
l1_AGCTCTCCAGACGCAA,5
l1_AGCTCTCGTATTCTCT,1
l1_AGCTCTCGTGGAAAGA,4
l1_AGCTCTCTCATAGCAC,1
l1_AGCTTGAAGGTGATAT,1
l1_AGCTTGACACGGTAAG,2
l1_AGCTTGACACGTTGGC,1
l1_AGCTTGAGTCAGATAA,2
l1_AGCTTGATCCATGAAC,1
l1_AGGCCACAGAGTTGGC,1
l1_AGGCCACGTGTAACGG,1
l1_AGGCCACTCTCATTCA,1
l1_AGGCCACTCTTCGGTC,1
l1_AGGCCGTAGCGTCAAG,2
l1_AGGCCGTCACAACTGT,5
l1_AGGCCGTGTGTAAGTA,4
l1_AGGCCGTTCTAGCACA,1
l1_AGGGAGTTCACATGCA,1
l1_AGGGAGTTCAGTGTTG,1
l1_AGGGATGAGAACAATC,5
l1_AGGGATGAGGGCTCTC,5
l1_AGGGATGCAAATCCGT,0
l1_AGGGATGCAGCTGTTA,1
l1_AGGGATGTCGTTGACA,1
l1_AGGGTGACAGATCTGT,1
l1_AGGGTGAGTGTCGCTG,1
l1_AGGGTGATCTTACCTA,1
l1_AGGTCATCATGTAGTC,5
l1_AGGTCATCATTATCTC,1
l1_AGGTCATGTGGGTCAA,1
l1_AGGTCCGAGCGATCCC,3
l1_AGGTCCGCATAAAGGT,5
l1_AGGTCCGCATCTCCCA,4
l1_AGTAGTCCAATACGCT,1
l1_AGTAGTCGTACGCACC,3
l1_AGTAGTCTCATCGATG,1
l1_AGTCTTTCACGAGGTA,1
l1_AGTGAGGAGCTGTCTA,6
l1_AGTGAGGCAATCTGCA,2
l1_AGTGAGGGTTCTGAAC,2
l1_AGTGAGGGTTCTGTTT,1
l1_AGTGAGGGTTTGCATG,5
l1_AGTGAGGTCGATAGAA,5
l1_AGTGGGACATTGTGCA,5
l1_AGTGGGAGTCATATGC,4
l1_AGTGGGAGTGACTACT,1
l1_AGTGGGAGTTAAAGAC,1
l1_AGTGTCAAGTCCGTAT,1
l1_AGTGTCACAGCTGTGC,2
l1_AGTGTCAGTAGGCATG,4
l1_AGTTGGTAGGAATTAC,3
l1_AGTTGGTGTATTACCG,1
l1_AGTTGGTGTCAAAGCG,4
l1_AGTTGGTTCAAACGGG,1
l1_AGTTGGTTCAGAGGTG,6
l1_ATAACGCAGCTGAAAT,4
l1_ATAACGCCACGAAGCA,1
l1_ATAACGCGTCACTGGC,1
l1_ATAACGCTCGTGGGAA,1
l1_ATAACGCTCTTCAACT,1
l1_ATAAGAGAGCTAGGCA,1
l1_ATAGACCCATCGACGC,1
l1_ATAGACCGTACGCACC,2
l1_ATAGACCGTCTCCATC,2
l1_ATAGACCGTTAAGAAC,4
l1_ATAGACCTCACAATGC,5
l1_ATAGACCTCGCCATAA,1
l1_ATCACGAAGCGAAGGG,1
l1_ATCACGACACGGTAAG,4
l1_ATCACGACAGCTTCGG,2
l1_ATCACGACATCGGAAG,1
l1_ATCACGATCCAGAGGA,1
l1_ATCATCTAGATGTTAG,6
l1_ATCATCTAGTGCGATG,2
l1_ATCATCTCATTGCGGC,4
l1_ATCATCTGTATTAGCC,3
l1_ATCATGGCATGCAACT,1
l1_ATCATGGTCCTATTCA,2
l1_ATCATGGTCTGAGTGT,2
l1_ATCCACCCAACTGCTA,3
l1_ATCCACCCACGTAAGG,1
l1_ATCCACCGTAGAAAGG,2
l1_ATCCACCGTCCTGCTT,5
l1_ATCCACCGTGCCTGTG,1
l1_ATCCACCTCGTCTGCT,2
l1_ATCCACCTCTGACCTC,1
l1_ATCCGAAGTATGGTTC,0
l1_ATCGAGTGTTGTCTTT,1
l1_ATCGAGTTCGACGGAA,1
l1_ATCTACTAGCTGAACG,3
l1_ATCTACTAGTCCGGTC,4
l1_ATCTACTAGTTAAGTG,1
l1_ATCTACTCACGACTCG,4
l1_ATCTACTGTTCAGGCC,3
l1_ATCTACTTCTGTCCGT,3
l1_ATCTGCCAGAGTGACC,4
l1_ATCTGCCAGTGTTAGA,1
l1_ATCTGCCCATTCTCAT,1
l1_ATCTGCCGTACGCTGC,1
l1_ATCTGCCGTTACAGAA,4
l1_ATCTGCCTCAAAGACA,1
l1_ATCTGCCTCCCAGGTG,1
l1_ATGAGGGAGTCGATAA,2
l1_ATGAGGGCAAGACGTG,1
l1_ATGAGGGCATTCTTAC,5
l1_ATGAGGGGTGGTAACG,4
l1_ATGCGATCACCCAGTG,6
l1_ATGCGATCACTAGTAC,1
l1_ATGCGATCATATGAGA,3
l1_ATGCGATGTCATACTG,2
l1_ATGCGATGTCTCCATC,1
l1_ATGCGATTCCTTCAAT,1
l1_ATGGGAGAGTCTCGGC,2
l1_ATGGGAGAGTGCCATT,1
l1_ATGGGAGCAATCTGCA,4
l1_ATGGGAGGTATATGGA,1
l1_ATGGGAGGTTAGAACA,1
l1_ATGGGAGTCGAGCCCA,1
l1_ATGTGTGAGCTGCCCA,2
l1_ATGTGTGAGCTTATCG,1
l1_ATGTGTGCAAAGAATC,1
l1_ATGTGTGGTTACTGAC,6
l1_ATTACTCAGCACACAG,5
l1_ATTACTCAGGCTAGGT,2
l1_ATTACTCGTCACCTAA,6
l1_ATTACTCTCGTTACAG,2
l1_ATTATCCAGCTTTGGT,1
l1_ATTATCCCATATACGC,4
l1_ATTATCCGTATGCTTG,1
l1_ATTATCCGTGCTGTAT,4
l1_ATTATCCTCGAGGTAG,2
l1_ATTATCCTCGATCCCT,3
l1_ATTCTACAGAGTGAGA,1
l1_ATTCTACAGGTGGGTT,0
l1_ATTCTACAGTCCTCCT,5
l1_ATTCTACTCCAGAAGG,3
l1_ATTGGACAGATCCGAG,0
l1_ATTGGACAGGGTTTCT,1
l1_ATTGGACAGTTGTAGA,1
l1_ATTGGACGTCACTGGC,2
l1_ATTGGTGAGGACCACA,5
l1_ATTGGTGCATCTGGTA,1
l1_ATTGGTGGTCTGATTG,2
l1_ATTGGTGGTCTTGTCC,4
l1_ATTGGTGTCATCTGTT,1
l1_ATTGGTGTCCCTGACT,2
l1_ATTTCTGAGATAGTCA,1
l1_CAACCAAAGAATGTGT,0
l1_CAACCAAAGCCACGCT,6
l1_CAACCAAAGCGTTCCG,5
l1_CAACCAACATACCATG,5
l1_CAACCAATCATTGCCC,1
l1_CAACCAATCTTGTATC,3
l1_CAACCTCAGGACAGAA,1
l1_CAACCTCAGTCTCAAC,4
l1_CAACCTCCAGCGAACA,0
l1_CAACCTCCAGTATGCT,1
l1_CAACCTCGTGTCTGAT,1
l1_CAACCTCGTTGGTAAA,2
l1_CAACTAGAGTCGCCGT,3
l1_CAACTAGGTACACCGC,2
l1_CAACTAGGTATAGGTA,1
l1_CAACTAGTCGCATGGC,1
l1_CAAGAAAAGGGCTTGA,1
l1_CAAGAAACACTTAAGC,5
l1_CAAGATCAGTTAGCGG,1
l1_CAAGATCCAAGGACAC,1
l1_CAAGATCGTCTTGTCC,1
l1_CAAGGCCAGGTGGGTT,0
l1_CAAGGCCCACCAGATT,3
l1_CAAGGCCCATAGAAAC,1
l1_CAAGGCCGTACCGGCT,3
l1_CAAGGCCGTATATCCG,1
l1_CAAGGCCGTCGACTGC,1
l1_CAAGGCCGTTATCCGA,1
l1_CAAGGCCTCTTCATGT,5
l1_CAAGTTGAGCTAGTCT,1
l1_CAAGTTGCATCCGTGG,5
l1_CAAGTTGGTAGCCTAT,1
l1_CAAGTTGGTCCTCCAT,6
l1_CACAAACAGAATGTGT,1
l1_CACAAACGTGTTCGAT,0
l1_CACAAACTCGACCAGC,3
l1_CACAAACTCTGCCAGG,2
l1_CACACAAAGCCTATGT,1
l1_CACACAAAGTCGTTTG,2
l1_CACACAACACCCATTC,1
l1_CACACAAGTACGACCC,4
l1_CACACAAGTCTTCAAG,1
l1_CACACAAGTCTTGCGG,3
l1_CACACAATCTCTAAGG,6
l1_CACACCTAGCTGCGAA,3
l1_CACACCTTCCTCGCAT,1
l1_CACACTCCAAGCTGGA,1
l1_CACACTCCATCAGTCA,3
l1_CACACTCTCACCACCT,1
l1_CACACTCTCCAATGGT,3
l1_CACACTCTCGTTTGCC,1
l1_CACACTCTCTGTTTGT,1
l1_CACAGGCAGCCACTAT,6
l1_CACAGGCAGTTGAGTA,4
l1_CACAGGCCACGCGAAA,2
l1_CACAGGCGTTCCAACA,1
l1_CACAGTAAGAGACGAA,2
l1_CACAGTACACGAAAGC,6
l1_CACAGTATCACAAACC,1
l1_CACAGTATCCCGGATG,1
l1_CACATAGAGGCAGTCA,1
l1_CACATAGGTATCGCAT,1
l1_CACATAGGTTATGTGC,1
l1_CACATTTCATCCTTGC,1
l1_CACATTTGTACTTGAC,5
l1_CACATTTGTCTCCACT,3
l1_CACATTTTCACCAGGC,1
l1_CACATTTTCGGTCTAA,4
l1_CACCACTAGATCCCAT,3
l1_CACCACTAGCACACAG,1
l1_CACCACTAGTCATCCA,1
l1_CACCACTCAAAGCGGT,3
l1_CACCACTCACTAAGTC,4
l1_CACCACTCAGACAAGC,4
l1_CACCACTCATAGACTC,1
l1_CACCAGGAGCTCCCAG,2
l1_CACCAGGAGTCCAGGA,4
l1_CACCAGGCAAGTTGTC,3
l1_CACCAGGCAGTAACGG,1
l1_CACCAGGGTAGGAGTC,1
l1_CACCTTGGTTGCCTCT,1
l1_CACCTTGTCTAACCGA,2
l1_CACTCCAAGTGTGAAT,1
l1_CACTCCACAAGGTTCT,0
l1_CACTCCACACACGCTG,1
l1_CACTCCATCACTCTTA,3
l1_CACTCCATCGACAGCC,2
l1_CACTCCATCGAGAGCA,0
l1_CAGAATCAGAGGTAGA,0
l1_CAGAATCAGCGCCTCA,2
l1_CAGAATCCATGCCTTC,5
l1_CAGAATCTCACCAGGC,1
l1_CAGAATCTCATATCGG,3
l1_CAGAATCTCCAAGCCG,1
l1_CAGAATCTCTGAGTGT,4
l1_CAGAGAGTCTGGCGTG,1
l1_CAGATCAAGCAATCTC,1
l1_CAGATCAAGCAGGTCA,0
l1_CAGATCACACGAAGCA,3
l1_CAGATCACAGAGCCAA,2
l1_CAGATCACATCTCCCA,5
l1_CAGATCATCACTCCTG,2
l1_CAGATCATCTTGCATT,1
l1_CAGCAGCAGGATATAC,3
l1_CAGCATAAGATCCCAT,3
l1_CAGCATAGTCTCCCTA,1
l1_CAGCCGAAGGAGCGAG,2
l1_CAGCCGACAGGGAGAG,4
l1_CAGCCGACATATGAGA,2
l1_CAGCCGAGTCTGGTCG,1
l1_CAGCCGAGTTTACTCT,6
l1_CAGCCGATCCAATGGT,3
l1_CAGCGACAGAGCTGCA,2
l1_CAGCTAAAGAATCTCC,1
l1_CAGCTAAGTAGAGGAA,1
l1_CAGCTAAGTCAAAGCG,1
l1_CAGCTAAGTGTCAATC,2
l1_CAGCTAAGTTTGTTTC,1
l1_CAGCTAATCTTCAACT,1
l1_CAGCTGGCAACTGGCC,4
l1_CAGCTGGCATAACCTG,1
l1_CAGCTGGTCCAAACTG,1
l1_CAGGTGCTCCTCAATT,1
l1_CAGTAACAGGAGTACC,5
l1_CAGTAACGTTTGACTG,5
l1_CAGTAACTCCTCAACC,1
l1_CAGTCCTAGTCGATAA,4
l1_CAGTCCTCATTGGGCC,6
l1_CAGTCCTGTACCCAAT,5
l1_CAGTCCTGTCTCAACA,1
l1_CATATGGAGGGTTCCC,0
l1_CATATGGCAGACAAAT,1
l1_CATATGGTCTACTATC,1
l1_CATATTCGTACAGCAG,4
l1_CATATTCGTCGGCACT,1
l1_CATATTCGTTCGAATC,3
l1_CATCAAGAGTACGCGA,1
l1_CATCAAGCACTATCTT,3
l1_CATCAAGGTTAAGACA,1
l1_CATCAAGTCCACTGGG,3
l1_CATCAAGTCTCTGTCG,4
l1_CATCAGAAGTTGTCGT,1
l1_CATCAGAGTAACGTTC,1
l1_CATCAGAGTTCGTGAT,2
l1_CATCCACAGCACCGCT,2
l1_CATCCACAGGCAAAGA,2
l1_CATCCACCAGTATCTG,4
l1_CATCCACTCGTTGCCT,2
l1_CATCGAAAGCGATATA,1
l1_CATCGAAAGTGAATTG,6
l1_CATCGAAAGTGGGATC,1
l1_CATCGAACATATACCG,3
l1_CATCGAAGTAGAGGAA,6
l1_CATCGAATCACCGGGT,6
l1_CATCGAATCCAAACTG,1
l1_CATCGGGCATCGACGC,1
l1_CATCGGGGTACTCGCG,1
l1_CATCGGGTCCCGGATG,1
l1_CATGACAAGACAGGCT,4
l1_CATGACAAGAGCTGCA,3
l1_CATGACAAGAGTTGGC,1
l1_CATGACACAATAACGA,1
l1_CATGACACAGGTGCCT,2
l1_CATGACAGTTCTGAAC,1
l1_CATGACATCCCAGGTG,1
l1_CATGACATCCGCTGTT,1
l1_CATGCCTCAAGCTGTT,5
l1_CATGCCTCACTCTGTC,1
l1_CATGCCTCAGACAAAT,6
l1_CATGCCTGTCCAGTAT,4
l1_CATGCCTGTGAAGGCT,5
l1_CATGCCTGTTCAACCA,1
l1_CATGCCTGTTCGTTGA,2
l1_CATGCCTTCCGTCAAA,1
l1_CATGCCTTCCTATTCA,2
l1_CATGGCGCATGTCCTC,5
l1_CATGGCGGTTTGTTTC,3
l1_CATGGCGTCAAGATCC,3
l1_CATGGCGTCCGAACGC,1
l1_CATGGCGTCGCGGATC,1
l1_CATTATCAGGGCTTCC,2
l1_CATTATCCATTAGCCA,1
l1_CATTATCGTGACTCAT,2
l1_CATTATCGTGCGGTAA,5
l1_CATTATCTCTTTACAC,3
l1_CATTCGCAGCAGATCG,2
l1_CATTCGCCAAGCCTAT,1
l1_CATTCGCCAGCAGTTT,4
l1_CATTCGCGTAGGCATG,5
l1_CCAATCCAGTGGAGTC,2
l1_CCAATCCCATGGGACA,0
l1_CCAATCCTCAGAAATG,3
l1_CCAATCCTCCAAAGTC,1
l1_CCAATCCTCTGACCTC,5
l1_CCACCTATCACGCATA,2
l1_CCACGGAAGGACGAAA,1
l1_CCACGGAAGGTTCCTA,1
l1_CCACGGACATGCCCGA,1
l1_CCACGGACATTAGCCA,4
l1_CCACGGAGTAGCCTCG,4
l1_CCACGGAGTCTCGTTC,3
l1_CCACGGAGTGCACTTA,3
l1_CCACGGATCAATAAGG,4
l1_CCACGGATCCTCAACC,1
l1_CCACGGATCTCGGACG,3
l1_CCACTACTCTAGAGTC,3
l1_CCACTACTCTATCCTA,1
l1_CCACTACTCTGTCTAT,1
l1_CCAGCGAAGAAGGGTA,3
l1_CCAGCGACACCAGATT,0
l1_CCAGCGACAGTGACAG,1
l1_CCAGCGACATTCGACA,5
l1_CCATGTCAGTGCAAGC,1
l1_CCATGTCAGTGTACTC,6
l1_CCATGTCCAAGCCATT,5
l1_CCATGTCGTCCGAACC,4
l1_CCATGTCTCATCACCC,6
l1_CCATTCGAGATGTGGC,1
l1_CCATTCGTCAACACAC,5
l1_CCATTCGTCAGCATGT,5
l1_CCATTCGTCCACTCCA,1
l1_CCATTCGTCCATGAAC,6
l1_CCATTCGTCGCGATCG,1
l1_CCCAATCGTACAGCAG,1
l1_CCCAATCGTAGCGTGA,3
l1_CCCAATCTCACAACGT,1
l1_CCCAATCTCAGGTTCA,1
l1_CCCAGTTTCTCCAACC,1
l1_CCCATACGTCTGGAGA,5
l1_CCCTCCTAGAACTGTA,1
l1_CCCTCCTAGGGCTCTC,1
l1_CCCTCCTAGTCCATAC,5
l1_CCCTCCTAGTGCGATG,4
l1_CCCTCCTCACCTTGTC,2
l1_CCCTCCTGTAGAGCTG,4
l1_CCGGGATAGTACATGA,1
l1_CCGGGATCATACTCTT,1
l1_CCGGGATGTGTCAATC,1
l1_CCGGGATTCTTTAGGG,4
l1_CCGGTAGAGACATAAC,1
l1_CCGGTAGAGCAGCCTC,2
l1_CCGGTAGAGGATATAC,6
l1_CCGGTAGAGTTCGCAT,1
l1_CCGGTAGCAGTAAGAT,4
l1_CCGGTAGGTGCACCAC,1
l1_CCGGTAGTCAACGGGA,1
l1_CCGGTAGTCGGAAATA,1
l1_CCGTACTCAATGAAAC,5
l1_CCGTACTCATTAACCG,2
l1_CCGTACTGTAGCAAAT,1
l1_CCGTACTGTAGGGTAC,5
l1_CCGTGGAAGGCTACGA,1
l1_CCGTGGAAGTATGACA,2
l1_CCGTGGACAAGGTGTG,4
l1_CCGTGGACATGACATC,5
l1_CCGTGGACATTACCTT,1
l1_CCGTGGAGTGAGTATA,4
l1_CCGTGGATCAACCATG,1
l1_CCGTTCACAAGGTTCT,1
l1_CCGTTCATCAAAGACA,4
l1_CCGTTCATCATGCTCC,5
l1_CCGTTCATCCGAACGC,5
l1_CCGTTCATCTTATCTG,2
l1_CCTAAAGAGGAGTTGC,1
l1_CCTAAAGAGTAGGCCA,1
l1_CCTAAAGAGTGCCATT,4
l1_CCTAAAGCAACACCCG,5
l1_CCTAAAGCACCTATCC,1
l1_CCTAAAGCAGCTTCGG,4
l1_CCTACACAGTCTCGGC,1
l1_CCTACACGTGTAAGTA,2
l1_CCTACACTCCAGATCA,1
l1_CCTACACTCGGACAAG,1
l1_CCTACCACAAGGTTCT,5
l1_CCTACCACAAGTAGTA,1
l1_CCTAGCTAGCTGTTCA,4
l1_CCTAGCTGTCAATACC,5
l1_CCTAGCTTCCCTTGCA,1
l1_CCTAGCTTCGATCCCT,1
l1_CCTATTACACATCTTT,5
l1_CCTATTAGTCCTCTTG,4
l1_CCTATTAGTGTATGGG,1
l1_CCTCAGTAGCCACGTC,3
l1_CCTCAGTAGGTGGGTT,2
l1_CCTCAGTCAGGTGCCT,1
l1_CCTCAGTGTTTGACTG,3
l1_CCTCTGAAGTGGAGTC,1
l1_CCTCTGAGTAAACGCG,1
l1_CCTCTGATCACGCGGT,1
l1_CCTTACGAGAATAGGG,1
l1_CCTTACGCATCGGACC,1
l1_CCTTACGGTCTTGATG,5
l1_CCTTACGTCGAGGTAG,1
l1_CCTTACGTCGTTTAGG,1
l1_CCTTCCCAGTGAAGAG,1
l1_CCTTCCCGTTGATTCG,3
l1_CCTTCCCTCTTCCTTC,1
l1_CCTTCGAGTAGAGTGC,1
l1_CCTTCGAGTGTGCCTG,3
l1_CCTTCGATCCTTTACA,1
l1_CCTTCGATCTGTGCAA,1
l1_CCTTTCTAGCATGGCA,1
l1_CCTTTCTCAACACCTA,3
l1_CCTTTCTTCCTAGGGC,1
l1_CCTTTCTTCTTGAGGT,0
l1_CGAACATAGAGGGCTT,0
l1_CGAACATAGGCACATG,4
l1_CGAACATAGTGTCCCG,2
l1_CGAACATCAATAGCAA,0
l1_CGAACATTCTCTGTCG,1
l1_CGAATGTAGGCAAAGA,1
l1_CGAATGTTCAGAAATG,4
l1_CGAATGTTCTACTTAC,1
l1_CGACCTTAGTACATGA,5
l1_CGACCTTCACAACGTT,1
l1_CGACCTTGTAGCCTCG,2
l1_CGACCTTTCCACTCCA,3
l1_CGACCTTTCTCAAACG,0
l1_CGACTTCAGAGTAATC,2
l1_CGACTTCGTCACTTCC,1
l1_CGACTTCTCATCGCTC,1
l1_CGACTTCTCTTTACGT,1
l1_CGAGAAGCAATCTGCA,1
l1_CGAGAAGCATAGACTC,4
l1_CGAGAAGTCTGGTGTA,1
l1_CGAGCACCAAATCCGT,0
l1_CGAGCACCAGTGGAGT,5
l1_CGAGCACCATCTCCCA,0
l1_CGAGCACCATTGGTAC,1
l1_CGAGCACGTCGACTAT,1
l1_CGAGCCAAGACTTGAA,1
l1_CGAGCCAAGTAAGTAC,5
l1_CGAGCCAAGTAGGCCA,5
l1_CGAGCCACAGTATAAG,6
l1_CGAGCCAGTCTAGGTT,3
l1_CGAGCCAGTTAAGTAG,5
l1_CGAGCCATCCAAAGTC,1
l1_CGAGCCATCCTACAGA,1
l1_CGAGCCATCGAACTGT,4
l1_CGATCGGAGAGGTAGA,1
l1_CGATCGGCATAGGATA,4
l1_CGATGGCAGCTGTTCA,2
l1_CGATGGCAGTTACCCA,1
l1_CGATGGCCAGTATAAG,5
l1_CGATGGCGTCCTCTTG,1
l1_CGATGGCGTGTTCGAT,4
l1_CGATGGCTCAAACAAG,4
l1_CGATGGCTCAAGATCC,5
l1_CGATGGCTCTGCGGCA,1
l1_CGATGTAAGACCCACC,4
l1_CGATGTAAGTTATCGC,1
l1_CGATGTACAAAGGAAG,1
l1_CGATGTAGTCGCATCG,1
l1_CGATGTAGTCTTCGTC,1
l1_CGATTGACAATACGCT,3
l1_CGATTGACACATTTCT,1
l1_CGATTGAGTGGCAAAC,4
l1_CGCCAAGAGAAGCCCA,1
l1_CGCCAAGAGCTAAGAT,2
l1_CGCCAAGCAGCTCGAC,4
l1_CGCCAAGGTCCGTTAA,1
l1_CGCCAAGGTCTCTCGT,4
l1_CGCCAAGTCCACTGGG,1
l1_CGCGGTAAGATCCTGT,4
l1_CGCGGTAAGATGTCGG,1
l1_CGCGGTAAGCACAGGT,1
l1_CGCGGTAAGTGTCTCA,5
l1_CGCGTTTAGAGCCCAA,1
l1_CGCGTTTAGCAAATCA,2
l1_CGCGTTTAGTGCGTGA,4
l1_CGCGTTTTCAGAGCTT,1
l1_CGCTATCAGACCGGAT,6
l1_CGCTATCCACCAACCG,1
l1_CGCTATCCAGGCGATA,0
l1_CGCTATCCATATGCTG,2
l1_CGCTATCCATTGCGGC,1
l1_CGCTATCCATTGGGCC,4
l1_CGCTATCGTCACTTCC,1
l1_CGCTATCTCAACCATG,5
l1_CGCTATCTCACCACCT,4
l1_CGCTATCTCGAGAGCA,1
l1_CGCTATCTCTACTCAT,4
l1_CGCTGGACACCTCGTT,1
l1_CGCTGGACACGAAACG,3
l1_CGCTGGACATACCATG,3
l1_CGCTGGACATGAGCGA,1
l1_CGCTGGATCCTAAGTG,2
l1_CGCTGGATCGTGGTCG,1
l1_CGCTGGATCTGTCTAT,1
l1_CGCTTCATCATGCATG,4
l1_CGCTTCATCCACGTTC,0
l1_CGCTTCATCCTTGCCA,1
l1_CGGACACAGTATCTCG,1
l1_CGGACACCACCGTTGG,3
l1_CGGACGTAGCGCTTAT,1
l1_CGGACGTCAGACGCTC,4
l1_CGGACGTCAGTTCATG,0
l1_CGGACGTGTGACCAAG,2
l1_CGGACGTGTGGTCCGT,3
l1_CGGACGTTCACAAACC,1
l1_CGGACGTTCAGCTTAG,1
l1_CGGACTGAGACTCGGA,5
l1_CGGACTGGTTGTCTTT,1
l1_CGGACTGTCGACGGAA,4
l1_CGGAGCTAGTCATCCA,1
l1_CGGAGCTCATGCCCGA,1
l1_CGGAGCTGTCATTAGC,2
l1_CGGAGCTTCCGAGCCA,1
l1_CGGAGCTTCCTCGCAT,6
l1_CGGAGCTTCGTTTATC,1
l1_CGGAGTCAGACCCACC,1
l1_CGGAGTCAGGCTACGA,6
l1_CGGAGTCAGTACGCGA,5
l1_CGGAGTCCACAAGACG,1
l1_CGGAGTCCAGTAAGAT,1
l1_CGGAGTCGTTCCAACA,2
l1_CGGAGTCTCAAGCCTA,1
l1_CGGAGTCTCACAGTAC,3
l1_CGGAGTCTCGTCACGG,1
l1_CGGCTAGCAGATCTGT,1
l1_CGGCTAGCATTCACTT,1
l1_CGGCTAGCATTGAGCT,4
l1_CGGCTAGCATTGGGCC,0
l1_CGGCTAGGTCGACTAT,4
l1_CGGCTAGTCTGACCTC,1
l1_CGGGTCACACGAAACG,1
l1_CGGGTCACAGCTGTAT,3
l1_CGGGTCAGTGATGATA,0
l1_CGGGTCATCCCTCAGT,3
l1_CGGGTCATCTGGGCCA,2
l1_CGGTTAAAGCAGACTG,1
l1_CGGTTAAAGTACATGA,3
l1_CGGTTAACAAGCTGAG,2
l1_CGGTTAACAAGCTGTT,4
l1_CGGTTAACATCCGCGA,3
l1_CGGTTAAGTTCACCTC,5
l1_CGGTTAATCTACTATC,1
l1_CGTAGCGCATGACGGA,5
l1_CGTAGCGGTACTTCTT,4
l1_CGTAGCGGTGCGCTTG,1
l1_CGTAGCGTCACTGGGC,5
l1_CGTAGGCAGAGTGAGA,1
l1_CGTAGGCGTCCCTTGT,5
l1_CGTAGGCTCACCACCT,5
l1_CGTCACTAGAATTCCC,1
l1_CGTCACTAGGTGCTAG,3
l1_CGTCACTGTCATGCAT,1
l1_CGTCACTGTCTCCATC,1
l1_CGTCACTGTGCCTGTG,1
l1_CGTCACTTCAGTACGT,4
l1_CGTCACTTCTGAGTGT,1
l1_CGTCAGGAGATGTAAC,1
l1_CGTCAGGAGGAGTAGA,5
l1_CGTCAGGCAGCTGCAC,1
l1_CGTCAGGCATACAGCT,0
l1_CGTCAGGGTAACGACG,3
l1_CGTCAGGGTCATGCAT,4
l1_CGTCAGGTCGATCCCT,1
l1_CGTCCATAGAGTCGGT,1
l1_CGTCCATAGGACAGCT,1
l1_CGTCCATCAAACCCAT,1
l1_CGTCCATCAGATCTGT,1
l1_CGTCTACAGGAGTACC,4
l1_CGTCTACCAACACCTA,1
l1_CGTCTACGTACTCAAC,1
l1_CGTCTACGTGCACTTA,4
l1_CGTGAGCAGTACGCCC,5
l1_CGTGAGCGTAGCAAAT,3
l1_CGTGAGCGTGCATCTA,1
l1_CGTGAGCGTGGTCTCG,5
l1_CGTGAGCTCTGGTATG,5
l1_CGTGTAAAGTCTCCTC,1
l1_CGTGTAACAATCTGCA,1
l1_CGTGTAACACAAGACG,6
l1_CGTGTAACACCTATCC,5
l1_CGTGTAACATCACAAC,3
l1_CGTGTAAGTAATAGCA,2
l1_CGTGTAAGTATCGCAT,1
l1_CGTGTAAGTATTAGCC,1
l1_CGTGTAAGTGAGCGAT,3
l1_CGTGTAATCTGCTGTC,1
l1_CGTGTCTAGTGTACGG,1
l1_CGTGTCTAGTTACCCA,1
l1_CGTGTCTCATGCCCGA,5
l1_CGTGTCTCATGCTAGT,5
l1_CGTGTCTGTTCAGTAC,3
l1_CGTTAGAAGATGTGGC,5
l1_CGTTAGAAGTTTAGGA,1
l1_CGTTAGAGTATATGGA,0
l1_CGTTAGAGTGCAACGA,4
l1_CGTTAGATCTTGAGAC,1
l1_CGTTCTGGTAATAGCA,2
l1_CGTTGGGCACCTATCC,0
l1_CGTTGGGCATATACCG,2
l1_CGTTGGGGTCTCCATC,4
l1_CGTTGGGGTTCGTGAT,5
l1_CGTTGGGTCAAGATCC,1
l1_CGTTGGGTCGGCGGTT,4
l1_CGTTGGGTCGGTGTCG,1
l1_CTAACTTAGGCTCAGA,2
l1_CTAACTTAGTGGACGT,5
l1_CTAACTTAGTGTACGG,1
l1_CTAACTTGTTCCGTCT,1
l1_CTAACTTTCGAATCCA,1
l1_CTAACTTTCTCGCTTG,1
l1_CTAAGACAGAGTAATC,3
l1_CTAAGACAGTACACCT,1
l1_CTAAGACAGTAGTGCG,6
l1_CTAAGACCATCGGAAG,3
l1_CTAATGGAGCTGCCCA,3
l1_CTAATGGGTGCCTGGT,1
l1_CTAATGGTCAGAGCTT,1
l1_CTACACCAGAGTCGGT,1
l1_CTACACCCAAGCTGTT,4
l1_CTACACCCACCTATCC,3
l1_CTACACCCAGTGACAG,1
l1_CTACACCGTACCAGTT,1
l1_CTACACCGTACCTACA,1
l1_CTACACCTCCGAATGT,6
l1_CTACATTAGACTAGAT,2
l1_CTACATTAGCGAGAAA,1
l1_CTACATTAGTTGCAGG,5
l1_CTACATTCAAGACGTG,1
l1_CTACATTCACGTAAGG,0
l1_CTACATTGTGTGACGA,6
l1_CTACATTTCCTTTCGG,2
l1_CTACCCACAATCTGCA,1
l1_CTACCCACACACAGAG,1
l1_CTACCCACATACCATG,1
l1_CTACCCACATTCACTT,1
l1_CTACCCAGTAGGCTGA,2
l1_CTACCCAGTCTAAAGA,2
l1_CTACCCAGTGATGTCT,5
l1_CTACCCATCGAATGGG,1
l1_CTACGTCAGCGTAATA,1
l1_CTACGTCCACCAGTTA,5
l1_CTACGTCGTCATGCCG,1
l1_CTACGTCTCAACACTG,3
l1_CTAGAGTCACACCGAC,1
l1_CTAGAGTCATTTGCTT,1
l1_CTAGAGTGTCATCCCT,3
l1_CTAGAGTTCTCTTGAT,5
l1_CTAGAGTTCTTGCCGT,1
l1_CTAGCCTAGCTGGAAC,4
l1_CTAGCCTCATGGTCAT,4
l1_CTAGCCTGTCGAAAGC,5
l1_CTAGCCTGTTGCGCAC,1
l1_CTAGCCTTCTGCGTAA,1
l1_CTAGTGAAGAGCTATA,1
l1_CTAGTGACATTGAGCT,1
l1_CTAGTGATCCAAGCCG,1
l1_CTAGTGATCGCGGATC,3
l1_CTAGTGATCGTTACGA,4
l1_CTCACACCAAATTGCC,1
l1_CTCACACGTCCATGAT,3
l1_CTCACACGTTCCGTCT,6
l1_CTCACACTCTAACTTC,1
l1_CTCACACTCTTCATGT,1
l1_CTCAGAAAGAAACCTA,4
l1_CTCAGAACACTGAAGG,4
l1_CTCAGAACATTCCTGC,2
l1_CTCAGAAGTGTCCTCT,0
l1_CTCAGAATCACAGTAC,3
l1_CTCATTACAATGGATA,5
l1_CTCATTACAGGGTATG,1
l1_CTCATTAGTCGACTAT,1
l1_CTCCTAGAGATGCCTT,3
l1_CTCCTAGGTCCAGTTA,3
l1_CTCCTAGTCTTGTACT,5
l1_CTCGAAAAGTGGTCCC,1
l1_CTCGAAAGTCGGATCC,3
l1_CTCGAAATCCACGCAG,6
l1_CTCGAAATCGAGCCCA,1
l1_CTCGAAATCTGGTATG,1
l1_CTCGAGGGTGAGTATA,2
l1_CTCGAGGGTTGAGGTG,1
l1_CTCGAGGGTTTGGGCC,1
l1_CTCGGAGAGCTAGGCA,1
l1_CTCGGAGAGGCCATAG,5
l1_CTCGGAGCAGCTCGAC,6
l1_CTCGGAGGTACCTACA,4
l1_CTCGGAGGTGCGATAG,1
l1_CTCGGGAAGCAGCCTC,1
l1_CTCGGGAAGTACGCGA,1
l1_CTCGGGAAGTTAGCGG,1
l1_CTCGGGAGTCCGCTGA,1
l1_CTCGTACAGCCCAATT,2
l1_CTCGTACCAAGAGGCT,6
l1_CTCGTACCACCAGGTC,4
l1_CTCGTACCATTAACCG,1
l1_CTCGTACGTCCTGCTT,2
l1_CTCGTACGTTGCGTTA,1
l1_CTCGTACTCATCACCC,4
l1_CTCGTACTCCGAGCCA,5
l1_CTCGTACTCGTCCAGG,2
l1_CTCGTCAAGTTTGCGT,1
l1_CTCGTCACAGGGCATA,1
l1_CTCGTCAGTAAGAGGA,1
l1_CTCGTCAGTACCGCTG,5
l1_CTCGTCAGTCTTCGTC,3
l1_CTCGTCATCGGTGTTA,2
l1_CTCGTCATCTAACTGG,1
l1_CTCGTCATCTGAAAGA,5
l1_CTCTAATAGGACTGGT,2
l1_CTCTAATAGTGGACGT,1
l1_CTCTAATGTGTTTGTG,1
l1_CTCTACGGTGCACGAA,1
l1_CTCTACGTCCGTACAA,4
l1_CTCTGGTCAGTAAGAT,1
l1_CTCTGGTCAGTGGGAT,4
l1_CTCTGGTCATATACCG,6
l1_CTCTGGTGTTTAAGCC,4
l1_CTCTGGTTCGTATCAG,4
l1_CTGAAACAGACTAGAT,1
l1_CTGAAACAGATAGTCA,1
l1_CTGAAACCAGTACACT,6
l1_CTGAAACGTAAACACA,1
l1_CTGAAACGTGTGGTTT,4
l1_CTGAAACTCGTAGATC,2
l1_CTGAAACTCTCGCATC,4
l1_CTGAAGTAGGTGATAT,1
l1_CTGAAGTAGTTTCCTT,1
l1_CTGAAGTCACAGACTT,4
l1_CTGAAGTGTAACGACG,1
l1_CTGAAGTGTATTCGTG,5
l1_CTGAAGTGTGTTGAGG,1
l1_CTGAAGTTCAAGCCTA,4
l1_CTGAAGTTCGAACGGA,1
l1_CTGAAGTTCTCCCTGA,3
l1_CTGATAGAGCCAACAG,4
l1_CTGATAGCAGTAACGG,1
l1_CTGATAGGTACTTAGC,3
l1_CTGATAGGTTCAGGCC,1
l1_CTGATAGTCCTTAATC,1
l1_CTGATAGTCGGAGCAA,5
l1_CTGATCCAGGCACATG,4
l1_CTGATCCCACTCTGTC,1
l1_CTGATCCGTACTCAAC,1
l1_CTGATCCGTCACTGGC,1
l1_CTGCCTACACATTTCT,1
l1_CTGCCTAGTAGATTAG,1
l1_CTGCGGAAGATCTGAA,1
l1_CTGCGGAAGTACACCT,1
l1_CTGCGGAGTGTGACCC,0
l1_CTGCGGATCTAAGCCA,2
l1_CTGCTGTCATGCTAGT,2
l1_CTGCTGTGTGGACGAT,1
l1_CTGCTGTGTGGTAACG,0
l1_CTGGTCTAGGCGCTCT,1
l1_CTGGTCTCATGGGACA,1
l1_CTGGTCTGTTAAGTAG,4
l1_CTGGTCTTCGTAGGAG,1
l1_CTGTGCTAGAGGTTGC,1
l1_CTGTGCTAGTGAACAT,4
l1_CTGTGCTCACTTAAGC,2
l1_CTGTGCTCAGACGCAA,5
l1_CTGTGCTGTCATACTG,1
l1_CTGTGCTGTCTTTCAT,1
l1_CTGTGCTGTGTCAATC,1
l1_CTGTGCTGTGTTCTTT,2
l1_CTGTTTAGTATAATGG,6
l1_CTGTTTATCGAGGTAG,3
l1_CTGTTTATCGTTACAG,1
l1_CTTAACTCACGAAAGC,0
l1_CTTAACTGTAAGTGTA,3
l1_CTTAACTGTAGGAGTC,1
l1_CTTAACTTCGCATGAT,1
l1_CTTAACTTCGCCTGTT,2
l1_CTTAACTTCTCACATT,1
l1_CTTAACTTCTTGCCGT,3
l1_CTTACCGAGAAACCTA,1
l1_CTTACCGAGGCCCTTG,1
l1_CTTACCGCACAGTCGC,1
l1_CTTACCGCATACCATG,1
l1_CTTACCGTCCCAAGAT,5
l1_CTTACCGTCCCTAATT,1
l1_CTTAGGAAGCACCGCT,1
l1_CTTAGGACAGCTGTGC,1
l1_CTTAGGAGTGTGGCTC,1
l1_CTTAGGATCTCAAGTG,5
l1_CTTCTCTAGTCCATAC,1
l1_CTTCTCTTCTATCGCC,1
l1_CTTGGCTAGGGTATCG,2
l1_CTTGGCTCAACACGCC,2
l1_CTTGGCTGTCTAAAGA,4
l1_CTTGGCTGTGTGACCC,1
l1_CTTGGCTTCCTGCTTG,1
l1_CTTGGCTTCGTCCGTT,1
l1_CTTTGCGTCATCGCTC,5
l1_GAAACTCGTTATTCTC,1
l1_GAAATGAAGAAACCAT,4
l1_GAAATGAAGCCCGAAA,1
l1_GAAATGACACGAGAGT,4
l1_GAAATGATCAACGAAA,1
l1_GAAATGATCCAGTATG,2
l1_GAACATCAGCGTTGCC,1
l1_GAACATCAGTCTCGGC,4
l1_GAACATCCAAACTGCT,1
l1_GAACATCTCATCACCC,1
l1_GAACCTACAACACCCG,1
l1_GAACCTAGTACGCACC,3
l1_GAACCTAGTATTACCG,1
l1_GAACCTATCTGCGACG,4
l1_GAACGGAAGCCACTAT,1
l1_GAACGGAAGTACGCGA,1
l1_GAACGGACAAGCCATT,4
l1_GAACGGACAATTGCTG,4
l1_GAACGGAGTCTCCACT,1
l1_GAAGCAGAGAGGTACC,3
l1_GAAGCAGAGAGTAATC,3
l1_GAAGCAGAGCGTGAGT,1
l1_GAAGCAGAGTTGTCGT,0
l1_GAATAAGAGCCACTAT,1
l1_GAATAAGCATCCCATC,1
l1_GAATAAGGTGAGTGAC,3
l1_GAATAAGGTGATGCCC,2
l1_GAATAAGGTTGGTGGA,1
l1_GAATGAAAGGGTTCCC,1
l1_GACACGCGTACGCTGC,6
l1_GACACGCGTGGTCTCG,4
l1_GACACGCTCATTGCCC,4
l1_GACACGCTCCGTAGTA,1
l1_GACACGCTCTTGCATT,2
l1_GACAGAGAGAAACGCC,1
l1_GACAGAGAGATCCCAT,1
l1_GACAGAGAGCGCTTAT,3
l1_GACAGAGCAGAAGCAC,3
l1_GACAGAGGTAATAGCA,6
l1_GACAGAGGTACCGGCT,1
l1_GACAGAGGTCAGAAGC,1
l1_GACAGAGTCTGCTTGC,5
l1_GACCAATAGAGAACAG,0
l1_GACCAATCAGGTCGTC,1
l1_GACCAATTCATAGCAC,5
l1_GACCAATTCGTGACAT,2
l1_GACCAATTCTGTCAAG,6
l1_GACCTGGAGACAAAGG,1
l1_GACCTGGAGAGTCGGT,3
l1_GACCTGGAGCACGCCT,2
l1_GACCTGGTCATAGCAC,1
l1_GACCTGGTCTGTCAAG,2
l1_GACGCGTAGATCCCGC,1
l1_GACGCGTCAAGGTGTG,3
l1_GACGCGTTCACAGGCC,1
l1_GACGTGCGTGTATGGG,1
l1_GACGTGCTCAGAGGTG,4
l1_GACGTGCTCAGCTGGC,2
l1_GACGTGCTCTGGTGTA,1
l1_GACGTTAAGCCAGTTT,4
l1_GACGTTAAGGAGCGAG,1
l1_GACGTTAGTGATAAAC,1
l1_GACGTTAGTTACTGAC,5
l1_GACGTTATCCGCGTTT,1
l1_GACTAACAGCAATCTC,1
l1_GACTAACAGGACCACA,2
l1_GACTAACAGTCCAGGA,1
l1_GACTAACCACTGTCGG,3
l1_GACTAACGTACGACCC,2
l1_GACTAACTCTGATACG,1
l1_GACTACAAGCTACCGC,1
l1_GACTACAAGCTGAAAT,1
l1_GACTACAAGGACAGAA,1
l1_GACTACACACAACTGT,4
l1_GACTACACACAAGACG,1
l1_GACTACAGTCTCTCTG,0
l1_GACTACAGTTAAGACA,1
l1_GACTACATCTAGCACA,2
l1_GACTACATCTTACCTA,5
l1_GACTGCGAGGTAGCTG,1
l1_GACTGCGCAGGTTTCA,5
l1_GACTGCGCATACAGCT,2
l1_GACTGCGTCATAAAGG,1
l1_GACTGCGTCATAACCG,5
l1_GACTGCGTCTTGTCAT,5
l1_GAGCAGATCATGGTCA,4
l1_GAGCAGATCATTTGGG,1
l1_GAGCAGATCTCCGGTT,1
l1_GAGCAGATCTCTAAGG,1
l1_GAGGTGAAGGCCCTCA,6
l1_GAGGTGACACCACCAG,3
l1_GAGGTGAGTAAGAGAG,1
l1_GAGGTGAGTTTAGGAA,0
l1_GAGGTGATCAGCTGGC,1
l1_GAGGTGATCCCACTTG,1
l1_GAGGTGATCTCGAGTA,1
l1_GAGGTGATCTTTACAC,1
l1_GAGTCCGCACATGTGT,6
l1_GAGTCCGGTCCCGACA,1
l1_GAGTCCGTCACCTCGT,4
l1_GAGTCCGTCTGCAGTA,1
l1_GATCAGTAGTCACGCC,6
l1_GATCAGTTCTGTCCGT,3
l1_GATCGATAGCCCGAAA,1
l1_GATCGATAGCTAGTGG,1
l1_GATCGATAGCTAGTTC,4
l1_GATCGATCACCTGGTG,0
l1_GATCGATCAGCTGGCT,1
l1_GATCGATGTTCATGGT,1
l1_GATCGTAAGAGGTTAT,1
l1_GATCGTAAGCCCAGCT,1
l1_GATCGTACACCAGGTC,4
l1_GATCGTACATAGTAAG,3
l1_GATCTAGAGACACTAA,1
l1_GATCTAGAGACCACGA,1
l1_GATCTAGCAATGCCAT,1
l1_GATCTAGCACCAGTTA,1
l1_GATCTAGCACGAGGTA,1
l1_GATCTAGCATGCAATC,1
l1_GATCTAGGTAGAGTGC,1
l1_GATCTAGTCCGAGCCA,0
l1_GATGAAAAGGCGTACA,5
l1_GATGAAAAGTCCTCCT,5
l1_GATGAAAAGTGCAAGC,5
l1_GATGAAACACGACGAA,1
l1_GATGAAACACTGTGTA,5
l1_GATGAAAGTCCATCCT,1
l1_GATGAAATCAGCTGGC,5
l1_GATGAGGCATGTCTCC,1
l1_GATGAGGTCACTATTC,4
l1_GATGAGGTCCACTGGG,2
l1_GATGAGGTCCTGCCAT,1
l1_GATGAGGTCTTATCTG,1
l1_GATGAGGTCTTGAGAC,1
l1_GATGAGGTCTTGGGTA,2
l1_GATGCTAAGATGTTAG,3
l1_GATGCTACAACTGCTA,2
l1_GATGCTACAGGGCATA,2
l1_GATGCTAGTAAGTTCC,1
l1_GATTCAGAGTGCAAGC,1
l1_GATTCAGCACGGTAAG,6
l1_GATTCAGCATACGCTA,1
l1_GATTCAGCATATACCG,6
l1_GATTCAGTCATTGCCC,3
l1_GCAAACTAGCGACGTA,5
l1_GCAAACTAGGGAACGG,1
l1_GCAAACTCATATACCG,4
l1_GCAAACTCATGGAATA,2
l1_GCAAACTGTTCCACAA,5
l1_GCAAACTTCTTAACCT,5
l1_GCAATCAGTATAATGG,3
l1_GCAATCATCGGAAACG,1
l1_GCAATCATCTACTTAC,5
l1_GCACATACAATGAAAC,1
l1_GCACATACACGGCCAT,1
l1_GCACATAGTAATCACC,1
l1_GCACATAGTAGTACCT,1
l1_GCACTCTAGGCAAAGA,2
l1_GCACTCTAGTCCATAC,1
l1_GCACTCTCAAACTGCT,1
l1_GCACTCTCATCAGTCA,1
l1_GCACTCTGTCCAACTA,5
l1_GCACTCTTCGTCTGAA,6
l1_GCAGCCAAGCACGCCT,1
l1_GCAGCCAAGTCCGTAT,1
l1_GCAGCCACATCAGTCA,5
l1_GCAGCCATCACTTACT,5
l1_GCAGCCATCTAACGGT,4
l1_GCAGTTACAAAGCAAT,1
l1_GCAGTTATCCGCGCAA,1
l1_GCATACAGTTAAGAAC,1
l1_GCATACAGTTCAGACT,1
l1_GCATACATCAATACCG,1
l1_GCATACATCTGCAAGT,1
l1_GCATACATCTGTACGA,1
l1_GCATGATAGAATGTGT,1
l1_GCATGATCAGGAATCG,4
l1_GCATGATGTGCAGACA,4
l1_GCATGATGTTGCTCCT,1
l1_GCATGCGGTCGCTTCT,1
l1_GCATGCGGTGCAGACA,1
l1_GCATGTAGTAAACCTC,4
l1_GCATGTATCTCATTCA,2
l1_GCCAAATAGCGATCCC,5
l1_GCCAAATAGTTGAGAT,5
l1_GCCAAATCACAGAGGT,4
l1_GCCAAATGTCGCGTGT,1
l1_GCCAAATTCAGTTAGC,5
l1_GCCAAATTCCCAAGTA,0
l1_GCCTCTACAGATGGCA,0
l1_GCCTCTAGTAAACACA,3
l1_GCCTCTAGTAAAGTCA,6
l1_GCCTCTAGTCTAGAGG,2
l1_GCCTCTATCAGCATGT,1
l1_GCCTCTATCGTGGTCG,1
l1_GCCTCTATCTCGCATC,1
l1_GCGACCAAGATACACA,1
l1_GCGACCAAGATAGGAG,3
l1_GCGACCAAGGATGCGT,1
l1_GCGACCAGTTAGTGGG,2
l1_GCGACCATCATTTGGG,4
l1_GCGAGAAAGAATTCCC,3
l1_GCGAGAACATTCCTCG,4
l1_GCGAGAATCGGATGTT,1
l1_GCGCAGTAGGATGGTC,1
l1_GCGCAGTCAAATTGCC,1
l1_GCGCAGTGTCACAAGG,5
l1_GCGCAGTTCGCCAAAT,1
l1_GCGCCAAAGAGTGAGA,2
l1_GCGCCAACACTGTCGG,5
l1_GCGCCAACATGCGCAC,6
l1_GCGCCAAGTATAGTAG,1
l1_GCGCCAATCTTTAGTC,1
l1_GCGCGATAGGGATGGG,2
l1_GCGCGATGTAGCTTGT,0
l1_GCGCGATGTGTAAGTA,5
l1_GCGGGTTAGCTGCCCA,1
l1_GCGGGTTAGGATGTAT,3
l1_GCGGGTTAGTCAATAG,5
l1_GCGGGTTTCAACACCA,2
l1_GCTCCTAAGTTATCGC,3
l1_GCTCCTATCTTGCAAG,1
l1_GCTCTGTAGACTGGGT,2
l1_GCTCTGTAGCCCTAAT,1
l1_GCTCTGTAGCGTCAAG,1
l1_GCTCTGTAGCTGCCCA,6
l1_GCTCTGTAGGGCTTGA,2
l1_GCTCTGTCAGTAAGAT,1
l1_GCTCTGTGTCCCTTGT,3
l1_GCTCTGTGTGACGGTA,5
l1_GCTCTGTGTGGAAAGA,1
l1_GCTGCAGTCAGGCGAA,1
l1_GCTGCAGTCTGCTTGC,3
l1_GCTGCGAAGAGCAATT,5
l1_GCTGCGAAGCTACCGC,1
l1_GCTGCGACAGCGATCC,3
l1_GCTGCGACATTAGGCT,5
l1_GCTGCGAGTCAGTGGA,1
l1_GCTGCGATCGGTCCGA,2
l1_GCTGCTTAGACCTTTG,1
l1_GCTGCTTAGCTAGTTC,4
l1_GCTGCTTCATACGCTA,1
l1_GCTGCTTGTGGCCCTA,1
l1_GCTGCTTGTGGTACAG,2
l1_GCTGCTTTCACTCCTG,2
l1_GCTGGGTAGTAGCCGA,4
l1_GCTGGGTTCCTGCCAT,1
l1_GCTGGGTTCGGGAGTA,4
l1_GCTTCCAGTACGCACC,1
l1_GCTTCCAGTATCACCA,1
l1_GCTTGAAAGACAGAGA,1
l1_GCTTGAAAGTCTCGGC,1
l1_GCTTGAACATTAGGCT,1
l1_GCTTGAATCATCGCTC,2
l1_GGAAAGCAGAGGACGG,0
l1_GGAAAGCAGCTGCCCA,1
l1_GGAAAGCGTGCCTGCA,4
l1_GGAAAGCTCATGTGGT,5
l1_GGAAAGCTCCGCAGTG,1
l1_GGAACTTCAAGTCTGT,1
l1_GGAACTTGTACTCAAC,1
l1_GGAACTTGTCATACTG,3
l1_GGAACTTGTCCAACTA,5
l1_GGAACTTGTTAAAGTG,1
l1_GGAACTTTCCGCGCAA,5
l1_GGAACTTTCCTGTAGA,1
l1_GGAATAAGTCCAGTTA,4
l1_GGAATAATCACCTTAT,1
l1_GGAATAATCTTCAACT,3
l1_GGACAAGAGCGAGAAA,6
l1_GGACAAGAGGAATCGC,1
l1_GGACAGAAGGCATGTG,1
l1_GGACAGACAACGATCT,4
l1_GGACAGACAAGTAATG,2
l1_GGACAGAGTAGAGGAA,5
l1_GGACAGAGTCACCCAG,1
l1_GGACAGATCACATAGC,1
l1_GGACATTAGTTGTCGT,1
l1_GGACATTCACACGCTG,1
l1_GGACATTTCGGATGGA,1
l1_GGACGTCAGAAGGTTT,4
l1_GGACGTCAGAGGTTGC,2
l1_GGACGTCGTCCGACGT,1
l1_GGACGTCTCGGCATCG,1
l1_GGAGCAAAGGTGATTA,1
l1_GGAGCAATCCTATGTT,2
l1_GGATGTTAGCATCATC,3
l1_GGATGTTAGCCACGCT,5
l1_GGATGTTAGCTAGCCC,1
l1_GGATGTTAGGCATTGG,1
l1_GGATGTTCATGCGCAC,0
l1_GGATGTTGTAGATTAG,3
l1_GGATGTTGTGCTTCTC,1
l1_GGATGTTTCCAAATGC,3
l1_GGATTACAGACTAGGC,2
l1_GGATTACCAAGTCTAC,1
l1_GGATTACCAGATCCAT,1
l1_GGATTACGTCTCTCGT,2
l1_GGATTACGTGCGATAG,1
l1_GGATTACGTTAGATGA,2
l1_GGATTACTCAACGCTA,2
l1_GGATTACTCACCACCT,2
l1_GGCAATTAGAAACGAG,4
l1_GGCAATTCACCTATCC,1
l1_GGCAATTGTAAGAGAG,4
l1_GGCAATTGTCAATACC,5
l1_GGCAATTTCAGGATCT,1
l1_GGCAATTTCTTGGGTA,0
l1_GGCCGATAGTTTGCGT,1
l1_GGCCGATCAATAGAGT,1
l1_GGCCGATTCCCGGATG,3
l1_GGCCGATTCTCCTATA,1
l1_GGCGACTGTCTCCATC,1
l1_GGCGACTGTGATGTGG,3
l1_GGCGACTTCAGTTCGA,2
l1_GGCGTGTCACCTGGTG,1
l1_GGCGTGTCAGCTGTAT,2
l1_GGCGTGTCAGGTGGAT,2
l1_GGCGTGTTCTACTCAT,2
l1_GGCTGGTGTCGCCATG,5
l1_GGCTGGTTCGTATCAG,6
l1_GGGAATGAGCTGCCCA,0
l1_GGGAATGAGTCATCCA,1
l1_GGGAATGCAATGGAGC,6
l1_GGGAATGCACGGTTTA,4
l1_GGGAATGGTGCATCTA,2
l1_GGGAATGGTTGGTTTG,1
l1_GGGACCTAGGGTATCG,6
l1_GGGACCTCACGTCTCT,5
l1_GGGACCTTCGCAGGCT,1
l1_GGGAGATAGGCAATTA,1
l1_GGGAGATAGGCCCGTT,5
l1_GGGAGATCAGTCTTCC,0
l1_GGGAGATCATCACGTA,4
l1_GGGAGATGTGAAATCA,1
l1_GGGAGATGTGATAAAC,1
l1_GGGAGATTCCTAGGGC,5
l1_GGGAGATTCCTAGTGA,1
l1_GGGATGACAGCATGAG,2
l1_GGGATGACAGCCTATA,5
l1_GGGATGATCTAACTCT,5
l1_GGGCACTAGCGCTTAT,4
l1_GGGCACTAGCGGATCA,1
l1_GGGCACTCAAAGGAAG,2
l1_GGGCATCCACTGTTAG,5
l1_GGGCATCTCACCGTAA,5
l1_GGGTCTGAGAGAACAG,2
l1_GGGTCTGAGTACCGGA,5
l1_GGGTCTGCACTTCTGC,1
l1_GGGTCTGCAGGTGCCT,4
l1_GGGTCTGGTACCAGTT,3
l1_GGGTCTGTCGTTGCCT,2
l1_GGGTTGCAGAGAGCTC,1
l1_GGGTTGCAGCTAGTCT,1
l1_GGGTTGCAGTGAACGC,0
l1_GGGTTGCCACCACGTG,1
l1_GGGTTGCGTAGCGTAG,1
l1_GGGTTGCGTGACTCAT,2
l1_GGGTTGCGTTCGAATC,3
l1_GGGTTGCTCAGCATGT,6
l1_GGGTTGCTCGGACAAG,1
l1_GGTATTGAGAGAGCTC,5
l1_GGTATTGAGTTCGCAT,5
l1_GGTATTGCACACGCTG,2
l1_GGTATTGGTATAAACG,4
l1_GGTATTGTCGGAAATA,2
l1_GGTGAAGAGCGATTCT,1
l1_GGTGAAGAGGCATGGT,1
l1_GGTGAAGCATGGAATA,0
l1_GGTGAAGGTAACGCGA,1
l1_GGTGAAGTCAAGATCC,1
l1_GGTGAAGTCCCACTTG,1
l1_GGTGCGTAGTTCGATC,1
l1_GGTGCGTCAAGTTAAG,1
l1_GGTGCGTCAGTACACT,1
l1_GGTGTTACAAGTAGTA,5
l1_GGTGTTAGTATCGCAT,1
l1_GGTGTTATCTGATACG,3
l1_GTAACGTAGATGTGGC,2
l1_GTAACGTCAAGCCATT,1
l1_GTAACGTCAGGCTGAA,1
l1_GTAACGTGTGCACCAC,0
l1_GTAACGTGTGGTCCGT,4
l1_GTAACTGAGCTGCGAA,1
l1_GTAACTGGTTCAGGCC,1
l1_GTAACTGTCTTGAGAC,1
l1_GTACGTAGTTCACCTC,1
l1_GTACTCCAGTTACCCA,3
l1_GTACTCCGTGAAGGCT,1
l1_GTACTCCGTTATTCTC,5
l1_GTACTCCTCTAACTGG,2
l1_GTACTCCTCTTCCTTC,5
l1_GTACTTTAGAACTCGG,3
l1_GTACTTTAGATCTGAA,1
l1_GTACTTTAGGACAGCT,1
l1_GTACTTTCACCCTATC,1
l1_GTAGGCCAGTCACGCC,5
l1_GTAGGCCCAGTTAACC,0
l1_GTAGGCCTCAGCACAT,1
l1_GTAGGCCTCTACGAGT,5
l1_GTAGTCAAGATGCCAG,1
l1_GTAGTCAAGATGCGAC,1
l1_GTAGTCAAGGATGCGT,2
l1_GTAGTCACACTACAGT,1
l1_GTAGTCACATGACATC,1
l1_GTAGTCACATTAGCCA,2
l1_GTAGTCATCGTCTGAA,2
l1_GTATCTTAGATATGGT,1
l1_GTATCTTAGTAGCCGA,5
l1_GTATCTTCACCCATTC,2
l1_GTATCTTCAGTGGGAT,1
l1_GTATCTTTCAGTACGT,4
l1_GTATCTTTCTATCGCC,1
l1_GTCAAGTGTATCTGCA,4
l1_GTCAAGTGTGACCAAG,4
l1_GTCAAGTGTGCAGGTA,1
l1_GTCAAGTTCCCTAACC,3
l1_GTCAAGTTCGCTTGTC,1
l1_GTCAAGTTCTGCAGTA,0
l1_GTCACAACACGAGGTA,1
l1_GTCACAACATATGGTC,5
l1_GTCACAATCAACCATG,1
l1_GTCACAATCGTAGATC,4
l1_GTCACGGAGAGAACAG,1
l1_GTCACGGAGTGTCTCA,1
l1_GTCACGGCAAATTGCC,5
l1_GTCACGGCATGCCCGA,2
l1_GTCACGGGTAATCGTC,4
l1_GTCACGGGTTATCACG,4
l1_GTCACGGTCCACTGGG,3
l1_GTCATTTAGCAGATCG,6
l1_GTCATTTAGCGATGAC,5
l1_GTCATTTAGGCATTGG,1
l1_GTCATTTAGTAGCCGA,0
l1_GTCATTTAGTGGTCCC,1
l1_GTCATTTCACTCGACG,1
l1_GTCATTTCACTGTGTA,4
l1_GTCATTTGTGACGCCT,2
l1_GTCATTTTCAGTGCAT,1
l1_GTCATTTTCAGTTAGC,1
l1_GTCATTTTCCTATTCA,1
l1_GTCATTTTCTACCTGC,1
l1_GTCCTCAAGAGCTTCT,3
l1_GTCCTCAAGTTCGATC,2
l1_GTCCTCACACGAAGCA,1
l1_GTCCTCATCCTGCCAT,2
l1_GTCCTCATCTTGAGGT,1
l1_GTCGGGTGTATGAAAC,0
l1_GTCGGGTTCCGCGGTA,1
l1_GTCGTAACACTCGACG,1
l1_GTCGTAAGTAGCGATG,1
l1_GTCGTAATCCGTTGCT,2
l1_GTCGTAATCGGAGCAA,1
l1_GTCTCGTAGGTGATTA,3
l1_GTCTCGTCAGCCAATT,1
l1_GTCTCGTGTACTCAAC,2
l1_GTCTCGTGTCGCGGTT,1
l1_GTCTTCGCACCAGTTA,3
l1_GTCTTCGTCTGTCTCG,4
l1_GTGAAGGAGCCAGAAC,3
l1_GTGAAGGAGTCCAGGA,1
l1_GTGAAGGGTCAGTGGA,1
l1_GTGCAGCCAGACAGGT,5
l1_GTGCAGCTCGCATGGC,1
l1_GTGCAGCTCGCCATAA,1
l1_GTGCATACACAGAGGT,1
l1_GTGCATAGTTCTGTTT,1
l1_GTGCATATCAGGCAAG,2
l1_GTGCATATCCCTTGCA,4
l1_GTGCGGTTCATCTGTT,1
l1_GTGCGGTTCCACTGGG,5
l1_GTGCTTCGTCCAGTAT,1
l1_GTGCTTCGTCGACTGC,1
l1_GTGCTTCGTGAGGGTT,0
l1_GTGGGTCAGTACGTAA,6
l1_GTGGGTCCAATTCCTT,4
l1_GTGGGTCCACAGAGGT,5
l1_GTGTGCGAGGTGCTTT,1
l1_GTGTGCGCAAGTCTGT,2
l1_GTGTGCGCACAAGTAA,4
l1_GTGTGCGCATTTCAGG,0
l1_GTGTGCGGTCGCTTCT,1
l1_GTGTGCGTCACGGTTA,1
l1_GTGTGCGTCAGTACGT,4
l1_GTGTTAGAGGCTCTTA,1
l1_GTGTTAGAGTCTCGGC,4
l1_GTGTTAGGTCTCTTAT,1
l1_GTGTTAGGTGTTCTTT,1
l1_GTGTTAGGTTCTCATT,1
l1_GTGTTAGTCGACAGCC,0
l1_GTGTTAGTCGTAGGTT,1
l1_GTGTTAGTCTAACGGT,1
l1_GTTAAGCAGCCTATGT,4
l1_GTTAAGCCAATCCGAT,4
l1_GTTAAGCTCCAAGTAC,4
l1_GTTACAGCAGTTAACC,1
l1_GTTACAGCATGGAATA,1
l1_GTTCATTCAATGGATA,1
l1_GTTCATTCATAGACTC,5
l1_GTTCATTTCAGTGCAT,1
l1_GTTCATTTCTCTAGGA,1
l1_GTTCGGGGTATATCCG,4
l1_GTTCGGGTCCTCAATT,1
l1_GTTCTCGCAGACGCTC,1
l1_GTTCTCGGTACATGTC,0
l1_GTTCTCGGTTATTCTC,5
l1_GTTCTCGGTTTAAGCC,0
l1_GTTCTCGTCACCTTAT,3
l1_GTTCTCGTCGCTTAGA,1
l1_GTTCTCGTCGGCGCTA,6
l1_GTTTCTACATTGGTAC,5
l1_GTTTCTAGTGCCTGTG,2
l1_GTTTCTATCACCTCGT,3
l1_GTTTCTATCCTTTCGG,2
l1_TAAACCGAGCCAGTAG,1
l1_TAAACCGAGGCCCGTT,5
l1_TAAACCGCACCCATTC,4
l1_TAAACCGCACCTCGTT,3
l1_TAAACCGGTTCATGGT,1
l1_TAAGAGACAAGTAGTA,1
l1_TAAGAGAGTCGCTTTC,5
l1_TAAGCGTAGAGACGAA,1
l1_TAAGCGTAGAGGGATA,1
l1_TAAGCGTTCGACAGCC,1
l1_TAAGTGCAGAGGTTGC,0
l1_TAAGTGCAGATCGATA,6
l1_TAAGTGCAGTGAAGAG,1
l1_TAAGTGCCATCCGCGA,1
l1_TAAGTGCGTCGGCATC,3
l1_TAAGTGCGTGCAGTAG,5
l1_TAAGTGCGTTGGGACA,1
l1_TACACGACAAGTCTAC,6
l1_TACACGAGTGAAGGCT,1
l1_TACACGATCTCAAGTG,1
l1_TACACGATCTGGAGCC,1
l1_TACAGTGAGACTCGGA,1
l1_TACCTATAGGAGCGAG,1
l1_TACCTATGTGGGTCAA,5
l1_TACCTATTCAAAGTAG,4
l1_TACCTATTCGGCATCG,1
l1_TACCTATTCGGTGTCG,3
l1_TACCTATTCGTGACAT,6
l1_TACCTATTCTACTCAT,4
l1_TACCTATTCTGCTGCT,1
l1_TACCTTATCACAATGC,5
l1_TACGGATAGTACACCT,4
l1_TACGGATCACTGTGTA,1
l1_TACGGGCCAGCCTATA,1
l1_TACGGGCGTCACAAGG,1
l1_TACGGGCTCACATGCA,3
l1_TACGGTAAGTCGCCGT,4
l1_TACGGTACATTACCTT,5
l1_TACGGTAGTACGACCC,1
l1_TACGGTAGTCTTGATG,5
l1_TACGGTAGTTGCGTTA,1
l1_TACGGTATCTCATTCA,6
l1_TACTCATCACATGTGT,2
l1_TACTCATGTGTCGCTG,1
l1_TACTCATGTTCAGACT,1
l1_TACTCATTCTACCTGC,6
l1_TACTCATTCTTACCGC,6
l1_TACTCGCAGGATGCGT,1
l1_TACTCGCAGGCTACGA,4
l1_TACTCGCCACTATCTT,1
l1_TACTCGCCAGACAAAT,5
l1_TACTCGCCATCAGTCA,1
l1_TACTCGCGTATAGGGC,5
l1_TACTCGCGTCTAAACC,1
l1_TACTCGCGTTACGTCA,1
l1_TACTCGCTCATGTCTT,3
l1_TACTCGCTCCGCGCAA,1
l1_TACTTACAGCGGCTTC,4
l1_TACTTACCACCCTATC,0
l1_TACTTACTCGTATCAG,1
l1_TACTTGTAGCTAGTTC,1
l1_TACTTGTCACAACGCC,1
l1_TACTTGTCACCGATAT,6
l1_TACTTGTGTGTTCGAT,1
l1_TACTTGTTCGCCTGAG,5
l1_TACTTGTTCGGCTACG,1
l1_TAGACCACAAGCCTAT,1
l1_TAGACCACACCCAGTG,1
l1_TAGACCACACTCGACG,1
l1_TAGACCAGTACCAGTT,1
l1_TAGACCATCTATCGCC,1
l1_TAGAGCTAGATATACG,0
l1_TAGAGCTCACGCTTTC,2
l1_TAGAGCTCAGGACGTA,1
l1_TAGAGCTTCGGTTAAC,4
l1_TAGAGCTTCTTACCTA,2
l1_TAGCCGGAGCTTCGCG,5
l1_TAGCCGGAGTTACCCA,1
l1_TAGCCGGCAGACAAAT,1
l1_TAGCCGGGTCCAAGTT,1
l1_TAGCCGGGTGATGTCT,1
l1_TAGCCGGTCACTTACT,4
l1_TAGCCGGTCAGGCCCA,1
l1_TAGGCATAGATCCCGC,1
l1_TAGGCATAGCAGATCG,3
l1_TAGGCATGTGCGAAAC,3
l1_TAGTGGTAGATCCTGT,1
l1_TAGTGGTAGCACCGTC,1
l1_TAGTGGTCACAGCCCA,1
l1_TAGTGGTTCACATGCA,1
l1_TAGTTGGAGTATCTCG,0
l1_TAGTTGGAGTCGATAA,1
l1_TAGTTGGCACGGATAG,1
l1_TAGTTGGCAGCTCCGA,1
l1_TATCAGGAGGGATGGG,5
l1_TATCAGGAGGGTTCCC,1
l1_TATCAGGGTCAACATC,1
l1_TATCAGGTCCCTTGTG,1
l1_TATCTCAAGGCTAGCA,1
l1_TATCTCACATCCTAGA,3
l1_TATCTCAGTCAACTGT,1
l1_TATCTCAGTTCAGGCC,6
l1_TATCTCATCACATACG,2
l1_TATGCCCAGAGTACAT,5
l1_TATGCCCCAGCAGTTT,1
l1_TATGCCCGTGTTAAGA,4
l1_TATTACCCAAAGCAAT,5
l1_TATTACCCAAAGTGCG,5
l1_TATTACCGTACATCCA,1
l1_TATTACCGTAGGAGTC,1
l1_TCAACGAAGTGTCCAT,1
l1_TCAACGACAATACGCT,1
l1_TCAACGAGTAAGAGAG,1
l1_TCAACGAGTAGTAGTA,6
l1_TCAACGATCAGAGGTG,1
l1_TCAATCTAGCCGCCTA,4
l1_TCACAAGAGTGACTCT,1
l1_TCACAAGCACGTGAGA,3
l1_TCACAAGGTCCAGTTA,1
l1_TCACGAACATGGTCAT,3
l1_TCACGAACATTCTCAT,1
l1_TCACGAAGTAAGAGAG,2
l1_TCACGAATCAGAAATG,1
l1_TCACGAATCCATGAAC,6
l1_TCACGAATCTCAACTT,1
l1_TCAGATGAGCTTCGCG,1
l1_TCAGATGAGGACGAAA,5
l1_TCAGATGAGTTCCACA,1
l1_TCAGATGCAAATCCGT,1
l1_TCAGATGCAAGTTGTC,1
l1_TCAGATGCACACATGT,4
l1_TCAGATGGTCTGCGGT,5
l1_TCAGATGGTCTTCAAG,5
l1_TCAGATGTCACCATAG,3
l1_TCAGATGTCTGCCAGG,3
l1_TCAGCAAAGACCCACC,1
l1_TCAGCAACAAACCCAT,1
l1_TCAGCAATCCGTAGTA,6
l1_TCAGCAATCTGCTGTC,2
l1_TCAGCTCAGTCTTGCA,4
l1_TCAGCTCCAGTATCTG,1
l1_TCAGCTCCATCGGGTC,6
l1_TCAGCTCCATGGGACA,1
l1_TCAGCTCGTTCCGTCT,1
l1_TCAGGATAGCACCGCT,0
l1_TCAGGATCACGTGAGA,1
l1_TCAGGATGTAGTACCT,1
l1_TCAGGATTCCCTGACT,4
l1_TCAGGTAAGCTGCCCA,2
l1_TCAGGTAAGGGATCTG,1
l1_TCAGGTAAGTCTCAAC,2
l1_TCAGGTAAGTGTTTGC,3
l1_TCAGGTACAGATCTGT,1
l1_TCAGGTACATTCGACA,1
l1_TCAGGTATCCTAGTGA,1
l1_TCATTACAGGCAGGTT,1
l1_TCATTACCAAAGCAAT,4
l1_TCATTACCAGGCGATA,6
l1_TCATTACCAGTCACTA,4
l1_TCATTACGTCTAGTCA,3
l1_TCATTACGTCTTGTCC,5
l1_TCATTACTCACGCGGT,1
l1_TCATTACTCTCAACTT,5
l1_TCATTACTCTGTTTGT,5
l1_TCATTTGAGAGTACCG,1
l1_TCATTTGAGATGTGTA,5
l1_TCATTTGCACCAGATT,3
l1_TCATTTGTCGTTTATC,5
l1_TCATTTGTCTGTACGA,2
l1_TCCACACAGCGATAGC,3
l1_TCCACACGTGTCCTCT,1
l1_TCCACACTCAGCAACT,1
l1_TCCACACTCCTTTACA,3
l1_TCCCGATCACAAGCCC,1
l1_TCCCGATGTTCCCTTG,1
l1_TCCCGATGTTGTTTGG,1
l1_TCCCGATTCACAACGT,5
l1_TCCCGATTCCTCATTA,2
l1_TCGAGGCAGGCCCTTG,1
l1_TCGAGGCAGTGTACCT,6
l1_TCGAGGCCAAGCCATT,2
l1_TCGAGGCCATGGTCAT,1
l1_TCGAGGCGTAAGTGGC,2
l1_TCGCGAGAGCACCGCT,1
l1_TCGCGAGCACCAGTTA,6
l1_TCGCGAGCAGGGTACA,1
l1_TCGCGAGGTAAGAGAG,1
l1_TCGCGAGGTCCAGTAT,1
l1_TCGCGAGGTCTAGCGC,1
l1_TCGCGAGGTCTAGGTT,1
l1_TCGCGAGTCGAATGGG,1
l1_TCGCGTTAGAGACGAA,4
l1_TCGCGTTCAATGTAAG,0
l1_TCGCGTTCAATTCCTT,4
l1_TCGCGTTCACTCGACG,2
l1_TCGCGTTGTCCGACGT,1
l1_TCGCGTTTCCCTCTTT,2
l1_TCGCGTTTCCGCTGTT,1
l1_TCGGGACAGCGATCCC,4
l1_TCGGGACAGTAGCCGA,1
l1_TCGGGACGTACGACCC,4
l1_TCGGGACGTGCGATAG,5
l1_TCGGGACGTGGCTCCA,5
l1_TCGGGACTCCGAACGC,6
l1_TCGGGACTCGCTTAGA,3
l1_TCGGGACTCTCATTCA,2
l1_TCGGTAAAGAAAGTGG,1
l1_TCGGTAAAGACAGGCT,5
l1_TCGGTAACAAACTGCT,2
l1_TCGGTAACAAGACACG,5
l1_TCGGTAAGTACCAGTT,1
l1_TCGGTAAGTAGCCTCG,6
l1_TCGGTAAGTCATGCCG,6
l1_TCGTACCAGAGTCTGG,4
l1_TCGTACCCAGTAAGAT,1
l1_TCGTACCTCAGGTAAA,1
l1_TCGTACCTCTGCCAGG,5
l1_TCGTAGAAGAGACTTA,1
l1_TCGTAGAAGAGTCGGT,5
l1_TCGTAGAAGAGTGAGA,0
l1_TCGTAGAAGATTACCC,1
l1_TCGTAGACAGCTGTAT,4
l1_TCGTAGACAGTATGCT,1
l1_TCGTAGAGTGATAAAC,4
l1_TCGTAGAGTTGGTAAA,3
l1_TCGTAGATCCATTCTA,3
l1_TCTATTGAGTACACCT,2
l1_TCTATTGCACGGTAGA,1
l1_TCTATTGCATGAACCT,2
l1_TCTATTGGTCCCTACT,1
l1_TCTATTGGTCGAAAGC,0
l1_TCTATTGGTTTAGCTG,2
l1_TCTATTGTCATCTGTT,3
l1_TCTCATAAGCTCCTTC,2
l1_TCTCATACACCAGGTC,4
l1_TCTCATAGTCGTTGTA,4
l1_TCTCATAGTTCACCTC,2
l1_TCTCATAGTTCGCGAC,1
l1_TCTCATAGTTGGACCC,1
l1_TCTCATATCACATACG,1
l1_TCTCATATCCCTTGCA,5
l1_TCTCATATCTTTAGGG,1
l1_TCTCTAAAGACTCGGA,0
l1_TCTCTAAAGTGGGCTA,3
l1_TCTCTAAGTTACAGAA,1
l1_TCTCTAAGTTGATTGC,1
l1_TCTCTAATCTGATTCT,4
l1_TCTCTAATCTGTCTAT,4
l1_TCTGAGAAGATATGGT,3
l1_TCTGAGAAGCCTTGAT,5
l1_TCTGAGAAGTGCTGCC,5
l1_TCTGAGAAGTTCGCAT,0
l1_TCTGAGACACGGCCAT,1
l1_TCTGAGAGTAACGTTC,5
l1_TCTGAGATCCTCAATT,5
l1_TCTGAGATCTCAAGTG,6
l1_TCTGAGATCTGCAGTA,1
l1_TCTGGAACAAGGGTCA,1
l1_TCTGGAACATGCAACT,2
l1_TCTGGAAGTGATGTCT,1
l1_TCTGGAATCCGCATAA,1
l1_TCTGGAATCTCACATT,1
l1_TCTTCGGCAACTGCTA,1
l1_TCTTCGGGTTCCGGCA,1
l1_TCTTCGGTCTTGAGAC,4
l1_TCTTTCCCATGTCCTC,2
l1_TCTTTCCGTGGCCCTA,4
l1_TCTTTCCTCCAGTAGT,6
l1_TGAAAGAGTTATTCTC,1
l1_TGAAAGATCACTGGGC,1
l1_TGACAACAGTCATCCA,5
l1_TGACAACCATGGAATA,4
l1_TGACAACGTGACGGTA,1
l1_TGACGGCAGACAGGCT,1
l1_TGACGGCAGTGAATTG,1
l1_TGACGGCCACACCGCA,2
l1_TGACGGCGTTACGACT,1
l1_TGACTAGCAGAAGCAC,3
l1_TGACTAGGTACCGTAT,1
l1_TGACTAGGTCCATCCT,3
l1_TGACTAGGTTTGCATG,5
l1_TGACTAGTCCGATATG,1
l1_TGACTTTAGACCTTTG,1
l1_TGACTTTAGCAGACTG,5
l1_TGACTTTAGGGATGGG,1
l1_TGACTTTGTAAGGGCT,3
l1_TGACTTTTCCCAAGTA,2
l1_TGACTTTTCGACAGCC,5
l1_TGACTTTTCTGATACG,1
l1_TGAGAGGAGTCCGGTC,4
l1_TGAGAGGGTCACAAGG,1
l1_TGAGAGGGTGTTAAGA,2
l1_TGAGAGGTCTGCGGCA,2
l1_TGAGCCGCACAAGACG,1
l1_TGAGCCGCATCGGGTC,5
l1_TGAGCCGGTATTCTCT,1
l1_TGAGCCGTCACGGTTA,1
l1_TGATTTCAGACTTGAA,5
l1_TGATTTCGTATGCTTG,0
l1_TGATTTCGTTCGGGCT,4
l1_TGATTTCTCACCGTAA,3
l1_TGATTTCTCAGAGGTG,3
l1_TGATTTCTCCGTCAAA,1
l1_TGCACCTAGTCGTACT,6
l1_TGCACCTCATACAGCT,1
l1_TGCACCTGTACCTACA,5
l1_TGCACCTTCACTTCAT,1
l1_TGCCAAAAGCTTATCG,3
l1_TGCCAAAAGGTTACCT,4
l1_TGCCAAAGTCCATGAT,1
l1_TGCCAAAGTTTGTTGG,5
l1_TGCCCATAGCCAGGAT,3
l1_TGCCCATAGGATTCGG,1
l1_TGCCCATGTCATATCG,1
l1_TGCCCATTCTCAACTT,1
l1_TGCCCATTCTGTCCGT,1
l1_TGCCCTAAGCCCAGCT,3
l1_TGCCCTAAGCTAACAA,1
l1_TGCCCTAAGGAGCGAG,1
l1_TGCCCTAAGGATGGTC,4
l1_TGCCCTAAGTACGCGA,0
l1_TGCCCTAAGTTTGCGT,2
l1_TGCCCTAGTGGTGTAG,1
l1_TGCGCAGTCACCCTCA,1
l1_TGCGGGTAGTGGACGT,0
l1_TGCGGGTCAGGCGATA,2
l1_TGCGGGTGTACCGCTG,6
l1_TGCGGGTGTTACGGAG,3
l1_TGCGTGGAGATCTGCT,2
l1_TGCGTGGAGTTTAGGA,5
l1_TGCGTGGCACGGTAAG,1
l1_TGCGTGGGTAAGAGGA,1
l1_TGCGTGGGTAGCGTGA,1
l1_TGCGTGGGTGTCGCTG,1
l1_TGCGTGGTCCAGGGCT,5
l1_TGCTACCAGACTTGAA,1
l1_TGCTACCAGTCGATAA,1
l1_TGCTACCAGTGTCCAT,0
l1_TGCTACCAGTGTCCCG,0
l1_TGCTACCCACCCATGG,4
l1_TGCTACCCATCAGTCA,1
l1_TGCTACCCATGCAACT,1
l1_TGCTACCGTAAATACG,3
l1_TGCTACCGTGCGATAG,5
l1_TGCTACCTCAGATAAG,3
l1_TGCTACCTCTAACTGG,0
l1_TGCTGCTAGGCCGAAT,2
l1_TGCTGCTCATATACCG,2
l1_TGCTGCTTCACGAAGG,0
l1_TGCTGCTTCTCTTATG,1
l1_TGGACGCAGGACAGAA,3
l1_TGGACGCTCACATGCA,2
l1_TGGCCAGCAGACGCCT,1
l1_TGGCCAGCATAAGACA,0
l1_TGGCCAGGTCTAGAGG,1
l1_TGGCGCAAGTTCCACA,5
l1_TGGCGCACAATCCGAT,1
l1_TGGCGCAGTTGAGTTC,6
l1_TGGCGCATCAGTTTGG,1
l1_TGGCTGGGTTGGGACA,1
l1_TGGCTGGTCCTATGTT,1
l1_TGGGAAGAGAAAGTGG,5
l1_TGGGAAGCACAGATTC,5
l1_TGGGAAGTCATCGCTC,1
l1_TGGGAAGTCCCGACTT,1
l1_TGGGCGTAGCGTAGTG,4
l1_TGGGCGTAGTTCGATC,1
l1_TGGGCGTCACAGATTC,1
l1_TGGGCGTTCCATTCTA,6
l1_TGGTTAGCATAGACTC,3
l1_TGGTTAGGTATCGCAT,1
l1_TGGTTAGTCGGACAAG,1
l1_TGGTTAGTCGGATGGA,3
l1_TGGTTCCGTACTTGAC,4
l1_TGGTTCCGTATCAGTC,4
l1_TGGTTCCTCCCTCTTT,1
l1_TGTATTCAGCGCCTTG,1
l1_TGTATTCCATCACGAT,1
l1_TGTATTCTCCACGACG,0
l1_TGTATTCTCTTACCGC,1
l1_TGTCCCAAGCTAGTCT,1
l1_TGTCCCACAATGAATG,0
l1_TGTCCCACATCACAAC,5
l1_TGTCCCACATGCGCAC,1
l1_TGTCCCAGTCCGTTAA,1
l1_TGTCCCATCTCGCATC,4
l1_TGTGGTAAGATCGGGT,1
l1_TGTGGTATCACTGGGC,2
l1_TGTGGTATCGTCTGAA,5
l1_TGTGTTTAGCCTTGAT,2
l1_TGTGTTTCACAAGACG,3
l1_TGTGTTTCAGCAGTTT,3
l1_TGTGTTTCAGCCAATT,2
l1_TGTGTTTGTCAACATC,1
l1_TGTGTTTGTGACAAAT,2
l1_TGTGTTTGTGATAAAC,4
l1_TGTGTTTTCGTTTATC,0
l1_TGTTCCGAGTCATGCT,1
l1_TGTTCCGAGTGTGAAT,6
l1_TGTTCCGCAATGGAAT,5
l1_TGTTCCGCACAGATTC,6
l1_TGTTCCGTCGCTGATA,4
l1_TGTTCCGTCTTTCCTC,4
l1_TTAACTCCAGAGCCAA,4
l1_TTAACTCCAGAGTGTG,1
l1_TTAACTCGTATAATGG,2
l1_TTAACTCGTCCGACGT,5
l1_TTAGGACGTGGTTTCA,2
l1_TTAGGCAAGAGCTGGT,4
l1_TTAGGCAAGAGTCGGT,3
l1_TTAGGCAAGTGGGTTG,1
l1_TTAGGCACACAGAGGT,1
l1_TTAGGCAGTTCTGAAC,3
l1_TTAGGCAGTTGAGTTC,1
l1_TTAGGCAGTTGCGCAC,2
l1_TTAGTTCCAGGTCGTC,6
l1_TTAGTTCGTACCGAGA,1
l1_TTAGTTCGTGGTGTAG,3
l1_TTAGTTCTCACGACTA,6
l1_TTATGCTCACCCAGTG,1
l1_TTATGCTCACGGACAA,2
l1_TTATGCTCATTCTCAT,1
l1_TTATGCTGTCTAAAGA,1
l1_TTATGCTTCGGCGGTT,0
l1_TTATGCTTCTCTTATG,1
l1_TTCCCAGAGACAGAGA,2
l1_TTCCCAGAGATAGTCA,5
l1_TTCCCAGCAGCAGTTT,1
l1_TTCCCAGGTGTGCCTG,1
l1_TTCCCAGTCATAGCAC,3
l1_TTCCCAGTCCCAGGTG,5
l1_TTCCCAGTCGAACTGT,1
l1_TTCCCAGTCTGTCTAT,6
l1_TTCGAAGAGATATGCA,1
l1_TTCGAAGGTCTCCACT,6
l1_TTCGGTCGTTCGCGAC,0
l1_TTCGGTCTCTCCGGTT,4
l1_TTCTACAAGCGTCTAT,4
l1_TTCTACAAGCTATGCT,1
l1_TTCTACAAGGCAGTCA,4
l1_TTCTACACAACACGCC,1
l1_TTCTACATCTGAAAGA,5
l1_TTCTCAAAGTTGAGAT,1
l1_TTCTCAACACCGTTGG,1
l1_TTCTCAAGTAGAAGGA,1
l1_TTCTCAAGTCAATGTC,6
l1_TTCTCAAGTGGCGAAT,1
l1_TTCTCAATCAACTCTT,1
l1_TTCTCCTAGACGCACA,1
l1_TTCTCCTCACCAGATT,4
l1_TTCTCCTCACGTCAGC,1
l1_TTCTCCTGTCGGCATC,1
l1_TTCTCCTGTGCTCTTC,1
l1_TTCTCCTTCACAAACC,4
l1_TTCTTAGAGACAGGCT,2
l1_TTCTTAGAGACCCACC,5
l1_TTCTTAGAGGCATTGG,1
l1_TTCTTAGAGTGGGTTG,3
l1_TTCTTAGCACACCGAC,1
l1_TTCTTAGGTAGAAAGG,0
l1_TTCTTAGGTCAATACC,2
l1_TTCTTAGGTCCTGCTT,4
l1_TTCTTAGGTGTGCGTC,1
l1_TTCTTAGGTTTACTCT,2
l1_TTGAACGAGGACCACA,1
l1_TTGAACGCAGTTCATG,6
l1_TTGAACGGTAAGAGAG,2
l1_TTGAACGGTAGATTAG,1
l1_TTGAACGGTTTGCATG,1
l1_TTGACTTGTAAGGATT,2
l1_TTGACTTTCACTCTTA,2
l1_TTGACTTTCGGCGCTA,3
l1_TTGCCGTAGGGAAACA,4
l1_TTGCCGTAGTGCCATT,6
l1_TTGCCGTTCGCGATCG,1
l1_TTGCGTCCAGTCCTTC,1
l1_TTGCGTCTCAGCTCGG,1
l1_TTGCGTCTCCTAAGTG,4
l1_TTGGAACAGTACTTGC,1
l1_TTGGAACCAGCATACT,4
l1_TTGGAACGTCATCGGC,3
l1_TTGGCAAAGAGTGAGA,3
l1_TTGGCAAAGGCAGGTT,1
l1_TTGGCAAAGGCGACAT,1
l1_TTGGCAAAGTGACTCT,3
l1_TTGGCAACACATCTTT,1
l1_TTGGCAACACTTGGAT,0
l1_TTGGCAAGTGAGGGAG,0
l1_TTGGCAAGTGGTTTCA,3
l1_TTGGCAATCCAGAGGA,2
l1_TTGTAGGAGAAGATTC,1
l1_TTGTAGGAGTTCCACA,1
l1_TTGTAGGGTATAATGG,1
l1_TTGTAGGTCCTGCCAT,1
l1_TTGTAGGTCGTGGTCG,5
l1_TTTACTGCATGAGCGA,1
l1_TTTACTGGTACCTACA,1
l1_TTTACTGGTAGCTAAA,1
l1_TTTACTGGTCTAGCCG,2
l1_TTTATGCAGAGCAATT,2
l1_TTTATGCAGTCTCCTC,5
l1_TTTATGCGTCGACTGC,1
l1_TTTATGCTCATTGCCC,1
l1_TTTATGCTCGGTGTCG,6
l1_TTTCCTCAGCTACCGC,4
l1_TTTCCTCTCAAGGCTT,3
l1_TTTGCGCAGGAGTTGC,5
l1_TTTGCGCAGTGATCGG,3
l1_TTTGCGCCATGGTTGT,2
l1_TTTGCGCCATGTAAGA,5
l1_TTTGCGCGTTCAGTAC,1
l1_TTTGGTTAGTGCGATG,1
l1_TTTGGTTGTGCAACGA,2
l1_TTTGGTTTCCCACTTG,3
l1_TTTGGTTTCTCATTCA,1
l1_TTTGTCAAGGATGGAA,4
l1_TTTGTCAAGTAGCGGT,5
l1_TTTGTCACAATGACCT,1
l1_TTTGTCACAGGGATTG,1
l1_TTTGTCAGTAAATACG,3
l1_TTTGTCAGTTGTCGCG,5
l1_TTTGTCATCCACGACG,1
l1_TTTGTCATCTCTAAGG,1
l2_AAACCTGAGCCCAATT,5
l2_AAACCTGAGCCTTGAT,1
l2_AAACCTGCACCCATTC,6
l2_AAACCTGCATGCTGGC,2
l2_AAACCTGGTGAAGGCT,1
l2_AAACCTGGTTGTTTGG,3
l2_AAACCTGTCATTTGGG,1
l2_AAACGGGAGCTAGGCA,4
l2_AAACGGGAGGGAGTAA,1
l2_AAACGGGCAGGTGCCT,4
l2_AAACGGGGTATTACCG,6
l2_AAACGGGTCATGTCTT,4
l2_AAACGGGTCCCAAGTA,4
l2_AAAGATGAGAGGTTGC,1
l2_AAAGATGAGCCAGTAG,4
l2_AAAGATGAGGCCCTTG,3
l2_AAAGATGAGTCCAGGA,1
l2_AAAGATGCACGGTAGA,3
l2_AAAGATGCAGCTCGCA,3
l2_AAAGATGGTCGCGTGT,1
l2_AAAGATGGTTCCACTC,1
l2_AAAGATGTCCAGAAGG,6
l2_AAAGCAAAGAAACCAT,1
l2_AAAGCAAAGAAAGTGG,5
l2_AAAGCAAAGGCAATTA,5
l2_AAAGCAACAGCCACCA,4
l2_AAAGCAACATATACGC,5
l2_AAAGCAACATTACCTT,0
l2_AAAGCAAGTAATCGTC,4
l2_AAAGCAAGTTGCGCAC,2
l2_AAAGCAATCTGTTTGT,2
l2_AAAGTAGAGAGGTTGC,4
l2_AAAGTAGCACGAAAGC,0
l2_AAAGTAGCATTTGCCC,1
l2_AAAGTAGGTGTGGCTC,1
l2_AAAGTAGTCAGGTTCA,1
l2_AAAGTAGTCCCAACGG,1
l2_AAAGTAGTCGCCAGCA,1
l2_AAAGTAGTCGTAGGTT,1
l2_AAATGCCAGGCAAAGA,6
l2_AAATGCCAGTCTTGCA,1
l2_AAATGCCGTAATTGGA,1
l2_AAATGCCGTCGTGGCT,5
l2_AAATGCCTCCAAGCCG,1
l2_AAATGCCTCCAAGTAC,1
l2_AAATGCCTCTAACTTC,3
l2_AACACGTAGAGGGATA,4
l2_AACACGTCACATGTGT,1
l2_AACACGTGTCCCTACT,1
l2_AACACGTGTGTTTGTG,4
l2_AACACGTTCTGGTATG,4
l2_AACCATGCAATGACCT,1
l2_AACCATGCATGCATGT,1
l2_AACCATGTCCTTTCGG,1
l2_AACCATGTCTACCTGC,1
l2_AACCGCGAGGGCACTA,4
l2_AACCGCGGTAAGTTCC,5
l2_AACCGCGGTGATGATA,1
l2_AACCGCGTCCACGAAT,4
l2_AACGTTGAGGATATAC,4
l2_AACGTTGGTCCGAAGA,1
l2_AACGTTGGTGTTAAGA,2
l2_AACGTTGGTTTAGGAA,4
l2_AACGTTGTCCCTCAGT,4
l2_AACGTTGTCTGTCTAT,4
l2_AACTCAGCAATGAAAC,3
l2_AACTCAGCACGCGAAA,1
l2_AACTCAGCATGGTTGT,6
l2_AACTCAGGTAGCTGCC,5
l2_AACTCAGGTTAGAACA,4
l2_AACTCAGTCCAAACTG,5
l2_AACTCCCAGTGTACGG,4
l2_AACTCCCGTCCGAATT,5
l2_AACTCCCTCAGATAAG,5
l2_AACTCCCTCCGGGTGT,1
l2_AACTGGTCAAATACAG,1
l2_AACTGGTCAGGGTATG,5
l2_AACTGGTGTCATACTG,1
l2_AACTGGTGTGTGTGCC,1
l2_AACTGGTTCTCATTCA,6
l2_AACTTTCAGCGCCTCA,1
l2_AACTTTCAGCGTAATA,1
l2_AACTTTCAGGGCTCTC,3
l2_AACTTTCAGTGCGATG,3
l2_AACTTTCGTACTTAGC,2
l2_AACTTTCGTAGAAGGA,1
l2_AACTTTCGTCTGATCA,1
l2_AACTTTCTCAACGGGA,3
l2_AAGACCTGTGTTGGGA,1
l2_AAGACCTTCATCTGTT,4
l2_AAGCCGCGTCTAGGTT,1
l2_AAGCCGCGTGAAAGAG,1
l2_AAGCCGCTCCGAAGAG,5
l2_AAGCCGCTCCGCGTTT,5
l2_AAGCCGCTCTTGAGAC,4
l2_AAGGAGCAGAGACTTA,2
l2_AAGGAGCAGTGTGGCA,1
l2_AAGGAGCCACGACTCG,4
l2_AAGGAGCTCACCGGGT,2
l2_AAGGTTCCACGGACAA,1
l2_AAGGTTCCATTAGCCA,5
l2_AAGGTTCTCATCACCC,1
l2_AAGGTTCTCTGTCAAG,5
l2_AAGTCTGCAACGCACC,5
l2_AAGTCTGGTAATTGGA,5
l2_AAGTCTGGTAGCGTGA,1
l2_AAGTCTGTCAAGAAGT,3
l2_AAGTCTGTCAGTCCCT,1
l2_AAGTCTGTCCGGCACA,3
l2_AATCCAGAGCAGATCG,4
l2_AATCCAGCAATAGCAA,4
l2_AATCCAGCACAGCGTC,6
l2_AATCCAGGTAAGTGGC,2
l2_AATCCAGGTCCGTCAG,5
l2_AATCCAGGTCGCTTTC,1
l2_AATCGGTAGTTCCACA,2
l2_AATCGGTCAATCGGTT,6
l2_AATCGGTCACGGTTTA,1
l2_AATCGGTTCTAACGGT,1
l2_ACACCAAAGACGCACA,1
l2_ACACCAAAGGCTCATT,5
l2_ACACCAAAGTATGACA,1
l2_ACACCAAAGTGATCGG,5
l2_ACACCAAGTAACGCGA,2
l2_ACACCAATCAGCACAT,1
l2_ACACCCTCATGACGGA,4
l2_ACACCCTCATTGGCGC,5
l2_ACACCCTTCTCAACTT,2
l2_ACACCGGGTACAGACG,2
l2_ACACCGGTCACTTATC,4
l2_ACACCGGTCGCTAGCG,1
l2_ACACCGGTCTTAGCCC,4
l2_ACACTGAAGGAATGGA,1
l2_ACACTGACATAGTAAG,5
l2_ACACTGACATTTGCTT,6
l2_ACACTGAGTCATATCG,1
l2_ACACTGAGTGTTCGAT,4
l2_ACACTGATCCGGCACA,2
l2_ACAGCCGAGAATGTTG,1
l2_ACAGCCGAGCCATCGC,2
l2_ACAGCCGCAGATGGCA,4
l2_ACAGCTAAGCAGATCG,1
l2_ACAGCTAAGGGAACGG,1
l2_ACAGCTAAGTCGAGTG,1
l2_ACAGCTACAACTGGCC,5
l2_ACAGCTAGTTCCATGA,4
l2_ACAGCTAGTTGCGCAC,4
l2_ACAGCTATCACGAAGG,2
l2_ACATACGAGCCACCTG,1
l2_ACATACGCACCTGGTG,4
l2_ACATACGTCCTCATTA,1
l2_ACATCAGGTAACGACG,1
l2_ACATGGTAGCCTCGTG,3
l2_ACATGGTAGGGTATCG,3
l2_ACATGGTTCTTTAGTC,1
l2_ACCAGTAAGAACTCGG,1
l2_ACCAGTACACAGGCCT,1
l2_ACCAGTAGTCTCTTAT,1
l2_ACCAGTATCCTATTCA,4
l2_ACCAGTATCGCGTAGC,1
l2_ACCCACTAGGACCACA,2
l2_ACCCACTAGGTTACCT,5
l2_ACCCACTGTTTGGCGC,5
l2_ACCCACTTCCATGAGT,1
l2_ACCCACTTCTAGAGTC,1
l2_ACCGTAACAAGGACAC,3
l2_ACCGTAACAGTTAACC,5
l2_ACCGTAACATCTGGTA,2
l2_ACCGTAAGTAAGTAGT,1
l2_ACCGTAAGTAGAGGAA,1
l2_ACCGTAATCAAGGTAA,1
l2_ACCGTAATCTCTGAGA,1
l2_ACCTTTACAGAGCCAA,1
l2_ACCTTTAGTACCGAGA,2
l2_ACCTTTAGTTGCGCAC,1
l2_ACCTTTATCGTACCGG,4
l2_ACGAGCCAGTAAGTAC,5
l2_ACGAGCCGTCATATGC,0
l2_ACGAGCCTCCAGAGGA,0
l2_ACGAGCCTCTCCGGTT,5
l2_ACGAGGAAGAGTCTGG,5
l2_ACGAGGACAAATTGCC,4
l2_ACGAGGAGTTACGACT,1
l2_ACGAGGAGTTTGTTTC,1
l2_ACGAGGATCATCGGAT,1
l2_ACGAGGATCCTCCTAG,2
l2_ACGATACAGAAACCGC,1
l2_ACGATACAGATGCCAG,1
l2_ACGATACAGCTTCGCG,4
l2_ACGATACCAAAGAATC,1
l2_ACGATACCAAGCCATT,1
l2_ACGATACCAAGTCATC,1
l2_ACGATACCACAACTGT,1
l2_ACGATACCAGCTGTGC,5
l2_ACGATACGTCCATGAT,3
l2_ACGATGTCAATGGATA,2
l2_ACGATGTTCCCACTTG,1
l2_ACGCAGCCACTTAAGC,3
l2_ACGCAGCTCAGTTTGG,0
l2_ACGCAGCTCGACCAGC,1
l2_ACGCCAGAGCCAGAAC,1
l2_ACGCCAGCATAAAGGT,3
l2_ACGCCAGGTCTCAACA,1
l2_ACGCCAGTCCAAATGC,1
l2_ACGCCAGTCCATGAGT,1
l2_ACGCCAGTCTCACATT,4
l2_ACGCCGAAGAAGATTC,3
l2_ACGCCGAGTGGCGAAT,5
l2_ACGCCGATCCCATTAT,2
l2_ACGGAGAAGTACGCGA,4
l2_ACGGAGATCAGCAACT,3
l2_ACGGCCAAGACATAAC,2
l2_ACGGCCACAATGACCT,2
l2_ACGGCCAGTATAGTAG,0
l2_ACGGCCAGTTAGTGGG,1
l2_ACGGCCATCAAGAAGT,3
l2_ACGGGCTAGACAAGCC,1
l2_ACGGGCTCAAATTGCC,1
l2_ACGGGCTCAAGTAGTA,4
l2_ACGGGCTGTACCCAAT,1
l2_ACGGGCTGTTTAGCTG,2
l2_ACGGGCTTCATAGCAC,1
l2_ACGGGCTTCTTTACAC,3
l2_ACGGGTCAGTGGTCCC,1
l2_ACGTCAAAGCGTGAGT,1
l2_ACGTCAAAGTAACCCT,1
l2_ACGTCAAAGTGTTGAA,4
l2_ACGTCAAGTACTCTCC,4
l2_ACGTCAAGTGATAAAC,4
l2_ACGTCAATCCAAACAC,3
l2_ACGTCAATCTCAAGTG,2
l2_ACGTCAATCTGTACGA,4
l2_ACTATCTCATGGGACA,3
l2_ACTATCTGTTATCACG,1
l2_ACTATCTTCGCTTGTC,2
l2_ACTATCTTCTCGTATT,6
l2_ACTGAACAGCCGTCGT,1
l2_ACTGAACTCAAACAAG,1
l2_ACTGAACTCACTTATC,3
l2_ACTGAACTCGTTTATC,3
l2_ACTGAGTAGACGACGT,1
l2_ACTGAGTTCGCCAAAT,1
l2_ACTGATGAGTACGTAA,4
l2_ACTGATGAGTGACATA,1
l2_ACTGATGCAGCGATCC,1
l2_ACTGATGCAGCTGCAC,2
l2_ACTGATGGTCCGTCAG,1
l2_ACTGATGTCTACCAGA,1
l2_ACTGATGTCTTTAGGG,2
l2_ACTGCTCAGAATTGTG,1
l2_ACTGCTCGTACAGACG,1
l2_ACTGCTCGTATTAGCC,5
l2_ACTGCTCGTCGAGATG,1
l2_ACTGCTCGTCTCACCT,4
l2_ACTGTCCAGAACTGTA,1
l2_ACTGTCCAGTTACGGG,2
l2_ACTGTCCGTCGAATCT,1
l2_ACTGTCCTCATTTGGG,1
l2_ACTTACTAGAGACTTA,1
l2_ACTTACTGTAAAGGAG,1
l2_ACTTACTGTTGAGGTG,5
l2_ACTTACTTCCCAAGAT,5
l2_ACTTACTTCCTGCCAT,3
l2_ACTTGTTGTACGCTGC,1
l2_ACTTGTTTCAACCATG,5
l2_ACTTGTTTCCTGCCAT,1
l2_ACTTGTTTCTCTGAGA,4
l2_ACTTTCAGTACTTGAC,0
l2_ACTTTCAGTCGGATCC,4
l2_AGAATAGAGAGGGCTT,1
l2_AGAATAGAGGGTGTTG,1
l2_AGAATAGCAAAGCAAT,5
l2_AGAATAGGTACAGTTC,3
l2_AGAATAGGTACCGCTG,3
l2_AGAATAGGTTCGAATC,1
l2_AGAATAGGTTCGTTGA,0
l2_AGAATAGGTTGTGGAG,4
l2_AGAATAGTCCCTTGCA,3
l2_AGACGTTAGGCATGGT,1
l2_AGACGTTGTTAAGATG,3
l2_AGACGTTTCTCGCATC,1
l2_AGAGCGACAGGAACGT,4
l2_AGAGCGAGTTCCACAA,3
l2_AGAGCGATCACAAACC,3
l2_AGAGCGATCCATTCTA,6
l2_AGAGCTTTCCGGCACA,1
l2_AGAGTGGGTACGACCC,1
l2_AGAGTGGGTGTAATGA,5
l2_AGAGTGGGTTGTGGCC,1
l2_AGAGTGGTCACATAGC,1
l2_AGAGTGGTCCAGAAGG,1
l2_AGAGTGGTCCTCAATT,5
l2_AGAGTGGTCTGATACG,1
l2_AGATCTGCACGAAACG,2
l2_AGATCTGGTATATGAG,3
l2_AGATCTGGTTCTGAAC,2
l2_AGATCTGTCATACGGT,6
l2_AGATTGCGTCTAAACC,1
l2_AGATTGCGTGAGGCTA,1
l2_AGATTGCTCCAAAGTC,3
l2_AGATTGCTCCTCATTA,1
l2_AGCAGCCAGACCGGAT,5
l2_AGCAGCCAGATATGGT,0
l2_AGCAGCCCAGCTGCTG,0
l2_AGCAGCCTCTGTCAAG,3
l2_AGCATACCACGAAACG,1
l2_AGCATACCATGCATGT,2
l2_AGCATACGTCGCATCG,6
l2_AGCATACTCAACGGCC,1
l2_AGCATACTCGTTACAG,1
l2_AGCCTAACACCTCGTT,1
l2_AGCCTAAGTTATCGGT,0
l2_AGCCTAAGTTCCCGAG,3
l2_AGCCTAAGTTCGCTAA,4
l2_AGCCTAATCAGAGGTG,1
l2_AGCCTAATCTGTCTCG,4
l2_AGCGGTCCAATCAGAA,1
l2_AGCGGTCCACAACGTT,5
l2_AGCGGTCTCACGCATA,4
l2_AGCGGTCTCTTGTACT,1
l2_AGCGTATAGAATGTTG,1
l2_AGCGTATAGCTCAACT,1
l2_AGCGTATCACATTCGA,1
l2_AGCGTATGTTATGTGC,1
l2_AGCGTATGTTCCATGA,1
l2_AGCGTATGTTGTTTGG,2
l2_AGCGTATTCAGAGGTG,2
l2_AGCGTATTCGGCGCAT,1
l2_AGCTCCTAGGAGCGTT,1
l2_AGCTCCTGTAAGTAGT,3
l2_AGCTCCTGTAGCTAAA,1
l2_AGCTCTCAGACTTGAA,1
l2_AGCTCTCCAAGGACAC,0
l2_AGCTCTCCATTTGCTT,4
l2_AGCTCTCGTCGAATCT,1
l2_AGCTTGAAGAGGACGG,5
l2_AGCTTGACAAGAGTCG,1
l2_AGCTTGACAAGTAATG,5
l2_AGGCCACAGAGCAATT,1
l2_AGGCCACGTCAGTGGA,5
l2_AGGCCACGTCCCTTGT,1
l2_AGGCCACTCAATAAGG,1
l2_AGGCCGTCAGGACCCT,1
l2_AGGCCGTTCCTGTACC,1
l2_AGGGAGTAGCCCGAAA,0
l2_AGGGAGTCACAACGTT,3
l2_AGGGAGTGTGCCTGCA,5
l2_AGGGAGTTCATATCGG,4
l2_AGGGATGAGATGCCAG,4
l2_AGGGATGCAATCTACG,1
l2_AGGGATGTCAAGAAGT,4
l2_AGGGATGTCACAATGC,5
l2_AGGGATGTCGTCTGCT,1
l2_AGGGTGAAGTCATCCA,3
l2_AGGGTGAGTATGCTTG,5
l2_AGGGTGAGTCCGAAGA,2
l2_AGGGTGAGTTATCCGA,4
l2_AGGGTGAGTTGATTGC,1
l2_AGGGTGATCATCTGCC,3
l2_AGGTCATCAAACTGCT,1
l2_AGGTCATCATCGATTG,1
l2_AGGTCATCATTCACTT,1
l2_AGGTCATGTTCTGGTA,5
l2_AGGTCATTCACCTTAT,4
l2_AGGTCCGAGAGTGACC,4
l2_AGGTCCGAGTTGAGAT,1
l2_AGGTCCGCATTTGCTT,1
l2_AGGTCCGGTGCGCTTG,3
l2_AGGTCCGTCGATGAGG,3
l2_AGTCTTTAGTACGTTC,5
l2_AGTCTTTAGTGCGTGA,1
l2_AGTCTTTCAATTGCTG,1
l2_AGTCTTTTCACCTTAT,4
l2_AGTCTTTTCACGACTA,4
l2_AGTCTTTTCCGCGGTA,1
l2_AGTGAGGAGAGTTGGC,1
l2_AGTGAGGAGTCTCAAC,1
l2_AGTGAGGAGTGGGATC,5
l2_AGTGAGGCAGCTGGCT,1
l2_AGTGAGGCAGCTTCGG,4
l2_AGTGAGGGTAGGCATG,2
l2_AGTGAGGTCAGCACAT,5
l2_AGTGGGAAGAAGGTGA,1
l2_AGTGGGAAGTACGACG,4
l2_AGTGGGAAGTGGTAAT,2
l2_AGTGGGAGTCGCTTCT,1
l2_AGTGGGATCATGGTCA,2
l2_AGTGTCAAGATCACGG,1
l2_AGTGTCAGTCGCATAT,5
l2_AGTGTCATCAATCTCT,2
l2_AGTGTCATCCTCAACC,4
l2_AGTTGGTAGCATCATC,1
l2_AGTTGGTAGCTATGCT,1
l2_AGTTGGTAGTGCCAGA,1
l2_AGTTGGTCATGAGCGA,3
l2_AGTTGGTTCAGAAATG,1
l2_AGTTGGTTCTAACCGA,0
l2_AGTTGGTTCTAGAGTC,1
l2_AGTTGGTTCTCATTCA,5
l2_ATAACGCAGCGTCAAG,4
l2_ATAACGCGTACCGGCT,1
l2_ATAACGCGTGAGTATA,1
l2_ATAACGCGTTCAGACT,2
l2_ATAACGCGTTCCACTC,4
l2_ATAACGCTCCGCATAA,1
l2_ATAAGAGCACTGTGTA,2
l2_ATAAGAGCATATACGC,4
l2_ATAAGAGGTGATAAGT,6
l2_ATAAGAGTCAAGAAGT,1
l2_ATAGACCAGGAATGGA,5
l2_ATAGACCTCAAACCGT,4
l2_ATAGACCTCATGTCTT,1
l2_ATAGACCTCATTGCCC,4
l2_ATAGACCTCCTATTCA,4
l2_ATAGACCTCTCTTATG,0
l2_ATCACGAAGGCAGTCA,3
l2_ATCACGAAGTACGATA,1
l2_ATCACGAAGTCGAGTG,3
l2_ATCACGACATGCTGGC,1
l2_ATCACGAGTGCGATAG,1
l2_ATCACGATCAGCATGT,2
l2_ATCATCTAGAGCTTCT,1
l2_ATCATCTAGGCGCTCT,5
l2_ATCATCTAGGGAAACA,3
l2_ATCATCTAGTCGTTTG,0
l2_ATCATCTGTCCAACTA,5
l2_ATCATCTTCTAGAGTC,2
l2_ATCATCTTCTGCGTAA,5
l2_ATCATGGAGATTACCC,3
l2_ATCATGGAGTTCGATC,3
l2_ATCATGGAGTTTGCGT,3
l2_ATCATGGCAAAGGCGT,1
l2_ATCATGGTCTGTTGAG,5
l2_ATCCACCAGCCAGTTT,1
l2_ATCCACCAGCGATTCT,0
l2_ATCCACCAGCTAAACA,5
l2_ATCCACCAGTACCGGA,3
l2_ATCCACCCACCTTGTC,1
l2_ATCCACCGTGTAATGA,1
l2_ATCCACCTCCCACTTG,4
l2_ATCCACCTCGTACGGC,1
l2_ATCCACCTCTAGAGTC,2
l2_ATCCGAAAGTGAATTG,1
l2_ATCCGAAGTCGCATCG,1
l2_ATCCGAAGTCTCGTTC,5
l2_ATCCGAATCAGGTTCA,2
l2_ATCGAGTAGTTCCACA,3
l2_ATCGAGTGTCTAAAGA,5
l2_ATCGAGTGTTCCGTCT,1
l2_ATCTACTAGCAGCCTC,3
l2_ATCTACTAGCCCTAAT,1
l2_ATCTACTAGCGTTCCG,4
l2_ATCTACTAGGAGCGAG,5
l2_ATCTACTCACCACCAG,1
l2_ATCTACTTCTCGGACG,4
l2_ATCTACTTCTCTGCTG,6
l2_ATCTACTTCTTTACAC,1
l2_ATCTGCCAGACACTAA,5
l2_ATCTGCCAGGAATGGA,4
l2_ATCTGCCAGGTCGGAT,1
l2_ATCTGCCCACCTCGTT,4
l2_ATCTGCCGTTCACGGC,2
l2_ATCTGCCTCACAGTAC,1
l2_ATCTGCCTCGCATGGC,1
l2_ATGAGGGAGGAATCGC,4
l2_ATGAGGGAGGAATGGA,3
l2_ATGAGGGAGTGGGCTA,1
l2_ATGAGGGCAAGTCATC,1
l2_ATGAGGGGTAGGCATG,1
l2_ATGAGGGGTGCTGTAT,3
l2_ATGAGGGGTGTTTGGT,6
l2_ATGAGGGGTTCACCTC,1
l2_ATGAGGGTCTGTCTCG,1
l2_ATGCGATGTCGCATAT,1
l2_ATGCGATTCAGCCTAA,1
l2_ATGGGAGAGAGCTATA,1
l2_ATGGGAGAGTGTTAGA,1
l2_ATGGGAGCAAGCTGAG,4
l2_ATGGGAGCATTTCACT,5
l2_ATGGGAGGTTACGACT,1
l2_ATGGGAGTCATTGCCC,2
l2_ATGTGTGCAATAACGA,1
l2_ATGTGTGCAGTCACTA,1
l2_ATGTGTGGTCTCCCTA,1
l2_ATGTGTGGTTACCGAT,3
l2_ATGTGTGGTTCCACAA,5
l2_ATGTGTGTCATCGGAT,0
l2_ATTACTCCAAACTGCT,4
l2_ATTACTCCAGTACACT,1
l2_ATTATCCAGGGCTTCC,6
l2_ATTATCCCAGCGTAAG,3
l2_ATTATCCGTTACTGAC,6
l2_ATTATCCTCAGTGCAT,0
l2_ATTATCCTCCAGATCA,5
l2_ATTCTACCACACCGAC,5
l2_ATTCTACCACGAAACG,3
l2_ATTCTACGTGTAATGA,4
l2_ATTCTACGTTTGTGTG,4
l2_ATTGGACAGCGATTCT,1
l2_ATTGGACAGGAGTCTG,1
l2_ATTGGACCACTTCGAA,1
l2_ATTGGACCATGTCTCC,5
l2_ATTGGTGAGGCGATAC,4
l2_ATTGGTGAGTGTCCCG,5
l2_ATTGGTGCAGGGTACA,5
l2_ATTGGTGGTAGTGAAT,1
l2_ATTGGTGGTCAGAAGC,1
l2_ATTGGTGTCATGTCCC,4
l2_ATTGGTGTCTAACTCT,2
l2_ATTTCTGAGTCGATAA,4
l2_ATTTCTGGTATCAGTC,4
l2_ATTTCTGTCTCTAAGG,1
l2_CAACCAAAGAAGAAGC,2
l2_CAACCAAAGGTGGGTT,1
l2_CAACCAACAAGTAGTA,1
l2_CAACCAACATATACGC,3
l2_CAACCAAGTAGGGTAC,3
l2_CAACCTCCAACAACCT,1
l2_CAACCTCCACGTAAGG,1
l2_CAACCTCCATGTAAGA,1
l2_CAACCTCGTTGTCTTT,1
l2_CAACCTCTCCCTAACC,1
l2_CAACTAGAGGCAGGTT,2
l2_CAACTAGCAAGCCATT,6
l2_CAACTAGCATGTAAGA,5
l2_CAACTAGGTCGAGATG,1
l2_CAACTAGGTTGTTTGG,5
l2_CAAGAAAAGTCCATAC,4
l2_CAAGAAACACAGAGGT,2
l2_CAAGAAACAGCTGCTG,1
l2_CAAGAAAGTGTTGAGG,5
l2_CAAGAAATCTTGTCAT,1
l2_CAAGATCAGCTCTCGG,5
l2_CAAGATCAGGCATGGT,6
l2_CAAGATCGTCCAGTTA,1
l2_CAAGGCCAGGATGTAT,3
l2_CAAGGCCTCTGAAAGA,1
l2_CAAGTTGAGAAACCGC,2
l2_CAAGTTGAGTGTTAGA,2
l2_CAAGTTGGTCTCCCTA,1
l2_CAAGTTGGTTGGAGGT,3
l2_CAAGTTGTCCAAATGC,1
l2_CACAAACAGACAAAGG,1
l2_CACAAACAGGCGACAT,4
l2_CACAAACGTACAGCAG,1
l2_CACAAACTCGCCCTTA,1
l2_CACAAACTCGTTTATC,2
l2_CACACAAAGTTAAGTG,1
l2_CACACAATCAGTTTGG,1
l2_CACACCTGTCTCCATC,1
l2_CACACCTGTTGGTTTG,1
l2_CACACCTTCCGTAGTA,6
l2_CACACTCCATTGGTAC,2
l2_CACACTCGTCTAGAGG,4
l2_CACACTCGTTGTGGCC,4
l2_CACAGGCAGAGCTTCT,5
l2_CACAGGCCAAAGGAAG,2
l2_CACAGGCTCCCAAGTA,2
l2_CACAGTAAGATATACG,1
l2_CACATAGAGCAGCGTA,5
l2_CACATAGAGTCACGCC,2
l2_CACATAGGTTCATGGT,4
l2_CACATAGTCGGAAATA,2
l2_CACATTTAGGTACTCT,3
l2_CACATTTAGGTGTTAA,4
l2_CACATTTCATGGTCAT,1
l2_CACATTTGTAAGTGTA,1
l2_CACATTTGTTCAGACT,1
l2_CACCACTTCTCTGAGA,2
l2_CACCAGGAGACTTGAA,5
l2_CACCAGGCACACCGAC,5
l2_CACCTTGAGAGTGAGA,3
l2_CACCTTGAGTGCGATG,5
l2_CACCTTGCAATGTAAG,1
l2_CACCTTGGTCCGAACC,5
l2_CACCTTGGTCGCGAAA,0
l2_CACCTTGTCTTTAGTC,1
l2_CACTCCAAGGATCGCA,1
l2_CACTCCACAACGATCT,5
l2_CACTCCAGTCTCTTAT,1
l2_CACTCCATCCACTGGG,2
l2_CAGAATCCAAGAAGAG,0
l2_CAGAATCGTAGCACGA,1
l2_CAGAATCTCACATAGC,1
l2_CAGAATCTCATCTGCC,3
l2_CAGAGAGAGAATAGGG,1
l2_CAGAGAGAGTGGAGAA,1
l2_CAGAGAGCATGGATGG,1
l2_CAGAGAGGTACTTCTT,5
l2_CAGAGAGTCAGTGCAT,3
l2_CAGATCAAGATAGCAT,3
l2_CAGATCAAGTTAGGTA,1
l2_CAGATCAGTACTTGAC,2
l2_CAGATCATCGAACGGA,4
l2_CAGCAGCCACATCCGG,1
l2_CAGCAGCTCTACCTGC,2
l2_CAGCATAAGGAATGGA,1
l2_CAGCATAAGGATGCGT,1
l2_CAGCATAAGTGACTCT,4
l2_CAGCATATCAGTGCAT,4
l2_CAGCATATCCCATTAT,1
l2_CAGCCGAAGCGACGTA,2
l2_CAGCCGAAGCGATTCT,1
l2_CAGCCGAGTCTGGTCG,1
l2_CAGCCGATCGGTGTTA,6
l2_CAGCGACAGCGTGTCC,2
l2_CAGCGACAGTTAGGTA,1
l2_CAGCGACCAAGTCATC,5
l2_CAGCGACTCAAACCGT,2
l2_CAGCTAAAGCGTGTCC,4
l2_CAGCTAAAGTCAAGCG,1
l2_CAGCTAACAATCCGAT,1
l2_CAGCTAAGTAGCCTCG,1
l2_CAGCTGGAGAGGACGG,1
l2_CAGCTGGCACCAGGTC,1
l2_CAGCTGGTCACAGGCC,1
l2_CAGCTGGTCCTCAATT,1
l2_CAGGTGCAGAACTGTA,1
l2_CAGGTGCAGCTAGCCC,4
l2_CAGGTGCAGCTAGTCT,2
l2_CAGGTGCAGGTGATTA,1
l2_CAGGTGCAGTAGGCCA,4
l2_CAGGTGCGTCTCTTTA,1
l2_CAGGTGCGTTCTGAAC,2
l2_CAGGTGCGTTGAGTTC,3
l2_CAGGTGCTCCGTCAAA,1
l2_CAGTAACAGAATAGGG,5
l2_CAGTAACAGCCAGTTT,6
l2_CAGTAACAGGACATTA,1
l2_CAGTAACTCAAGATCC,1
l2_CAGTAACTCGCAGGCT,3
l2_CAGTCCTAGAGTAAGG,5
l2_CAGTCCTAGCGGCTTC,1
l2_CAGTCCTCATCCAACA,1
l2_CAGTCCTGTCCGAATT,1
l2_CAGTCCTTCTTCTGGC,1
l2_CATATGGAGATAGTCA,0
l2_CATATGGCATATACCG,1
l2_CATATGGTCGTACGGC,1
l2_CATATGGTCTCAACTT,5
l2_CATATTCAGGGCTTGA,5
l2_CATATTCAGTGCTGCC,5
l2_CATATTCCACATGACT,5
l2_CATATTCCAGCTGCTG,3
l2_CATATTCCAGCTGGCT,1
l2_CATATTCCAGTGGGAT,1
l2_CATATTCGTCGCATAT,4
l2_CATATTCTCACATACG,1
l2_CATATTCTCCCACTTG,0
l2_CATATTCTCCCGACTT,1
l2_CATATTCTCGACAGCC,5
l2_CATATTCTCGCGTTTC,5
l2_CATCAAGAGCGTAATA,3
l2_CATCAAGTCGAACTGT,1
l2_CATCAAGTCGTGGTCG,1
l2_CATCAGACACAGCGTC,1
l2_CATCAGACATTGTGCA,1
l2_CATCAGATCTCTGAGA,1
l2_CATCCACAGGGCTTGA,2
l2_CATCCACCAGGTCTCG,1
l2_CATCCACGTCTCCCTA,2
l2_CATCGAAAGCATGGCA,1
l2_CATCGAAAGCCAGGAT,4
l2_CATCGAAAGTAGCGGT,1
l2_CATCGAACAAACTGTC,2
l2_CATCGAACACTTCTGC,2
l2_CATCGAAGTACTTCTT,1
l2_CATCGAATCACGATGT,1
l2_CATCGGGAGTGGGTTG,1
l2_CATCGGGCACACAGAG,1
l2_CATCGGGGTACGCTGC,1
l2_CATCGGGTCAGCGACC,4
l2_CATCGGGTCTCATTCA,1
l2_CATCGGGTCTTGACGA,5
l2_CATGACAAGATCCGAG,0
l2_CATGCCTGTATGAAAC,4
l2_CATGCCTTCGGATGGA,0
l2_CATGCCTTCTTATCTG,1
l2_CATGGCGCACGAAATA,1
l2_CATGGCGCAGTTAACC,5
l2_CATGGCGGTCTAGAGG,1
l2_CATGGCGTCCAAACTG,1
l2_CATGGCGTCCAATGGT,1
l2_CATTATCAGAACAATC,2
l2_CATTATCAGACGCAAC,4
l2_CATTATCCAAAGGAAG,6
l2_CATTATCCACCTATCC,1
l2_CATTATCCATCCTAGA,3
l2_CATTCGCAGCGACGTA,3
l2_CATTCGCAGTCGTACT,1
l2_CCAATCCAGGACTGGT,1
l2_CCAATCCAGTGTTAGA,3
l2_CCAATCCCAAGGTGTG,1
l2_CCAATCCCAATAGCGG,4
l2_CCAATCCTCACTTATC,4
l2_CCACCTACAAGTTGTC,1
l2_CCACCTACACACAGAG,5
l2_CCACCTAGTTCAGACT,6
l2_CCACGGAAGTACGTTC,1
l2_CCACGGACAAGGTTCT,4
l2_CCACGGACATCGGTTA,3
l2_CCACTACAGACAGACC,0
l2_CCACTACAGACCCACC,5
l2_CCACTACAGAGATGAG,1
l2_CCACTACCAATAGCAA,1
l2_CCACTACCACCTGGTG,6
l2_CCACTACCAGAAGCAC,1
l2_CCACTACTCAAGGTAA,3
l2_CCACTACTCCATTCTA,3
l2_CCACTACTCCGATATG,1
l2_CCAGCGAAGTGTTTGC,4
l2_CCAGCGACAAGGACTG,1
l2_CCAGCGATCAACACGT,5
l2_CCAGCGATCCAGATCA,1
l2_CCAGCGATCGGATGGA,1
l2_CCAGCGATCTGCAAGT,1
l2_CCATGTCAGAACAACT,1
l2_CCATGTCAGCGTGTCC,1
l2_CCATGTCAGGCTCTTA,1
l2_CCATGTCCAGATGAGC,1
l2_CCATGTCCATACTACG,1
l2_CCATGTCCATGTCCTC,6
l2_CCATGTCTCCTTTCTC,4
l2_CCATTCGAGCGTTTAC,4
l2_CCATTCGCAGACAAAT,0
l2_CCATTCGCATACAGCT,0
l2_CCATTCGGTAAGTAGT,1
l2_CCATTCGGTAGCTAAA,1
l2_CCATTCGGTAGGCTGA,2
l2_CCATTCGGTGTCAATC,1
l2_CCATTCGTCACAGTAC,5
l2_CCATTCGTCCGCATAA,5
l2_CCATTCGTCTGGAGCC,3
l2_CCCAATCAGATGCCTT,2
l2_CCCAATCAGTGTCCCG,1
l2_CCCAATCCAGCTCGCA,6
l2_CCCAATCCAGTCGATT,1
l2_CCCAATCGTTGAGGTG,0
l2_CCCAATCTCGATAGAA,4
l2_CCCAATCTCGTAGGTT,4
l2_CCCAGTTAGGTGGGTT,0
l2_CCCAGTTTCTGCAAGT,4
l2_CCCAGTTTCTGGTTCC,5
l2_CCCTCCTAGCATCATC,1
l2_CCCTCCTCACTGAAGG,1
l2_CCCTCCTGTGGTACAG,1
l2_CCCTCCTGTTCAGGCC,5
l2_CCGGGATAGCAGATCG,1
l2_CCGGGATAGTACGACG,1
l2_CCGGGATAGTCTTGCA,5
l2_CCGGGATCATTGTGCA,1
l2_CCGGGATGTGAGTGAC,1
l2_CCGGTAGAGCGTGAGT,0
l2_CCGGTAGCAAAGCGGT,6
l2_CCGGTAGGTTAAAGTG,1
l2_CCGTACTGTAAATGTG,1
l2_CCGTGGAAGACTAGGC,0
l2_CCGTGGACAAGTTGTC,2
l2_CCGTGGACACATTAGC,1
l2_CCGTGGACACCGCTAG,4
l2_CCGTGGACATACTCTT,4
l2_CCGTGGAGTTAGAACA,1
l2_CCGTGGATCATCTGTT,1
l2_CCGTTCACAATCTACG,5
l2_CCGTTCACACCTCGTT,2
l2_CCGTTCAGTAAGGGCT,1
l2_CCGTTCAGTAAGTGTA,1
l2_CCGTTCAGTCCTCTTG,4
l2_CCGTTCAGTGGACGAT,1
l2_CCTAAAGAGCTATGCT,1
l2_CCTAAAGAGGATGTAT,2
l2_CCTAAAGGTCGCATCG,5
l2_CCTAAAGTCATCTGCC,5
l2_CCTACACAGGCAGGTT,1
l2_CCTACACAGGCGACAT,1
l2_CCTACACAGGTAGCTG,6
l2_CCTACACCAATGGAAT,4
l2_CCTACACCAGATCCAT,1
l2_CCTACACCATATGCTG,2
l2_CCTACACTCTCCAACC,1
l2_CCTACCAAGAGAACAG,6
l2_CCTACCACAGTATAAG,3
l2_CCTACCATCTCGGACG,4
l2_CCTAGCTAGATGTCGG,4
l2_CCTAGCTCAGCTCCGA,2
l2_CCTAGCTGTCTTCGTC,6
l2_CCTAGCTTCACCATAG,1
l2_CCTAGCTTCGTACCGG,1
l2_CCTAGCTTCTGCGTAA,1
l2_CCTATTACAGCCTGTG,1
l2_CCTATTAGTAAATGAC,4
l2_CCTATTAGTACCGTAT,1
l2_CCTATTATCCGTACAA,1
l2_CCTATTATCCTTGACC,1
l2_CCTATTATCGCTTGTC,1
l2_CCTCAGTAGGCTAGGT,5
l2_CCTCAGTCACGTCTCT,6
l2_CCTCAGTGTCCCTACT,1
l2_CCTCAGTGTGTGGTTT,1
l2_CCTCTGAAGTTTAGGA,4
l2_CCTCTGACACGACTCG,6
l2_CCTCTGAGTGGCCCTA,1
l2_CCTCTGATCACGCGGT,1
l2_CCTCTGATCAGGTTCA,1
l2_CCTCTGATCAGTGCAT,4
l2_CCTCTGATCCGCAGTG,6
l2_CCTTACGAGCGAAGGG,1
l2_CCTTACGAGGCTAGCA,1
l2_CCTTACGAGTAACCCT,5
l2_CCTTACGCAATAGAGT,5
l2_CCTTACGCACGTCTCT,1
l2_CCTTACGTCAACCAAC,3
l2_CCTTCCCAGACGCACA,1
l2_CCTTCCCAGTAAGTAC,6
l2_CCTTCCCCAAGGACAC,1
l2_CCTTCCCCACACCGCA,3
l2_CCTTCCCCAGGTGGAT,2
l2_CCTTCCCCATCCAACA,4
l2_CCTTCCCGTTGTCTTT,1
l2_CCTTCGAAGTATTGGA,4
l2_CCTTCGACAAGCCGCT,1
l2_CCTTCGACACACCGCA,1
l2_CCTTCGACAGGTGCCT,1
l2_CCTTCGATCCTTGCCA,6
l2_CCTTTCTCAACTGCGC,3
l2_CCTTTCTCATGCTGGC,2
l2_CCTTTCTGTAAAGGAG,1
l2_CCTTTCTGTACTTGAC,3
l2_CCTTTCTGTGCAGGTA,1
l2_CCTTTCTTCGCCAGCA,5
l2_CGAACATAGGCTATCT,5
l2_CGAACATAGTGTCCAT,1
l2_CGAACATCAGGGAGAG,3
l2_CGAACATCATACAGCT,1
l2_CGAACATGTTTGTGTG,4
l2_CGAACATTCCAGTAGT,1
l2_CGAACATTCTACGAGT,5
l2_CGAATGTAGTGCGTGA,1
l2_CGAATGTGTCAAAGAT,1
l2_CGAATGTTCGCATGGC,1
l2_CGACCTTAGAATGTTG,1
l2_CGACCTTAGATCCTGT,1
l2_CGACCTTAGATGAGAG,4
l2_CGACCTTAGTACGATA,1
l2_CGACCTTAGTGTACGG,1
l2_CGACCTTGTCTTCGTC,2
l2_CGACCTTGTGACGCCT,4
l2_CGACCTTGTTTGACAC,1
l2_CGACCTTTCACAGTAC,2
l2_CGACCTTTCACTTACT,4
l2_CGACCTTTCTTACCTA,1
l2_CGACTTCAGCCATCGC,6
l2_CGACTTCGTAGCAAAT,6
l2_CGACTTCGTAGGGTAC,1
l2_CGACTTCTCAACACGT,1
l2_CGACTTCTCTGACCTC,1
l2_CGAGAAGCAGGGTACA,2
l2_CGAGAAGGTGATGTCT,2
l2_CGAGAAGTCCAAATGC,1
l2_CGAGCACCACGAGGTA,5
l2_CGAGCACGTCGCGTGT,1
l2_CGAGCACTCCGAATGT,4
l2_CGAGCACTCTGCGACG,1
l2_CGAGCCAAGGCTCTTA,1
l2_CGAGCCAGTCGTTGTA,1
l2_CGATCGGAGTCCATAC,1
l2_CGATCGGCAGTCAGAG,4
l2_CGATCGGTCCAGAAGG,1
l2_CGATCGGTCGCGTTTC,1
l2_CGATGGCCACCAGCAC,3
l2_CGATGGCCATTTGCCC,1
l2_CGATGGCGTTATGCGT,1
l2_CGATGGCTCAGCATGT,4
l2_CGATGTAAGGCCCTTG,1
l2_CGATGTACAAAGGAAG,5
l2_CGATGTATCAACGGGA,5
l2_CGATGTATCAGGATCT,1
l2_CGATTGACAGTAAGAT,1
l2_CGATTGAGTGCACGAA,1
l2_CGATTGAGTTACGCGC,2
l2_CGCCAAGAGATCTGCT,1
l2_CGCCAAGAGCGCCTTG,1
l2_CGCCAAGAGGCCGAAT,2
l2_CGCCAAGCACGGTTTA,4
l2_CGCCAAGCATGCCACG,3
l2_CGCCAAGGTGTTCGAT,1
l2_CGCCAAGTCCCTAATT,1
l2_CGCGGTATCGTTGACA,2
l2_CGCGTTTAGACCACGA,1
l2_CGCGTTTAGCCCAGCT,2
l2_CGCGTTTCAAGGCTCC,4
l2_CGCGTTTCAGGAATGC,1
l2_CGCGTTTCATATACCG,4
l2_CGCGTTTGTGTTCGAT,1
l2_CGCGTTTTCTTAGAGC,6
l2_CGCTATCAGACATAAC,6
l2_CGCTATCGTAAGGGCT,2
l2_CGCTATCTCAAGAAGT,1
l2_CGCTATCTCCATTCTA,1
l2_CGCTATCTCTTGTATC,4
l2_CGCTGGACAGCATGAG,5
l2_CGCTGGATCCTTTCGG,1
l2_CGCTTCACACATCCAA,4
l2_CGCTTCATCACCTCGT,0
l2_CGCTTCATCTGCTGCT,5
l2_CGGACACAGGAGTACC,1
l2_CGGACACAGGTGCTTT,5
l2_CGGACACGTACAGACG,3
l2_CGGACACGTACCGTAT,3
l2_CGGACACTCACCAGGC,4
l2_CGGACGTAGGTTACCT,3
l2_CGGACGTAGTCTCCTC,3
l2_CGGACGTCAAAGTGCG,2
l2_CGGACGTCAATGGATA,0
l2_CGGACGTGTGCAGTAG,1
l2_CGGACGTGTTCGCGAC,1
l2_CGGACGTTCAGGTTCA,4
l2_CGGACGTTCCTTGACC,5
l2_CGGACGTTCGGTCTAA,1
l2_CGGACTGCATGCCTTC,0
l2_CGGACTGTCACTGGGC,3
l2_CGGAGCTCACGCATCG,4
l2_CGGAGCTCAGAGTGTG,1
l2_CGGAGCTCAGCGAACA,3
l2_CGGAGCTGTCACTGGC,2
l2_CGGAGCTGTGCACTTA,5
l2_CGGAGTCCAAGGTTCT,6
l2_CGGAGTCGTACCGTAT,1
l2_CGGCTAGAGCGCTCCA,4
l2_CGGCTAGCAATGCCAT,5
l2_CGGCTAGCACATGACT,1
l2_CGGCTAGCAGGTCTCG,1
l2_CGGCTAGCATAGACTC,4
l2_CGGCTAGGTGTGAAAT,3
l2_CGGGTCAAGTCTCGGC,5
l2_CGGGTCATCAACCATG,2
l2_CGGGTCATCTACTTAC,4
l2_CGGGTCATCTCGCTTG,4
l2_CGGTTAAAGCTGATAA,6
l2_CGGTTAAAGTACCGGA,1
l2_CGGTTAATCAAGCCTA,5
l2_CGGTTAATCCTCATTA,5
l2_CGTAGCGAGTGTGGCA,3
l2_CGTAGCGCAACACCCG,2
l2_CGTAGCGCATACGCTA,1
l2_CGTAGCGGTACATCCA,1
l2_CGTAGCGGTGTGAAAT,2
l2_CGTAGGCCAATCCGAT,1
l2_CGTAGGCTCCGAGCCA,1
l2_CGTCACTAGAAACGCC,4
l2_CGTCACTAGTCCTCCT,2
l2_CGTCACTCAGTTCATG,4
l2_CGTCACTGTCAGAAGC,1
l2_CGTCAGGAGCTAGTCT,3
l2_CGTCAGGAGGAATCGC,5
l2_CGTCAGGAGTACGTTC,0
l2_CGTCAGGAGTATGACA,3
l2_CGTCAGGCACATAACC,4
l2_CGTCAGGTCTACTCAT,1
l2_CGTCCATAGGCCCTCA,1
l2_CGTCCATCACCTATCC,1
l2_CGTCCATCACGACGAA,1
l2_CGTCCATGTGCACGAA,5
l2_CGTCCATTCATAACCG,4
l2_CGTCCATTCTTAGCCC,1
l2_CGTCTACAGATGTCGG,1
l2_CGTCTACAGCCAGTTT,5
l2_CGTCTACCAAACCCAT,5
l2_CGTCTACCATTGGTAC,1
l2_CGTCTACGTCTAACGT,1
l2_CGTGAGCAGCTATGCT,3
l2_CGTGAGCAGTATCGAA,1
l2_CGTGAGCCATATACGC,1
l2_CGTGTAAAGCGAGAAA,1
l2_CGTGTAACAGCTTAAC,1
l2_CGTGTAAGTCATATGC,4
l2_CGTGTCTAGCGTCAAG,3
l2_CGTGTCTAGCTATGCT,1
l2_CGTGTCTAGTCTCCTC,1
l2_CGTGTCTCAATGGATA,1
l2_CGTGTCTGTAAATGAC,3
l2_CGTGTCTGTTAGATGA,0
l2_CGTGTCTGTTTAGCTG,5
l2_CGTGTCTTCGGCTTGG,4
l2_CGTTAGAAGAGCTTCT,1
l2_CGTTAGAAGGCTCATT,1
l2_CGTTAGACATCCGCGA,1
l2_CGTTAGAGTATTAGCC,2
l2_CGTTAGATCCTAAGTG,1
l2_CGTTCTGAGTGAACGC,1
l2_CGTTCTGCACACCGAC,1
l2_CGTTCTGCATTGTGCA,6
l2_CGTTGGGAGCGATAGC,1
l2_CGTTGGGAGTCCATAC,6
l2_CGTTGGGCAAACCCAT,2
l2_CGTTGGGCAGTATAAG,2
l2_CGTTGGGCATATGCTG,4
l2_CGTTGGGGTGAAGGCT,4
l2_CGTTGGGGTTGCTCCT,5
l2_CGTTGGGTCAGGCAAG,1
l2_CGTTGGGTCGGCTTGG,1
l2_CGTTGGGTCTCTTGAT,1
l2_CTAACTTCATGGTCAT,1
l2_CTAACTTGTACGAAAT,1
l2_CTAACTTTCCTCTAGC,2
l2_CTAACTTTCGGCGGTT,3
l2_CTAACTTTCGTCTGAA,1
l2_CTAAGACAGCGCCTTG,2
l2_CTAAGACCAGAGTGTG,4
l2_CTAAGACCATTTCAGG,2
l2_CTAATGGAGTGGAGAA,3
l2_CTACACCCAGTCACTA,4
l2_CTACACCGTAAACGCG,6
l2_CTACACCGTCCCTTGT,4
l2_CTACATTCAGTAAGCG,4
l2_CTACATTGTAGGAGTC,1
l2_CTACATTTCACCTCGT,1
l2_CTACATTTCAGAGCTT,1
l2_CTACATTTCCGAGCCA,1
l2_CTACATTTCGCCATAA,4
l2_CTACATTTCTCAAGTG,1
l2_CTACCCAAGCCAGTAG,6
l2_CTACCCACATATGAGA,1
l2_CTACCCACATTCCTCG,1
l2_CTACCCAGTATAATGG,4
l2_CTACCCAGTCGAACAG,1
l2_CTACCCAGTTAAAGAC,2
l2_CTACCCATCTCGGACG,2
l2_CTACGTCAGAGAGCTC,5
l2_CTACGTCAGTCAAGCG,4
l2_CTACGTCTCGCAAGCC,1
l2_CTACGTCTCTCTGAGA,1
l2_CTAGCCTAGAGCCTAG,4
l2_CTAGCCTAGCCCAATT,3
l2_CTAGCCTAGGCATGTG,3
l2_CTAGCCTAGGCGTACA,2
l2_CTAGCCTAGTGAAGAG,5
l2_CTAGCCTAGTTGTAGA,5
l2_CTAGCCTGTCGGCATC,3
l2_CTAGTGACATGGATGG,1
l2_CTAGTGATCTCAACTT,1
l2_CTCACACCACCATGTA,3
l2_CTCACACCATAGAAAC,1
l2_CTCACACGTCGCTTTC,1
l2_CTCACACTCAACCAAC,1
l2_CTCACACTCTCCGGTT,4
l2_CTCAGAAAGAGGTACC,1
l2_CTCAGAAAGATCCCAT,1
l2_CTCAGAAAGGGTCTCC,1
l2_CTCAGAACAAAGGAAG,5
l2_CTCAGAACACCGATAT,1
l2_CTCAGAAGTCGTCTTC,2
l2_CTCAGAATCGTCTGAA,1
l2_CTCATTAAGGGTATCG,1
l2_CTCCTAGAGATGTCGG,4
l2_CTCCTAGAGCCCAATT,1
l2_CTCCTAGAGTTATCGC,1
l2_CTCCTAGCAAGACGTG,1
l2_CTCCTAGCACTTGGAT,1
l2_CTCCTAGCAGTTTACG,1
l2_CTCCTAGCATCCTTGC,2
l2_CTCCTAGCATCGACGC,1
l2_CTCCTAGGTTCGTTGA,1
l2_CTCCTAGTCAAACCAC,1
l2_CTCCTAGTCATTTGGG,1
l2_CTCGAAAAGTGCTGCC,0
l2_CTCGAAACACAGAGGT,1
l2_CTCGAAAGTAGGACAC,4
l2_CTCGAAATCATTATCC,2
l2_CTCGAGGAGGCCATAG,1
l2_CTCGAGGCAACTTGAC,1
l2_CTCGAGGGTTCAGTAC,1
l2_CTCGAGGGTTGGACCC,4
l2_CTCGGAGCACATTTCT,3
l2_CTCGGAGGTAATCGTC,5
l2_CTCGGAGGTGAAATCA,5
l2_CTCGGAGGTTAAGACA,2
l2_CTCGGAGTCTGCAAGT,4
l2_CTCGGAGTCTTCTGGC,0
l2_CTCGGAGTCTTTACGT,3
l2_CTCGGGAAGACAGACC,1
l2_CTCGGGAAGAGCCCAA,1
l2_CTCGGGAAGAGGTACC,3
l2_CTCGGGAAGAGTGACC,4
l2_CTCGGGAAGCACCGTC,1
l2_CTCGGGAAGCCGGTAA,1
l2_CTCGGGACAACTGCGC,1
l2_CTCGGGACACTTCTGC,1
l2_CTCGGGAGTCCATCCT,1
l2_CTCGGGATCGACGGAA,2
l2_CTCGGGATCGCAAGCC,1
l2_CTCGTACAGTGGCACA,4
l2_CTCGTACCAAGTCTAC,4
l2_CTCGTACCAGTATGCT,1
l2_CTCGTACCATCACAAC,5
l2_CTCGTACCATTCGACA,4
l2_CTCGTACGTCTCAACA,5
l2_CTCGTCATCTCAAGTG,5
l2_CTCTAATCAGAGTGTG,3
l2_CTCTAATCATACGCCG,1
l2_CTCTAATGTTCAGACT,0
l2_CTCTACGGTGTGACCC,6
l2_CTCTGGTAGTCGAGTG,1
l2_CTCTGGTGTTCTCATT,5
l2_CTCTGGTTCACATGCA,1
l2_CTCTGGTTCAGCAACT,6
l2_CTCTGGTTCGCATGGC,2
l2_CTGAAACAGACTGGGT,3
l2_CTGAAGTCACTTCTGC,0
l2_CTGAAGTGTTATCCGA,3
l2_CTGATAGCAAACTGCT,1
l2_CTGATAGCAAGTTCTG,1
l2_CTGATAGCACGACTCG,1
l2_CTGATAGGTGGACGAT,5
l2_CTGATAGTCGTCCGTT,4
l2_CTGATAGTCGTTGCCT,1
l2_CTGATAGTCTTGTCAT,1
l2_CTGATCCCACCGCTAG,0
l2_CTGATCCGTTTGACAC,3
l2_CTGATCCTCCTACAGA,3
l2_CTGCCTAAGAAGATTC,3
l2_CTGCCTAAGGAGTCTG,6
l2_CTGCCTACACCGGAAA,1
l2_CTGCCTAGTCTTGTCC,1
l2_CTGCCTATCAGGCAAG,4
l2_CTGCCTATCATGTAGC,2
l2_CTGCCTATCCTCATTA,4
l2_CTGCGGAAGCAGCGTA,1
l2_CTGCGGACAGGTCTCG,4
l2_CTGCGGACATCACGTA,1
l2_CTGCGGAGTTGTACAC,1
l2_CTGCTGTAGTGAACGC,3
l2_CTGCTGTCAAGTACCT,1
l2_CTGCTGTGTCTCAACA,1
l2_CTGCTGTGTTGCCTCT,4
l2_CTGCTGTTCGTTTAGG,4
l2_CTGGTCTAGTCAAGCG,4
l2_CTGGTCTAGTGGTAAT,3
l2_CTGGTCTCACAGTCGC,1
l2_CTGGTCTCACTAGTAC,2
l2_CTGGTCTCAGCTGTAT,2
l2_CTGGTCTGTAAGCACG,3
l2_CTGGTCTGTCATCGGC,1
l2_CTGGTCTGTCGCCATG,1
l2_CTGGTCTGTTACCGAT,4
l2_CTGGTCTTCCCATTAT,1
l2_CTGTGCTAGCACCGCT,5
l2_CTGTGCTAGGCAATTA,2
l2_CTGTGCTCATTACCTT,2
l2_CTGTGCTGTCCGTCAG,1
l2_CTGTTTACACTGTCGG,1
l2_CTGTTTAGTATATGAG,1
l2_CTGTTTAGTTATTCTC,2
l2_CTGTTTATCTCGGACG,1
l2_CTTAACTAGATAGGAG,2
l2_CTTAACTCACTGTTAG,5
l2_CTTAACTGTACCGGCT,2
l2_CTTAACTTCAGTGTTG,1
l2_CTTAACTTCTTATCTG,1
l2_CTTACCGAGATGGCGT,1
l2_CTTACCGAGTTAGGTA,1
l2_CTTACCGGTTTGACTG,2
l2_CTTACCGTCACTCTTA,1
l2_CTTACCGTCTCTAAGG,1
l2_CTTAGGAAGACAGAGA,1
l2_CTTAGGACACCTGGTG,3
l2_CTTAGGACATGTAGTC,1
l2_CTTAGGAGTTAGATGA,4
l2_CTTAGGAGTTGCCTCT,1
l2_CTTAGGATCAGCATGT,1
l2_CTTCTCTCAGCATGAG,1
l2_CTTCTCTCATGCATGT,2
l2_CTTCTCTGTCAGAAGC,1
l2_CTTCTCTGTTGGTTTG,5
l2_CTTCTCTTCCTGCAGG,6
l2_CTTCTCTTCGATCCCT,5
l2_CTTGGCTAGACGCTTT,5
l2_CTTGGCTAGTATCGAA,4
l2_CTTGGCTCATGCCACG,1
l2_CTTGGCTCATTCACTT,4
l2_CTTGGCTGTAATCGTC,5
l2_CTTGGCTTCGCTGATA,1
l2_CTTTGCGAGCAGGCTA,5
l2_CTTTGCGAGGTCGGAT,1
l2_CTTTGCGAGTCACGCC,1
l2_CTTTGCGAGTGTTGAA,3
l2_CTTTGCGGTCTGGAGA,2
l2_CTTTGCGTCTATCGCC,3
l2_GAAACTCAGACTAAGT,1
l2_GAAACTCAGCAATATG,6
l2_GAAACTCAGCTCCCAG,0
l2_GAAACTCAGGCTATCT,1
l2_GAAACTCCATGTCCTC,0
l2_GAAATGACAGTCGATT,1
l2_GAAATGACATGCCCGA,1
l2_GAAATGAGTAGCCTAT,1
l2_GAAATGAGTCCGTCAG,1
l2_GAACATCAGAACTGTA,1
l2_GAACATCAGGCTCTTA,2
l2_GAACATCCACGCCAGT,2
l2_GAACATCCATCTACGA,3
l2_GAACATCTCAATCACG,1
l2_GAACCTAAGCTAGGCA,1
l2_GAACCTAAGTGTACTC,1
l2_GAACCTACAATCCAAC,3
l2_GAACCTACACTTCTGC,4
l2_GAACCTAGTAGAAAGG,1
l2_GAACGGAAGCGCTTAT,1
l2_GAACGGAAGTACACCT,1
l2_GAACGGACACAGGAGT,0
l2_GAACGGAGTAGGACAC,3
l2_GAACGGATCACCACCT,1
l2_GAAGCAGAGATGTAAC,3
l2_GAATAAGAGGCATGTG,1
l2_GAATAAGTCTGGTGTA,2
l2_GAATGAAAGATAGGAG,5
l2_GACACGCAGCGATGAC,5
l2_GACACGCAGCTGAAAT,4
l2_GACACGCCACAAGTAA,1
l2_GACACGCGTAGCCTAT,3
l2_GACACGCTCATGTCCC,1
l2_GACACGCTCCTCAACC,1
l2_GACACGCTCTACCAGA,1
l2_GACAGAGCATTGGCGC,4
l2_GACAGAGGTAACGTTC,1
l2_GACAGAGGTCATCGGC,3
l2_GACAGAGGTCTGCAAT,5
l2_GACAGAGGTGAAAGAG,1
l2_GACCAATAGAAGGTGA,4
l2_GACCAATGTCATGCAT,2
l2_GACCAATTCCTCATTA,2
l2_GACCAATTCTGCTGCT,5
l2_GACCTGGAGATATGGT,0
l2_GACCTGGAGTCGATAA,2
l2_GACCTGGGTTCCTCCA,1
l2_GACCTGGTCATGTCCC,1
l2_GACCTGGTCGCCATAA,1
l2_GACCTGGTCTCAAACG,1
l2_GACGCGTAGATGTGTA,1
l2_GACGCGTGTGGGTCAA,2
l2_GACGCGTTCACGCGGT,0
l2_GACGCGTTCGGTTAAC,5
l2_GACGCGTTCTACCTGC,1
l2_GACGCGTTCTGTCTAT,1
l2_GACGGCTCATCGACGC,5
l2_GACGGCTTCATACGGT,2
l2_GACGTGCAGAGTAATC,4
l2_GACGTGCCACCGAATT,5
l2_GACGTGCCAGTTCCCT,1
l2_GACGTTAAGTTATCGC,2
l2_GACGTTATCAGGCAAG,2
l2_GACGTTATCGCATGAT,3
l2_GACGTTATCTCGCTTG,0
l2_GACTAACGTAAGTGTA,1
l2_GACTAACTCAGGCCCA,1
l2_GACTACATCCAAACAC,5
l2_GACTGCGGTACCGTAT,1
l2_GACTGCGGTACTCTCC,4
l2_GACTGCGGTAGGCTGA,1
l2_GACTGCGGTGAAAGAG,0
l2_GACTGCGTCAGCAACT,1
l2_GAGCAGAAGGTGATTA,2
l2_GAGCAGAAGTCGTACT,6
l2_GAGCAGACATGCCCGA,6
l2_GAGCAGAGTCTCCACT,4
l2_GAGCAGAGTGAGGGTT,1
l2_GAGCAGAGTTCACCTC,0
l2_GAGCAGATCGAATCCA,3
l2_GAGGTGAAGCTCAACT,5
l2_GAGGTGAAGTGGCACA,2
l2_GAGGTGACATCGGGTC,4
l2_GAGGTGAGTACATGTC,5
l2_GAGGTGAGTTGTGGCC,2
l2_GAGGTGATCAACTCTT,4
l2_GAGTCCGAGATCACGG,3
l2_GAGTCCGAGGGCATGT,1
l2_GAGTCCGGTGATGATA,0
l2_GATCAGTAGAAACCTA,1
l2_GATCGATAGCCAGTTT,2
l2_GATCGATTCAGCACAT,1
l2_GATCGATTCAGTCCCT,1
l2_GATCGCGAGCACGCCT,1
l2_GATCGCGCAAACTGTC,1
l2_GATCGCGCACATGACT,2
l2_GATCGCGCAGCTCGCA,1
l2_GATCGCGTCAAAGTAG,4
l2_GATCGCGTCGAATGCT,5
l2_GATCGTAAGACCTTTG,1
l2_GATCGTACAAGCCGCT,2
l2_GATCGTAGTGCAGGTA,1
l2_GATCGTATCACCACCT,1
l2_GATCGTATCAGGTTCA,5
l2_GATCGTATCGACAGCC,0
l2_GATCGTATCTGCGACG,6
l2_GATCTAGCACTATCTT,1
l2_GATCTAGCATACCATG,5
l2_GATCTAGGTATCAGTC,1
l2_GATCTAGTCACTGGGC,1
l2_GATCTAGTCTTCAACT,4
l2_GATGAAAGTATCGCAT,5
l2_GATGAGGAGGCTCAGA,2
l2_GATGAGGAGTCCTCCT,5
l2_GATGAGGTCTTGTATC,1
l2_GATGCTAGTAACGTTC,1
l2_GATGCTAGTTGATTGC,4
l2_GATTCAGAGCGAGAAA,3
l2_GATTCAGAGCTATGCT,3
l2_GATTCAGCATAGGATA,1
l2_GATTCAGTCCGCATAA,1
l2_GCAAACTAGAGTAAGG,1
l2_GCAAACTAGATCCCAT,5
l2_GCAAACTAGCGTGTCC,1
l2_GCAAACTCACCTCGTT,0
l2_GCAAACTCAGTCAGAG,4
l2_GCAAACTGTCGAACAG,1
l2_GCAAACTGTTCTGGTA,3
l2_GCAAACTTCAGCAACT,4
l2_GCAAACTTCCCTCTTT,5
l2_GCAATCAAGGCTACGA,1
l2_GCAATCACATCCGCGA,1
l2_GCAATCAGTAGGGTAC,2
l2_GCAATCATCCAGAAGG,3
l2_GCAATCATCGAACTGT,1
l2_GCACATAAGGAACTGC,5
l2_GCACTCTCATCTCGCT,1
l2_GCAGCCAAGCTTCGCG,1
l2_GCAGCCAAGCTTTGGT,4
l2_GCAGCCAAGTACGCCC,2
l2_GCAGCCACACTCGACG,1
l2_GCAGCCAGTCGCATCG,6
l2_GCAGCCATCCACTCCA,4
l2_GCAGTTAAGTCAAGGC,5
l2_GCAGTTACAAGTTGTC,5
l2_GCAGTTAGTTAAGAAC,1
l2_GCAGTTAGTTACGACT,3
l2_GCAGTTATCAAACCGT,1
l2_GCATACAAGAAACGCC,1
l2_GCATACAAGAGACTTA,5
l2_GCATACACACTCGACG,1
l2_GCATACACAGTTAACC,3
l2_GCATACAGTACCGAGA,1
l2_GCATACAGTGGCAAAC,1
l2_GCATACATCTGATACG,1
l2_GCATGATAGACCCACC,3
l2_GCATGATAGCAGATCG,1
l2_GCATGATAGTAGGTGC,1
l2_GCATGATCAAGGGTCA,1
l2_GCATGATCACGACGAA,1
l2_GCATGATGTTCCACTC,2
l2_GCATGATTCCGTTGTC,1
l2_GCATGATTCCTAGTGA,2
l2_GCATGATTCGGCCGAT,1
l2_GCATGCGAGAATGTGT,4
l2_GCATGCGAGGTACTCT,1
l2_GCATGTAAGACAAGCC,2
l2_GCATGTAAGGGTCTCC,1
l2_GCATGTACATGTAAGA,1
l2_GCATGTACATTGGGCC,1
l2_GCCAAATAGGTGCACA,1
l2_GCCAAATCACCAGGCT,1
l2_GCCAAATTCCCTCTTT,1
l2_GCCTCTAAGCGATAGC,3
l2_GCCTCTAAGTCAATAG,1
l2_GCCTCTATCCCACTTG,1
l2_GCGACCACACAAGTAA,1
l2_GCGACCAGTACTTCTT,5
l2_GCGACCAGTGCAGGTA,2
l2_GCGAGAACACTTAACG,0
l2_GCGAGAACATTGAGCT,4
l2_GCGAGAAGTAGCTTGT,1
l2_GCGAGAAGTCGAAAGC,1
l2_GCGAGAATCTTCGGTC,5
l2_GCGCAGTAGGGTCTCC,1
l2_GCGCAGTCAAGTTGTC,4
l2_GCGCAGTCAGCAGTTT,1
l2_GCGCAGTTCTTGAGAC,1
l2_GCGCCAAAGCCATCGC,4
l2_GCGCCAATCATGTGGT,4
l2_GCGCCAATCCGTACAA,1
l2_GCGCGATAGACGCTTT,4
l2_GCGCGATAGGCATTGG,1
l2_GCGCGATAGTTCGCAT,4
l2_GCGCGATCACAGAGGT,1
l2_GCGCGATGTGTTTGTG,1
l2_GCGCGATGTTCAGCGC,1
l2_GCGGGTTAGTAATCCC,4
l2_GCGGGTTAGTTACCCA,2
l2_GCGGGTTCAAAGGCGT,5
l2_GCGGGTTGTATCACCA,1
l2_GCGGGTTTCTCGCTTG,1
l2_GCTCCTAAGACGACGT,1
l2_GCTCCTAAGACTTTCG,4
l2_GCTCCTAAGATATGCA,1
l2_GCTCCTACAATAACGA,1
l2_GCTCCTACAGGACCCT,4
l2_GCTCCTAGTCTCTTAT,1
l2_GCTCCTAGTGTAACGG,1
l2_GCTCCTATCCCTAACC,1
l2_GCTCTGTAGAGCAATT,1
l2_GCTCTGTAGCGATATA,2
l2_GCTCTGTGTCCTAGCG,4
l2_GCTCTGTGTGGGTATG,5
l2_GCTCTGTGTGGTTTCA,1
l2_GCTCTGTTCAGCATGT,4
l2_GCTCTGTTCCAGAAGG,1
l2_GCTCTGTTCGGCCGAT,2
l2_GCTGCAGAGAGCTATA,1
l2_GCTGCAGAGCCCAATT,0
l2_GCTGCGAGTCTGCAAT,1
l2_GCTGCGAGTGACTCAT,1
l2_GCTGCTTAGTGACTCT,6
l2_GCTGCTTCACGTCTCT,0
l2_GCTGCTTCAGTGACAG,3
l2_GCTGCTTCATCAGTCA,6
l2_GCTGCTTGTATGAAAC,1
l2_GCTGCTTGTCCTAGCG,1
l2_GCTGCTTGTCTAGGTT,1
l2_GCTGCTTTCAACACAC,5
l2_GCTGCTTTCTGCGACG,0
l2_GCTGGGTCAAATACAG,2
l2_GCTGGGTCATGCCCGA,1
l2_GCTGGGTCATGGTCAT,1
l2_GCTGGGTCATGTAAGA,4
l2_GCTGGGTTCCAGAGGA,1
l2_GCTGGGTTCCTCTAGC,1
l2_GCTTCCAAGAATCTCC,2
l2_GCTTCCAAGAGGTTGC,1
l2_GCTTCCAAGTGTCCAT,3
l2_GCTTGAAAGTGGAGTC,1
l2_GCTTGAACAATCACAC,1
l2_GCTTGAACACGGCCAT,1
l2_GCTTGAACATGGAATA,2
l2_GCTTGAAGTGGGTATG,5
l2_GCTTGAAGTTATGCGT,1
l2_GCTTGAATCACTTATC,3
l2_GGAAAGCAGGTGATTA,1
l2_GGAAAGCCACAGAGGT,2
l2_GGAAAGCCATGCCTTC,2
l2_GGAAAGCGTTCTCATT,4
l2_GGAAAGCTCACATAGC,1
l2_GGAACTTTCACCCTCA,3
l2_GGAACTTTCCCAGGTG,3
l2_GGAACTTTCTGTCTAT,1
l2_GGAATAAGTCATCGGC,5
l2_GGAATAAGTCGCGAAA,4
l2_GGAATAATCGTCGTTC,5
l2_GGACAAGAGTATTGGA,1
l2_GGACAAGCAGGTGGAT,5
l2_GGACAAGGTCTCAACA,1
l2_GGACAAGGTGTTTGGT,1
l2_GGACAAGTCACTTATC,1
l2_GGACAAGTCGCCAGCA,4
l2_GGACAAGTCGGATGGA,1
l2_GGACAGATCATGCTCC,1
l2_GGACATTCAAGGGTCA,1
l2_GGACATTCACCGAAAG,1
l2_GGACATTCATTCGACA,1
l2_GGACATTGTCATCGGC,1
l2_GGACATTGTTCCTCCA,6
l2_GGACATTTCCTCTAGC,4
l2_GGACATTTCTTCATGT,4
l2_GGACGTCGTCAGTGGA,5
l2_GGACGTCGTCTAAACC,1
l2_GGACGTCGTGAGTATA,3
l2_GGACGTCTCACTTCAT,0
l2_GGAGCAAAGGATCGCA,4
l2_GGAGCAAGTCGGCATC,1
l2_GGAGCAATCTAAGCCA,1
l2_GGATGTTAGCTATGCT,1
l2_GGATGTTCATAGAAAC,0
l2_GGATGTTGTCGAACAG,5
l2_GGATGTTGTTTAGCTG,2
l2_GGATGTTTCCACGTTC,1
l2_GGATGTTTCCTGTAGA,3
l2_GGATTACAGAGGACGG,0
l2_GGATTACAGGATGGAA,1
l2_GGATTACAGGCTAGAC,5
l2_GGATTACAGTCAAGGC,3
l2_GGATTACCAATGGATA,1
l2_GGATTACCAGATCCAT,1
l2_GGATTACTCTCGATGA,1
l2_GGATTACTCTTCATGT,0
l2_GGCAATTGTACGCACC,1
l2_GGCAATTGTCACTTCC,1
l2_GGCAATTGTTACGACT,2
l2_GGCAATTGTTGAGGTG,1
l2_GGCAATTTCTGTCAAG,1
l2_GGCCGATAGTCATCCA,5
l2_GGCCGATGTCCTAGCG,1
l2_GGCCGATTCCGTAGTA,4
l2_GGCCGATTCTTCGGTC,2
l2_GGCGACTAGACTAAGT,3
l2_GGCGACTAGGCCCTCA,2
l2_GGCGACTCAATGGAAT,3
l2_GGCGACTGTAACGACG,1
l2_GGCGACTGTGATGATA,2
l2_GGCGACTGTGGTAACG,2
l2_GGCGACTTCAACCAAC,1
l2_GGCGTGTGTTCCGTCT,5
l2_GGCGTGTTCGAATGCT,3
l2_GGCTCGAAGAAACCTA,5
l2_GGCTCGACATGCTGGC,1
l2_GGCTCGAGTACCTACA,2
l2_GGCTCGAGTCACACGC,2
l2_GGCTCGAGTGTGACCC,1
l2_GGCTCGAGTTGGTAAA,1
l2_GGCTCGATCCGCGGTA,1
l2_GGCTGGTAGCTGTCTA,1
l2_GGCTGGTCACTCGACG,1
l2_GGCTGGTCATAAAGGT,1
l2_GGCTGGTTCTAACGGT,1
l2_GGCTGGTTCTTTACGT,4
l2_GGGAATGAGAGCAATT,1
l2_GGGAATGCAAGGTGTG,2
l2_GGGAATGGTACTTCTT,5
l2_GGGAATGGTCCTGCTT,2
l2_GGGAATGGTTTGACAC,1
l2_GGGAATGTCTACTTAC,3
l2_GGGACCTGTCAGATAA,1
l2_GGGACCTTCCAGTAGT,4
l2_GGGACCTTCGGTGTTA,2
l2_GGGAGATAGTGTACTC,2
l2_GGGATGAGTACCGCTG,1
l2_GGGATGATCCAGGGCT,2
l2_GGGATGATCCCTAACC,1
l2_GGGCACTAGAAGGGTA,2
l2_GGGCACTAGAATCTCC,1
l2_GGGCACTAGTGCTGCC,1
l2_GGGCACTCAAGCGAGT,5
l2_GGGCACTCACGAAAGC,1
l2_GGGCACTGTGAAATCA,1
l2_GGGCACTTCTTGTTTG,6
l2_GGGCATCGTCCAGTAT,1
l2_GGGCATCTCGCGTTTC,1
l2_GGGTCTGAGATACACA,4
l2_GGGTCTGAGCCCGAAA,6
l2_GGGTCTGAGGGATCTG,5
l2_GGGTCTGCATTAGGCT,4
l2_GGGTCTGGTCATCCCT,1
l2_GGGTCTGGTCTTCAAG,1
l2_GGGTCTGGTTAAGATG,1
l2_GGGTCTGTCTTATCTG,4
l2_GGGTTGCCAAGAGTCG,1
l2_GGGTTGCCACAGAGGT,1
l2_GGGTTGCGTGGAAAGA,3
l2_GGGTTGCTCCCGACTT,1
l2_GGGTTGCTCGACCAGC,2
l2_GGTATTGAGAGAACAG,4
l2_GGTATTGCAATACGCT,1
l2_GGTATTGTCAAACAAG,1
l2_GGTGAAGAGAGCCTAG,6
l2_GGTGAAGAGCAGACTG,4
l2_GGTGAAGAGTGAATTG,4
l2_GGTGAAGCACAGACTT,4
l2_GGTGAAGTCAAACCAC,2
l2_GGTGAAGTCTACGAGT,1
l2_GGTGCGTAGAATAGGG,1
l2_GGTGCGTCACAACTGT,1
l2_GGTGCGTGTGGTACAG,1
l2_GGTGCGTGTGTCAATC,1
l2_GGTGCGTGTGTTGAGG,1
l2_GGTGCGTGTTCGGGCT,1
l2_GGTGCGTTCCATTCTA,1
l2_GGTGTTACAAAGTCAA,4
l2_GGTGTTAGTAAGCACG,2
l2_GGTGTTAGTACCGAGA,1
l2_GGTGTTATCATGTGGT,1
l2_GGTGTTATCCTCAACC,5
l2_GTAACGTAGAGCTGGT,5
l2_GTAACGTAGCCACCTG,3
l2_GTAACGTCAAATTGCC,1
l2_GTAACGTCACAGACTT,2
l2_GTAACGTGTGTCTGAT,1
l2_GTAACGTTCAGCGATT,1
l2_GTAACTGCAACCGCCA,4
l2_GTAACTGCACATGGGA,5
l2_GTAACTGGTACATGTC,1
l2_GTAACTGTCTCAACTT,0
l2_GTACGTAAGGGCTTGA,6
l2_GTACGTACAGACAAAT,6
l2_GTACGTAGTTGGTTTG,5
l2_GTACGTATCGTTTGCC,5
l2_GTACTCCAGAGGTAGA,2
l2_GTACTCCAGATGGCGT,2
l2_GTACTCCAGCCGTCGT,2
l2_GTACTCCAGTGAACGC,6
l2_GTACTCCGTCCGAAGA,3
l2_GTACTCCGTGTCGCTG,3
l2_GTACTTTAGTTCGCAT,1
l2_GTACTTTTCTGTGCAA,2
l2_GTAGGCCAGAGGTAGA,2
l2_GTAGGCCAGATGTAAC,1
l2_GTAGGCCAGGGAGTAA,1
l2_GTAGGCCAGGGCATGT,1
l2_GTAGGCCGTACAAGTA,1
l2_GTAGGCCTCATGTGGT,0
l2_GTAGGCCTCATTTGGG,1
l2_GTAGGCCTCCTGCTTG,1
l2_GTAGTCAAGATCCCGC,4
l2_GTAGTCAAGTACGCCC,5
l2_GTAGTCAAGTCGTACT,1
l2_GTAGTCAGTGCACGAA,1
l2_GTAGTCAGTTCAGTAC,3
l2_GTAGTCATCTAAGCCA,1
l2_GTAGTCATCTAGAGTC,2
l2_GTAGTCATCTTAGCCC,3
l2_GTATCTTAGGTGCACA,3
l2_GTATCTTCACTTACGA,1
l2_GTATCTTCAGCGTTCG,1
l2_GTATCTTGTATAGGGC,1
l2_GTATCTTGTCACCTAA,1
l2_GTATCTTGTGTCCTCT,0
l2_GTATTCTAGAGTAATC,3
l2_GTATTCTAGGTGCACA,1
l2_GTATTCTAGTCATCCA,1
l2_GTATTCTCACATCCGG,1
l2_GTATTCTCACCATCCT,2
l2_GTATTCTGTATAGTAG,1
l2_GTATTCTGTGGTCCGT,1
l2_GTATTCTTCCCAGGTG,6
l2_GTATTCTTCTGATACG,6
l2_GTCAAGTAGACGCAAC,3
l2_GTCAAGTCAGAAGCAC,1
l2_GTCAAGTCATCGACGC,3
l2_GTCAAGTCATTCGACA,2
l2_GTCAAGTGTACCGCTG,2
l2_GTCAAGTGTAGATTAG,2
l2_GTCACAAAGATATGGT,1
l2_GTCACAAGTATATGGA,3
l2_GTCACAATCGACCAGC,1
l2_GTCACGGAGACGACGT,2
l2_GTCACGGCACGGCCAT,1
l2_GTCACGGGTACGCACC,1
l2_GTCACGGGTCACCTAA,5
l2_GTCACGGTCTTACCTA,1
l2_GTCATTTAGCGACGTA,4
l2_GTCATTTCAAACAACA,1
l2_GTCATTTGTCTTGATG,1
l2_GTCCTCAAGGTGCACA,5
l2_GTCCTCACATGTCCTC,5
l2_GTCCTCAGTGCTTCTC,1
l2_GTCGGGTCACTGTTAG,1
l2_GTCGGGTTCAGTTAGC,1
l2_GTCGTAAAGCAATATG,4
l2_GTCGTAAAGCGATATA,3
l2_GTCGTAAAGGCGCTCT,4
l2_GTCGTAAAGGGTGTGT,0
l2_GTCGTAACATGGGACA,5
l2_GTCGTAATCCAATGGT,1
l2_GTCGTAATCGAATGCT,4
l2_GTCTCGTCAAGTAATG,2
l2_GTCTCGTCATGACATC,1
l2_GTCTCGTTCCAAGTAC,0
l2_GTCTTCGCACATGACT,1
l2_GTCTTCGCACCGCTAG,3
l2_GTCTTCGCACGTCTCT,3
l2_GTCTTCGTCACATGCA,2
l2_GTCTTCGTCCACTGGG,2
l2_GTGAAGGAGCTGTTCA,6
l2_GTGAAGGAGTATTGGA,5
l2_GTGAAGGCAACTTGAC,1
l2_GTGAAGGCACAAGTAA,1
l2_GTGAAGGCACTACAGT,1
l2_GTGAAGGCATCTCCCA,1
l2_GTGAAGGGTGCACCAC,4
l2_GTGAAGGGTTCCGGCA,6
l2_GTGAAGGTCGTAGATC,1
l2_GTGAAGGTCTTAACCT,3
l2_GTGCAGCGTAACGTTC,1
l2_GTGCAGCTCAGTACGT,6
l2_GTGCAGCTCTAGCACA,5
l2_GTGCATACAAGGTGTG,3
l2_GTGCATACAAGTTGTC,2
l2_GTGCATAGTCTCTCTG,1
l2_GTGCATATCACAATGC,0
l2_GTGCATATCACCATAG,4
l2_GTGCGGTAGAGATGAG,1
l2_GTGCGGTAGCTCCTTC,4
l2_GTGCGGTAGTGAAGAG,1
l2_GTGCGGTCAAGAAAGG,1
l2_GTGCGGTCAATGACCT,1
l2_GTGCGGTGTCTTCGTC,5
l2_GTGCGGTGTTATCGGT,1
l2_GTGCGGTGTTGCGTTA,0
l2_GTGCGGTTCCGAAGAG,1
l2_GTGCGGTTCGTGACAT,2
l2_GTGCTTCAGGATGCGT,4
l2_GTGCTTCAGTGGTCCC,3
l2_GTGCTTCCAGTACACT,5
l2_GTGCTTCGTGATGCCC,4
l2_GTGCTTCGTGCGAAAC,2
l2_GTGCTTCTCCTCCTAG,6
l2_GTGGGTCAGTGACATA,3
l2_GTGGGTCTCATGTGGT,5
l2_GTGGGTCTCGGTTAAC,1
l2_GTGGGTCTCGTAGGTT,2
l2_GTGTGCGGTATCTGCA,2
l2_GTGTGCGGTGTGGTTT,5
l2_GTGTGCGTCAACACCA,1
l2_GTGTGCGTCTGTCAAG,5
l2_GTGTTAGAGATGTCGG,1
l2_GTGTTAGAGGGATCTG,1
l2_GTGTTAGCACACTGCG,3
l2_GTGTTAGCACCACGTG,1
l2_GTGTTAGCACTTGGAT,1
l2_GTGTTAGCATTTGCCC,5
l2_GTGTTAGTCAGGTTCA,6
l2_GTGTTAGTCGCCTGAG,1
l2_GTTAAGCCAGGCTCAC,3
l2_GTTAAGCTCGCTGATA,1
l2_GTTACAGAGAAACCGC,1
l2_GTTACAGAGTTACCCA,5
l2_GTTACAGCACGTCAGC,1
l2_GTTACAGCAGATGGCA,1
l2_GTTACAGGTCGCGGTT,4
l2_GTTACAGTCTCGCTTG,3
l2_GTTCATTAGACCCACC,1
l2_GTTCATTTCGACAGCC,3
l2_GTTCATTTCTGGTATG,1
l2_GTTCGGGAGCCAGAAC,1
l2_GTTCGGGGTACTCGCG,1
l2_GTTCGGGGTCCTGCTT,3
l2_GTTCGGGTCTTTCCTC,0
l2_GTTCTCGAGAACAATC,1
l2_GTTCTCGAGACAAGCC,1
l2_GTTCTCGGTAGCACGA,1
l2_GTTCTCGGTTATCCGA,4
l2_GTTTCTAAGCGGCTTC,1
l2_GTTTCTAAGCTAGTGG,1
l2_GTTTCTAAGTCAAGCG,1
l2_GTTTCTAGTGACTCAT,1
l2_GTTTCTAGTGCAACGA,1
l2_GTTTCTATCAGCACAT,0
l2_GTTTCTATCTCTGCTG,1
l2_TAAACCGCAGGTCTCG,1
l2_TAAGAGAAGCGATAGC,5
l2_TAAGAGAAGTCAAGGC,4
l2_TAAGAGACAAGGACAC,3
l2_TAAGAGACAGGGAGAG,1
l2_TAAGAGACATTTCAGG,1
l2_TAAGAGAGTCCGTGAC,1
l2_TAAGAGAGTTCGTGAT,1
l2_TAAGAGATCTGGTATG,1
l2_TAAGCGTAGAACTCGG,1
l2_TAAGCGTCAATCTGCA,1
l2_TAAGCGTTCATGTGGT,4
l2_TAAGCGTTCCACTCCA,1
l2_TAAGTGCAGAACAATC,1
l2_TAAGTGCCAACGCACC,5
l2_TAAGTGCGTCAGTGGA,1
l2_TACACGAAGCGATGAC,1
l2_TACACGAAGGTAAACT,5
l2_TACACGAAGTGGGTTG,0
l2_TACACGACATCTCCCA,2
l2_TACACGAGTTTGCATG,3
l2_TACAGTGAGACCCACC,2
l2_TACAGTGCACAAGCCC,1
l2_TACAGTGGTAACGCGA,1
l2_TACAGTGGTCGAATCT,1
l2_TACAGTGGTTCAGCGC,1
l2_TACAGTGTCGCTTGTC,1
l2_TACAGTGTCTAGCACA,1
l2_TACCTATCAATCGGTT,5
l2_TACCTATCATCGGGTC,5
l2_TACCTATGTCACAAGG,1
l2_TACCTATGTTGGAGGT,4
l2_TACCTTAAGAGTGACC,4
l2_TACCTTAAGTACCGGA,1
l2_TACGGATCACGTCAGC,4
l2_TACGGATCATGCAATC,1
l2_TACGGATCATTTGCCC,1
l2_TACGGGCAGCGCCTTG,3
l2_TACGGGCTCAAGGCTT,4
l2_TACGGTAAGCTAACTC,1
l2_TACGGTAAGGTCGGAT,5
l2_TACGGTACAAGTAGTA,3
l2_TACGGTACATTAGCCA,1
l2_TACGGTATCGCGCCAA,1
l2_TACGGTATCTAACTCT,1
l2_TACTCATCATTCCTGC,1
l2_TACTCATGTGACTACT,5
l2_TACTCATGTTAAGGGC,1
l2_TACTCGCAGCGTAGTG,6
l2_TACTCGCAGGATGCGT,5
l2_TACTCGCAGTGAAGAG,0
l2_TACTTACAGCACGCCT,1
l2_TACTTACAGGACCACA,1
l2_TACTTACCACATTTCT,3
l2_TACTTACTCTCAACTT,1
l2_TACTTACTCTGGTGTA,1
l2_TACTTGTGTCCTGCTT,1
l2_TACTTGTGTGCTAGCC,4
l2_TACTTGTGTTGCGCAC,5
l2_TAGACCAAGCCACCTG,1
l2_TAGACCAGTGAAAGAG,1
l2_TAGACCATCGAATCCA,1
l2_TAGACCATCGGAATCT,1
l2_TAGAGCTAGACTAAGT,5
l2_TAGAGCTAGGGATGGG,1
l2_TAGAGCTGTAGTACCT,1
l2_TAGAGCTTCAGGCAAG,1
l2_TAGAGCTTCTCTTGAT,5
l2_TAGCCGGGTAGCCTCG,1
l2_TAGCCGGGTGTCAATC,1
l2_TAGGCATAGCCAACAG,2
l2_TAGGCATAGCTAAACA,2
l2_TAGGCATAGTCATGCT,1
l2_TAGGCATAGTTATCGC,1
l2_TAGGCATCACGGTAAG,3
l2_TAGGCATCATCACCCT,1
l2_TAGGCATGTAATCACC,5
l2_TAGGCATGTGCAGACA,1
l2_TAGGCATTCCACGTTC,6
l2_TAGTGGTAGCGCCTTG,1
l2_TAGTGGTAGTAAGTAC,1
l2_TAGTGGTCAGGCGATA,1
l2_TAGTGGTTCCTGTAGA,1
l2_TAGTTGGGTACAAGTA,5
l2_TAGTTGGGTCAACTGT,2
l2_TAGTTGGGTTGGAGGT,1
l2_TAGTTGGTCACTTCAT,4
l2_TATCAGGCAAGCGCTC,1
l2_TATCAGGGTAAGGGCT,1
l2_TATCAGGGTTTGACTG,2
l2_TATCAGGTCGCGCCAA,1
l2_TATCTCAAGGTGCTAG,4
l2_TATCTCAGTCGAGATG,4
l2_TATCTCAGTCGCATAT,5
l2_TATCTCATCAACCAAC,1
l2_TATCTCATCCCATTAT,5
l2_TATCTCATCGCATGGC,1
l2_TATGCCCGTATCAGTC,6
l2_TATTACCCAAGGTTCT,4
l2_TATTACCCAAGTAATG,3
l2_TATTACCCATCCGCGA,1
l2_TATTACCGTCACTTCC,4
l2_TATTACCTCAGCGATT,1
l2_TATTACCTCGGTGTTA,1
l2_TCAACGAAGAAACCTA,2
l2_TCAACGAGTATAATGG,5
l2_TCAACGATCCGCATCT,3
l2_TCAACGATCGTTGCCT,5
l2_TCAATCTAGCTAGGCA,4
l2_TCAATCTAGGGCTTGA,1
l2_TCAATCTAGTCGCCGT,5
l2_TCAATCTAGTCTCCTC,2
l2_TCAATCTCACCAGCAC,6
l2_TCAATCTCAGTTCATG,1
l2_TCAATCTCATCTATGG,1
l2_TCACAAGAGCTTATCG,5
l2_TCACAAGCAAGAGTCG,2
l2_TCACAAGCATTATCTC,1
l2_TCACAAGGTAGCGTGA,1
l2_TCACAAGGTATCAGTC,1
l2_TCACAAGGTGAAGGCT,5
l2_TCAGATGCAGCAGTTT,1
l2_TCAGATGGTCAAGCGA,5
l2_TCAGATGGTGAGGCTA,5
l2_TCAGATGTCAATACCG,1
l2_TCAGATGTCCTGTACC,5
l2_TCAGCAAAGCCAGGAT,2
l2_TCAGCAACATATGAGA,2
l2_TCAGCAAGTTCAGACT,1
l2_TCAGCAATCGTTACGA,1
l2_TCAGCTCAGCCGATTT,0
l2_TCAGCTCCACATCTTT,5
l2_TCAGCTCCACTCGACG,4
l2_TCAGCTCCATGTAAGA,3
l2_TCAGCTCGTCACTTCC,2
l2_TCAGCTCGTCCGTGAC,1
l2_TCAGGATAGCGAAGGG,1
l2_TCAGGATAGGGTATCG,1
l2_TCAGGATCATAGAAAC,4
l2_TCAGGATCATCTATGG,1
l2_TCAGGATTCAGCCTAA,5
l2_TCAGGATTCCTTCAAT,1
l2_TCAGGATTCTGGAGCC,1
l2_TCAGGTAAGCTACCGC,1
l2_TCAGGTAAGTAAGTAC,4
l2_TCAGGTACAGCTGCAC,1
l2_TCAGGTACATGTTGAC,1
l2_TCAGGTATCAGATAAG,4
l2_TCAGGTATCATGTCTT,1
l2_TCAGGTATCTGGTGTA,5
l2_TCATTACAGAGTCTGG,2
l2_TCATTACAGCGTAATA,5
l2_TCATTACCAATCGAAA,1
l2_TCATTACGTAGAAAGG,1
l2_TCATTACGTCCGCTGA,3
l2_TCATTACGTGCCTGTG,2
l2_TCATTACGTTGAACTC,4
l2_TCATTACTCACCTTAT,0
l2_TCATTACTCTTTACAC,6
l2_TCATTTGAGTAGCGGT,1
l2_TCATTTGCACAACGTT,4
l2_TCATTTGCAGTACACT,5
l2_TCATTTGGTGACGCCT,3
l2_TCATTTGGTTATGTGC,5
l2_TCATTTGTCCAGGGCT,5
l2_TCATTTGTCTTGAGAC,1
l2_TCCACACAGAGTCGGT,1
l2_TCCACACAGGCCCTCA,4
l2_TCCACACAGGGTCGAT,1
l2_TCCACACAGTTAACGA,1
l2_TCCACACCATGGGACA,1
l2_TCCACACGTCCGTGAC,6
l2_TCCACACTCAGCCTAA,1
l2_TCCACACTCCTGCAGG,1
l2_TCCACACTCTTCTGGC,4
l2_TCCCGATTCGTTACGA,2
l2_TCGAGGCAGTCGCCGT,4
l2_TCGAGGCCACGAAGCA,2
l2_TCGAGGCGTAAACGCG,3
l2_TCGAGGCTCGCAGGCT,1
l2_TCGCGAGAGAGGTAGA,4
l2_TCGCGAGTCCATGCTC,2
l2_TCGCGTTAGACAGACC,5
l2_TCGCGTTAGATCTGAA,1
l2_TCGCGTTAGATGCCTT,1
l2_TCGGGACAGAGTGACC,1
l2_TCGGGACAGCACACAG,1
l2_TCGGGACAGGCCATAG,1
l2_TCGGGACCAACGATGG,5
l2_TCGGGACGTCGACTGC,5
l2_TCGGTAAAGCCACTAT,1
l2_TCGGTAAAGCCTTGAT,2
l2_TCGGTAACAGTGACAG,6
l2_TCGGTAAGTCACCTAA,3
l2_TCGGTAAGTCCGTCAG,4
l2_TCGGTAAGTTAGTGGG,2
l2_TCGTACCAGACAGAGA,5
l2_TCGTACCCAGCTCGCA,2
l2_TCGTACCCAGGCGATA,5
l2_TCGTACCGTACAGTTC,2
l2_TCGTACCGTGCATCTA,1
l2_TCGTAGAAGTTGAGAT,4
l2_TCGTAGACAGAAGCAC,3
l2_TCGTAGACAGGAATGC,6
l2_TCGTAGACAGGGATTG,6
l2_TCGTAGAGTAAACCTC,1
l2_TCGTAGATCGATAGAA,3
l2_TCGTAGATCTCGGACG,5
l2_TCTATTGAGAGTACCG,2
l2_TCTATTGAGATGAGAG,1
l2_TCTATTGAGGACCACA,1
l2_TCTATTGAGGCTACGA,1
l2_TCTATTGAGGTAGCTG,6
l2_TCTATTGAGTATCGAA,3
l2_TCTATTGAGTCAAGGC,1
l2_TCTATTGCACATGTGT,5
l2_TCTATTGCATTGAGCT,1
l2_TCTCATAAGAAGGTGA,3
l2_TCTCATACAGCCTTGG,1
l2_TCTCATAGTGATAAGT,5
l2_TCTCTAAAGCTAGTGG,4
l2_TCTCTAACACCTTGTC,1
l2_TCTCTAACACTTGGAT,5
l2_TCTCTAAGTAGTGAAT,1
l2_TCTCTAAGTTAGAACA,5
l2_TCTCTAATCACGGTTA,2
l2_TCTCTAATCGTAGATC,5
l2_TCTCTAATCTCTTATG,1
l2_TCTGAGACAAAGGCGT,1
l2_TCTGAGACAGCCTGTG,1
l2_TCTGAGACATTAACCG,1
l2_TCTGAGATCTGCGGCA,1
l2_TCTGGAAAGCAGACTG,5
l2_TCTGGAAAGTACTTGC,3
l2_TCTGGAAGTAGATTAG,1
l2_TCTGGAAGTCTAGGTT,1
l2_TCTGGAAGTTACAGAA,4
l2_TCTGGAATCATCATTC,6
l2_TCTGGAATCTGTTTGT,1
l2_TCTTCGGAGAATCTCC,5
l2_TCTTCGGAGACCCACC,2
l2_TCTTCGGAGATATGCA,3
l2_TCTTCGGAGTACACCT,6
l2_TCTTCGGCAGACAGGT,1
l2_TCTTCGGCATCGACGC,3
l2_TCTTCGGGTCTGCAAT,5
l2_TCTTCGGTCATAGCAC,1
l2_TCTTTCCAGACTAGGC,1
l2_TCTTTCCAGATAGGAG,6
l2_TCTTTCCAGATCACGG,2
l2_TCTTTCCGTTCCCTTG,4
l2_TCTTTCCTCACTCCTG,3
l2_TCTTTCCTCTTTCCTC,2
l2_TGAAAGACACATCTTT,1
l2_TGAAAGACAGATCTGT,1
l2_TGAAAGAGTGGTAACG,1
l2_TGAAAGAGTTCCCGAG,1
l2_TGACAACAGGTTACCT,1
l2_TGACAACCATGGGACA,1
l2_TGACAACGTAGGAGTC,1
l2_TGACAACGTTCGGGCT,1
l2_TGACAACTCGCTAGCG,1
l2_TGACAACTCTCCAACC,4
l2_TGACGGCGTCCGTTAA,4
l2_TGACGGCGTTGGTTTG,6
l2_TGACGGCTCAAACCAC,6
l2_TGACGGCTCCTCAATT,1
l2_TGACGGCTCTACTCAT,1
l2_TGACTAGAGGGATCTG,1
l2_TGACTAGCACATAACC,1
l2_TGACTAGCACGTAAGG,5
l2_TGACTAGCAGTCACTA,1
l2_TGACTTTCAAAGAATC,1
l2_TGAGAGGAGAATAGGG,5
l2_TGAGAGGAGGTGCAAC,0
l2_TGAGAGGCACTGTTAG,1
l2_TGAGAGGCAGTGGGAT,1
l2_TGAGAGGGTATAGTAG,1
l2_TGAGAGGGTGGCGAAT,2
l2_TGAGAGGGTTTGTGTG,4
l2_TGAGAGGTCAGATAAG,5
l2_TGAGAGGTCCACTGGG,6
l2_TGAGAGGTCCGAGCCA,4
l2_TGAGCATAGGGAAACA,1
l2_TGAGCATAGTGGAGAA,4
l2_TGAGCATCACGAGGTA,1
l2_TGAGCATGTAACGACG,1
l2_TGAGCATGTCACTGGC,1
l2_TGAGCATGTCTAGAGG,1
l2_TGAGCATGTCTCCATC,1
l2_TGAGCATGTGTGCCTG,1
l2_TGAGCATTCCACTGGG,1
l2_TGAGCCGAGCTGCAAG,4
l2_TGAGCCGAGGAGTTTA,1
l2_TGAGCCGAGTACGTTC,4
l2_TGAGCCGCAAACCCAT,1
l2_TGAGCCGCAAGTAGTA,6
l2_TGAGCCGCAATCCGAT,1
l2_TGAGCCGGTCGCATAT,1
l2_TGAGCCGTCATACGGT,4
l2_TGAGGGAAGACAGGCT,2
l2_TGAGGGAAGACTAGGC,5
l2_TGAGGGAAGGCACATG,1
l2_TGAGGGAGTCGAACAG,4
l2_TGAGGGAGTTCCCGAG,2
l2_TGAGGGAGTTGTGGCC,3
l2_TGAGGGATCACGAAGG,5
l2_TGAGGGATCGGAATCT,2
l2_TGATTTCAGAGACGAA,2
l2_TGATTTCAGGACTGGT,2
l2_TGATTTCGTCATGCCG,1
l2_TGATTTCGTCTTGCGG,5
l2_TGATTTCTCCAAATGC,6
l2_TGCACCTAGGTGCTAG,2
l2_TGCACCTCACATGACT,1
l2_TGCACCTCAGTATAAG,1
l2_TGCCAAAAGCTGCAAG,3
l2_TGCCAAATCACAGGCC,2
l2_TGCCAAATCACTTATC,5
l2_TGCCCATCAGACGCAA,1
l2_TGCCCTAAGATCCTGT,0
l2_TGCCCTAGTGCCTTGG,1
l2_TGCCCTAGTTCCACGG,2
l2_TGCCCTAGTTGACGTT,4
l2_TGCCCTATCCCTAACC,1
l2_TGCCCTATCTCGTATT,4
l2_TGCGCAGAGAAACGCC,1
l2_TGCGCAGAGCCCGAAA,0
l2_TGCGCAGAGCTAGTGG,3
l2_TGCGCAGAGTACGCCC,1
l2_TGCGCAGCACCGCTAG,2
l2_TGCGCAGCAGTCACTA,3
l2_TGCGCAGGTGCCTTGG,1
l2_TGCGGGTAGAAGGGTA,1
l2_TGCGGGTCAAACAACA,3
l2_TGCGGGTGTACTTAGC,1
l2_TGCGGGTGTAGCGTGA,2
l2_TGCGGGTGTATTCTCT,1
l2_TGCGGGTGTCTAAAGA,1
l2_TGCGGGTTCAGCATGT,1
l2_TGCGGGTTCGCGTAGC,1
l2_TGCGTGGCACGGCGTT,5
l2_TGCGTGGCAGGTGGAT,5
l2_TGCGTGGCATCGGACC,5
l2_TGCGTGGTCTGCGACG,5
l2_TGCTACCAGGCTAGCA,5
l2_TGCTGCTAGCAATCTC,1
l2_TGCTGCTAGCACAGGT,2
l2_TGCTGCTAGGAATTAC,1
l2_TGCTGCTAGTTGTCGT,1
l2_TGCTGCTTCGTTACAG,5
l2_TGGACGCAGAAAGTGG,5
l2_TGGACGCAGGCGATAC,1
l2_TGGACGCCACGAGGTA,3
l2_TGGACGCCATGGATGG,1
l2_TGGACGCGTCTGATCA,0
l2_TGGACGCTCCGCAAGC,1
l2_TGGACGCTCCTTTCGG,1
l2_TGGACGCTCTATCCCG,1
l2_TGGACGCTCTCGATGA,1
l2_TGGCCAGAGTGTACGG,4
l2_TGGCCAGGTCTCCATC,4
l2_TGGCCAGGTTAAGACA,1
l2_TGGCGCAAGCCGCCTA,4
l2_TGGCGCACACGAGGTA,1
l2_TGGCGCACAGACAGGT,2
l2_TGGCGCAGTATAGGTA,5
l2_TGGCGCAGTCCCTACT,1
l2_TGGCGCAGTCGGCTCA,4
l2_TGGCGCAGTGTAATGA,4
l2_TGGCTGGAGATCGGGT,1
l2_TGGCTGGAGCTAACAA,2
l2_TGGCTGGGTACTCTCC,3
l2_TGGGAAGAGACTAGGC,4
l2_TGGGAAGAGCCAACAG,1
l2_TGGGAAGAGGACTGGT,1
l2_TGGGAAGCACTATCTT,3
l2_TGGGAAGGTGCATCTA,1
l2_TGGGAAGTCACTGGGC,6
l2_TGGGCGTAGGTGCACA,2
l2_TGGGCGTGTAGTACCT,3
l2_TGGGCGTGTCAGAGGT,4
l2_TGGTTAGCACTACAGT,4
l2_TGGTTAGGTAGATTAG,3
l2_TGGTTAGTCATGCTCC,6
l2_TGGTTCCAGAGTCTGG,5
l2_TGGTTCCAGCTAGTCT,4
l2_TGGTTCCAGTGACTCT,1
l2_TGGTTCCAGTGTCTCA,1
l2_TGGTTCCGTGATGATA,1
l2_TGGTTCCTCTTGTATC,1
l2_TGGTTCCTCTTTACGT,0
l2_TGTATTCAGTAACCCT,1
l2_TGTATTCGTAAGTAGT,1
l2_TGTATTCTCGGCTACG,1
l2_TGTCCCAAGAATGTGT,1
l2_TGTCCCAAGATCCTGT,1
l2_TGTCCCAGTACCCAAT,2
l2_TGTCCCAGTTTGGCGC,4
l2_TGTGGTAAGGGTTTCT,2
l2_TGTGGTACAATCAGAA,5
l2_TGTGGTACACGAAGCA,1
l2_TGTGGTAGTCACCTAA,2
l2_TGTGGTAGTCCGTCAG,5
l2_TGTGGTAGTTGTCGCG,1
l2_TGTGTTTAGGTGCTTT,3
l2_TGTGTTTAGTACATGA,1
l2_TGTGTTTCAAACCTAC,5
l2_TGTGTTTCATTACCTT,1
l2_TGTTCCGTCAAGAAGT,4
l2_TTAACTCAGAAACCAT,4
l2_TTAACTCAGTGACATA,2
l2_TTAACTCAGTTCGCGC,1
l2_TTAACTCCAAGCCATT,1
l2_TTAACTCGTCGCGGTT,1
l2_TTAACTCGTTTGACAC,1
l2_TTAACTCTCACGCGGT,4
l2_TTAACTCTCTTTACAC,1
l2_TTAGGACAGGGTCGAT,5
l2_TTAGGACCAACGATGG,4
l2_TTAGGACCACACGCTG,5
l2_TTAGGACTCGGAGGTA,5
l2_TTAGGCAAGAGCCTAG,5
l2_TTAGGCAAGCCACTAT,1
l2_TTAGGCAAGCGTGTCC,1
l2_TTAGGCACACATCCGG,1
l2_TTAGGCACAGTATGCT,2
l2_TTAGGCAGTCATCGGC,1
l2_TTAGGCAGTCCAAGTT,5
l2_TTAGGCAGTTGTACAC,1
l2_TTAGGCATCAAAGACA,6
l2_TTAGGCATCGAGAACG,1
l2_TTAGTTCAGACATAAC,6
l2_TTAGTTCAGGAGTTGC,1
l2_TTAGTTCGTCCTGCTT,5
l2_TTATGCTAGACAGACC,1
l2_TTATGCTAGCTGCAAG,3
l2_TTATGCTCAAAGCAAT,3
l2_TTATGCTCAGTGACAG,1
l2_TTATGCTGTAGAGGAA,3
l2_TTATGCTTCCTCAACC,2
l2_TTCCCAGAGAGTACCG,5
l2_TTCCCAGCAATTCCTT,1
l2_TTCCCAGGTTAGAACA,1
l2_TTCCCAGGTTCTCATT,1
l2_TTCCCAGTCCGTCAAA,1
l2_TTCCCAGTCCTTCAAT,1
l2_TTCGAAGAGGATGGAA,1
l2_TTCGAAGCAATGGAAT,1
l2_TTCGAAGGTTGATTCG,5
l2_TTCGAAGTCTTGTCAT,1
l2_TTCGGTCAGTTCGATC,1
l2_TTCGGTCCAGGGTATG,1
l2_TTCGGTCGTCAAAGAT,1
l2_TTCTACAAGGCTATCT,5
l2_TTCTACACAAACCCAT,1
l2_TTCTACACATACGCTA,2
l2_TTCTACAGTCCAAGTT,1
l2_TTCTACAGTGTGGTTT,1
l2_TTCTCAACACGAAATA,0
l2_TTCTCAAGTCCATGAT,2
l2_TTCTCAATCCAAGTAC,0
l2_TTCTCCTAGTAGCGGT,3
l2_TTCTCCTAGTTAACGA,1
l2_TTCTCCTGTTGCCTCT,4
l2_TTCTCCTTCGTTGCCT,5
l2_TTCTTAGAGCTAACTC,1
l2_TTGAACGAGACCCACC,1
l2_TTGAACGAGTGGAGAA,1
l2_TTGAACGCACATCTTT,4
l2_TTGAACGCAGTCGATT,4
l2_TTGAACGGTAACGTTC,1
l2_TTGAACGGTATCGCAT,3
l2_TTGAACGTCAACTCTT,3
l2_TTGAACGTCACATAGC,4
l2_TTGAACGTCCCTTGTG,1
l2_TTGACTTCAAGCGAGT,1
l2_TTGACTTGTGATAAAC,1
l2_TTGACTTTCAATCTCT,1
l2_TTGACTTTCAGCAACT,1
l2_TTGACTTTCATCACCC,5
l2_TTGACTTTCGTGGACC,6
l2_TTGCCGTCAGATCGGA,2
l2_TTGCCGTCAGCCTGTG,4
l2_TTGCCGTCATACGCTA,1
l2_TTGCCGTTCAAGAAGT,1
l2_TTGCCGTTCCTGTAGA,1
l2_TTGCGTCCAAGCTGTT,4
l2_TTGCGTCCACAGCGTC,1
l2_TTGGAACAGACTAGGC,1
l2_TTGGAACAGCTAACTC,5
l2_TTGGAACCAAAGCAAT,4
l2_TTGGAACGTATTAGCC,1
l2_TTGGAACGTCATGCCG,1
l2_TTGGCAAAGTCATGCT,1
l2_TTGGCAACAGCTGTGC,1
l2_TTGGCAACATACTCTT,4
l2_TTGGCAACATCACAAC,3
l2_TTGGCAAGTAGTACCT,4
l2_TTGGCAAGTTGCTCCT,1
l2_TTGGCAATCCTGTAGA,4
l2_TTGGCAATCTTCGGTC,1
l2_TTGTAGGAGACACTAA,0
l2_TTGTAGGCAACACCTA,1
l2_TTGTAGGCAATGCCAT,1
l2_TTGTAGGTCTAAGCCA,3
l2_TTTACTGAGAACAACT,2
l2_TTTACTGAGATATGGT,5
l2_TTTACTGCACGGTAGA,1
l2_TTTACTGGTACCGAGA,2
l2_TTTACTGGTGACGCCT,0
l2_TTTACTGTCACCTTAT,3
l2_TTTACTGTCTTAGCCC,5
l2_TTTACTGTCTTTAGTC,1
l2_TTTATGCAGAAGGACA,6
l2_TTTATGCAGGTGTGGT,0
l2_TTTATGCCACAACGCC,5
l2_TTTCCTCAGCGCTTAT,6
l2_TTTCCTCAGCGTTGCC,1
l2_TTTCCTCAGTGCCAGA,3
l2_TTTCCTCCAAGGACTG,1
l2_TTTCCTCCACACCGAC,1
l2_TTTCCTCCACGGCTAC,2
l2_TTTCCTCCACTGAAGG,1
l2_TTTCCTCGTACTTCTT,6
l2_TTTCCTCGTCAGCTAT,1
l2_TTTGCGCAGAGGGATA,2
l2_TTTGCGCAGTCCTCCT,5
l2_TTTGCGCTCGGCGCTA,1
l2_TTTGGTTAGGTGTTAA,1
l2_TTTGGTTCAAATCCGT,2
l2_TTTGGTTCAGCTTCGG,1
l2_TTTGGTTCAGGCTGAA,1
l2_TTTGGTTGTTCCACTC,2
l2_TTTGTCAAGAGTAATC,2
l2_TTTGTCACATTCACTT,1
l2_TTTGTCAGTATAGGGC,1
l3_AAACCTGAGAGTCTGG,4
l3_AAACCTGGTAAATACG,2
l3_AAACCTGGTCCCTACT,1
l3_AAACCTGTCTGTCTAT,5
l3_AAACGGGAGAATAGGG,1
l3_AAACGGGTCTTTACGT,1
l3_AAAGATGAGCATGGCA,1
l3_AAAGATGAGCTACCGC,2
l3_AAAGATGAGGCTAGGT,4
l3_AAAGATGAGTATCTCG,3
l3_AAAGATGAGTGTTTGC,1
l3_AAAGATGAGTTCGCGC,1
l3_AAAGATGCAACGATCT,0
l3_AAAGATGCACAGTCGC,1
l3_AAAGATGGTCGAAAGC,0
l3_AAAGATGTCTGCAAGT,1
l3_AAAGCAACACAGTCGC,4
l3_AAAGCAACACGACTCG,2
l3_AAAGCAAGTAAACCTC,2
l3_AAAGCAAGTAAGGATT,4
l3_AAAGCAATCCTTGCCA,5
l3_AAAGTAGAGGTTCCTA,1
l3_AAAGTAGCAATCCGAT,4
l3_AAAGTAGCATGACGGA,3
l3_AAATGCCAGGAGTCTG,4
l3_AAATGCCAGTATCTCG,1
l3_AAATGCCCAAAGGTGC,1
l3_AAATGCCGTTGAGTTC,1
l3_AAATGCCTCTAACGGT,0
l3_AACACGTAGACTACAA,1
l3_AACACGTAGCGTTCCG,1
l3_AACACGTCACATGGGA,1
l3_AACACGTTCAAAGACA,5
l3_AACACGTTCCATGAAC,5
l3_AACACGTTCCGTCAAA,1
l3_AACACGTTCCTTAATC,2
l3_AACCATGCAACACCTA,6
l3_AACCATGCAGACACTT,4
l3_AACCATGCATCGGTTA,5
l3_AACCATGGTGTTAAGA,2
l3_AACCATGTCTGTCCGT,1
l3_AACCGCGAGATCGATA,3
l3_AACCGCGCAGCTGTAT,5
l3_AACCGCGCATGCTGGC,2
l3_AACCGCGGTGCTCTTC,3
l3_AACCGCGTCAGGATCT,4
l3_AACCGCGTCCTAGGGC,1
l3_AACGTTGAGCCCAACC,4
l3_AACGTTGAGTCTTGCA,1
l3_AACGTTGCACACAGAG,5
l3_AACGTTGCATCTATGG,1
l3_AACGTTGGTACCGTAT,1
l3_AACGTTGGTCTAAACC,1
l3_AACGTTGGTGAGGGTT,1
l3_AACGTTGGTGGTGTAG,1
l3_AACGTTGTCAGGTTCA,5
l3_AACGTTGTCAGTGCAT,4
l3_AACTCAGAGAGAACAG,6
l3_AACTCAGCATCTATGG,1
l3_AACTCAGTCCCAACGG,4
l3_AACTCAGTCTGCGACG,4
l3_AACTCCCAGAAACCGC,6
l3_AACTCCCAGACGCACA,3
l3_AACTCCCAGATCACGG,1
l3_AACTCCCAGCGTAATA,5
l3_AACTCCCAGGCACATG,2
l3_AACTCCCCACACCGAC,6
l3_AACTCCCCACCAGTTA,1
l3_AACTCCCTCCAAACAC,1
l3_AACTCCCTCCTAAGTG,1
l3_AACTCCCTCGCACTCT,3
l3_AACTCTTCACTGAAGG,2
l3_AACTCTTTCACCTCGT,2
l3_AACTGGTAGAACAATC,1
l3_AACTGGTGTTCCATGA,1
l3_AACTTTCAGTGGGATC,1
l3_AACTTTCGTTATCCGA,1
l3_AACTTTCTCCCTTGTG,1
l3_AACTTTCTCGACCAGC,1
l3_AAGACCTAGACGCACA,5
l3_AAGACCTAGATGAGAG,1
l3_AAGACCTAGCGTGTCC,4
l3_AAGACCTCACCCATTC,1
l3_AAGACCTCACTCAGGC,2
l3_AAGACCTGTCTAGCGC,4
l3_AAGACCTGTTATGCGT,5
l3_AAGCCGCAGAAGGCCT,5
l3_AAGCCGCAGTGGGTTG,1
l3_AAGCCGCCATCAGTCA,1
l3_AAGCCGCGTCAGGACA,1
l3_AAGCCGCTCCCACTTG,3
l3_AAGCCGCTCTCTGAGA,1
l3_AAGGAGCAGTATTGGA,4
l3_AAGGAGCGTTTGTTGG,3
l3_AAGGAGCTCTAAGCCA,5
l3_AAGGCAGAGATGGCGT,1
l3_AAGGCAGAGCTCAACT,1
l3_AAGGCAGAGGCATGTG,1
l3_AAGGCAGAGTGTTAGA,1
l3_AAGGCAGAGTTCGCAT,1
l3_AAGGCAGCATAGAAAC,3
l3_AAGGCAGGTCCGAAGA,1
l3_AAGGCAGGTCGGGTCT,1
l3_AAGGCAGGTCTCCATC,5
l3_AAGGCAGTCCTGCAGG,1
l3_AAGGCAGTCTTTACAC,4
l3_AAGGTTCAGGCACATG,5
l3_AAGGTTCCAAAGAATC,1
l3_AAGGTTCGTAAGAGAG,1
l3_AAGGTTCTCATGCTCC,2
l3_AAGGTTCTCTGTCTCG,4
l3_AAGTCTGAGTCCATAC,1
l3_AAGTCTGCAGTCGATT,2
l3_AAGTCTGGTAAATACG,1
l3_AAGTCTGGTTCCATGA,2
l3_AATCCAGAGAGGGATA,5
l3_AATCCAGCAATAACGA,1
l3_AATCCAGCAGTGGGAT,1
l3_AATCCAGGTAAACGCG,5
l3_AATCCAGGTAAGTGGC,5
l3_AATCCAGGTACCGAGA,1
l3_AATCCAGTCAAACCGT,4
l3_AATCCAGTCACTTATC,4
l3_AATCGGTAGATACACA,3
l3_AATCGGTGTGAGTATA,1
l3_AATCGGTTCCATGAGT,1
l3_AATCGGTTCGTATCAG,3
l3_ACACCAAAGACTACAA,3
l3_ACACCAAAGCCAGGAT,6
l3_ACACCAAAGCCCAATT,3
l3_ACACCAAGTAGAAGGA,1
l3_ACACCAATCAGCACAT,5
l3_ACACCAATCCGCATCT,3
l3_ACACCAATCCTGTACC,5
l3_ACACCAATCGCAGGCT,5
l3_ACACCCTAGAGTCTGG,4
l3_ACACCCTAGCCACGTC,3
l3_ACACCCTAGGAGCGTT,1
l3_ACACCCTCAAATACAG,5
l3_ACACCCTGTACATCCA,4
l3_ACACCCTGTCACCTAA,1
l3_ACACCCTGTTCTGTTT,1
l3_ACACCGGAGTGTACCT,5
l3_ACACCGGCACAGAGGT,1
l3_ACACCGGCACGTCAGC,4
l3_ACACCGGTCAAGCCTA,1
l3_ACACCGGTCGTCCGTT,5
l3_ACACTGAAGTCCGTAT,4
l3_ACACTGACAGACAGGT,1
l3_ACACTGACAGCTGCAC,1
l3_ACACTGAGTCCGAATT,1
l3_ACACTGAGTGCCTGGT,2
l3_ACACTGATCTGAGGGA,3
l3_ACAGCCGAGACTAGAT,1
l3_ACAGCCGAGAGTTGGC,3
l3_ACAGCCGCATACTACG,0
l3_ACAGCTAAGGGAAACA,2
l3_ACAGCTACAATCGGTT,1
l3_ACAGCTAGTAAACGCG,6
l3_ACAGCTAGTCCGTGAC,2
l3_ACAGCTATCTCTAAGG,4
l3_ACAGCTATCTTTAGTC,4
l3_ACATACGAGCAGCGTA,4
l3_ACATACGAGCGCCTTG,5
l3_ACATACGCACCGTTGG,2
l3_ACATACGCATTAGCCA,3
l3_ACATACGGTACAGTTC,4
l3_ACATCAGAGTCTCAAC,1
l3_ACATCAGAGTTCCACA,1
l3_ACATCAGGTCACCTAA,4
l3_ACATGGTCACATGGGA,2
l3_ACATGGTGTAGTAGTA,6
l3_ACATGGTTCCACGTGG,1
l3_ACATGGTTCCCAAGAT,1
l3_ACATGGTTCCTAAGTG,0
l3_ACCAGTACATAGACTC,1
l3_ACCAGTACATTCGACA,1
l3_ACCAGTAGTAAAGTCA,1
l3_ACCAGTAGTTGAGGTG,2
l3_ACCAGTATCACAATGC,3
l3_ACCAGTATCCTCGCAT,4
l3_ACCCACTAGAATTGTG,1
l3_ACCCACTCAGGATCGA,1
l3_ACCCACTGTCAAAGAT,2
l3_ACCCACTTCGATGAGG,1
l3_ACCCACTTCTACCTGC,1
l3_ACCCACTTCTTAGAGC,1
l3_ACCCACTTCTTTACGT,1
l3_ACCGTAACAGTTCATG,3
l3_ACCGTAACATGTAGTC,4
l3_ACCGTAAGTTAAGAAC,1
l3_ACCTTTAAGACATAAC,4
l3_ACCTTTAAGGCACATG,1
l3_ACCTTTACAAACCCAT,1
l3_ACCTTTACAAGGACTG,1
l3_ACCTTTACATAGTAAG,4
l3_ACCTTTAGTTATGCGT,1
l3_ACGAGCCAGCAGATCG,1
l3_ACGAGCCAGGCATGGT,4
l3_ACGAGCCCATTCACTT,5
l3_ACGAGCCGTTCCAACA,1
l3_ACGAGGAGTCTTGATG,6
l3_ACGAGGATCGTACCGG,1
l3_ACGATACAGCCACGCT,2
l3_ACGATACCAGGGCATA,6
l3_ACGATACCATACCATG,1
l3_ACGATACGTCCGAAGA,1
l3_ACGATACTCGAATGGG,2
l3_ACGATGTCACAGCGTC,1
l3_ACGATGTGTTCGCTAA,0
l3_ACGATGTTCTGCGGCA,3
l3_ACGCAGCAGCCAGTAG,2
l3_ACGCAGCAGGTGCAAC,1
l3_ACGCCAGAGCTGTCTA,2
l3_ACGCCAGCAAGACGTG,4
l3_ACGCCAGCAATACGCT,3
l3_ACGCCAGGTTACGTCA,2
l3_ACGCCAGGTTCGTGAT,4
l3_ACGCCGAAGCTGTTCA,4
l3_ACGCCGACACGAAAGC,1
l3_ACGCCGATCCTTTACA,1
l3_ACGCCGATCGTTGACA,3
l3_ACGGAGAAGTGGTAAT,2
l3_ACGGAGACACGAAACG,1
l3_ACGGAGACACGCGAAA,1
l3_ACGGAGACATTCGACA,1
l3_ACGGAGATCCTCAACC,1
l3_ACGGAGATCGCAAGCC,3
l3_ACGGAGATCGCCAAAT,1
l3_ACGGCCACACGTCTCT,4
l3_ACGGCCAGTGAACCTT,4
l3_ACGGCCATCCTTGGTC,5
l3_ACGGGCTAGAGTAATC,4
l3_ACGGGCTAGGCTCTTA,1
l3_ACGGGCTCACGCGAAA,3
l3_ACGGGCTCAGCGAACA,0
l3_ACGGGCTCATGTCGAT,4
l3_ACGGGCTGTAAACCTC,3
l3_ACGGGCTGTCGCATAT,1
l3_ACGGGCTGTTACGACT,2
l3_ACGGGTCAGAGGGATA,3
l3_ACGGGTCAGGGCACTA,6
l3_ACGGGTCAGGTGATAT,1
l3_ACGGGTCCAGCCACCA,1
l3_ACGGGTCGTAAGGGCT,4
l3_ACGGGTCGTTAGTGGG,1
l3_ACGGGTCGTTGCCTCT,1
l3_ACGTCAAAGACGCACA,1
l3_ACGTCAACAGTCGTGC,6
l3_ACGTCAACATGTAAGA,1
l3_ACTATCTAGATCCCAT,2
l3_ACTATCTAGCGTCAAG,1
l3_ACTATCTGTTATCGGT,1
l3_ACTATCTTCATCGATG,5
l3_ACTATCTTCTTTAGGG,2
l3_ACTGAACAGCCCAGCT,4
l3_ACTGAACAGGCTCTTA,2
l3_ACTGAACAGTACATGA,1
l3_ACTGAACGTTGGTAAA,4
l3_ACTGAACTCGTGGACC,2
l3_ACTGAGTAGCCGATTT,2
l3_ACTGAGTAGGAATGGA,1
l3_ACTGAGTAGGGATGGG,1
l3_ACTGAGTCACCGATAT,1
l3_ACTGAGTCAGGCGATA,4
l3_ACTGAGTGTCAAACTC,1
l3_ACTGAGTTCAGTCAGT,1
l3_ACTGAGTTCTGCGTAA,1
l3_ACTGATGAGACGCACA,5
l3_ACTGATGAGCACAGGT,1
l3_ACTGATGAGCTAGTCT,1
l3_ACTGATGCAATTCCTT,1
l3_ACTGATGTCCACGTTC,5
l3_ACTGATGTCCAGATCA,2
l3_ACTGATGTCCTACAGA,2
l3_ACTGATGTCCTCAATT,4
l3_ACTGCTCAGGAATGGA,4
l3_ACTGCTCCACGTCTCT,1
l3_ACTGCTCGTATGAAAC,1
l3_ACTGTCCCAGTATGCT,1
l3_ACTGTCCGTGTTGAGG,0
l3_ACTTACTCACGCTTTC,1
l3_ACTTACTCATCTATGG,4
l3_ACTTACTCATGCAACT,2
l3_ACTTACTTCACCGGGT,6
l3_ACTTGTTAGAACAACT,2
l3_ACTTGTTAGTCCCACG,3
l3_ACTTGTTGTACCCAAT,1
l3_ACTTGTTGTAGATTAG,1
l3_ACTTGTTGTGCACTTA,1
l3_ACTTTCACATTATCTC,1
l3_ACTTTCAGTCAGAAGC,2
l3_ACTTTCAGTTGAGGTG,4
l3_ACTTTCATCTCCAACC,1
l3_AGAATAGGTCTCGTTC,6
l3_AGAATAGGTCTTCAAG,2
l3_AGAATAGGTTAAGTAG,1
l3_AGAATAGTCTTCAACT,1
l3_AGACGTTAGCACAGGT,6
l3_AGACGTTAGCGATATA,1
l3_AGACGTTAGGGCTTGA,1
l3_AGACGTTCACCTATCC,1
l3_AGACGTTGTCCGACGT,1
l3_AGACGTTGTTCATGGT,1
l3_AGACGTTTCCACGCAG,1
l3_AGACGTTTCGTCCGTT,1
l3_AGAGCGAAGGATGCGT,3
l3_AGAGCGACAAACTGCT,1
l3_AGAGCTTAGTAGGTGC,1
l3_AGAGCTTGTCAATGTC,6
l3_AGAGCTTGTCATCGGC,2
l3_AGAGCTTGTCCGAACC,1
l3_AGAGCTTGTTATCACG,5
l3_AGAGCTTTCGTTTAGG,1
l3_AGAGTGGAGATATACG,5
l3_AGAGTGGCATGCCTTC,1
l3_AGAGTGGGTGGGTCAA,5
l3_AGAGTGGTCATCGATG,1
l3_AGAGTGGTCTACTCAT,1
l3_AGAGTGGTCTCCTATA,1
l3_AGATCTGAGATGGGTC,5
l3_AGATCTGAGTACGCGA,6
l3_AGATCTGAGTGGCACA,1
l3_AGATCTGAGTGGGTTG,0
l3_AGATCTGCAGGGCATA,2
l3_AGATCTGGTAGGCATG,1
l3_AGATCTGGTTGAGTTC,4
l3_AGATTGCAGAGACTAT,5
l3_AGATTGCAGTACCGGA,4
l3_AGATTGCCAATAGCAA,6
l3_AGATTGCGTCTCACCT,2
l3_AGATTGCGTTGTCGCG,4
l3_AGATTGCTCTAACTCT,6
l3_AGATTGCTCTGGAGCC,3
l3_AGCAGCCAGAACTGTA,2
l3_AGCAGCCAGAAGCCCA,1
l3_AGCAGCCAGGCTACGA,4
l3_AGCAGCCAGGGAGTAA,1
l3_AGCAGCCGTCACCCAG,4
l3_AGCATACAGAATGTGT,5
l3_AGCATACAGAGTTGGC,1
l3_AGCATACAGGATTCGG,0
l3_AGCATACGTCGAAAGC,1
l3_AGCATACTCGGTCCGA,2
l3_AGCCTAAAGGAATCGC,2
l3_AGCCTAAAGTGCCATT,1
l3_AGCCTAACAACACCTA,1
l3_AGCCTAACACGTAAGG,4
l3_AGCGGTCAGAGCTGCA,1
l3_AGCGGTCAGTCCGTAT,1
l3_AGCGGTCGTCTCTCGT,2
l3_AGCGGTCGTTACAGAA,2
l3_AGCGGTCTCACTTACT,4
l3_AGCGGTCTCCAACCAA,1
l3_AGCGGTCTCTCCAGGG,4
l3_AGCGTATCACCTTGTC,1
l3_AGCGTATGTCTGGTCG,0
l3_AGCGTATTCGCATGGC,1
l3_AGCGTCGAGTGAAGAG,1
l3_AGCGTCGCACGGTAGA,2
l3_AGCTCCTAGACTTTCG,4
l3_AGCTCCTAGCGGCTTC,1
l3_AGCTCCTCAGTTCATG,1
l3_AGCTCCTCATTGAGCT,3
l3_AGCTCCTGTATCACCA,1
l3_AGCTCCTGTCGATTGT,4
l3_AGCTCCTGTGGTACAG,5
l3_AGCTCCTGTGTGTGCC,5
l3_AGCTCCTTCTGCTGCT,5
l3_AGCTCTCAGGACTGGT,1
l3_AGCTCTCAGGGTTCCC,4
l3_AGCTCTCCAGACGTAG,4
l3_AGCTCTCGTCTAACGT,1
l3_AGCTTGAAGACAATAC,1
l3_AGCTTGACAATGAATG,3
l3_AGCTTGACACACATGT,0
l3_AGCTTGATCCGTTGTC,5
l3_AGCTTGATCCTTGCCA,2
l3_AGGCCACAGCCGATTT,0
l3_AGGCCACCAATAAGCA,5
l3_AGGCCACGTCTAGTCA,4
l3_AGGCCACGTTATCCGA,1
l3_AGGCCACTCTTAGAGC,1
l3_AGGCCGTAGGGAAACA,1
l3_AGGCCGTTCCATGCTC,3
l3_AGGCCGTTCTCCGGTT,2
l3_AGGGAGTCAATTGCTG,1
l3_AGGGAGTGTCAGAATA,4
l3_AGGGATGCAATCTGCA,1
l3_AGGGATGGTCATCGGC,6
l3_AGGGATGGTTGGGACA,4
l3_AGGGATGTCCCAACGG,1
l3_AGGGTGAAGAAACGAG,1
l3_AGGGTGAAGATCTGCT,1
l3_AGGGTGAAGCGTAGTG,3
l3_AGGGTGACATGCCTTC,6
l3_AGGGTGAGTAACGCGA,5
l3_AGGGTGAGTAAGGGAA,1
l3_AGGGTGAGTCAAGCGA,4
l3_AGGGTGAGTGACCAAG,5
l3_AGGGTGAGTTCGAATC,4
l3_AGGGTGATCGCTTGTC,1
l3_AGGTCCGGTAGCCTCG,1
l3_AGGTCCGTCGCCAAAT,1
l3_AGGTCCGTCTTATCTG,5
l3_AGTAGTCTCACTTATC,3
l3_AGTAGTCTCGTTTAGG,0
l3_AGTAGTCTCTAGAGTC,1
l3_AGTCTTTAGTACGCCC,5
l3_AGTCTTTGTAGAGGAA,1
l3_AGTCTTTGTGATAAGT,5
l3_AGTCTTTTCGGCCGAT,2
l3_AGTGAGGAGTATCTCG,2
l3_AGTGAGGAGTTTAGGA,5
l3_AGTGAGGCACGCATCG,1
l3_AGTGAGGCATACTACG,4
l3_AGTGAGGGTTTGTTGG,1
l3_AGTGAGGTCGCCATAA,4
l3_AGTGGGAAGCGATATA,1
l3_AGTGGGACACGACTCG,1
l3_AGTGGGACAGATCCAT,1
l3_AGTGGGACAGCTTCGG,1
l3_AGTGGGATCTTTCCTC,3
l3_AGTGTCAAGATCTGCT,0
l3_AGTGTCACACAGAGGT,6
l3_AGTGTCACAGGAATCG,1
l3_AGTGTCAGTCAAACTC,1
l3_AGTGTCATCATAAAGG,3
l3_AGTGTCATCTATCGCC,4
l3_AGTTGGTCAATTGCTG,4
l3_AGTTGGTCATGTAAGA,2
l3_AGTTGGTGTAGCTAAA,1
l3_ATAACGCAGCAACGGT,5
l3_ATAACGCAGCGGATCA,4
l3_ATAACGCAGTCCGTAT,1
l3_ATAACGCCAAGAGGCT,1
l3_ATAACGCGTATAATGG,1
l3_ATAACGCGTCTAGAGG,5
l3_ATAAGAGAGCGATCCC,0
l3_ATAAGAGCACACTGCG,1
l3_ATAAGAGCAGGCTGAA,4
l3_ATAAGAGGTTGATTGC,1
l3_ATAAGAGTCATAGCAC,2
l3_ATAAGAGTCATCGGAT,1
l3_ATAAGAGTCCTTCAAT,4
l3_ATAGACCCAAACTGCT,3
l3_ATCACGAAGAGTACAT,4
l3_ATCACGAAGGCATTGG,4
l3_ATCACGAAGGGTATCG,0
l3_ATCACGACAGTCAGAG,3
l3_ATCACGACATACTACG,1
l3_ATCACGAGTACGAAAT,1
l3_ATCATCTAGGGCACTA,2
l3_ATCATCTAGGTAGCTG,1
l3_ATCATCTAGTACGCCC,1
l3_ATCATCTTCGGATGGA,6
l3_ATCATCTTCGTACCGG,3
l3_ATCATGGAGGTGCTTT,4
l3_ATCATGGCAACACCCG,4
l3_ATCATGGCACCGAAAG,1
l3_ATCATGGCATGAGCGA,0
l3_ATCATGGTCATGCATG,2
l3_ATCATGGTCATGTAGC,1
l3_ATCCACCAGAGGTACC,3
l3_ATCCACCTCAGGTAAA,1
l3_ATCCGAAAGTGTACTC,6
l3_ATCCGAACAATGTAAG,0
l3_ATCCGAATCACTCTTA,0
l3_ATCCGAATCATGCTCC,3
l3_ATCGAGTCACAAGACG,3
l3_ATCGAGTCACATTCGA,5
l3_ATCGAGTCACGTCTCT,5
l3_ATCGAGTCATGGGAAC,4
l3_ATCGAGTGTGAAGGCT,1
l3_ATCTACTAGCCCAACC,1
l3_ATCTACTAGGCAGGTT,6
l3_ATCTACTGTAGAGCTG,4
l3_ATCTACTGTTAAGAAC,5
l3_ATCTACTGTTCGCTAA,1
l3_ATCTGCCCAAAGCAAT,3
l3_ATCTGCCCATTTGCTT,4
l3_ATCTGCCGTACAGTTC,1
l3_ATCTGCCGTTGGTAAA,4
l3_ATCTGCCTCAAGAAGT,1
l3_ATCTGCCTCATCGCTC,1
l3_ATGAGGGAGGATGTAT,0
l3_ATGAGGGTCCAGATCA,2
l3_ATGAGGGTCGGTTCGG,3
l3_ATGCGATCACAGATTC,1
l3_ATGCGATCATCCGTGG,1
l3_ATGCGATGTGCCTGCA,1
l3_ATGCGATTCAGCTCTC,1
l3_ATGGGAGCACTGAAGG,1
l3_ATGGGAGGTCGCGTGT,5
l3_ATGGGAGTCCAACCAA,2
l3_ATGGGAGTCTCATTCA,3
l3_ATGTGTGAGAGTGAGA,1
l3_ATGTGTGAGCGTCAAG,5
l3_ATGTGTGGTCAAAGCG,1
l3_ATGTGTGGTGGTCCGT,1
l3_ATGTGTGTCATAAAGG,1
l3_ATGTGTGTCCTCCTAG,1
l3_ATTACTCAGGCTCTTA,1
l3_ATTACTCAGTATGACA,1
l3_ATTACTCCAAAGTCAA,2
l3_ATTACTCCAGTAAGCG,1
l3_ATTACTCCATTAGCCA,2
l3_ATTACTCTCATAACCG,1
l3_ATTATCCAGCAGGTCA,1
l3_ATTATCCCAACAACCT,1
l3_ATTATCCGTGCGATAG,1
l3_ATTATCCTCGCAGGCT,6
l3_ATTCTACGTAGTACCT,0
l3_ATTCTACTCCACGACG,1
l3_ATTCTACTCCATGAAC,1
l3_ATTCTACTCGAGGTAG,5
l3_ATTGGACAGTACGTTC,6
l3_ATTGGACAGTCTCGGC,1
l3_ATTGGACGTACTTAGC,3
l3_ATTGGACGTGTGGTTT,3
l3_ATTGGACTCATAACCG,1
l3_ATTGGACTCATTGCGA,1
l3_ATTGGTGAGACGACGT,6
l3_ATTGGTGAGCTTCGCG,3
l3_ATTGGTGCAATACGCT,1
l3_ATTGGTGCAGCTGGCT,1
l3_ATTGGTGCAGTCGATT,3
l3_ATTGGTGGTACTCGCG,1
l3_ATTGGTGGTAGGCTGA,3
l3_ATTGGTGGTCCATGAT,1
l3_ATTGGTGTCGGGAGTA,3
l3_ATTGGTGTCTGATACG,1
l3_ATTTCTGAGGACCACA,2
l3_ATTTCTGAGTGACATA,5
l3_ATTTCTGCACACCGCA,1
l3_ATTTCTGGTAAGGGAA,1
l3_ATTTCTGGTCCGAACC,1
l3_ATTTCTGTCGACCAGC,1
l3_CAACCAAGTAAGGGCT,0
l3_CAACCAAGTTTGTTGG,1
l3_CAACCAATCTCCCTGA,1
l3_CAACCTCAGCCTATGT,2
l3_CAACCTCAGGCTAGCA,1
l3_CAACCTCCATGCCACG,1
l3_CAACCTCGTTCCACAA,1
l3_CAACCTCTCTGCAGTA,5
l3_CAACTAGCATCCGCGA,4
l3_CAACTAGTCAATCTCT,1
l3_CAACTAGTCACGCATA,1
l3_CAAGAAAGTCTCTTAT,5
l3_CAAGAAAGTGACGCCT,2
l3_CAAGAAATCCCAGGTG,3
l3_CAAGAAATCGTTTAGG,4
l3_CAAGATCAGTGACTCT,5
l3_CAAGATCCACTGAAGG,1
l3_CAAGATCCAGACGCTC,1
l3_CAAGATCCAGCCACCA,1
l3_CAAGATCGTTTCGCTC,2
l3_CAAGATCTCCCTCTTT,1
l3_CAAGATCTCGGATGTT,1
l3_CAAGATCTCGTTACGA,4
l3_CAAGTTGAGGACATTA,1
l3_CAAGTTGCACTTAAGC,1
l3_CAAGTTGGTGATGCCC,1
l3_CAAGTTGTCAGCGACC,1
l3_CAAGTTGTCCGTACAA,1
l3_CACAAACAGCCTATGT,1
l3_CACAAACAGCTCCCAG,1
l3_CACAAACAGGCGACAT,1
l3_CACAAACCAGGAATGC,1
l3_CACAAACGTAATCACC,3
l3_CACAAACTCATTCACT,4
l3_CACACAAGTAGAAAGG,1
l3_CACACAATCGCACTCT,3
l3_CACACCTAGTAGATGT,1
l3_CACACCTTCTACTATC,1
l3_CACACCTTCTTATCTG,4
l3_CACACTCAGTGAACAT,4
l3_CACACTCTCAACGGGA,4
l3_CACACTCTCCTAGAAC,1
l3_CACAGGCAGATCCCAT,1
l3_CACAGGCAGCGTTTAC,1
l3_CACAGGCCATTACCTT,5
l3_CACAGTAAGTCGATAA,1
l3_CACAGTACAGTCTTCC,5
l3_CACAGTAGTCTCCATC,1
l3_CACAGTATCTATCGCC,1
l3_CACATAGAGACGCAAC,1
l3_CACATAGAGATCACGG,5
l3_CACATAGAGTGTTGAA,1
l3_CACATAGCAAGTCTAC,5
l3_CACATAGCACTGTGTA,1
l3_CACATAGGTAAAGGAG,4
l3_CACATAGGTATAGTAG,1
l3_CACATAGGTCTCCCTA,1
l3_CACATAGTCCCTTGCA,0
l3_CACATAGTCTCGAGTA,3
l3_CACATTTCAACTGCTA,1
l3_CACATTTTCCCTTGCA,2
l3_CACATTTTCCGCATCT,2
l3_CACATTTTCTGTTTGT,4
l3_CACCACTCAGCTTAAC,1
l3_CACCACTGTAAACACA,4
l3_CACCACTTCACCACCT,1
l3_CACCACTTCATGTGGT,1
l3_CACCACTTCCTCAACC,4
l3_CACCACTTCCTTCAAT,2
l3_CACCAGGAGAGACTTA,6
l3_CACCAGGAGCTATGCT,1
l3_CACCAGGAGTCCAGGA,2
l3_CACCAGGCAAATCCGT,1
l3_CACCAGGGTATGAATG,1
l3_CACCAGGGTATGCTTG,3
l3_CACCTTGAGAGTAAGG,1
l3_CACCTTGCAATGGAAT,1
l3_CACCTTGGTAGCGTCC,3
l3_CACCTTGGTGCTTCTC,1
l3_CACTCCAAGATAGCAT,1
l3_CACTCCAAGTGCGATG,3
l3_CACTCCACAGTGACAG,4
l3_CACTCCAGTATAGGTA,4
l3_CACTCCAGTGACTACT,4
l3_CACTCCATCGCGATCG,1
l3_CAGAATCAGGCGACAT,1
l3_CAGAATCCAACACCTA,1
l3_CAGAATCCATTACGAC,4
l3_CAGAATCGTGTCGCTG,1
l3_CAGAATCTCAAAGTAG,2
l3_CAGAATCTCCGTAGGC,5
l3_CAGAGAGAGAAGGCCT,1
l3_CAGAGAGAGCAACGGT,2
l3_CAGAGAGCACTAAGTC,3
l3_CAGATCACACATTCGA,1
l3_CAGATCATCGTCCAGG,3
l3_CAGCAGCAGAATCTCC,1
l3_CAGCAGCAGTGACTCT,5
l3_CAGCAGCGTGACTACT,1
l3_CAGCAGCTCTTTCCTC,4
l3_CAGCATAAGCCGATTT,5
l3_CAGCATACACGCATCG,2
l3_CAGCATACATCGGGTC,4
l3_CAGCATATCAGGTAAA,1
l3_CAGCATATCATCGGAT,1
l3_CAGCATATCATGTCTT,2
l3_CAGCCGAAGCGAAGGG,1
l3_CAGCCGAGTAGCGTAG,5
l3_CAGCCGAGTAGGCATG,5
l3_CAGCGACAGCGTTTAC,1
l3_CAGCGACAGTGACTCT,5
l3_CAGCGACGTCCTCCAT,1
l3_CAGCTAACACCAGGTC,1
l3_CAGCTAACAGCCTTTC,3
l3_CAGCTAACATATACCG,5
l3_CAGCTAAGTATGGTTC,1
l3_CAGCTGGGTGGTCTCG,1
l3_CAGGTGCAGGCTCATT,2
l3_CAGGTGCAGTTCGCAT,6
l3_CAGGTGCTCAAGGTAA,1
l3_CAGTAACTCCCTAACC,0
l3_CAGTCCTAGATGTCGG,1
l3_CAGTCCTAGCAGGCTA,1
l3_CAGTCCTAGTCAATAG,1
l3_CAGTCCTAGTGCCAGA,5
l3_CAGTCCTAGTTACCCA,1
l3_CAGTCCTCATGCCCGA,5
l3_CAGTCCTTCTCATTCA,5
l3_CATATGGAGAGGTTGC,0
l3_CATATGGAGGTGCTAG,1
l3_CATATGGCAATGGAGC,2
l3_CATATTCAGAGCTGGT,6
l3_CATATTCAGCACAGGT,1
l3_CATATTCCACTAAGTC,2
l3_CATATTCCACTTAAGC,4
l3_CATATTCGTCCGTGAC,6
l3_CATATTCGTGAAGGCT,1
l3_CATATTCTCAGCTCGG,5
l3_CATATTCTCAGTTTGG,1
l3_CATATTCTCCACTCCA,5
l3_CATATTCTCGCGCCAA,1
l3_CATCAAGGTCATATGC,2
l3_CATCAAGTCACAGTAC,5
l3_CATCAAGTCCGCGGTA,5
l3_CATCAAGTCTTTAGTC,0
l3_CATCAGAAGACCGGAT,1
l3_CATCAGAAGCGTCAAG,1
l3_CATCAGAAGGCTCAGA,4
l3_CATCAGACAGTTTACG,5
l3_CATCAGAGTTCTGTTT,2
l3_CATCAGATCAAAGACA,4
l3_CATCAGATCAGCCTAA,5
l3_CATCAGATCCGCATAA,1
l3_CATCAGATCCTAGTGA,2
l3_CATCCACAGTCTCGGC,1
l3_CATCCACCATACAGCT,3
l3_CATCCACGTTCAGACT,2
l3_CATCGAAAGCGCTCCA,5
l3_CATCGAAAGGGCTCTC,1
l3_CATCGAAAGTGAAGTT,0
l3_CATCGAACAATAGAGT,5
l3_CATCGAACAATGGAGC,1
l3_CATCGAATCCAATGGT,4
l3_CATCGAATCTTCCTTC,3
l3_CATCGGGAGATCTGCT,1
l3_CATCGGGAGATGGGTC,4
l3_CATCGGGAGGTTCCTA,1
l3_CATCGGGGTCAATACC,1
l3_CATGCCTAGTCGTTTG,1
l3_CATGCCTGTACCATCA,3
l3_CATGCCTGTTACAGAA,4
l3_CATGCCTGTTCACGGC,5
l3_CATGCCTTCAACGCTA,4
l3_CATGCCTTCAGGCGAA,3
l3_CATGGCGCACGTTGGC,1
l3_CATGGCGGTACGCACC,1
l3_CATTCGCAGATCTGCT,1
l3_CATTCGCAGCTACCGC,1
l3_CATTCGCAGTACGTAA,4
l3_CATTCGCAGTCCATAC,1
l3_CATTCGCCAATACGCT,5
l3_CATTCGCGTCATCCCT,2
l3_CATTCGCGTGCGAAAC,4
l3_CATTCGCTCCGGCACA,4
l3_CATTCGCTCCTCCTAG,1
l3_CATTCGCTCGTACGGC,1
l3_CATTCGCTCTATCGCC,1
l3_CATTCGCTCTTCATGT,1
l3_CCAATCCAGATGTCGG,3
l3_CCAATCCGTTACTGAC,1
l3_CCACCTAGTGTCCTCT,4
l3_CCACCTATCCGCAGTG,3
l3_CCACCTATCGAACTGT,4
l3_CCACCTATCTCGATGA,1
l3_CCACCTATCTGTCCGT,3
l3_CCACGGACACCAGATT,2
l3_CCACGGAGTCTGATTG,3
l3_CCACGGAGTGGCGAAT,1
l3_CCACGGAGTTCATGGT,1
l3_CCACGGATCCCTAATT,1
l3_CCACGGATCCTATTCA,1
l3_CCACTACAGATCGGGT,1
l3_CCACTACCAGGAACGT,1
l3_CCACTACCATGTAAGA,1
l3_CCACTACGTCATGCAT,6
l3_CCACTACGTCTCCATC,5
l3_CCACTACTCATTGCCC,1
l3_CCACTACTCCATGAGT,4
l3_CCACTACTCGTCTGAA,1
l3_CCAGCGACAAGTAATG,1
l3_CCAGCGAGTAGCTAAA,1
l3_CCAGCGATCTATCGCC,3
l3_CCATGTCAGGGTGTGT,4
l3_CCATGTCGTTAGGGTG,4
l3_CCATGTCGTTCCATGA,2
l3_CCATGTCGTTGCGCAC,1
l3_CCATTCGAGAGAACAG,5
l3_CCATTCGAGATGCCTT,0
l3_CCATTCGCAGGACCCT,1
l3_CCATTCGGTCGGCTCA,2
l3_CCATTCGGTCTGCGGT,1
l3_CCATTCGTCCGGCACA,1
l3_CCATTCGTCGGCATCG,1
l3_CCATTCGTCTCCGGTT,1
l3_CCCAATCAGCTTCGCG,1
l3_CCCAATCAGTCCTCCT,2
l3_CCCAATCCACGGTAGA,1
l3_CCCAATCCATGACATC,6
l3_CCCAGTTCATTTGCCC,1
l3_CCCAGTTGTCGATTGT,1
l3_CCCAGTTTCAGTCCCT,1
l3_CCCAGTTTCGGTCTAA,0
l3_CCCTCCTAGATGCGAC,1
l3_CCCTCCTAGTTCGCGC,4
l3_CCGGGATAGTAGCCGA,1
l3_CCGGTAGGTAGCGTCC,0
l3_CCGTACTCACACCGCA,1
l3_CCGTACTGTAAGTAGT,4
l3_CCGTGGAAGCCTCGTG,1
l3_CCGTGGAGTAGCTAAA,1
l3_CCGTGGATCAAGATCC,2
l3_CCGTTCAAGACAAGCC,1
l3_CCGTTCAAGACCTAGG,1
l3_CCGTTCACAATGGACG,1
l3_CCGTTCACATCTGGTA,5
l3_CCGTTCATCACCTTAT,3
l3_CCGTTCATCGATCCCT,1
l3_CCTAAAGAGCGTAATA,1
l3_CCTAAAGCAGGGATTG,1
l3_CCTAAAGCAGGTGGAT,2
l3_CCTAAAGCATAACCTG,0
l3_CCTAAAGGTCGGGTCT,0
l3_CCTAAAGGTTGAGTTC,0
l3_CCTACACAGACAAGCC,1
l3_CCTACACCACACCGAC,1
l3_CCTACACCATTAGGCT,1
l3_CCTACACGTCGACTAT,1
l3_CCTACACGTCGCTTTC,1
l3_CCTACACGTTGGTTTG,1
l3_CCTACACTCTTGCAAG,1
l3_CCTACCAAGCTACCTA,1
l3_CCTACCACACTCGACG,4
l3_CCTACCACACTGTCGG,4
l3_CCTACCACACTTAACG,1
l3_CCTACCATCAAGGTAA,6
l3_CCTAGCTAGAGATGAG,1
l3_CCTAGCTAGTTCGCAT,0
l3_CCTAGCTAGTTGAGTA,5
l3_CCTAGCTCAATGACCT,1
l3_CCTAGCTTCATGCTCC,1
l3_CCTATTACAGGAATCG,1
l3_CCTATTATCGAATGGG,1
l3_CCTCAGTAGATCCTGT,1
l3_CCTCAGTAGATCGGGT,1
l3_CCTCAGTAGCTGAAAT,3
l3_CCTCAGTCATTGGGCC,5
l3_CCTCAGTGTGAGGGTT,1
l3_CCTCAGTTCCACGACG,5
l3_CCTCAGTTCTCAAGTG,5
l3_CCTCTGAAGCCAGAAC,5
l3_CCTCTGAGTAACGCGA,3
l3_CCTCTGAGTTAGTGGG,1
l3_CCTCTGAGTTCCGGCA,4
l3_CCTCTGATCAAACCAC,4
l3_CCTTACGAGAGTCGGT,1
l3_CCTTACGCAGGGTACA,1
l3_CCTTACGCATCGACGC,2
l3_CCTTACGGTTGTCGCG,1
l3_CCTTACGTCCCATTAT,5
l3_CCTTACGTCCTAGGGC,1
l3_CCTTCCCCAAGTCTAC,1
l3_CCTTCCCCAGATGAGC,2
l3_CCTTCCCGTGATGCCC,1
l3_CCTTCCCTCAAGGTAA,1
l3_CCTTCCCTCAGTCCCT,3
l3_CCTTCGAGTTCAGTAC,5
l3_CCTTCGATCATTGCGA,1
l3_CCTTCGATCCTTCAAT,1
l3_CCTTCGATCGCGCCAA,1
l3_CCTTTCTAGTGTGGCA,2
l3_CCTTTCTCACTGTCGG,3
l3_CCTTTCTGTGCCTGTG,1
l3_CCTTTCTGTGGGTCAA,1
l3_CCTTTCTTCACTCTTA,1
l3_CCTTTCTTCCATTCTA,1
l3_CGAACATAGTCCGTAT,1
l3_CGAACATCACATGTGT,3
l3_CGAACATCACGAGAGT,2
l3_CGAATGTAGTAACCCT,1
l3_CGAATGTGTCAGAGGT,1
l3_CGAATGTGTCCGACGT,3
l3_CGAATGTTCGATCCCT,1
l3_CGAATGTTCGCCGTGA,2
l3_CGAATGTTCGTAGGTT,5
l3_CGAATGTTCTTGGGTA,5
l3_CGACCTTAGAAGATTC,1
l3_CGACCTTAGACTGGGT,3
l3_CGACCTTAGAGTTGGC,1
l3_CGACCTTAGCGTGAAC,2
l3_CGACCTTAGTTAGCGG,5
l3_CGACCTTCAGACGCCT,4
l3_CGACCTTGTACTCGCG,1
l3_CGACCTTGTCGAGATG,1
l3_CGACCTTGTTACTGAC,5
l3_CGACCTTTCACCACCT,2
l3_CGACTTCCACAGACTT,1
l3_CGACTTCCAGTCTTCC,4
l3_CGACTTCGTAGCTTGT,1
l3_CGACTTCTCAACACGT,1
l3_CGAGAAGGTCCAAGTT,1
l3_CGAGAAGGTCTGATTG,1
l3_CGAGAAGGTTACGACT,1
l3_CGAGAAGGTTGAACTC,1
l3_CGAGAAGTCAGCTGGC,3
l3_CGAGCACAGACGCACA,4
l3_CGAGCACAGAGGTAGA,1
l3_CGAGCACGTTGAACTC,5
l3_CGAGCCAAGACCTTTG,0
l3_CGAGCCAAGATATGCA,4
l3_CGAGCCACATCCTAGA,1
l3_CGAGCCAGTCGAGATG,3
l3_CGAGCCAGTGATGATA,1
l3_CGAGCCAGTGTAAGTA,1
l3_CGAGCCATCATAGCAC,1
l3_CGATCGGCAAAGGCGT,3
l3_CGATCGGTCATTTGGG,1
l3_CGATCGGTCCGCGGTA,3
l3_CGATCGGTCGACGGAA,2
l3_CGATGGCCATATACGC,1
l3_CGATGGCTCAACGGCC,1
l3_CGATGGCTCAACTCTT,1
l3_CGATGGCTCTACCTGC,4
l3_CGATGTAAGAGACTAT,1
l3_CGATGTAAGTGTCCAT,1
l3_CGATGTAGTAAAGTCA,1
l3_CGATGTAGTTCAGCGC,2
l3_CGATGTAGTTTGGGCC,5
l3_CGATGTATCATGTAGC,5
l3_CGATTGAAGAGGTTAT,1
l3_CGATTGAAGCGATCCC,1
l3_CGATTGAGTTTGACAC,3
l3_CGATTGATCATTGCGA,1
l3_CGCCAAGAGCAGATCG,0
l3_CGCCAAGAGGCATGTG,6
l3_CGCCAAGCACCGCTAG,1
l3_CGCCAAGCATAAAGGT,6
l3_CGCCAAGGTGCAGGTA,2
l3_CGCCAAGGTTTGGCGC,1
l3_CGCCAAGTCATAACCG,1
l3_CGCCAAGTCGGCATCG,1
l3_CGCGGTAAGAATCTCC,5
l3_CGCGGTAAGAGGTAGA,0
l3_CGCGGTAAGCTGCGAA,1
l3_CGCGGTACACGGATAG,1
l3_CGCGGTACACGTAAGG,2
l3_CGCGGTACATGACATC,1
l3_CGCTATCAGCGTCAAG,5
l3_CGCTATCAGCTGATAA,1
l3_CGCTATCCAGTAAGAT,5
l3_CGCTATCGTTCGCGAC,4
l3_CGCTATCTCTGAGGGA,5
l3_CGCTGGAAGCCGATTT,1
l3_CGCTGGACAAACTGTC,1
l3_CGCTGGACACACGCTG,5
l3_CGCTGGACATATGCTG,0
l3_CGCTGGACATCGTCGG,5
l3_CGCTGGAGTTCTGAAC,1
l3_CGCTGGATCATAAAGG,1
l3_CGCTGGATCATAGCAC,1
l3_CGCTGGATCTGGGCCA,1
l3_CGCTTCAAGCCTATGT,1
l3_CGCTTCAAGGCCCGTT,3
l3_CGCTTCACAGCCACCA,4
l3_CGCTTCACAGCTCGAC,3
l3_CGCTTCATCCGAGCCA,6
l3_CGCTTCATCCTGCCAT,1
l3_CGGACACAGGCAGGTT,1
l3_CGGACACAGGTGACCA,1
l3_CGGACACCATCGGAAG,1
l3_CGGACGTCAAACCTAC,1
l3_CGGACGTGTATATCCG,5
l3_CGGACTGAGCACAGGT,4
l3_CGGACTGAGTGGGCTA,2
l3_CGGACTGAGTGTACTC,1
l3_CGGACTGCAAGGTTCT,1
l3_CGGACTGCAGCGATCC,5
l3_CGGACTGGTCTTCGTC,4
l3_CGGACTGGTTAGGGTG,2
l3_CGGAGCTAGCGTCTAT,3
l3_CGGAGCTAGGTGCTAG,1
l3_CGGAGCTCACTTGGAT,5
l3_CGGAGCTGTCCGAAGA,3
l3_CGGAGCTGTGGTCTCG,1
l3_CGGAGCTTCACCACCT,1
l3_CGGAGTCCATCCGCGA,2
l3_CGGAGTCGTTCCTCCA,3
l3_CGGAGTCTCACATAGC,3
l3_CGGAGTCTCAGGCCCA,4
l3_CGGAGTCTCCCTCAGT,1
l3_CGGCTAGGTACTCGCG,2
l3_CGGCTAGGTCAAACTC,1
l3_CGGCTAGGTTGAGTTC,2
l3_CGGCTAGTCAGCAACT,6
l3_CGGCTAGTCCTATTCA,1
l3_CGGCTAGTCTCGTTTA,0
l3_CGGGTCAAGGCTAGCA,6
l3_CGGGTCACAGGGTTAG,4
l3_CGGGTCACATTCTCAT,1
l3_CGGGTCATCGGAAACG,5
l3_CGGGTCATCGTCGTTC,4
l3_CGGGTCATCGTTACGA,1
l3_CGGTTAAAGAATGTTG,1
l3_CGGTTAAGTGACGCCT,4
l3_CGGTTAATCCGCATCT,3
l3_CGTAGCGCACCTATCC,1
l3_CGTAGCGCATCGGAAG,4
l3_CGTAGCGGTCAGGACA,2
l3_CGTAGCGTCATACGGT,2
l3_CGTAGCGTCCCTTGCA,4
l3_CGTAGGCAGACTAGAT,4
l3_CGTAGGCAGAGCCCAA,6
l3_CGTAGGCAGATCGATA,1
l3_CGTAGGCAGCTCAACT,1
l3_CGTAGGCAGGGTTTCT,3
l3_CGTAGGCCATGCCCGA,1
l3_CGTAGGCTCCACGCAG,1
l3_CGTCACTAGGATGGTC,1
l3_CGTCACTCAAGCTGAG,1
l3_CGTCACTCATCGGTTA,3
l3_CGTCACTGTTGATTGC,5
l3_CGTCAGGAGCGTCAAG,1
l3_CGTCAGGCATTTCAGG,2
l3_CGTCAGGTCATGCAAC,4
l3_CGTCAGGTCGGCGCTA,6
l3_CGTCCATAGAAGGTTT,4
l3_CGTCCATAGGATGCGT,1
l3_CGTCCATAGTGTCCCG,1
l3_CGTCCATCATAACCTG,1
l3_CGTCCATCATCTACGA,4
l3_CGTCCATCATTGAGCT,2
l3_CGTCTACAGCGATATA,5
l3_CGTCTACCATTCCTGC,3
l3_CGTCTACGTTTAGGAA,1
l3_CGTGAGCCAACACCTA,2
l3_CGTGAGCGTTATGCGT,1
l3_CGTGTAAAGCTGGAAC,1
l3_CGTGTAAAGTATGACA,5
l3_CGTGTAAGTCGCGAAA,1
l3_CGTGTAAGTGAGTGAC,1
l3_CGTGTCTAGACTGTAA,1
l3_CGTGTCTCACAGACTT,3
l3_CGTGTCTGTAAGGATT,2
l3_CGTGTCTGTAGGGTAC,2
l3_CGTGTCTTCAGCTCTC,4
l3_CGTGTCTTCGGATGGA,4
l3_CGTTAGAAGAGAACAG,4
l3_CGTTAGAAGTGTGGCA,4
l3_CGTTAGATCAACGCTA,1
l3_CGTTAGATCTCGGACG,4
l3_CGTTCTGAGTTGTCGT,2
l3_CGTTCTGCACATAACC,3
l3_CGTTCTGCACCCATTC,1
l3_CGTTCTGCATACCATG,1
l3_CGTTCTGCATAGTAAG,5
l3_CGTTCTGGTAGAAAGG,4
l3_CGTTCTGTCGTTTATC,4
l3_CGTTGGGAGACATAAC,1
l3_CGTTGGGCACTTGGAT,1
l3_CGTTGGGCAGAGCCAA,1
l3_CGTTGGGTCTTGTTTG,1
l3_CTAACTTGTGCGAAAC,4
l3_CTAACTTTCAGGTAAA,1
l3_CTAACTTTCCAATGGT,1
l3_CTAACTTTCTGAAAGA,6
l3_CTAACTTTCTTGTATC,5
l3_CTAAGACAGCATCATC,3
l3_CTAAGACCACATGTGT,3
l3_CTAAGACGTCCATGAT,3
l3_CTAATGGAGAGCCCAA,1
l3_CTAATGGAGCCGGTAA,0
l3_CTAATGGAGGGCACTA,4
l3_CTAATGGGTCAAAGAT,1
l3_CTAATGGGTGACTCAT,2
l3_CTAATGGGTGGACGAT,0
l3_CTAATGGTCCCGACTT,2
l3_CTAATGGTCGAGCCCA,5
l3_CTAATGGTCGCAGGCT,1
l3_CTAATGGTCTGATACG,1
l3_CTACACCAGGGCTTCC,5
l3_CTACACCCAAGAGTCG,1
l3_CTACACCGTGGGTATG,4
l3_CTACATTAGTATGACA,5
l3_CTACATTGTTATCCGA,1
l3_CTACATTTCAGTCAGT,5
l3_CTACCCAAGAATTGTG,1
l3_CTACCCATCATAGCAC,4
l3_CTACCCATCTAACTTC,1
l3_CTACCCATCTATGTGG,5
l3_CTACCCATCTGAGGGA,5
l3_CTACGTCAGGCACATG,6
l3_CTACGTCTCAGGCAAG,3
l3_CTACGTCTCAGTACGT,2
l3_CTACGTCTCCACGTTC,1
l3_CTACGTCTCTTAACCT,6
l3_CTAGAGTAGGGCATGT,5
l3_CTAGAGTAGTACGTTC,2
l3_CTAGAGTGTAACGTTC,1
l3_CTAGAGTGTCTAACGT,2
l3_CTAGCCTAGACCGGAT,1
l3_CTAGCCTAGAGCTATA,1
l3_CTAGCCTAGTGTACGG,1
l3_CTAGCCTCATTAGGCT,1
l3_CTAGCCTGTCTTGATG,1
l3_CTAGCCTTCAGCATGT,5
l3_CTAGCCTTCCGTACAA,1
l3_CTAGTGACAAGTTAAG,2
l3_CTAGTGACAGGATCGA,4
l3_CTAGTGATCAATACCG,2
l3_CTAGTGATCTGTGCAA,4
l3_CTCACACAGTCAAGGC,1
l3_CTCACACCACTCTGTC,4
l3_CTCACACCAGGTGGAT,1
l3_CTCACACTCTAACGGT,1
l3_CTCACACTCTGCTGCT,3
l3_CTCAGAAAGACGCACA,1
l3_CTCAGAAAGAGACTAT,1
l3_CTCAGAAAGCAATATG,1
l3_CTCAGAACACATCTTT,4
l3_CTCAGAACACCAGTTA,6
l3_CTCAGAAGTCACACGC,2
l3_CTCAGAAGTCGAGTTT,1
l3_CTCAGAATCTCACATT,5
l3_CTCATTAAGCCAGTTT,4
l3_CTCATTAGTCCCTACT,4
l3_CTCATTAGTCCGTCAG,3
l3_CTCATTAGTCGTGGCT,2
l3_CTCATTATCGCACTCT,2
l3_CTCATTATCGGTTCGG,5
l3_CTCCTAGCACCGAAAG,4
l3_CTCCTAGGTCGGCTCA,1
l3_CTCGAAAAGATATGGT,1
l3_CTCGAAAAGTGGGTTG,2
l3_CTCGAAAGTCAACATC,1
l3_CTCGAAATCACGGTTA,1
l3_CTCGAAATCATGTCCC,5
l3_CTCGAAATCTATGTGG,6
l3_CTCGAAATCTTTAGGG,1
l3_CTCGAGGAGAGGTTGC,1
l3_CTCGAGGAGCAGACTG,5
l3_CTCGAGGAGCTCTCGG,0
l3_CTCGAGGAGTGTGGCA,4
l3_CTCGAGGGTACAGACG,2
l3_CTCGAGGGTGGACGAT,4
l3_CTCGGAGCACTGTCGG,1
l3_CTCGGAGGTAGTGAAT,1
l3_CTCGGAGTCACGGTTA,1
l3_CTCGGGACATCCGTGG,3
l3_CTCGGGAGTTATCCGA,1
l3_CTCGTACAGTGGGATC,2
l3_CTCGTACCACCAGTTA,1
l3_CTCGTACGTCAAAGCG,5
l3_CTCGTACGTGGTCCGT,1
l3_CTCGTACGTGGTCTCG,1
l3_CTCGTACTCAGTTCGA,0
l3_CTCGTACTCCAGAGGA,1
l3_CTCGTACTCCGTACAA,1
l3_CTCGTACTCCTATTCA,5
l3_CTCGTCACAGGGAGAG,2
l3_CTCGTCACATCGGACC,1
l3_CTCGTCAGTTGTGGCC,1
l3_CTCTAATAGACAGAGA,3
l3_CTCTAATAGCTAACTC,1
l3_CTCTAATAGTGGCACA,1
l3_CTCTAATCAGGACCCT,4
l3_CTCTAATGTAAAGTCA,1
l3_CTCTAATTCAACACTG,1
l3_CTCTAATTCTGGGCCA,1
l3_CTCTAATTCTTGCCGT,1
l3_CTCTAATTCTTGGGTA,6
l3_CTCTACGCATCGTCGG,3
l3_CTCTACGGTCTCTCGT,1
l3_CTCTACGTCGGTTAAC,1
l3_CTCTACGTCTCTGAGA,1
l3_CTCTGGTAGATCCCGC,2
l3_CTCTGGTAGATCTGCT,3
l3_CTCTGGTCACTTGGAT,2
l3_CTCTGGTGTCAAGCGA,1
l3_CTCTGGTGTGAACCTT,4
l3_CTCTGGTGTTGTCGCG,1
l3_CTCTGGTTCCAGGGCT,5
l3_CTGAAACAGATGTTAG,1
l3_CTGAAACTCAGAAATG,1
l3_CTGAAACTCGTGGACC,1
l3_CTGAAACTCTTGAGAC,1
l3_CTGAAGTCAAGCGAGT,1
l3_CTGAAGTGTCTAGGTT,2
l3_CTGAAGTGTTCCCTTG,1
l3_CTGAAGTTCCCACTTG,1
l3_CTGAAGTTCTTGTCAT,1
l3_CTGATAGAGAGCTATA,0
l3_CTGATAGCACGAGGTA,0
l3_CTGATAGTCATTATCC,1
l3_CTGATCCAGAGACTTA,2
l3_CTGATCCAGGACAGCT,1
l3_CTGATCCCAAGGTGTG,3
l3_CTGATCCCACGGCCAT,1
l3_CTGATCCCAGATCTGT,1
l3_CTGATCCCATGGTTGT,2
l3_CTGCCTAAGTGAACAT,4
l3_CTGCCTACAACGATGG,2
l3_CTGCCTACACGGTAGA,4
l3_CTGCCTACAGACAAAT,1
l3_CTGCCTAGTCAGGACA,1
l3_CTGCCTAGTGAGTATA,1
l3_CTGCCTAGTTCTGGTA,3
l3_CTGCCTAGTTGGACCC,1
l3_CTGCCTATCGGCGGTT,2
l3_CTGCCTATCTCTTATG,1
l3_CTGCGGAAGCACACAG,2
l3_CTGCGGAAGTGTGAAT,1
l3_CTGCGGAGTGACCAAG,6
l3_CTGCGGATCACTTATC,4
l3_CTGCGGATCCCATTAT,0
l3_CTGCTGTAGCCAACAG,5
l3_CTGCTGTAGTGACATA,5
l3_CTGCTGTTCCAACCAA,1
l3_CTGCTGTTCTGGTGTA,1
l3_CTGGTCTGTTCCACAA,1
l3_CTGGTCTGTTCCATGA,1
l3_CTGGTCTTCACAATGC,3
l3_CTGGTCTTCACTATTC,1
l3_CTGGTCTTCTGCGTAA,1
l3_CTGTGCTAGCCCAGCT,5
l3_CTGTGCTCAGGGTTAG,1
l3_CTGTGCTCATCACGAT,1
l3_CTGTGCTCATGACGGA,4
l3_CTGTGCTGTTCAGTAC,5
l3_CTGTGCTTCACTTCAT,1
l3_CTGTGCTTCTATCGCC,1
l3_CTGTTTAAGAACTGTA,5
l3_CTGTTTAAGCACCGTC,1
l3_CTGTTTACAGCCAATT,5
l3_CTGTTTACATGCCTTC,5
l3_CTGTTTAGTCTCTTTA,5
l3_CTGTTTATCATTGCGA,2
l3_CTTAACTAGCTAGCCC,1
l3_CTTAACTAGCTAGTTC,1
l3_CTTAACTCAGAGTGTG,1
l3_CTTAACTCATTTGCTT,4
l3_CTTAACTGTCCAAGTT,1
l3_CTTAACTTCAGGATCT,1
l3_CTTAACTTCATCGGAT,3
l3_CTTAACTTCGCCAAAT,1
l3_CTTAACTTCGGTCTAA,1
l3_CTTACCGAGTAACCCT,2
l3_CTTACCGAGTAGGTGC,5
l3_CTTACCGAGTGGAGTC,3
l3_CTTACCGCACACTGCG,1
l3_CTTACCGGTGAGCGAT,3
l3_CTTACCGTCCGCGTTT,0
l3_CTTAGGAAGGCCGAAT,1
l3_CTTAGGAAGGTGATAT,2
l3_CTTAGGACAAAGCAAT,1
l3_CTTAGGAGTAGCTGCC,4
l3_CTTAGGATCAACGAAA,1
l3_CTTAGGATCATCATTC,5
l3_CTTAGGATCCTGTACC,1
l3_CTTAGGATCTACTATC,4
l3_CTTCTCTAGTATGACA,4
l3_CTTCTCTCATATGAGA,3
l3_CTTCTCTGTACACCGC,3
l3_CTTGGCTAGTGTACCT,1
l3_CTTGGCTAGTGTCCAT,4
l3_CTTGGCTCAATGGAGC,3
l3_CTTGGCTCACCTATCC,2
l3_CTTGGCTCATGCTAGT,4
l3_CTTGGCTCATGTCTCC,1
l3_CTTGGCTGTAGGCATG,3
l3_CTTGGCTGTCCGAGTC,5
l3_CTTGGCTGTTCGCGAC,5
l3_CTTGGCTTCAACGAAA,5
l3_CTTTGCGAGCGACGTA,1
l3_CTTTGCGCACCCATGG,1
l3_CTTTGCGGTACGCACC,1
l3_CTTTGCGGTGAGGCTA,6
l3_CTTTGCGTCTCTGCTG,0
l3_GAAACTCAGTATCTCG,1
l3_GAAACTCAGTGCGATG,1
l3_GAAACTCCACCGATAT,1
l3_GAAACTCGTAACGCGA,1
l3_GAAATGAAGTAGATGT,4
l3_GAAATGAGTCAGAGGT,5
l3_GAAATGAGTCAGATAA,2
l3_GAAATGAGTCAGGACA,3
l3_GAAATGATCGTTACGA,1
l3_GAACATCAGATGGCGT,5
l3_GAACATCAGGAGTTGC,1
l3_GAACATCGTCATATCG,1
l3_GAACATCGTCTAGCCG,1
l3_GAACATCGTTCCCTTG,2
l3_GAACATCTCAGTCAGT,5
l3_GAACCTAAGAACTGTA,4
l3_GAACCTAAGCAGGTCA,4
l3_GAACCTACAAGCGCTC,2
l3_GAACCTACAAGTCTGT,4
l3_GAACCTAGTCTGATTG,4
l3_GAACCTATCACAATGC,4
l3_GAACGGACATTATCTC,1
l3_GAACGGACATTCCTCG,6
l3_GAACGGAGTACAGTGG,0
l3_GAACGGATCTGGCGAC,1
l3_GAAGCAGAGTCATGCT,4
l3_GAAGCAGGTCCTCCAT,4
l3_GAAGCAGTCAGCACAT,1
l3_GAATAAGTCCTTAATC,4
l3_GAATAAGTCTCGCTTG,1
l3_GAATGAAGTATCAGTC,2
l3_GAATGAATCAGGTTCA,5
l3_GACACGCGTGGACGAT,5
l3_GACAGAGAGAAGGCCT,1
l3_GACAGAGAGAGGGATA,1
l3_GACAGAGAGCCACTAT,1
l3_GACCAATAGGTGATTA,1
l3_GACCAATCAATGGATA,1
l3_GACCAATCACTGTCGG,3
l3_GACCAATTCGAGGTAG,5
l3_GACCAATTCGTCCGTT,4
l3_GACCAATTCTCGTTTA,4
l3_GACCTGGAGAGGGATA,1
l3_GACCTGGAGCCTTGAT,5
l3_GACCTGGCACGAAAGC,1
l3_GACCTGGCATACGCTA,1
l3_GACCTGGGTCAAACTC,3
l3_GACCTGGGTCGTCTTC,2
l3_GACCTGGTCAACGAAA,1
l3_GACGCGTGTACATCCA,1
l3_GACGCGTTCACCGGGT,1
l3_GACGGCTAGCCACGCT,3
l3_GACGGCTCACGCGAAA,1
l3_GACGGCTGTGGGTCAA,1
l3_GACGGCTGTTTAAGCC,1
l3_GACGGCTTCATGTAGC,1
l3_GACGGCTTCTATCGCC,2
l3_GACGTGCAGCTGGAAC,1
l3_GACGTGCGTTATTCTC,1
l3_GACGTTAAGATGTTAG,2
l3_GACGTTAAGCTAGTTC,0
l3_GACGTTACAAAGTGCG,1
l3_GACGTTACACCAGGTC,5
l3_GACGTTATCACCGTAA,1
l3_GACGTTATCATCGCTC,3
l3_GACGTTATCCCAAGTA,6
l3_GACTAACAGGCTAGAC,1
l3_GACTAACAGTGCCATT,1
l3_GACTAACAGTTATCGC,4
l3_GACTAACCAGCTCGAC,4
l3_GACTAACGTCTGATCA,0
l3_GACTAACGTTCTGTTT,4
l3_GACTACAAGTCGTACT,3
l3_GACTACACACACCGAC,0
l3_GACTACATCATTGCCC,5
l3_GACTACATCCCATTTA,4
l3_GACTACATCTGTCAAG,2
l3_GACTGCGAGACTAAGT,6
l3_GACTGCGAGTATCTCG,1
l3_GACTGCGAGTGTCCAT,1
l3_GACTGCGCAATGGAAT,1
l3_GACTGCGTCCCTAACC,1
l3_GACTGCGTCGCATGGC,1
l3_GAGCAGAAGGGTCGAT,2
l3_GAGCAGACAATGAATG,3
l3_GAGCAGACAGCCTTTC,4
l3_GAGCAGAGTGAAATCA,4
l3_GAGCAGAGTGTCAATC,1
l3_GAGCAGAGTTATCGGT,2
l3_GAGCAGATCGTAGGTT,3
l3_GAGGTGACATCCCATC,0
l3_GAGTCCGAGCAGATCG,1
l3_GAGTCCGAGTCCAGGA,1
l3_GAGTCCGCATGCAATC,3
l3_GAGTCCGGTTGGAGGT,4
l3_GATCAGTAGAACAATC,1
l3_GATCAGTAGAGGGCTT,4
l3_GATCAGTTCCGTCAAA,1
l3_GATCGATAGAACTGTA,3
l3_GATCGATAGACTTGAA,5
l3_GATCGATAGAGGTTAT,2
l3_GATCGATGTCGCCATG,1
l3_GATCGATTCCAGATCA,1
l3_GATCGCGAGTGCTGCC,1
l3_GATCGCGTCAGGTAAA,5
l3_GATCGTAAGCCAGTAG,2
l3_GATCGTAAGCCCGAAA,4
l3_GATCGTATCTGTCCGT,1
l3_GATCTAGAGAAGGGTA,3
l3_GATCTAGAGACAGAGA,1
l3_GATCTAGAGGATGGTC,6
l3_GATCTAGCATTTCAGG,1
l3_GATCTAGGTATATGGA,1
l3_GATCTAGGTCTAGTCA,4
l3_GATCTAGTCGGATGGA,2
l3_GATGAAAAGTAAGTAC,3
l3_GATGAAAAGTGACTCT,1
l3_GATGAAACACGGACAA,6
l3_GATGAAAGTATCGCAT,1
l3_GATGAAAGTCGGCACT,4
l3_GATGAAAGTGTTTGGT,1
l3_GATGAAAGTTGATTCG,5
l3_GATGAAATCCGAACGC,3
l3_GATGAAATCCTGCAGG,5
l3_GATGAAATCTGCCAGG,3
l3_GATGAGGAGTAAGTAC,5
l3_GATGAGGCAAGACACG,3
l3_GATGAGGCACTGTCGG,1
l3_GATGAGGGTACAGTTC,1
l3_GATGAGGGTGGGTATG,4
l3_GATGAGGTCAGGCGAA,1
l3_GATGAGGTCCGCAAGC,1
l3_GATGCTAAGATAGGAG,4
l3_GATGCTACAGTCTTCC,5
l3_GATGCTAGTCTCTTAT,3
l3_GATGCTAGTGACGCCT,6
l3_GATGCTATCCAAAGTC,1
l3_GATTCAGAGCGTTGCC,3
l3_GATTCAGAGGCCCGTT,1
l3_GATTCAGGTGCTTCTC,1
l3_GCAAACTAGAGCTATA,6
l3_GCAAACTCAAGTAGTA,6
l3_GCAAACTCAAGTCTGT,5
l3_GCAAACTTCCGGGTGT,5
l3_GCAATCAAGACACGAC,1
l3_GCAATCACAGTCTTCC,1
l3_GCAATCAGTCATCGGC,1
l3_GCACATACAATAGAGT,4
l3_GCACATACAGTGAGTG,4
l3_GCACATACATCCTAGA,1
l3_GCACATATCATTTGGG,6
l3_GCACTCTAGGGCTTCC,2
l3_GCACTCTGTTCATGGT,1
l3_GCACTCTTCAACACTG,1
l3_GCACTCTTCAATCTCT,5
l3_GCACTCTTCACAGGCC,0
l3_GCAGCCAAGGAACTGC,4
l3_GCAGCCAAGTTTCCTT,1
l3_GCAGCCACATTAACCG,3
l3_GCAGCCATCCTGTACC,3
l3_GCAGTTAAGTAGCGGT,6
l3_GCAGTTACACCAGGCT,2
l3_GCAGTTACACGCATCG,2
l3_GCAGTTAGTAACGTTC,2
l3_GCAGTTAGTCAAAGAT,1
l3_GCAGTTAGTGGTAACG,1
l3_GCAGTTATCTTGCAAG,6
l3_GCATACAAGGGATGGG,1
l3_GCATACACAAGTTAAG,2
l3_GCATACACATACGCCG,5
l3_GCATACACATGTAGTC,1
l3_GCATACAGTACAGACG,3
l3_GCATACAGTGGTTTCA,1
l3_GCATGATAGACTACAA,1
l3_GCATGATAGTGCGTGA,4
l3_GCATGATGTGATGATA,0
l3_GCATGATTCTTCAACT,1
l3_GCATGCGAGAAGGTGA,4
l3_GCATGCGAGACAGACC,1
l3_GCATGCGGTCGGCACT,2
l3_GCATGCGTCCAGGGCT,5
l3_GCATGCGTCCTATTCA,1
l3_GCATGTACAAGTTAAG,2
l3_GCATGTACATTCTCAT,1
l3_GCATGTAGTAGCTGCC,1
l3_GCATGTAGTCCATGAT,5
l3_GCATGTAGTTTGTGTG,1
l3_GCATGTATCCTCAATT,1
l3_GCATGTATCGTATCAG,3
l3_GCCAAATAGTAGGCCA,1
l3_GCCAAATCACCGATAT,2
l3_GCCAAATTCCGCGCAA,3
l3_GCCTCTAAGCGTAATA,2
l3_GCCTCTACAATGGATA,1
l3_GCCTCTAGTGAAAGAG,2
l3_GCCTCTATCAGATAAG,1
l3_GCGACCAAGGCAGGTT,1
l3_GCGACCACAGGGCATA,1
l3_GCGACCACATGTCTCC,1
l3_GCGACCAGTAAGGGAA,2
l3_GCGACCAGTCAGAAGC,1
l3_GCGACCAGTTTCCACC,4
l3_GCGACCAGTTTGACTG,3
l3_GCGAGAAAGAGTCTGG,5
l3_GCGAGAACACCCATGG,2
l3_GCGAGAACAGGGAGAG,2
l3_GCGAGAAGTGAGCGAT,2
l3_GCGAGAATCCTCAACC,3
l3_GCGAGAATCCTCATTA,5
l3_GCGCAACAGGGCACTA,2
l3_GCGCAACGTCTTGTCC,2
l3_GCGCAACGTGCAACGA,3
l3_GCGCAACTCGACAGCC,1
l3_GCGCAACTCTCTTATG,3
l3_GCGCAGTAGACAGACC,1
l3_GCGCAGTAGTCGAGTG,1
l3_GCGCAGTCAAGGACTG,1
l3_GCGCAGTTCAAGAAGT,0
l3_GCGCAGTTCCCTCTTT,1
l3_GCGCAGTTCGCGATCG,4
l3_GCGCCAACACGAAGCA,3
l3_GCGCCAAGTTCGTTGA,6
l3_GCGCCAATCAACACAC,1
l3_GCGCCAATCCGAACGC,1
l3_GCGCGATAGTTAGCGG,1
l3_GCGCGATCAAATACAG,0
l3_GCGCGATCATAGAAAC,1
l3_GCGCGATGTTTGACTG,4
l3_GCGCGATTCCTTGGTC,4
l3_GCGCGATTCGGAAATA,5
l3_GCGGGTTAGACTTTCG,2
l3_GCGGGTTAGATCGATA,5
l3_GCGGGTTAGGGTGTTG,4
l3_GCGGGTTAGGTGCTTT,2
l3_GCGGGTTAGTGAACAT,1
l3_GCGGGTTTCACGAAGG,5
l3_GCGGGTTTCGGTCTAA,1
l3_GCTCCTAAGGGAGTAA,1
l3_GCTCCTAAGTGTACTC,1
l3_GCTCCTACACACCGAC,1
l3_GCTCCTAGTATATGAG,2
l3_GCTCCTAGTGTTTGGT,5
l3_GCTCCTAGTTATCCGA,4
l3_GCTCCTAGTTCGCTAA,3
l3_GCTCCTAGTTGACGTT,4
l3_GCTCCTATCTTCGGTC,4
l3_GCTCTGTAGAACAATC,1
l3_GCTCTGTAGATCCGAG,2
l3_GCTCTGTCATTACCTT,5
l3_GCTCTGTGTAACGTTC,1
l3_GCTGCAGCAGCTGTGC,6
l3_GCTGCAGGTCAATACC,4
l3_GCTGCAGGTGAACCTT,1
l3_GCTGCAGGTGATAAGT,5
l3_GCTGCAGGTTCTCATT,1
l3_GCTGCAGTCAGGTTCA,5
l3_GCTGCAGTCTAACTCT,1
l3_GCTGCGACACAAGACG,1
l3_GCTGCGACACATCCAA,1
l3_GCTGCGACACCACGTG,1
l3_GCTGCGACACCCATTC,1
l3_GCTGCGACATCCTAGA,1
l3_GCTGCGAGTCCTCTTG,1
l3_GCTGCGATCGAACGGA,2
l3_GCTGCGATCTTTCCTC,4
l3_GCTGCTTAGTGCCAGA,4
l3_GCTGCTTGTTCGGGCT,1
l3_GCTGCTTTCAAGCCTA,1
l3_GCTGCTTTCGTAGGAG,1
l3_GCTGGGTTCAACGCTA,1
l3_GCTTGAAAGCGTCAAG,0
l3_GCTTGAAAGGCAATTA,1
l3_GCTTGAAGTAAGAGGA,4
l3_GCTTGAAGTCCAAGTT,2
l3_GGAAAGCAGCAACGGT,1
l3_GGAAAGCCACCGGAAA,0
l3_GGAAAGCCATTATCTC,1
l3_GGAAAGCGTCCCTACT,4
l3_GGAAAGCGTTTCGCTC,5
l3_GGAAAGCTCACCCGAG,1
l3_GGAACTTCAGGAATGC,1
l3_GGAACTTCAGTATAAG,5
l3_GGAACTTGTAAGCACG,1
l3_GGAACTTGTCAACATC,5
l3_GGAACTTGTTGTCTTT,1
l3_GGAACTTTCATAAAGG,1
l3_GGAACTTTCGCCATAA,5
l3_GGAACTTTCTACTTAC,3
l3_GGAATAAAGAAGATTC,1
l3_GGAATAAAGATCCTGT,2
l3_GGAATAAAGCGCCTTG,1
l3_GGAATAAAGTGAATTG,1
l3_GGAATAACATGACGGA,1
l3_GGAATAAGTTGTACAC,5
l3_GGAATAATCCCAAGTA,1
l3_GGAATAATCCTTCAAT,3
l3_GGACAAGAGGACTGGT,1
l3_GGACAAGCATCTATGG,1
l3_GGACAAGGTAACGTTC,4
l3_GGACAAGGTCTGCGGT,1
l3_GGACAAGTCAGCAACT,1
l3_GGACAAGTCTGCGACG,4
l3_GGACAGAAGAAGGTGA,1
l3_GGACAGATCGTAGGTT,3
l3_GGACATTCATCACAAC,0
l3_GGACATTGTCTCTTAT,4
l3_GGACATTTCACAGTAC,1
l3_GGACATTTCCTCTAGC,1
l3_GGACGTCAGCGTAGTG,1
l3_GGACGTCAGGCCCTCA,5
l3_GGAGCAAGTAGCACGA,0
l3_GGAGCAATCAGTCCCT,1
l3_GGAGCAATCTGTCCGT,1
l3_GGATGTTAGCAGCCTC,1
l3_GGATGTTAGCATGGCA,1
l3_GGATGTTAGCTGAAAT,2
l3_GGATGTTAGTGAATTG,1
l3_GGATGTTCAGTCAGCC,2
l3_GGATGTTCATTGGCGC,2
l3_GGATGTTGTCTGGTCG,2
l3_GGATGTTTCATAACCG,3
l3_GGATTACAGGCCCGTT,4
l3_GGATTACAGTGTGGCA,5
l3_GGATTACGTTTGGGCC,1
l3_GGATTACTCCAGATCA,5
l3_GGCAATTAGCAATATG,1
l3_GGCAATTAGGTCATCT,1
l3_GGCAATTGTACCGCTG,1
l3_GGCAATTGTCCAGTTA,4
l3_GGCAATTTCCGATATG,4
l3_GGCAATTTCTTGACGA,2
l3_GGCCGATAGCCGTCGT,0
l3_GGCCGATAGCTTATCG,4
l3_GGCCGATAGTGTCCCG,1
l3_GGCCGATCAAGTCTGT,1
l3_GGCCGATCACCGTTGG,4
l3_GGCCGATCATCACCCT,4
l3_GGCCGATCATTTCACT,1
l3_GGCCGATGTCCGTCAG,2
l3_GGCCGATTCGCCTGAG,5
l3_GGCCGATTCTGCGGCA,2
l3_GGCGACTAGCGAGAAA,5
l3_GGCGACTAGTATTGGA,4
l3_GGCGACTAGTTGAGTA,5
l3_GGCGACTGTGTGCCTG,1
l3_GGCGTGTCAAGCTGTT,2
l3_GGCGTGTCAATCAGAA,1
l3_GGCGTGTCATGAGCGA,4
l3_GGCGTGTGTCCTAGCG,0
l3_GGCGTGTTCGCATGAT,5
l3_GGCGTGTTCGGATGGA,3
l3_GGCTCGAAGTACGCCC,1
l3_GGCTCGAAGTTAAGTG,4
l3_GGCTCGAGTCGTGGCT,3
l3_GGCTGGTCAAAGCGGT,0
l3_GGCTGGTCACTGTGTA,1
l3_GGCTGGTTCGTAGGAG,1
l3_GGGAATGAGACACGAC,0
l3_GGGAATGAGATCGATA,1
l3_GGGAATGCAGGCTGAA,1
l3_GGGAATGCAGTCCTTC,1
l3_GGGAATGCATCGGTTA,1
l3_GGGAATGGTTATCACG,1
l3_GGGACCTAGTGGTAGC,1
l3_GGGACCTGTAAGGATT,1
l3_GGGACCTGTGCTAGCC,1
l3_GGGACCTTCCGCATAA,3
l3_GGGACCTTCGCAAACT,1
l3_GGGAGATAGTCTTGCA,1
l3_GGGAGATGTAACGCGA,5
l3_GGGATGAAGGCAATTA,1
l3_GGGATGAAGGTACTCT,2
l3_GGGATGAGTATCGCAT,1
l3_GGGCACTAGAAGGGTA,1
l3_GGGCACTAGCTTCGCG,3
l3_GGGCACTCATGGATGG,4
l3_GGGCACTGTTAGATGA,1
l3_GGGCACTTCGCCGTGA,6
l3_GGGCATCAGTAAGTAC,2
l3_GGGCATCGTGGTTTCA,5
l3_GGGCATCTCGCATGGC,1
l3_GGGTCTGAGGACGAAA,3
l3_GGGTCTGCACATAACC,1
l3_GGGTCTGCAGACACTT,1
l3_GGGTCTGCAGATGGCA,1
l3_GGGTCTGTCAACACCA,1
l3_GGGTCTGTCCAAACAC,5
l3_GGGTCTGTCGCTGATA,5
l3_GGGTTGCAGTCCTCCT,1
l3_GGGTTGCCATACAGCT,1
l3_GGGTTGCGTTACGTCA,0
l3_GGTATTGCAATGTTGC,1
l3_GGTATTGCATACCATG,2
l3_GGTATTGGTTAAGGGC,1
l3_GGTATTGGTTCCCGAG,2
l3_GGTGAAGAGAATGTGT,1
l3_GGTGAAGAGTGAAGAG,1
l3_GGTGAAGCAACACCTA,4
l3_GGTGAAGCATACGCTA,4
l3_GGTGAAGTCTGGCGAC,1
l3_GGTGCGTAGGATCGCA,1
l3_GGTGCGTCAGTCTTCC,1
l3_GGTGCGTGTCGCATCG,1
l3_GGTGCGTGTTAAGTAG,2
l3_GGTGCGTGTTGCTCCT,1
l3_GGTGCGTTCCAAACAC,3
l3_GGTGTTAAGTGAAGAG,1
l3_GGTGTTACAACACGCC,1
l3_GGTGTTACATGCCTTC,5
l3_GGTGTTAGTGCTAGCC,1
l3_GGTGTTATCCAGATCA,1
l3_GGTGTTATCGGATGGA,1
l3_GTAACGTCAAGGTTTC,1
l3_GTAACGTGTTCGAATC,3
l3_GTAACGTTCCGCATCT,3
l3_GTAACTGAGTGAACAT,6
l3_GTAACTGGTCCATCCT,5
l3_GTAACTGTCAAACGGG,4
l3_GTAACTGTCGGCGCAT,1
l3_GTAACTGTCTACTATC,1
l3_GTACGTAAGAGACTAT,4
l3_GTACGTATCTAACGGT,1
l3_GTACGTATCTTCTGGC,1
l3_GTACTCCAGGCATGTG,3
l3_GTACTCCGTACAGTGG,1
l3_GTACTCCGTACGCACC,6
l3_GTACTCCGTAGGAGTC,4
l3_GTACTCCGTCGTCTTC,5
l3_GTACTCCGTGGTCCGT,1
l3_GTACTTTCAAGAAGAG,5
l3_GTACTTTCACGAAGCA,5
l3_GTACTTTGTCGCATAT,3
l3_GTACTTTTCCGCGGTA,2
l3_GTACTTTTCGAGGTAG,1
l3_GTAGTCACATGGAATA,1
l3_GTAGTCACATTCTCAT,6
l3_GTAGTCAGTCCGCTGA,1
l3_GTAGTCAGTGACTACT,3
l3_GTAGTCATCTAACTCT,1
l3_GTATCTTAGAAAGTGG,3
l3_GTATCTTAGTGGTAGC,4
l3_GTATCTTAGTGTCTCA,5
l3_GTATCTTGTCGATTGT,1
l3_GTATCTTGTTTAGCTG,1
l3_GTATCTTTCTTATCTG,1
l3_GTATTCTAGCTGTTCA,1
l3_GTATTCTCACCGAATT,1
l3_GTATTCTCACTGAAGG,1
l3_GTATTCTCATATACGC,2
l3_GTATTCTGTGACTCAT,5
l3_GTATTCTTCGCCAAAT,4
l3_GTCAAGTAGGATGCGT,1
l3_GTCAAGTAGGGCTCTC,4
l3_GTCAAGTGTCTGATTG,2
l3_GTCAAGTTCCTCAATT,5
l3_GTCACAAAGCGGCTTC,0
l3_GTCACAAAGCGTTGCC,1
l3_GTCACAATCGTATCAG,3
l3_GTCACGGAGGTGTTAA,5
l3_GTCACGGCACTGTCGG,4
l3_GTCACGGCAGCGTTCG,4
l3_GTCACGGGTAATCGTC,6
l3_GTCACGGGTCGCTTTC,1
l3_GTCACGGTCTAACTTC,1
l3_GTCACGGTCTGGAGCC,4
l3_GTCATTTAGAGCTGGT,0
l3_GTCATTTCAGTATCTG,1
l3_GTCATTTGTCCTCTTG,4
l3_GTCATTTTCGAGGTAG,0
l3_GTCCTCAAGACCACGA,2
l3_GTCCTCAAGAGCCCAA,6
l3_GTCCTCAAGTACGACG,5
l3_GTCCTCACAGCGTAAG,1
l3_GTCCTCAGTTTGTTGG,4
l3_GTCCTCATCAGAAATG,5
l3_GTCGTAAGTACGAAAT,1
l3_GTCGTAAGTATAATGG,0
l3_GTCGTAAGTCTCAACA,1
l3_GTCGTAAGTCTTGCGG,2
l3_GTCGTAAGTGACGCCT,1
l3_GTCGTAAGTTTCCACC,6
l3_GTCGTAATCCACGCAG,1
l3_GTCTCGTAGCTATGCT,4
l3_GTCTCGTAGTGCCATT,1
l3_GTCTCGTCACCGAATT,1
l3_GTCTCGTGTCATATGC,1
l3_GTCTCGTGTTATGCGT,1
l3_GTCTCGTGTTCAGGCC,1
l3_GTCTCGTTCAGTTCGA,5
l3_GTCTCGTTCGCTGATA,5
l3_GTCTTCGAGCTGCGAA,0
l3_GTCTTCGGTGATGTCT,1
l3_GTCTTCGTCCGAATGT,1
l3_GTGAAGGAGGCTAGAC,1
l3_GTGAAGGCATATGGTC,1
l3_GTGAAGGTCGTTGCCT,4
l3_GTGCAGCAGAAGGACA,0
l3_GTGCAGCCAAGCGCTC,4
l3_GTGCAGCCACCACGTG,4
l3_GTGCAGCGTTTGGGCC,4
l3_GTGCATACAAGTACCT,1
l3_GTGCATAGTCACTTCC,3
l3_GTGCATAGTCATACTG,3
l3_GTGCATAGTGAAGGCT,1
l3_GTGCATATCTTCAACT,1
l3_GTGCGGTAGAGCCTAG,1
l3_GTGCGGTCACGCGAAA,2
l3_GTGCGGTCATAACCTG,5
l3_GTGCTTCAGCCCAACC,4
l3_GTGCTTCCAAGTACCT,1
l3_GTGCTTCGTAAGTGGC,1
l3_GTGCTTCGTGCAACTT,1
l3_GTGCTTCTCCTCGCAT,1
l3_GTGGGTCAGAGTACCG,1
l3_GTGGGTCAGCCTTGAT,4
l3_GTGGGTCAGCTAAACA,5
l3_GTGGGTCCAGCTTCGG,1
l3_GTGGGTCGTCATCCCT,2
l3_GTGGGTCGTGCGGTAA,1
l3_GTGGGTCTCAACGGCC,1
l3_GTGTGCGAGAGTACAT,4
l3_GTGTGCGAGCAGATCG,1
l3_GTGTGCGCAAAGAATC,2
l3_GTGTGCGGTAGCGCAA,5
l3_GTGTTAGAGAGTCTGG,1
l3_GTGTTAGAGAGTGAGA,1
l3_GTGTTAGCAAGTCATC,6
l3_GTGTTAGCATGCGCAC,1
l3_GTGTTAGGTACCAGTT,1
l3_GTGTTAGGTAGCTCCG,1
l3_GTGTTAGGTCCGAACC,1
l3_GTTAAGCAGCTTCGCG,1
l3_GTTAAGCCAAGTCTGT,1
l3_GTTAAGCCAGTTAACC,1
l3_GTTAAGCGTCTAAAGA,1
l3_GTTAAGCGTTTCGCTC,1
l3_GTTACAGAGCCCAGCT,2
l3_GTTACAGAGGATATAC,1
l3_GTTACAGAGTTACCCA,5
l3_GTTACAGCAAGGACTG,2
l3_GTTACAGCATGCCACG,1
l3_GTTCATTAGATCCTGT,1
l3_GTTCATTAGATGAGAG,4
l3_GTTCATTAGCCGGTAA,5
l3_GTTCATTAGCTGATAA,4
l3_GTTCATTAGTCATGCT,3
l3_GTTCATTCAATGGATA,6
l3_GTTCATTGTCTGCAAT,2
l3_GTTCATTTCCGAATGT,1
l3_GTTCATTTCGAACTGT,6
l3_GTTCGGGCAGAGTGTG,0
l3_GTTCGGGGTACCGAGA,1
l3_GTTCGGGGTCTTTCAT,1
l3_GTTCGGGTCTACTCAT,2
l3_GTTCTCGAGAAGGTTT,1
l3_GTTCTCGGTCTAACGT,1
l3_GTTTCTAAGAAGAAGC,2
l3_GTTTCTAAGGAGTTTA,4
l3_GTTTCTACATTTGCTT,5
l3_GTTTCTATCAAAGTAG,4
l3_GTTTCTATCAACCATG,3
l3_TAAACCGAGGAATGGA,1
l3_TAAACCGAGGGCATGT,2
l3_TAAACCGAGTCCCACG,2
l3_TAAACCGCAAAGCAAT,4
l3_TAAACCGCAGTCAGCC,1
l3_TAAACCGCAGTCCTTC,6
l3_TAAACCGGTCACAAGG,1
l3_TAAACCGTCAGTCAGT,5
l3_TAAGAGACATTCGACA,1
l3_TAAGAGAGTCCAGTAT,0
l3_TAAGAGAGTCTCATCC,1
l3_TAAGCGTAGCGTCAAG,1
l3_TAAGCGTAGTACATGA,3
l3_TAAGCGTAGTACGCGA,1
l3_TAAGCGTCAAGCCATT,4
l3_TAAGCGTCAAGTTGTC,1
l3_TAAGCGTGTAGCTGCC,1
l3_TAAGCGTGTCCGAAGA,1
l3_TAAGCGTGTCGACTGC,1
l3_TAAGCGTTCGGATGGA,1
l3_TAAGCGTTCTGAAAGA,1
l3_TAAGTGCCAAACAACA,1
l3_TAAGTGCCACCCATTC,1
l3_TAAGTGCGTGAGGGAG,1
l3_TAAGTGCGTTCCACAA,4
l3_TAAGTGCTCTACTATC,1
l3_TACACGAAGAAACGAG,3
l3_TACACGAAGGCTCATT,5
l3_TACACGAAGTGGGCTA,1
l3_TACACGACATCCAACA,5
l3_TACACGAGTTCACCTC,1
l3_TACACGAGTTGGGACA,4
l3_TACAGTGCACTTAAGC,2
l3_TACAGTGGTAGAGTGC,0
l3_TACAGTGGTCGCATCG,1
l3_TACAGTGGTTATCCGA,1
l3_TACAGTGGTTTGACTG,1
l3_TACAGTGGTTTGTGTG,0
l3_TACAGTGGTTTGTTGG,1
l3_TACAGTGTCCGGCACA,1
l3_TACAGTGTCGTGGGAA,1
l3_TACAGTGTCTTTAGGG,1
l3_TACCTATCAGTATCTG,3
l3_TACCTATGTTGCGCAC,1
l3_TACCTTAAGAGGTAGA,3
l3_TACCTTAAGTGGAGTC,1
l3_TACCTTATCGAGCCCA,1
l3_TACGGATAGCGTTGCC,5
l3_TACGGATAGGGCATGT,0
l3_TACGGATAGGTCATCT,1
l3_TACGGATCAATCCAAC,2
l3_TACGGATCAATGACCT,4
l3_TACGGATCAGTAAGCG,5
l3_TACGGATGTAAGTTCC,1
l3_TACGGATGTCAAACTC,1
l3_TACGGATGTTAAGATG,1
l3_TACGGGCAGAGATGAG,0
l3_TACGGGCAGCTGTTCA,1
l3_TACGGGCAGGTGCACA,1
l3_TACGGGCCAGTCAGCC,4
l3_TACGGGCGTTCCTCCA,1
l3_TACGGTAAGGAATGGA,6
l3_TACGGTACAATGGACG,1
l3_TACGGTAGTAAACCTC,1
l3_TACTCATAGAATTCCC,1
l3_TACTCATCACCGGAAA,1
l3_TACTCATTCATGTGGT,1
l3_TACTCATTCGCCTGAG,1
l3_TACTCATTCTGGTTCC,1
l3_TACTCGCAGTCCGTAT,1
l3_TACTCGCAGTCGCCGT,4
l3_TACTCGCAGTCGTTTG,1
l3_TACTCGCCAGTAAGCG,1
l3_TACTCGCCATCTCCCA,1
l3_TACTCGCGTCGAGATG,1
l3_TACTCGCTCCAAATGC,4
l3_TACTTACAGACGCACA,1
l3_TACTTACAGCTCAACT,4
l3_TACTTACCACATAACC,1
l3_TACTTACCATTGGCGC,1
l3_TACTTACTCCATGAGT,1
l3_TACTTACTCCGGCACA,5
l3_TACTTACTCGAGCCCA,1
l3_TACTTACTCGGAAATA,1
l3_TACTTGTAGAAACGAG,0
l3_TACTTGTAGCTTATCG,6
l3_TACTTGTAGTATGACA,5
l3_TACTTGTCAAAGCAAT,4
l3_TACTTGTCAAGTAGTA,2
l3_TACTTGTCATCTCCCA,1
l3_TACTTGTGTGATAAAC,1
l3_TACTTGTGTGTTCGAT,0
l3_TACTTGTTCTTGTACT,1
l3_TAGACCACAAAGCAAT,1
l3_TAGACCACAAGACACG,1
l3_TAGACCAGTAACGTTC,1
l3_TAGACCAGTCGGATCC,5
l3_TAGACCAGTTCCCGAG,2
l3_TAGACCATCCAGAGGA,4
l3_TAGACCATCCTGCTTG,4
l3_TAGACCATCGGGAGTA,4
l3_TAGACCATCTTGTCAT,3
l3_TAGAGCTGTCGACTAT,1
l3_TAGAGCTTCAGAGACG,1
l3_TAGAGCTTCAGTGCAT,5
l3_TAGCCGGAGATGTCGG,1
l3_TAGCCGGAGTGTCCAT,5
l3_TAGCCGGGTATAATGG,5
l3_TAGCCGGTCTCGGACG,1
l3_TAGGCATAGTGCGTGA,2
l3_TAGGCATAGTTAGGTA,5
l3_TAGGCATCACGTCTCT,5
l3_TAGGCATCATTCCTGC,1
l3_TAGGCATGTACAGTTC,3
l3_TAGGCATTCTTTCCTC,2
l3_TAGTGGTAGTTAGCGG,6
l3_TAGTGGTCATCGTCGG,5
l3_TAGTGGTGTACTCTCC,5
l3_TAGTGGTGTCGTCTTC,3
l3_TAGTGGTTCGGGAGTA,1
l3_TAGTGGTTCTGCTGTC,1
l3_TAGTTGGCACTTACGA,0
l3_TAGTTGGCAGGAATCG,1
l3_TAGTTGGGTGGTCCGT,5
l3_TAGTTGGTCGGCGCAT,2
l3_TATCAGGAGAACAACT,4
l3_TATCAGGGTACGACCC,1
l3_TATCAGGTCGCAGGCT,1
l3_TATCAGGTCTTAGCCC,4
l3_TATCTCAAGATATACG,1
l3_TATCTCATCTAACGGT,4
l3_TATGCCCAGCGACGTA,4
l3_TATGCCCAGCTAACTC,6
l3_TATGCCCGTCGCGGTT,1
l3_TATGCCCTCCAAGTAC,2
l3_TATGCCCTCTATCGCC,4
l3_TATTACCAGGTTACCT,1
l3_TATTACCAGTACGCGA,1
l3_TATTACCAGTGGTAAT,4
l3_TATTACCCAACACCTA,1
l3_TATTACCCAGATGGGT,4
l3_TATTACCCAGCTGTAT,2
l3_TATTACCGTCGAATCT,1
l3_TATTACCGTGAAGGCT,3
l3_TCAACGAAGTGGTAGC,4
l3_TCAACGAGTAAAGTCA,4
l3_TCAACGAGTATGAAAC,2
l3_TCAACGATCTTTAGGG,1
l3_TCAATCTAGCATCATC,1
l3_TCAATCTAGCTAGGCA,1
l3_TCAATCTCACGAAAGC,1
l3_TCAATCTTCTGCAAGT,5
l3_TCACAAGAGACAAAGG,5
l3_TCACAAGAGATGCGAC,5
l3_TCACAAGAGCCGATTT,3
l3_TCACAAGCATAGTAAG,1
l3_TCACAAGCATATACCG,0
l3_TCACAAGTCTAGAGTC,2
l3_TCACGAAAGACTAAGT,1
l3_TCACGAAAGCAATATG,1
l3_TCACGAATCGGTGTCG,2
l3_TCACGAATCGTCGTTC,5
l3_TCACGAATCTGACCTC,1
l3_TCAGATGCATGAGCGA,1
l3_TCAGATGGTGGTACAG,4
l3_TCAGATGTCAGCATGT,2
l3_TCAGATGTCTGTCTAT,1
l3_TCAGCAAAGAAGATTC,4
l3_TCAGCAAAGAATGTGT,5
l3_TCAGCAAGTCACAAGG,3
l3_TCAGCAAGTCTCCCTA,4
l3_TCAGCTCCACATGACT,1
l3_TCAGCTCCACATTTCT,1
l3_TCAGCTCCACCAGTTA,2
l3_TCAGCTCCATCGGGTC,1
l3_TCAGCTCGTCGCATCG,4
l3_TCAGCTCTCTCAAGTG,1
l3_TCAGGATAGAAGATTC,1
l3_TCAGGATAGTGAACGC,4
l3_TCAGGATCACCAGGCT,4
l3_TCAGGATTCAAACAAG,0
l3_TCAGGATTCAGTTGAC,2
l3_TCAGGATTCCAAGTAC,1
l3_TCAGGATTCTCTGTCG,2
l3_TCAGGTAAGCGCCTCA,2
l3_TCAGGTATCTCTGCTG,5
l3_TCATTACAGCAATCTC,5
l3_TCATTACAGCTAACTC,4
l3_TCATTACAGTGGGATC,1
l3_TCATTACCACCAGGCT,3
l3_TCATTACCAGCCACCA,6
l3_TCATTACCATCGACGC,3
l3_TCATTACGTAGTAGTA,1
l3_TCATTACTCACTTATC,5
l3_TCATTTGAGCACCGCT,1
l3_TCATTTGCAAACAACA,2
l3_TCATTTGGTCAACATC,1
l3_TCATTTGGTTTCGCTC,3
l3_TCATTTGGTTTGTTGG,1
l3_TCATTTGTCCGCATAA,3
l3_TCATTTGTCGAGAGCA,1
l3_TCCACACAGAAAGTGG,4
l3_TCCACACAGCTAGGCA,1
l3_TCCACACCACCCATGG,2
l3_TCCACACGTATTCTCT,1
l3_TCCACACGTTCGGGCT,3
l3_TCCACACTCTTGCCGT,1
l3_TCCCGATCATACTACG,1
l3_TCCCGATGTTGGAGGT,4
l3_TCCCGATTCAACGGGA,1
l3_TCCCGATTCAGTCAGT,1
l3_TCCCGATTCGGTGTTA,5
l3_TCCCGATTCTAACTGG,5
l3_TCGAGGCAGTGTTTGC,3
l3_TCGAGGCCACGAAGCA,3
l3_TCGAGGCTCGCCAGCA,1
l3_TCGCGTTAGAAACGAG,1
l3_TCGCGTTGTCGCGTGT,1
l3_TCGCGTTTCAACCATG,4
l3_TCGCGTTTCACGCGGT,1
l3_TCGGGACAGAGTAATC,1
l3_TCGGGACCATAGAAAC,4
l3_TCGGGACCATCACGAT,1
l3_TCGGGACGTTAAGATG,2
l3_TCGGGACTCACCTCGT,4
l3_TCGGGACTCCAGAAGG,1
l3_TCGGGACTCGAATGGG,3
l3_TCGGTAAAGAGGTACC,1
l3_TCGGTAAAGCCAGTAG,5
l3_TCGGTAAAGCCGGTAA,2
l3_TCGGTAAAGCTGATAA,1
l3_TCGGTAAAGGGCATGT,0
l3_TCGGTAACAACACCTA,3
l3_TCGGTAACAAGCCGCT,1
l3_TCGGTAACACATGACT,1
l3_TCGGTAAGTGCACTTA,2
l3_TCGGTAAGTGGGTCAA,1
l3_TCGGTAATCGTTGACA,6
l3_TCGTACCGTCTAGCGC,5
l3_TCGTACCTCACCGTAA,1
l3_TCGTAGAAGACTTGAA,2
l3_TCGTAGAAGAGGGATA,1
l3_TCGTAGAAGATCTGCT,1
l3_TCGTAGAAGCCGCCTA,4
l3_TCGTAGAAGGCAGGTT,5
l3_TCGTAGAAGTAGGTGC,1
l3_TCGTAGACACCAACCG,5
l3_TCGTAGACAGTAACGG,3
l3_TCGTAGAGTCTTCGTC,1
l3_TCGTAGATCGCCAAAT,3
l3_TCTATTGCAAGGTGTG,2
l3_TCTATTGGTGGGTCAA,1
l3_TCTATTGTCCTTGACC,1
l3_TCTATTGTCGTTTATC,3
l3_TCTCATAAGCACAGGT,4
l3_TCTCATAAGGCAGTCA,1
l3_TCTCATACAGTCAGCC,1
l3_TCTCATAGTACGACCC,1
l3_TCTCATAGTAGCGTCC,1
l3_TCTCATAGTCTGCGGT,1
l3_TCTCATATCACCAGGC,3
l3_TCTCATATCCATGCTC,1
l3_TCTCATATCTTACCGC,1
l3_TCTCTAAAGCTTTGGT,1
l3_TCTCTAACATTCTTAC,4
l3_TCTCTAAGTCGTGGCT,1
l3_TCTCTAAGTTCGAATC,1
l3_TCTCTAATCACAGGCC,1
l3_TCTGAGACAATGGACG,2
l3_TCTGAGACACCACCAG,1
l3_TCTGAGACAGCATGAG,3
l3_TCTGAGATCGGTTAAC,1
l3_TCTGGAAAGAATAGGG,3
l3_TCTGGAAAGACATAAC,1
l3_TCTGGAAAGAGCAATT,1
l3_TCTGGAAAGAGTAAGG,1
l3_TCTGGAACACACTGCG,1
l3_TCTGGAACAGGGTTAG,2
l3_TCTGGAAGTTCGCGAC,1
l3_TCTGGAAGTTGGGACA,2
l3_TCTGGAATCACCAGGC,0
l3_TCTGGAATCATTATCC,1
l3_TCTGGAATCCTCTAGC,1
l3_TCTTCGGAGCCGTCGT,1
l3_TCTTCGGAGGACAGAA,1
l3_TCTTCGGGTCTCAACA,2
l3_TCTTCGGGTCTCGTTC,1
l3_TCTTCGGTCTACTTAC,1
l3_TCTTTCCAGATACACA,1
l3_TCTTTCCTCGTTACGA,1
l3_TGAAAGAAGCTCAACT,1
l3_TGAAAGAAGCTGGAAC,3
l3_TGAAAGATCAACACCA,5
l3_TGAAAGATCCAAACTG,1
l3_TGAAAGATCCTGCCAT,0
l3_TGAAAGATCTATGTGG,1
l3_TGACAACAGAAGAAGC,2
l3_TGACAACAGAGTAAGG,5
l3_TGACAACAGCCACCTG,2
l3_TGACAACAGCTGGAAC,6
l3_TGACAACGTAGCACGA,1
l3_TGACAACTCCGTACAA,1
l3_TGACAACTCGCGTAGC,1
l3_TGACGGCAGAAGATTC,1
l3_TGACGGCAGGTTACCT,4
l3_TGACGGCAGTGTGGCA,1
l3_TGACGGCCACCAGGCT,1
l3_TGACGGCGTACCGTAT,1
l3_TGACGGCTCGAATGGG,1
l3_TGACTAGAGAACTCGG,1
l3_TGACTAGAGGCGACAT,2
l3_TGACTAGCAGCTCGCA,4
l3_TGACTAGCATCTGGTA,1
l3_TGACTAGGTCCTCCAT,1
l3_TGACTAGTCGAACGGA,2
l3_TGACTAGTCGGATGTT,1
l3_TGACTTTAGGCGTACA,4
l3_TGACTTTCACGAAACG,5
l3_TGACTTTCACTGTGTA,1
l3_TGAGAGGAGCTAGCCC,2
l3_TGAGAGGCAAGTCATC,1
l3_TGAGAGGGTAGAGCTG,5
l3_TGAGAGGGTCTACCTC,5
l3_TGAGAGGGTCTGCAAT,1
l3_TGAGCATCACCTCGTT,2
l3_TGAGCATCACGGTAGA,5
l3_TGAGCATCAGATCCAT,4
l3_TGAGCATGTAGCCTAT,5
l3_TGAGCATTCAGAGACG,6
l3_TGAGCATTCAGCGATT,0
l3_TGAGCATTCTTGGGTA,1
l3_TGAGCCGCATATGCTG,2
l3_TGAGCCGGTCAATACC,1
l3_TGAGCCGGTCGACTAT,1
l3_TGAGCCGTCCAGATCA,2
l3_TGAGGGAAGAAGGTGA,4
l3_TGAGGGAAGACGCTTT,1
l3_TGAGGGAAGACTTTCG,3
l3_TGAGGGAAGTCAAGCG,1
l3_TGAGGGACAAGGTTTC,1
l3_TGAGGGAGTGGCAAAC,1
l3_TGAGGGATCATGGTCA,1
l3_TGATTTCAGACTCGGA,4
l3_TGATTTCAGAGTCGGT,3
l3_TGATTTCAGATCCTGT,6
l3_TGATTTCAGCGTTGCC,1
l3_TGATTTCAGCTAAACA,1
l3_TGATTTCAGGTGCTAG,3
l3_TGATTTCCAATCCAAC,1
l3_TGATTTCCATCCCACT,4
l3_TGATTTCCATTCGACA,5
l3_TGATTTCTCACGGTTA,4
l3_TGATTTCTCATGTAGC,4
l3_TGCACCTGTCCGCTGA,3
l3_TGCCAAAAGGGATACC,4
l3_TGCCAAAAGTAAGTAC,1
l3_TGCCAAAAGTCTTGCA,1
l3_TGCCAAACAGTCTTCC,1
l3_TGCCAAAGTGATGCCC,2
l3_TGCCAAATCGGCATCG,2
l3_TGCCCATAGAAGCCCA,5
l3_TGCCCATAGGGCTTGA,1
l3_TGCCCATAGGGTTCCC,4
l3_TGCCCATGTCACAAGG,4
l3_TGCCCATGTGTATGGG,1
l3_TGCCCATTCAGCCTAA,1
l3_TGCCCATTCTCTGCTG,0
l3_TGCCCTAAGACTTTCG,1
l3_TGCCCTAAGATGTGTA,6
l3_TGCCCTAAGCACCGTC,2
l3_TGCCCTACACACAGAG,3
l3_TGCCCTACACGTAAGG,5
l3_TGCCCTAGTGTAAGTA,5
l3_TGCGCAGAGGCGTACA,1
l3_TGCGCAGCAGTACACT,1
l3_TGCGCAGGTCGGCATC,0
l3_TGCGCAGGTGTGACCC,1
l3_TGCGCAGGTTACTGAC,4
l3_TGCGCAGTCCAAATGC,5
l3_TGCGCAGTCGCAAGCC,4
l3_TGCGGGTAGAAGGTGA,4
l3_TGCGGGTAGTGGGATC,1
l3_TGCGGGTCACAGACTT,1
l3_TGCGGGTGTCAAGCGA,1
l3_TGCGGGTGTGGTCCGT,1
l3_TGCGGGTGTTAGATGA,1
l3_TGCGGGTTCATGCTCC,3
l3_TGCGGGTTCCTAGTGA,4
l3_TGCGGGTTCGCCATAA,6
l3_TGCGGGTTCGGTTCGG,0
l3_TGCGGGTTCGTTGCCT,2
l3_TGCGTGGGTACTCAAC,3
l3_TGCGTGGGTACTTAGC,1
l3_TGCTACCAGTGAACGC,1
l3_TGCTACCCACCTCGTT,0
l3_TGCTACCCACGGTGTC,1
l3_TGCTACCTCAGCTCGG,2
l3_TGCTACCTCCGTTGTC,1
l3_TGCTACCTCGTGGTCG,2
l3_TGCTACCTCTCTGAGA,1
l3_TGCTGCTTCCGTAGGC,1
l3_TGCTGCTTCGACCAGC,1
l3_TGGACGCCAGATTGCT,3
l3_TGGACGCCATAAGACA,3
l3_TGGACGCTCACGCATA,2
l3_TGGACGCTCGAATGCT,6
l3_TGGCCAGAGAGACTAT,1
l3_TGGCCAGAGATGCCTT,5
l3_TGGCCAGAGGCGATAC,5
l3_TGGCCAGTCAGCCTAA,1
l3_TGGCGCAGTCTCTCTG,5
l3_TGGCGCAGTCTTGTCC,1
l3_TGGCGCAGTGCAGTAG,4
l3_TGGCGCAGTTTGTTGG,4
l3_TGGCTGGAGCTGAACG,2
l3_TGGCTGGCAATGTAAG,2
l3_TGGCTGGGTCTAGGTT,1
l3_TGGCTGGGTCTTCGTC,2
l3_TGGCTGGGTTGGTAAA,5
l3_TGGGAAGAGAGGGATA,1
l3_TGGGAAGCAAAGGTGC,1
l3_TGGGAAGCACAACTGT,5
l3_TGGGAAGCAGATGGGT,1
l3_TGGGAAGCATACGCTA,1
l3_TGGGAAGGTTAAGTAG,6
l3_TGGGAAGTCCGTAGGC,1
l3_TGGGCGTAGACCGGAT,6
l3_TGGGCGTAGTCGTTTG,3
l3_TGGGCGTAGTTAGCGG,1
l3_TGGGCGTCAAACTGCT,1
l3_TGGGCGTTCAGGATCT,1
l3_TGGGCGTTCATCGCTC,1
l3_TGGTTAGAGATATACG,1
l3_TGGTTAGCACTGAAGG,2
l3_TGGTTAGCAGACGCTC,1
l3_TGGTTAGTCAACGGCC,5
l3_TGGTTCCAGCGGCTTC,2
l3_TGGTTCCTCAGCAACT,3
l3_TGTATTCAGACGCTTT,1
l3_TGTATTCCAAGTTGTC,1
l3_TGTATTCCACATCTTT,1
l3_TGTATTCCAGCGTTCG,5
l3_TGTCCCAAGATAGTCA,1
l3_TGTCCCAAGGATATAC,1
l3_TGTCCCAGTAACGACG,5
l3_TGTCCCAGTTCAGTAC,1
l3_TGTCCCATCCTGTACC,1
l3_TGTGGTAAGGGTATCG,4
l3_TGTGGTAAGGTGATTA,1
l3_TGTGGTACACATTTCT,1
l3_TGTGGTACATGGTCTA,1
l3_TGTGGTACATTTGCTT,1
l3_TGTGGTATCGTAGATC,4
l3_TGTGTTTAGCTGATAA,1
l3_TGTTCCGAGGTAGCTG,2
l3_TGTTCCGAGTTTGCGT,1
l3_TGTTCCGCATGCATGT,4
l3_TGTTCCGGTTCATGGT,4
l3_TGTTCCGTCGATCCCT,2
l3_TTAACTCAGAATGTGT,5
l3_TTAACTCAGGCGCTCT,0
l3_TTAACTCCAGTATGCT,2
l3_TTAACTCGTAAATACG,1
l3_TTAACTCGTCCTCTTG,1
l3_TTAACTCGTGATGATA,1
l3_TTAACTCTCAAGAAGT,5
l3_TTAACTCTCGAACGGA,1
l3_TTAGGACCAGGGCATA,1
l3_TTAGGACCATTGCGGC,1
l3_TTAGGACGTACCGCTG,5
l3_TTAGGACGTCGGCTCA,4
l3_TTAGGCACACGACGAA,5
l3_TTAGGCAGTACTCTCC,2
l3_TTAGGCATCTAACTGG,1
l3_TTAGTTCAGACCGGAT,6
l3_TTAGTTCAGGCATGGT,1
l3_TTAGTTCAGGCTCATT,4
l3_TTAGTTCAGGGTGTGT,1
l3_TTAGTTCCACGACTCG,4
l3_TTAGTTCGTAACGACG,1
l3_TTAGTTCGTCCGAGTC,3
l3_TTAGTTCGTCCTCCAT,1
l3_TTAGTTCTCTATCCTA,2
l3_TTATGCTGTGCTTCTC,3
l3_TTATGCTGTGTTAAGA,6
l3_TTATGCTTCAATACCG,1
l3_TTCCCAGAGAGACTAT,1
l3_TTCCCAGAGATCCCAT,4
l3_TTCCCAGAGGCGCTCT,5
l3_TTCCCAGGTCTTTCAT,1
l3_TTCCCAGTCCTTAATC,2
l3_TTCCCAGTCGGGAGTA,1
l3_TTCCCAGTCTGGGCCA,1
l3_TTCCCAGTCTTGAGAC,1
l3_TTCGAAGAGTTGAGAT,4
l3_TTCGAAGCAAGCCATT,1
l3_TTCGAAGGTAGATTAG,1
l3_TTCGGTCAGAACAACT,0
l3_TTCGGTCAGACGCTTT,1
l3_TTCGGTCCAAGTTGTC,1
l3_TTCGGTCGTCGCATAT,1
l3_TTCGGTCTCATCGGAT,6
l3_TTCTACAAGCCTTGAT,1
l3_TTCTACAAGTTCCACA,1
l3_TTCTACACAGCTGCAC,1
l3_TTCTACAGTCATCGGC,1
l3_TTCTACAGTCGGATCC,3
l3_TTCTACATCGATAGAA,4
l3_TTCTACATCGTAGATC,6
l3_TTCTACATCTAGCACA,1
l3_TTCTACATCTCGCATC,1
l3_TTCTCAACACACGCTG,3
l3_TTCTCCTAGGCGACAT,1
l3_TTCTCCTAGGGTTCCC,6
l3_TTCTCCTAGTAGCGGT,2
l3_TTCTCCTCAAGTACCT,1
l3_TTCTCCTCACGCGAAA,1
l3_TTCTCCTCATTAGGCT,1
l3_TTCTCCTGTATATCCG,4
l3_TTCTCCTGTTCCGTCT,1
l3_TTCTCCTGTTGAACTC,1
l3_TTCTCCTTCAACACAC,6
l3_TTCTCCTTCTCAAACG,2
l3_TTCTTAGAGTGAAGTT,1
l3_TTCTTAGCAACTTGAC,4
l3_TTCTTAGCATACGCTA,5
l3_TTGAACGAGTGTTGAA,3
l3_TTGAACGCACGTCTCT,1
l3_TTGAACGTCTCCAACC,5
l3_TTGACTTCACACTGCG,4
l3_TTGACTTTCCAAAGTC,6
l3_TTGACTTTCCCTGACT,3
l3_TTGCCGTAGAGGTAGA,1
l3_TTGCCGTAGGCATGGT,1
l3_TTGCCGTTCAGTTAGC,1
l3_TTGCGTCAGGACACCA,3
l3_TTGCGTCAGGCGTACA,1
l3_TTGCGTCGTAACGACG,3
l3_TTGCGTCGTCGAACAG,1
l3_TTGCGTCGTTATCACG,1
l3_TTGCGTCTCGGAAATA,4
l3_TTGGAACAGCCGGTAA,1
l3_TTGGAACTCCCTCAGT,1
l3_TTGGCAAAGAAGATTC,1
l3_TTGGCAAAGGTGATTA,1
l3_TTGGCAACAACTGCTA,0
l3_TTGGCAACACCTTGTC,1
l3_TTGGCAAGTCAAACTC,1
l3_TTGGCAATCCAAATGC,5
l3_TTGGCAATCCAGTAGT,3
l3_TTGGCAATCCTAGAAC,1
l3_TTGGCAATCTGGTGTA,1
l3_TTGTAGGCAGGTCTCG,1
l3_TTGTAGGGTCGGCACT,5
l3_TTGTAGGGTTGCGCAC,1
l3_TTTACTGAGGAGTTGC,1
l3_TTTACTGAGGATATAC,1
l3_TTTATGCAGACTCGGA,1
l3_TTTATGCGTAGCGTAG,3
l3_TTTATGCGTCCAACTA,0
l3_TTTATGCGTCTAAACC,6
l3_TTTATGCTCGGTCTAA,4
l3_TTTATGCTCTCTGCTG,1
l3_TTTCCTCGTGTTGGGA,2
l3_TTTCCTCTCTCGATGA,4
l3_TTTGCGCAGATCCGAG,2
l3_TTTGCGCCACATGGGA,1
l3_TTTGCGCCACCACCAG,1
l3_TTTGCGCGTCTTGTCC,4
l3_TTTGCGCGTGGTGTAG,2
l3_TTTGCGCTCATCTGTT,1
l3_TTTGGTTAGCGTGAGT,1
l3_TTTGGTTAGTACCGGA,4
l3_TTTGGTTCAACGCACC,1
l3_TTTGGTTCACATTTCT,6
l3_TTTGGTTCACGACGAA,2
l3_TTTGGTTTCAGCACAT,1
l3_TTTGGTTTCTCTGTCG,6
l3_TTTGTCAAGCAGCGTA,1
l3_TTTGTCACAGGAATGC,2
l3_TTTGTCAGTACTTCTT,2
l3_TTTGTCAGTTCCGGCA,5
l3_TTTGTCAGTTGGGACA,4
l3_TTTGTCAGTTGTTTGG,1
l3_TTTGTCATCCTGCTTG,1
l4_AAACCTGAGAGTACCG,5
l4_AAACCTGCACGTTGGC,1
l4_AAACCTGGTAAATGAC,3
l4_AAACCTGGTACGAAAT,1
l4_AAACCTGGTAGGGACT,1
l4_AAACCTGGTTTCCACC,4
l4_AAACCTGTCATTATCC,1
l4_AAACCTGTCTGCGGCA,1
l4_AAACGGGAGATACACA,4
l4_AAACGGGAGATGTGTA,1
l4_AAACGGGAGGCATGGT,4
l4_AAACGGGGTCTGCAAT,4
l4_AAACGGGGTGACCAAG,1
l4_AAAGATGAGAAGATTC,4
l4_AAAGATGAGCGTGAGT,4
l4_AAAGATGGTTCAGCGC,1
l4_AAAGATGTCATGTCTT,1
l4_AAAGATGTCGCCATAA,1
l4_AAAGCAAGTTACGTCA,1
l4_AAAGCAATCCCATTTA,5
l4_AAAGCAATCTCATTCA,3
l4_AAAGTAGAGAAGATTC,0
l4_AAAGTAGCAGCTGTGC,5
l4_AAAGTAGCATGCCTTC,1
l4_AAAGTAGTCAGTACGT,1
l4_AAATGCCAGTCGATAA,3
l4_AAATGCCGTAATCGTC,1
l4_AAATGCCGTCAAACTC,5
l4_AAATGCCTCCTTTCTC,1
l4_AACACGTAGCTGCAAG,3
l4_AACACGTAGTTATCGC,1
l4_AACACGTAGTTGAGAT,3
l4_AACACGTCAAGGCTCC,4
l4_AACACGTCACACAGAG,1
l4_AACACGTCAGTGGAGT,2
l4_AACACGTCATGCCCGA,2
l4_AACACGTGTCCGAAGA,1
l4_AACACGTGTTTGACTG,4
l4_AACACGTTCCGTTGTC,5
l4_AACACGTTCTAACGGT,2
l4_AACACGTTCTTCAACT,1
l4_AACCATGAGCGCTTAT,2
l4_AACCATGTCGCTTGTC,0
l4_AACCGCGGTCGCGGTT,3
l4_AACCGCGGTGCTCTTC,4
l4_AACCGCGTCACGAAGG,3
l4_AACCGCGTCTATCCTA,6
l4_AACCGCGTCTGGCGTG,1
l4_AACGTTGAGCGCCTTG,5
l4_AACGTTGTCCTCTAGC,4
l4_AACTCAGAGCCCTAAT,1
l4_AACTCAGCACGTAAGG,1
l4_AACTCAGGTCAACTGT,2
l4_AACTCAGGTCTCTTAT,1
l4_AACTCAGGTGACCAAG,4
l4_AACTCAGTCGTACCGG,1
l4_AACTCCCAGGATCGCA,2
l4_AACTCCCAGGTGTTAA,1
l4_AACTCCCAGTGGCACA,5
l4_AACTCCCCACTTAACG,3
l4_AACTCCCGTACATCCA,1
l4_AACTCCCGTAGCCTAT,0
l4_AACTCCCGTCTCACCT,1
l4_AACTCCCTCAGTGTTG,5
l4_AACTCTTAGAGTGAGA,6
l4_AACTCTTAGATCACGG,1
l4_AACTCTTAGATGTCGG,2
l4_AACTCTTCAAGAGTCG,5
l4_AACTCTTCACACTGCG,1
l4_AACTCTTGTCTCTTTA,2
l4_AACTGGTAGAGGTTGC,2
l4_AACTGGTAGATAGGAG,1
l4_AACTGGTAGTAACCCT,1
l4_AACTGGTCACTAGTAC,6
l4_AACTGGTCAGAGTGTG,1
l4_AACTGGTTCAGCCTAA,1
l4_AACTTTCAGGACTGGT,0
l4_AACTTTCCAAGGCTCC,2
l4_AACTTTCCAATCTGCA,2
l4_AACTTTCCACGTGAGA,1
l4_AACTTTCGTACCATCA,4
l4_AAGACCTCAGATGGCA,1
l4_AAGACCTCAGTTTACG,1
l4_AAGACCTTCATTCACT,5
l4_AAGCCGCAGCTTATCG,1
l4_AAGCCGCAGTAGGTGC,1
l4_AAGCCGCAGTGATCGG,3
l4_AAGCCGCCACCACCAG,1
l4_AAGCCGCGTAAAGGAG,5
l4_AAGGAGCAGAGTGACC,3
l4_AAGGAGCGTCAACATC,1
l4_AAGGAGCTCCGTAGGC,5
l4_AAGGCAGAGGACTGGT,3
l4_AAGGCAGAGTCATGCT,3
l4_AAGGCAGCAGCCAGAA,1
l4_AAGGCAGGTACCAGTT,1
l4_AAGGCAGGTACGAAAT,4
l4_AAGGCAGGTAGAGGAA,6
l4_AAGGCAGGTAGCCTCG,1
l4_AAGGCAGTCAAACCAC,2
l4_AAGGCAGTCAGGCCCA,2
l4_AAGGTTCAGAAGCCCA,1
l4_AAGGTTCGTATATGAG,4
l4_AAGGTTCGTCTAGAGG,1
l4_AAGGTTCTCAGTACGT,1
l4_AAGTCTGAGGACTGGT,1
l4_AAGTCTGGTCTAGTGT,1
l4_AAGTCTGGTGTGTGCC,3
l4_AAGTCTGTCTGCTGTC,1
l4_AATCCAGAGTGGGATC,1
l4_AATCCAGCACATCCGG,1
l4_AATCCAGCATACAGCT,1
l4_AATCCAGTCAGCGATT,1
l4_AATCCAGTCTTTACAC,6
l4_AATCGGTAGGGAGTAA,2
l4_AATCGGTGTGTGCCTG,1
l4_AATCGGTGTTGCGCAC,2
l4_ACACCAAAGCCGATTT,1
l4_ACACCAAAGCTCCTTC,2
l4_ACACCAAAGGTAAACT,4
l4_ACACCAACACAACTGT,1
l4_ACACCAAGTCTCTCTG,4
l4_ACACCAAGTGCACGAA,4
l4_ACACCAAGTGCAGACA,5
l4_ACACCAAGTGTAATGA,1
l4_ACACCAAGTTACAGAA,1
l4_ACACCAATCAAAGTAG,5
l4_ACACCAATCAGTGCAT,1
l4_ACACCAATCGACGGAA,2
l4_ACACCCTCAAACTGTC,1
l4_ACACCCTCAATGAAAC,1
l4_ACACCCTTCAACCATG,1
l4_ACACCCTTCGTGACAT,1
l4_ACACCGGAGAGAGCTC,3
l4_ACACCGGAGCGTTGCC,2
l4_ACACCGGCACCTATCC,1
l4_ACACCGGCAGCGTCCA,2
l4_ACACCGGGTTAGATGA,6
l4_ACACTGAAGGGTCTCC,1
l4_ACACTGACACTCAGGC,5
l4_ACACTGACAGAGTGTG,3
l4_ACAGCCGAGCTAAGAT,5
l4_ACAGCCGCAGAGCCAA,5
l4_ACAGCCGCATACAGCT,2
l4_ACAGCCGTCATGCAAC,1
l4_ACAGCCGTCTGATTCT,4
l4_ACAGCCGTCTGGTATG,1
l4_ACAGCTAAGGGTCGAT,6
l4_ACAGCTAGTAGAGGAA,3
l4_ACAGCTAGTTCATGGT,1
l4_ACAGCTAGTTTCCACC,5
l4_ACATACGAGAGGTTAT,4
l4_ACATACGAGAGTAATC,5
l4_ACATACGAGGACCACA,5
l4_ACATACGCATTAGGCT,2
l4_ACATACGTCAACACTG,2
l4_ACATACGTCAGAAATG,4
l4_ACATACGTCGTGGTCG,0
l4_ACATCAGAGGGCTCTC,2
l4_ACATCAGCAAGTTGTC,1
l4_ACATCAGCATGAGCGA,0
l4_ACATCAGTCAACCAAC,6
l4_ACATCAGTCAGGTTCA,1
l4_ACATGGTCAATGAATG,3
l4_ACATGGTGTACCGTTA,1
l4_ACATGGTGTGAGTGAC,5
l4_ACATGGTTCCCAACGG,4
l4_ACCAGTAAGCGAGAAA,2
l4_ACCAGTAAGCTGGAAC,1
l4_ACCAGTAAGTGGTAAT,2
l4_ACCAGTACAGACGCAA,4
l4_ACCAGTACAGGGAGAG,2
l4_ACCAGTACATAAAGGT,1
l4_ACCAGTATCACCTTAT,1
l4_ACCAGTATCACGACTA,1
l4_ACCAGTATCACTATTC,1
l4_ACCAGTATCTGGGCCA,1
l4_ACCCACTAGAGTCTGG,3
l4_ACCCACTAGCCATCGC,3
l4_ACCCACTGTAGCGCAA,4
l4_ACCCACTGTCCTCTTG,1
l4_ACCGTAAAGCCACGCT,4
l4_ACCGTAAAGTTCGCAT,3
l4_ACCGTAACAAAGGCGT,1
l4_ACCGTAACAGACGCAA,1
l4_ACCGTAACAGCAGTTT,3
l4_ACCGTAAGTTGGTGGA,1
l4_ACCGTAATCCAATGGT,1
l4_ACCGTAATCGTACCGG,5
l4_ACCTTTACACATCTTT,2
l4_ACCTTTACATGGTCAT,1
l4_ACCTTTAGTCACTTCC,2
l4_ACCTTTAGTGTCAATC,0
l4_ACCTTTATCTCAAACG,1
l4_ACGAGCCAGATGGGTC,1
l4_ACGAGCCGTATGAATG,5
l4_ACGAGCCGTTCATGGT,0
l4_ACGAGCCTCATTGCGA,2
l4_ACGAGCCTCGTGGGAA,4
l4_ACGAGGAAGACCACGA,1
l4_ACGAGGAAGAGTTGGC,1
l4_ACGAGGACAATGGAAT,5
l4_ACGAGGACATATACGC,1
l4_ACGAGGACATGCAACT,1
l4_ACGAGGAGTTAAGTAG,4
l4_ACGATACAGGACGAAA,1
l4_ACGATACCACTTAAGC,1
l4_ACGATACTCCTCGCAT,2
l4_ACGATGTAGTCCTCCT,1
l4_ACGATGTCAGCTGTGC,1
l4_ACGATGTGTAGAAAGG,4
l4_ACGATGTTCTGTCTCG,1
l4_ACGCAGCAGTAACCCT,1
l4_ACGCAGCCAAAGCGGT,6
l4_ACGCAGCGTCAAAGCG,4
l4_ACGCAGCTCAGGCCCA,1
l4_ACGCAGCTCAGTTAGC,4
l4_ACGCCAGAGAAACCAT,1
l4_ACGCCAGAGAGCCTAG,2
l4_ACGCCAGAGGACTGGT,1
l4_ACGCCAGCAGTTCCCT,4
l4_ACGCCAGTCATTTGGG,1
l4_ACGCCGAAGAGGGCTT,1
l4_ACGCCGAAGAGGTACC,1
l4_ACGCCGAAGGTAAACT,1
l4_ACGCCGACACCACCAG,1
l4_ACGCCGACAGCCACCA,1
l4_ACGCCGACAGTAGAGC,1
l4_ACGCCGAGTCCGAGTC,4
l4_ACGCCGAGTTCACCTC,1
l4_ACGCCGATCCTTAATC,5
l4_ACGCCGATCGTCCGTT,5
l4_ACGGAGACAGCGTAAG,3
l4_ACGGAGACAGGGAGAG,0
l4_ACGGAGAGTGGTACAG,5
l4_ACGGAGAGTTCCTCCA,1
l4_ACGGAGATCCGGCACA,3
l4_ACGGCCAAGCAGATCG,2
l4_ACGGCCACACAGACTT,2
l4_ACGGCCATCCATGCTC,2
l4_ACGGCCATCTTGGGTA,4
l4_ACGGGCTCACTCGACG,2
l4_ACGGGCTGTATCGCAT,1
l4_ACGGGCTGTCTCATCC,1
l4_ACGGGTCTCTGCAAGT,2
l4_ACGTCAAAGTCGTTTG,1
l4_ACGTCAACATGTCGAT,4
l4_ACGTCAAGTCATGCCG,5
l4_ACGTCAAGTGAAGGCT,0
l4_ACGTCAATCACATAGC,5
l4_ACGTCAATCTACTTAC,4
l4_ACTATCTAGAAGGTGA,1
l4_ACTATCTAGGCATTGG,2
l4_ACTATCTGTAGCGCAA,0
l4_ACTATCTTCACCCGAG,2
l4_ACTATCTTCGTAGGAG,1
l4_ACTGAACAGGCCCTTG,4
l4_ACTGAACCATCCCATC,2
l4_ACTGAACGTATGAAAC,4
l4_ACTGAACGTCCATCCT,4
l4_ACTGAACGTTCATGGT,1
l4_ACTGAACTCAAACGGG,1
l4_ACTGAGTAGGTACTCT,5
l4_ACTGAGTAGTCGTACT,5
l4_ACTGAGTCAAATTGCC,1
l4_ACTGAGTCAGACGCAA,4
l4_ACTGAGTTCACAGTAC,1
l4_ACTGAGTTCATAAAGG,4
l4_ACTGAGTTCTTGACGA,5
l4_ACTGATGGTATTAGCC,1
l4_ACTGATGGTCGCATAT,0
l4_ACTGCTCAGGGTTTCT,1
l4_ACTGCTCAGTTAACGA,1
l4_ACTGCTCCAGTACACT,2
l4_ACTGCTCGTATCACCA,3
l4_ACTGCTCGTCGCCATG,1
l4_ACTGCTCGTTATCGGT,5
l4_ACTGCTCTCCCTCTTT,1
l4_ACTGCTCTCCTTCAAT,1
l4_ACTGCTCTCGACCAGC,1
l4_ACTGTCCAGGGCTTGA,0
l4_ACTGTCCCACTGCCAG,1
l4_ACTGTCCGTCAAGCGA,1
l4_ACTGTCCTCCAAGCCG,3
l4_ACTGTCCTCTTTACGT,1
l4_ACTTACTAGATAGGAG,1
l4_ACTTACTAGTGCGTGA,6
l4_ACTTACTAGTTGAGAT,5
l4_ACTTACTAGTTTCCTT,1
l4_ACTTACTGTCCATGAT,4
l4_ACTTACTGTGACCAAG,1
l4_ACTTACTTCATCTGTT,2
l4_ACTTACTTCATTGCGA,1
l4_ACTTACTTCTCGCTTG,3
l4_ACTTGTTAGACTTTCG,1
l4_ACTTGTTAGTGTCCAT,4
l4_ACTTGTTGTTAAGTAG,6
l4_ACTTGTTTCAGTTTGG,1
l4_ACTTGTTTCGAACGGA,0
l4_ACTTGTTTCGGATGGA,1
l4_ACTTGTTTCTAACTGG,4
l4_ACTTTCAAGTGGGCTA,3
l4_ACTTTCACAAGTCTGT,1
l4_ACTTTCAGTCAACATC,1
l4_ACTTTCAGTTCACGGC,2
l4_AGAATAGAGGACAGAA,2
l4_AGAATAGAGTGAACGC,3
l4_AGAATAGCAGCTGTGC,5
l4_AGAATAGCATCCTTGC,1
l4_AGAATAGTCAACCAAC,5
l4_AGACGTTAGAATTGTG,2
l4_AGACGTTCAGACACTT,0
l4_AGACGTTCAGTTAACC,1
l4_AGACGTTGTATTCTCT,1
l4_AGACGTTGTCGCGGTT,4
l4_AGACGTTTCACATGCA,1
l4_AGAGCGACACATTCGA,0
l4_AGAGCGACACCACCAG,1
l4_AGAGCGAGTACCGGCT,4
l4_AGAGCGAGTAGTACCT,1
l4_AGAGCGATCACCAGGC,3
l4_AGAGCGATCACGGTTA,4
l4_AGAGCGATCTGTGCAA,0
l4_AGAGCTTAGTGTCTCA,2
l4_AGAGCTTCACAGAGGT,4
l4_AGAGCTTTCACTCTTA,5
l4_AGAGCTTTCGTACCGG,2
l4_AGAGTGGAGAATCTCC,1
l4_AGAGTGGAGAGTACCG,1
l4_AGAGTGGAGGCCGAAT,1
l4_AGAGTGGCATGGTCAT,0
l4_AGAGTGGTCAGCGATT,2
l4_AGAGTGGTCAGTTAGC,1
l4_AGATCTGAGGCCATAG,1
l4_AGATCTGCACTTAACG,1
l4_AGATCTGGTTCCTCCA,4
l4_AGATTGCAGTCCGGTC,1
l4_AGATTGCCAAGAAGAG,1
l4_AGATTGCCACGGTGTC,5
l4_AGATTGCCATTCGACA,1
l4_AGATTGCGTAGGCATG,3
l4_AGATTGCGTCCTGCTT,2
l4_AGATTGCTCACTCCTG,1
l4_AGATTGCTCAGGCCCA,1
l4_AGATTGCTCCCAACGG,3
l4_AGATTGCTCGTTGCCT,5
l4_AGATTGCTCTCTTATG,4
l4_AGATTGCTCTGGAGCC,1
l4_AGCAGCCCACTAGTAC,4
l4_AGCAGCCGTATCGCAT,1
l4_AGCAGCCTCATTGCCC,4
l4_AGCAGCCTCCGATATG,0
l4_AGCATACAGCCCAGCT,5
l4_AGCATACAGGGATGGG,3
l4_AGCATACCAACTGGCC,3
l4_AGCATACCAGTAGAGC,4
l4_AGCATACGTAGAGTGC,5
l4_AGCATACTCGGCGGTT,1
l4_AGCCTAAAGTTGCAGG,1
l4_AGCCTAACACCACGTG,1
l4_AGCCTAAGTACAGACG,5
l4_AGCCTAATCATTGCGA,2
l4_AGCGGTCAGAATTCCC,5
l4_AGCGGTCAGCCCAGCT,1
l4_AGCGGTCAGGTCGGAT,1
l4_AGCGGTCCAAGAGTCG,0
l4_AGCGGTCCAGTGGGAT,4
l4_AGCGGTCCATAGAAAC,5
l4_AGCGGTCGTGGCGAAT,2
l4_AGCGGTCGTTATTCTC,4
l4_AGCGGTCTCTCAAACG,4
l4_AGCGGTCTCTTGCAAG,5
l4_AGCGTATAGACGCTTT,0
l4_AGCGTATGTAAATACG,1
l4_AGCGTATGTAGCTCCG,3
l4_AGCGTATGTATCTGCA,1
l4_AGCGTATGTCCTGCTT,1
l4_AGCGTCGAGAAGGGTA,4
l4_AGCGTCGGTCCGAACC,1
l4_AGCTCCTAGCATCATC,1
l4_AGCTCCTAGCTGATAA,3
l4_AGCTCCTAGTGCAAGC,1
l4_AGCTCCTCACCTCGTT,1
l4_AGCTCTCCACTACAGT,2
l4_AGCTCTCGTAGGGACT,4
l4_AGCTCTCGTTCGGGCT,5
l4_AGCTCTCTCACATGCA,1
l4_AGCTCTCTCACCTTAT,1
l4_AGCTTGAAGACAATAC,5
l4_AGCTTGAAGAGGACGG,1
l4_AGCTTGAGTACCCAAT,4
l4_AGCTTGAGTAGCGTCC,1
l4_AGCTTGAGTCAAGCGA,2
l4_AGCTTGAGTTGGTGGA,1
l4_AGCTTGATCAGGCGAA,5
l4_AGGCCGTTCAGGCAAG,1
l4_AGGCCGTTCATAGCAC,4
l4_AGGGAGTAGCTGCAAG,5
l4_AGGGAGTAGTGCGATG,5
l4_AGGGAGTCAGCATACT,1
l4_AGGGAGTGTGTTTGTG,2
l4_AGGGAGTTCAACTCTT,3
l4_AGGGATGAGAGTACAT,1
l4_AGGGATGCAGCCTTGG,5
l4_AGGGATGCATCGATGT,1
l4_AGGGATGGTCAGAAGC,1
l4_AGGGATGGTTGGTTTG,4
l4_AGGGATGTCCGAGCCA,5
l4_AGGGTGAAGAGGTTAT,5
l4_AGGGTGAAGGCATTGG,2
l4_AGGGTGACAGACACTT,1
l4_AGGTCATAGACGACGT,1
l4_AGGTCATAGCCCGAAA,1
l4_AGGTCATCAATGAATG,1
l4_AGGTCATCAGGGTACA,1
l4_AGGTCATGTCCTCTTG,5
l4_AGGTCATTCGGCTTGG,2
l4_AGGTCCGAGACACTAA,1
l4_AGGTCCGAGTGTTGAA,1
l4_AGGTCCGCAGCCTGTG,3
l4_AGGTCCGCATGAACCT,5
l4_AGGTCCGTCACAATGC,0
l4_AGGTCCGTCAGCCTAA,1
l4_AGGTCCGTCGCAAGCC,5
l4_AGGTCCGTCTAACCGA,1
l4_AGGTCCGTCTGAGGGA,1
l4_AGTAGTCAGATCGGGT,2
l4_AGTAGTCCAAGTCTAC,2
l4_AGTAGTCCATAGGATA,1
l4_AGTCTTTAGCACAGGT,1
l4_AGTCTTTAGCCAGAAC,1
l4_AGTCTTTCACATCCGG,0
l4_AGTCTTTCATTACCTT,1
l4_AGTCTTTGTAATAGCA,4
l4_AGTCTTTGTCGTCTTC,2
l4_AGTGAGGAGTGCGTGA,4
l4_AGTGAGGCAGTTTACG,1
l4_AGTGAGGGTCGAAAGC,3
l4_AGTGAGGGTGTGACCC,4
l4_AGTGAGGTCGGTCCGA,1
l4_AGTGGGAAGGCAAAGA,1
l4_AGTGGGATCTCTGCTG,6
l4_AGTGTCAAGAGGTTAT,1
l4_AGTGTCACAATAGCAA,2
l4_AGTGTCACACGGCCAT,5
l4_AGTGTCACAGGGTACA,1
l4_AGTGTCACATTTCACT,4
l4_AGTGTCAGTATATCCG,1
l4_AGTGTCATCAACCATG,1
l4_AGTGTCATCGGACAAG,1
l4_AGTTGGTAGGAGCGTT,4
l4_AGTTGGTCAAACTGTC,1
l4_AGTTGGTCATTGAGCT,1
l4_AGTTGGTGTACCGAGA,6
l4_AGTTGGTGTTCAGTAC,4
l4_AGTTGGTTCCAGAAGG,1
l4_AGTTGGTTCTGTCTAT,5
l4_ATAACGCAGCATCATC,0
l4_ATAACGCAGGTGACCA,5
l4_ATAACGCAGTCTTGCA,2
l4_ATAACGCGTGTGAATA,4
l4_ATAACGCTCGTTACGA,1
l4_ATAAGAGAGAATTGTG,2
l4_ATAAGAGAGTTAGCGG,1
l4_ATAAGAGCAAGGTTTC,1
l4_ATAAGAGTCAGCTTAG,1
l4_ATAAGAGTCTCAACTT,5
l4_ATAGACCAGAGACTTA,3
l4_ATAGACCAGATCGATA,1
l4_ATAGACCAGCACACAG,1
l4_ATAGACCTCCCAAGAT,1
l4_ATCACGAAGTAGCGGT,5
l4_ATCACGACATCTCGCT,5
l4_ATCACGAGTGCGAAAC,5
l4_ATCACGAGTGTGCCTG,3
l4_ATCACGATCACCCGAG,5
l4_ATCACGATCCGGGTGT,5
l4_ATCATCTCAAGGTTTC,1
l4_ATCATCTCATAAGACA,1
l4_ATCATCTGTGACTCAT,1
l4_ATCATCTTCCAAACTG,2
l4_ATCATGGCAGCGTAAG,1
l4_ATCATGGGTGTTGAGG,5
l4_ATCATGGGTTAGATGA,1
l4_ATCATGGGTTCACGGC,2
l4_ATCATGGTCTGAAAGA,6
l4_ATCATGGTCTGCTTGC,0
l4_ATCCACCAGTAGTGCG,1
l4_ATCCACCGTACTCAAC,5
l4_ATCCACCGTGTGGTTT,1
l4_ATCCACCTCCAGAGGA,1
l4_ATCCACCTCGCCATAA,4
l4_ATCCGAACAGTACACT,4
l4_ATCCGAAGTCATGCCG,1
l4_ATCCGAATCGAATCCA,3
l4_ATCCGAATCTGTTTGT,1
l4_ATCGAGTCAAGTAGTA,1
l4_ATCGAGTCAGGATTGG,1
l4_ATCGAGTTCACCATAG,1
l4_ATCGAGTTCCTGCTTG,1
l4_ATCGAGTTCTGTCAAG,1
l4_ATCTACTCATGTAGTC,2
l4_ATCTACTGTAGTACCT,1
l4_ATCTACTTCTAACTTC,1
l4_ATCTACTTCTAGCACA,2
l4_ATCTGCCAGTTACCCA,3
l4_ATCTGCCCAAGTTCTG,1
l4_ATCTGCCGTAAATGAC,0
l4_ATCTGCCGTATTCTCT,2
l4_ATCTGCCGTCAGGACA,4
l4_ATCTGCCGTGCTAGCC,1
l4_ATGAGGGCAATGAAAC,1
l4_ATGAGGGGTTATGCGT,1
l4_ATGAGGGTCAAACAAG,2
l4_ATGAGGGTCGCAAGCC,5
l4_ATGAGGGTCTGAAAGA,1
l4_ATGCGATAGGGTCTCC,2
l4_ATGCGATCATGTCGAT,1
l4_ATGCGATGTAACGACG,2
l4_ATGGGAGAGTGTTGAA,1
l4_ATGGGAGCATGCCACG,4
l4_ATGGGAGGTCCTAGCG,5
l4_ATGGGAGTCCGCAGTG,1
l4_ATGGGAGTCCTGCTTG,3
l4_ATGGGAGTCGGTCTAA,1
l4_ATGTGTGAGATATACG,4
l4_ATGTGTGCATCAGTCA,6
l4_ATGTGTGGTCCGAGTC,1
l4_ATTACTCAGAAGAAGC,1
l4_ATTACTCAGATCTGCT,4
l4_ATTACTCGTAAGTGGC,1
l4_ATTACTCTCCAAAGTC,3
l4_ATTACTCTCGCAAGCC,5
l4_ATTATCCAGATATACG,1
l4_ATTATCCCACACCGCA,4
l4_ATTATCCCACTCTGTC,1
l4_ATTATCCGTAGCGTCC,1
l4_ATTATCCGTGCACTTA,1
l4_ATTATCCTCTAGAGTC,1
l4_ATTGGACAGGATTCGG,6
l4_ATTGGACCACACTGCG,5
l4_ATTGGACCATCGGTTA,1
l4_ATTGGACGTTCCACTC,1
l4_ATTGGACTCTCATTCA,2
l4_ATTGGTGAGAAAGTGG,1
l4_ATTGGTGAGGACATTA,2
l4_ATTGGTGCACTATCTT,1
l4_ATTGGTGGTACATCCA,1
l4_ATTGGTGGTCTGCAAT,1
l4_ATTGGTGGTTTAGGAA,1
l4_ATTTCTGAGGTAAACT,5
l4_ATTTCTGTCATCACCC,5
l4_ATTTCTGTCGAGAGCA,4
l4_ATTTCTGTCTAGCACA,1
l4_ATTTCTGTCTGTGCAA,0
l4_ATTTCTGTCTTGCCGT,4
l4_CAACCAAAGACGCACA,5
l4_CAACCAAAGCACAGGT,2
l4_CAACCAAAGGTACTCT,3
l4_CAACCAAAGTGTCCCG,1
l4_CAACCAACATCGATGT,1
l4_CAACCAAGTCTGATCA,1
l4_CAACCAATCACGATGT,0
l4_CAACCTCGTAGCGCTC,5
l4_CAACCTCGTCCATCCT,4
l4_CAACCTCGTCTAGTCA,4
l4_CAACCTCTCACCATAG,1
l4_CAACCTCTCCAGTAGT,1
l4_CAACCTCTCTGGTATG,1
l4_CAACTAGAGGTAAACT,3
l4_CAACTAGCATTCTCAT,1
l4_CAACTAGGTACTCGCG,3
l4_CAACTAGGTCAGCTAT,1
l4_CAACTAGTCAAGATCC,6
l4_CAACTAGTCACCGTAA,6
l4_CAACTAGTCACTCTTA,2
l4_CAAGAAAAGCCAACAG,2
l4_CAAGAAAGTCGCTTCT,1
l4_CAAGAAATCATGCATG,2
l4_CAAGAAATCCGTTGCT,1
l4_CAAGATCGTGTGCGTC,1
l4_CAAGATCGTTCCATGA,1
l4_CAAGATCTCTGGGCCA,4
l4_CAAGATCTCTGTCAAG,1
l4_CAAGGCCAGAAGAAGC,1
l4_CAAGGCCAGACTAGAT,1
l4_CAAGGCCCAGATGGGT,5
l4_CAAGGCCCATTCACTT,1
l4_CAAGGCCGTAAACCTC,1
l4_CAAGGCCGTCAGAATA,1
l4_CAAGGCCGTCGCGGTT,5
l4_CAAGGCCGTCTGATCA,3
l4_CAAGGCCGTGGCAAAC,1
l4_CAAGGCCGTTGGTGGA,0
l4_CAAGTTGAGACACTAA,1
l4_CAAGTTGAGCACGCCT,1
l4_CAAGTTGAGTATCTCG,5
l4_CAAGTTGCAATCCGAT,3
l4_CAAGTTGTCAGAGACG,4
l4_CAAGTTGTCAGCTGGC,1
l4_CACAAACCATTCGACA,1
l4_CACAAACGTGCTAGCC,1
l4_CACAAACGTTAGATGA,1
l4_CACAAACTCCACGAAT,1
l4_CACACAAAGCTACCTA,1
l4_CACACAAAGTATGACA,1
l4_CACACAAGTCCGTCAG,1
l4_CACACAATCGCAGGCT,6
l4_CACACAATCGTAGATC,1
l4_CACACCTAGTATTGGA,1
l4_CACACCTCAGACAAAT,1
l4_CACACCTGTAGCCTAT,0
l4_CACACCTGTCTCTCTG,5
l4_CACACCTGTCTGCCAG,4
l4_CACACTCAGGCTCTTA,4
l4_CACACTCCAGGTGCCT,1
l4_CACACTCGTCATATGC,2
l4_CACACTCGTGCCTGGT,4
l4_CACAGGCAGAGCTATA,1
l4_CACAGGCCACAGGCCT,1
l4_CACAGGCGTCATATCG,1
l4_CACAGGCGTCCGCTGA,3
l4_CACAGGCTCCAAGTAC,4
l4_CACAGGCTCTAACTTC,0
l4_CACAGGCTCTGAAAGA,1
l4_CACAGTAAGATCCTGT,1
l4_CACAGTAAGGGCTTGA,5
l4_CACAGTACAGATGGGT,1
l4_CACAGTATCACCTCGT,1
l4_CACAGTATCCAAACAC,5
l4_CACATAGAGACTTTCG,6
l4_CACATAGAGCGTCTAT,1
l4_CACATAGCACAGACAG,1
l4_CACATAGCAGAGTGTG,1
l4_CACATTTAGTACGTAA,1
l4_CACATTTAGTCCAGGA,2
l4_CACATTTCAAGGACTG,0
l4_CACATTTGTAACGCGA,1
l4_CACATTTGTACGCACC,1
l4_CACATTTGTCAGAAGC,2
l4_CACATTTGTTACAGAA,5
l4_CACATTTTCAAAGACA,4
l4_CACCACTAGCAGGCTA,4
l4_CACCACTCACGAGGTA,1
l4_CACCACTCAGGTGGAT,4
l4_CACCACTCAGTCAGAG,3
l4_CACCACTCATGATCCA,1
l4_CACCACTCATGGTAGG,1
l4_CACCACTGTAAGAGAG,4
l4_CACCACTGTCTCTCTG,5
l4_CACCACTGTTAAGACA,3
l4_CACCACTGTTGGGACA,3
l4_CACCACTTCACTTCAT,2
l4_CACCAGGCACGGTGTC,3
l4_CACCAGGCAGCGAACA,6
l4_CACCAGGCAGTCACTA,5
l4_CACCAGGCATACCATG,2
l4_CACCAGGTCTCTGTCG,1
l4_CACCTTGAGTCTTGCA,4
l4_CACCTTGCAAGTCATC,1
l4_CACCTTGCATCGGAAG,1
l4_CACCTTGTCTGACCTC,1
l4_CACTCCAAGAAGGCCT,1
l4_CACTCCACAAACCTAC,3
l4_CACTCCACACGTAAGG,4
l4_CAGAATCAGCTAGCCC,3
l4_CAGAATCAGTAGGTGC,1
l4_CAGAATCAGTTAAGTG,1
l4_CAGAATCCACAACTGT,4
l4_CAGAATCTCATCGCTC,2
l4_CAGAATCTCCTCATTA,1
l4_CAGAGAGAGAGCAATT,6
l4_CAGAGAGAGCGTGAGT,6
l4_CAGAGAGAGGCGACAT,1
l4_CAGAGAGCATAGAAAC,1
l4_CAGAGAGCATTCTCAT,1
l4_CAGATCAAGGCCGAAT,1
l4_CAGATCAAGGTTCCTA,1
l4_CAGATCACAGGACGTA,4
l4_CAGATCACATACTCTT,3
l4_CAGATCACATTAACCG,1
l4_CAGATCAGTCATGCCG,3
l4_CAGATCAGTTCTGTTT,1
l4_CAGATCATCAATCACG,1
l4_CAGATCATCCTGTAGA,5
l4_CAGCAGCGTCTAGGTT,4
l4_CAGCAGCTCCCGGATG,1
l4_CAGCATACAGGGCATA,2
l4_CAGCATATCTTCGAGA,2
l4_CAGCCGAAGGTGGGTT,5
l4_CAGCCGACAGCCACCA,4
l4_CAGCCGAGTAATAGCA,5
l4_CAGCCGAGTTAAGAAC,5
l4_CAGCGACAGTACGTTC,1
l4_CAGCGACTCTATGTGG,4
l4_CAGCGACTCTCCAACC,5
l4_CAGCTAAAGGGAAACA,1
l4_CAGCTAAAGGTCGGAT,1
l4_CAGCTAAAGGTGCTTT,1
l4_CAGCTAAAGTGTACGG,1
l4_CAGCTAAGTCACCCAG,4
l4_CAGCTAATCCACGTTC,1
l4_CAGCTGGGTCGACTGC,4
l4_CAGCTGGTCGGCTTGG,1
l4_CAGCTGGTCTATCCTA,5
l4_CAGGTGCCATATGCTG,2
l4_CAGGTGCGTCGCTTTC,2
l4_CAGTAACAGAGCTGGT,4
l4_CAGTAACAGATCTGCT,1
l4_CAGTAACAGCGTCAAG,4
l4_CAGTAACCACACCGAC,5
l4_CAGTAACCAGACAGGT,1
l4_CAGTAACGTGTCAATC,3
l4_CAGTAACTCGCAGGCT,4
l4_CAGTCCTCAAGACGTG,1
l4_CAGTCCTTCAAACCAC,2
l4_CAGTCCTTCCGTAGGC,1
l4_CATATGGAGCTGCAAG,1
l4_CATATGGAGTGGTCCC,5
l4_CATATGGCAATGAAAC,3
l4_CATATGGCACATCCAA,1
l4_CATATGGGTCTCATCC,3
l4_CATATTCCAACGATGG,3
l4_CATATTCCAAGCCTAT,1
l4_CATATTCCAGTGGGAT,1
l4_CATATTCCATGTCCTC,1
l4_CATATTCGTAGTAGTA,1
l4_CATATTCGTCAAACTC,4
l4_CATATTCGTTACGGAG,6
l4_CATATTCTCCGTAGGC,5
l4_CATCAAGAGCGATTCT,3
l4_CATCAAGAGTGAAGTT,4
l4_CATCAGACAGCTGGCT,1
l4_CATCAGAGTAGAGCTG,4
l4_CATCAGATCATGTCTT,2
l4_CATCCACAGAAACCGC,1
l4_CATCCACAGTCATGCT,1
l4_CATCCACCATGTAAGA,1
l4_CATCCACGTCAACATC,1
l4_CATCCACGTGACTACT,1
l4_CATCCACTCAAAGACA,1
l4_CATCGAAAGATAGGAG,0
l4_CATCGAAAGGGAACGG,1
l4_CATCGAAGTAGCCTAT,1
l4_CATCGAAGTCATATGC,4
l4_CATCGAAGTTAAAGAC,1
l4_CATCGAATCCTTGACC,1
l4_CATCGAATCGGTCCGA,1
l4_CATCGAATCTTGCCGT,1
l4_CATCGGGAGCGTAATA,1
l4_CATCGGGAGCTAGCCC,1
l4_CATCGGGCAGCGTAAG,1
l4_CATCGGGGTGACTCAT,2
l4_CATCGGGTCTAACCGA,1
l4_CATGACACACAGGAGT,1
l4_CATGACACACGTCTCT,1
l4_CATGACATCCTTCAAT,3
l4_CATGGCGGTATCTGCA,1
l4_CATGGCGGTCAACATC,1
l4_CATGGCGGTCTTTCAT,2
l4_CATGGCGTCCAAACTG,1
l4_CATTATCAGCAGGTCA,5
l4_CATTATCAGCGAAGGG,1
l4_CATTATCTCCTCCTAG,0
l4_CATTCGCAGGGCTTGA,1
l4_CATTCGCGTTAAGATG,5
l4_CATTCGCGTTGAGGTG,1
l4_CCAATCCAGAAGCCCA,1
l4_CCAATCCAGGGATCTG,1
l4_CCAATCCAGTGCGATG,1
l4_CCAATCCCACGAGGTA,1
l4_CCAATCCCATTCTCAT,6
l4_CCAATCCGTTGGAGGT,1
l4_CCAATCCTCACATACG,4
l4_CCAATCCTCATATCGG,5
l4_CCAATCCTCTGGCGTG,5
l4_CCACCTAAGAGTGACC,1
l4_CCACCTACAAAGCGGT,6
l4_CCACCTACAATGACCT,1
l4_CCACCTACAGTATCTG,1
l4_CCACCTAGTCCCGACA,4
l4_CCACCTAGTGTAACGG,3
l4_CCACCTAGTTCATGGT,5
l4_CCACCTATCACCGTAA,1
l4_CCACCTATCAGTTCGA,3
l4_CCACCTATCGGTGTTA,0
l4_CCACGGAAGACCCACC,1
l4_CCACGGACATACGCTA,4
l4_CCACGGAGTAATTGGA,4
l4_CCACGGATCCAGTAGT,5
l4_CCACTACAGAATGTTG,2
l4_CCACTACAGTTAGGTA,5
l4_CCACTACCATACGCCG,1
l4_CCACTACGTACAGTTC,1
l4_CCACTACGTAGAGGAA,1
l4_CCACTACGTTCGAATC,1
l4_CCACTACTCACAACGT,1
l4_CCAGCGACATCGTCGG,5
l4_CCAGCGAGTCAGCTAT,3
l4_CCAGCGAGTCATGCAT,2
l4_CCAGCGAGTTCGTTGA,2
l4_CCAGCGAGTTGTCTTT,1
l4_CCATGTCAGCTCCCAG,4
l4_CCATGTCAGTCAAGGC,1
l4_CCATGTCCAATCCAAC,1
l4_CCATGTCCATCCGCGA,1
l4_CCATGTCGTTGATTGC,1
l4_CCATTCGAGTTACGGG,1
l4_CCATTCGCACCAGGCT,1
l4_CCATTCGGTACAGCAG,1
l4_CCATTCGGTCAGAATA,1
l4_CCCAATCAGCCCTAAT,1
l4_CCCAATCCACTTGGAT,6
l4_CCCAATCTCACGCGGT,1
l4_CCCAATCTCGGTGTTA,6
l4_CCCAGTTCATGACGGA,3
l4_CCCAGTTGTAAGAGAG,0
l4_CCCAGTTGTCCCTTGT,5
l4_CCCAGTTTCCAACCAA,1
l4_CCCAGTTTCCTGTAGA,5
l4_CCCAGTTTCTAGCACA,1
l4_CCCAGTTTCTGCGACG,6
l4_CCCTCCTCAAGCCCAC,4
l4_CCCTCCTCACTACAGT,1
l4_CCCTCCTTCGGGAGTA,1
l4_CCCTCCTTCTACTCAT,1
l4_CCGGGATAGATGTAAC,0
l4_CCGGGATAGTTAACGA,4
l4_CCGGGATAGTTTCCTT,6
l4_CCGGGATCAATCAGAA,3
l4_CCGGGATCATACAGCT,5
l4_CCGGGATCATCACCCT,5
l4_CCGGGATGTCCTAGCG,3
l4_CCGGGATGTGCAACGA,2
l4_CCGGTAGAGACAGGCT,1
l4_CCGGTAGAGTAGCCGA,0
l4_CCGGTAGAGTGCAAGC,6
l4_CCGGTAGGTAGATTAG,1
l4_CCGGTAGTCCTTTCGG,1
l4_CCGGTAGTCTCTAAGG,3
l4_CCGTACTAGACAGAGA,1
l4_CCGTACTAGCGATATA,1
l4_CCGTACTAGCTATGCT,5
l4_CCGTACTAGGGCTTGA,0
l4_CCGTACTAGTTATCGC,5
l4_CCGTACTGTAAGGGAA,1
l4_CCGTACTGTCGCTTTC,3
l4_CCGTACTGTTCGAATC,4
l4_CCGTACTTCTGTGCAA,1
l4_CCGTGGAAGACGCTTT,5
l4_CCGTGGAGTTGCTCCT,5
l4_CCGTGGATCTTCGAGA,2
l4_CCGTTCAAGGGTGTGT,6
l4_CCGTTCAAGGTGACCA,1
l4_CCGTTCAAGTGCCAGA,6
l4_CCGTTCAGTCGACTGC,5
l4_CCGTTCAGTGGGTCAA,1
l4_CCGTTCAGTTAGATGA,1
l4_CCGTTCAGTTATCCGA,1
l4_CCGTTCATCAATACCG,3
l4_CCTAAAGCAATTGCTG,3
l4_CCTAAAGGTATAATGG,1
l4_CCTAAAGTCGTCGTTC,4
l4_CCTACACCACACGCTG,0
l4_CCTACACCACATAACC,6
l4_CCTACACGTGGACGAT,1
l4_CCTACACGTGTATGGG,1
l4_CCTACCATCAACACGT,1
l4_CCTAGCTAGGACCACA,1
l4_CCTAGCTAGGAGCGTT,2
l4_CCTAGCTAGTAGGTGC,1
l4_CCTAGCTCAACTGGCC,2
l4_CCTAGCTGTACGAAAT,1
l4_CCTAGCTGTTTGTTGG,2
l4_CCTAGCTTCACGATGT,2
l4_CCTAGCTTCAGTGCAT,6
l4_CCTAGCTTCCATGCTC,1
l4_CCTAGCTTCGAATGCT,2
l4_CCTATTAGTGCCTGGT,1
l4_CCTATTAGTGCGCTTG,5
l4_CCTATTATCCTAAGTG,3
l4_CCTATTATCTACGAGT,3
l4_CCTCAGTAGAGTGAGA,1
l4_CCTCAGTAGGCGTACA,1
l4_CCTCAGTGTCCCGACA,1
l4_CCTCAGTTCACTTACT,1
l4_CCTCTGAAGAGTTGGC,5
l4_CCTCTGACACCGGAAA,3
l4_CCTCTGACACTGTCGG,5
l4_CCTCTGACAGCCTTTC,5
l4_CCTCTGACAGTCTTCC,2
l4_CCTCTGAGTCTGATTG,1
l4_CCTCTGATCATGCATG,1
l4_CCTTACGCACAGCGTC,3
l4_CCTTACGGTCACAAGG,5
l4_CCTTACGGTGCAACTT,5
l4_CCTTACGTCAGTACGT,1
l4_CCTTCCCAGCAGCCTC,4
l4_CCTTCCCAGCCAGTTT,2
l4_CCTTCCCTCTTTAGGG,4
l4_CCTTCGAAGAAGGCCT,0
l4_CCTTCGACAAACTGCT,1
l4_CCTTCGACAAACTGTC,2
l4_CCTTCGACAACTGGCC,2
l4_CCTTCGACATACCATG,4
l4_CCTTCGAGTGTGAAAT,2
l4_CCTTCGATCCTCATTA,4
l4_CCTTTCTAGAATTCCC,1
l4_CCTTTCTGTCACACGC,4
l4_CCTTTCTTCTATCCCG,4
l4_CCTTTCTTCTGAAAGA,1
l4_CGAACATAGTAGATGT,0
l4_CGAACATCACTGAAGG,5
l4_CGAACATGTCTGGTCG,1
l4_CGAACATTCGGTGTCG,1
l4_CGAACATTCGTGGTCG,4
l4_CGAACATTCTCCAACC,0
l4_CGAATGTAGGGTGTGT,4
l4_CGAATGTAGTACGATA,1
l4_CGAATGTGTTGGTGGA,0
l4_CGAATGTTCCCTCAGT,4
l4_CGAATGTTCTCTGCTG,3
l4_CGACCTTCAGGGCATA,1
l4_CGACCTTGTGCAGGTA,1
l4_CGACCTTTCGGAGCAA,1
l4_CGACTTCAGAACTGTA,3
l4_CGACTTCCAACTGCTA,1
l4_CGACTTCCATCCGTGG,1
l4_CGACTTCCATTCCTGC,3
l4_CGACTTCGTTCGGGCT,0
l4_CGACTTCGTTGATTCG,5
l4_CGACTTCTCATCGCTC,1
l4_CGACTTCTCTCATTCA,1
l4_CGAGAAGAGCTCAACT,1
l4_CGAGAAGCAGTCGATT,3
l4_CGAGAAGGTCGCGTGT,1
l4_CGAGAAGGTGATAAAC,1
l4_CGAGAAGTCAAACCGT,1
l4_CGAGAAGTCCGCGGTA,0
l4_CGAGAAGTCGAACTGT,6
l4_CGAGAAGTCGCGTAGC,1
l4_CGAGAAGTCTACCTGC,4
l4_CGAGCACAGAAACCAT,3
l4_CGAGCACAGCGATGAC,5
l4_CGAGCACCATCACGAT,1
l4_CGAGCACGTAAGAGAG,5
l4_CGAGCACTCCGCGGTA,0
l4_CGAGCACTCGTGGACC,5
l4_CGAGCCAAGACTAAGT,3
l4_CGAGCCAAGATGCCAG,1
l4_CGAGCCACACACGCTG,1
l4_CGAGCCACATCGGACC,4
l4_CGAGCCAGTACAGCAG,1
l4_CGAGCCATCTAACTCT,1
l4_CGATCGGCAAGGTGTG,1
l4_CGATCGGCACATAACC,4
l4_CGATCGGCAGAGTGTG,0
l4_CGATCGGCATAGACTC,5
l4_CGATCGGGTGCCTTGG,1
l4_CGATCGGGTGGGTATG,5
l4_CGATCGGTCGCATGAT,5
l4_CGATCGGTCTTCAACT,4
l4_CGATGGCAGGAGTACC,1
l4_CGATGGCAGGTGCTAG,2
l4_CGATGGCCACCGCTAG,5
l4_CGATGGCGTGGTCTCG,1
l4_CGATGGCGTGTCAATC,1
l4_CGATGGCTCCTATGTT,4
l4_CGATGGCTCTGAGTGT,2
l4_CGATGTAAGATACACA,1
l4_CGATGTAAGCCATCGC,6
l4_CGATGTAAGCTCAACT,5
l4_CGATGTAAGGACACCA,5
l4_CGATGTAAGTTAACGA,5
l4_CGATGTACAAGGACTG,0
l4_CGATGTACACATTTCT,1
l4_CGATGTACACTGAAGG,1
l4_CGATGTACATGTAAGA,1
l4_CGATGTAGTCCTAGCG,3
l4_CGATGTATCAAAGACA,2
l4_CGATTGAAGATCCCAT,2
l4_CGATTGACAGTGACAG,1
l4_CGATTGACATGTCGAT,5
l4_CGATTGAGTTCATGGT,1
l4_CGATTGAGTTCCAACA,1
l4_CGATTGAGTTGCCTCT,1
l4_CGATTGATCATGCATG,5
l4_CGATTGATCGAATGGG,4
l4_CGATTGATCTCTAAGG,1
l4_CGCCAAGAGAAGGTTT,5
l4_CGCCAAGAGCTACCTA,4
l4_CGCCAAGAGTAGGCCA,5
l4_CGCCAAGAGTCCGGTC,1
l4_CGCCAAGAGTGAAGTT,1
l4_CGCCAAGCACAACGTT,5
l4_CGCCAAGGTTTAAGCC,1
l4_CGCCAAGTCTTCATGT,5
l4_CGCGGTACAAGGTGTG,1
l4_CGCGGTAGTCTCTCTG,2
l4_CGCGGTAGTTTGTTGG,5
l4_CGCGGTATCATCGCTC,4
l4_CGCGGTATCGGTTCGG,5
l4_CGCGGTATCTCAACTT,4
l4_CGCGTTTCACACCGCA,5
l4_CGCGTTTCAGTAACGG,1
l4_CGCGTTTCATTGTGCA,2
l4_CGCGTTTGTAGGCATG,1
l4_CGCGTTTTCAGCGACC,5
l4_CGCGTTTTCCCAAGAT,0
l4_CGCGTTTTCGCCTGAG,1
l4_CGCGTTTTCTACGAGT,1
l4_CGCTATCAGTCACGCC,1
l4_CGCTATCCATCACGAT,1
l4_CGCTATCCATTCCTGC,1
l4_CGCTATCGTATTACCG,5
l4_CGCTATCGTTTCGCTC,1
l4_CGCTGGAAGAGAACAG,0
l4_CGCTGGAAGTTGTAGA,3
l4_CGCTGGATCCACGACG,5
l4_CGCTGGATCCGGGTGT,3
l4_CGCTTCAAGAGGTAGA,1
l4_CGCTTCACACAAGACG,4
l4_CGCTTCAGTCAAAGAT,1
l4_CGCTTCAGTCATGCAT,2
l4_CGCTTCAGTCCGAGTC,1
l4_CGCTTCAGTCGTGGCT,1
l4_CGCTTCATCTCAAACG,5
l4_CGGACACCACGACGAA,1
l4_CGGACACCAGGTTTCA,2
l4_CGGACACGTACTTAGC,6
l4_CGGACACGTCTAACGT,1
l4_CGGACACGTCTTGCGG,5
l4_CGGACACGTTACGTCA,6
l4_CGGACACGTTCTGGTA,1
l4_CGGACACTCTAGCACA,3
l4_CGGACACTCTGCAGTA,1
l4_CGGACGTAGCGATCCC,1
l4_CGGACGTCATACTACG,1
l4_CGGACGTCATATACCG,1
l4_CGGACTGAGGTGGGTT,4
l4_CGGACTGGTCGGCACT,4
l4_CGGACTGTCGAACGGA,1
l4_CGGAGCTCAAGGACAC,1
l4_CGGAGCTCAGAAGCAC,4
l4_CGGAGCTGTGATAAGT,1
l4_CGGAGCTTCGACGGAA,1
l4_CGGAGCTTCGCGCCAA,5
l4_CGGAGTCAGTACGCGA,1
l4_CGGAGTCGTAGAAGGA,1
l4_CGGAGTCGTCGCTTCT,5
l4_CGGAGTCTCTTGCCGT,4
l4_CGGCTAGAGAGTGAGA,1
l4_CGGCTAGAGATGCCTT,1
l4_CGGCTAGAGCTCCTTC,5
l4_CGGCTAGAGGTGATAT,3
l4_CGGCTAGGTATTACCG,2
l4_CGGCTAGGTCTAAAGA,1
l4_CGGCTAGGTCTCACCT,1
l4_CGGCTAGTCGAATCCA,1
l4_CGGGTCAAGTGACTCT,1
l4_CGGGTCAGTCAACATC,2
l4_CGGGTCATCAGTCAGT,5
l4_CGGGTCATCCATTCTA,1
l4_CGGGTCATCTCTGTCG,3
l4_CGGTTAAAGTAGCCGA,1
l4_CGGTTAACAGATCCAT,4
l4_CGGTTAAGTACTTCTT,1
l4_CGGTTAAGTAGCGCAA,5
l4_CGGTTAAGTCTCTTTA,4
l4_CGGTTAATCAGGCAAG,1
l4_CGGTTAATCGTCCGTT,4
l4_CGGTTAATCTCTAGGA,5
l4_CGGTTAATCTTTACAC,1
l4_CGTAGCGAGATGTCGG,4
l4_CGTAGCGAGTCCGTAT,3
l4_CGTAGCGCATCCAACA,1
l4_CGTAGCGTCCCTTGCA,5
l4_CGTAGCGTCCGTAGGC,1
l4_CGTAGGCAGACACGAC,4
l4_CGTAGGCAGCACACAG,1
l4_CGTAGGCAGTTTGCGT,2
l4_CGTAGGCCACACTGCG,0
l4_CGTAGGCCACTCAGGC,4
l4_CGTAGGCCATATGGTC,1
l4_CGTAGGCGTGGAAAGA,1
l4_CGTAGGCGTGTTAAGA,1
l4_CGTAGGCTCTGACCTC,3
l4_CGTCACTAGACGCACA,1
l4_CGTCACTAGTGTCCCG,3
l4_CGTCACTCAAATCCGT,2
l4_CGTCACTCAGATCCAT,1
l4_CGTCAGGAGGAATGGA,1
l4_CGTCAGGGTATATCCG,4
l4_CGTCCATAGGAATCGC,1
l4_CGTCCATAGTCCTCCT,1
l4_CGTCCATCACACTGCG,1
l4_CGTCCATGTTAGTGGG,4
l4_CGTCCATTCCGCGCAA,1
l4_CGTCTACCACACCGCA,6
l4_CGTCTACTCCTGCTTG,4
l4_CGTGAGCTCAGATAAG,5
l4_CGTGAGCTCCCTGACT,4
l4_CGTGAGCTCTGCTTGC,1
l4_CGTGTAAAGAATCTCC,5
l4_CGTGTAAAGTTAGGTA,1
l4_CGTGTAACAGCTTAAC,3
l4_CGTGTAAGTAAGAGGA,5
l4_CGTGTAAGTAATCACC,4
l4_CGTGTAAGTCATCCCT,1
l4_CGTGTCTAGACAATAC,3
l4_CGTGTCTAGGCTACGA,1
l4_CGTGTCTCAATGGATA,2
l4_CGTGTCTCACTTAAGC,1
l4_CGTGTCTTCAACGGGA,1
l4_CGTGTCTTCATTCACT,3
l4_CGTTAGAGTAACGCGA,4
l4_CGTTAGATCCACGCAG,5
l4_CGTTCTGAGAGCTTCT,1
l4_CGTTCTGAGATCGATA,1
l4_CGTTCTGCACCCTATC,2
l4_CGTTCTGCACCGATAT,1
l4_CGTTCTGCAGGCTGAA,1
l4_CGTTCTGGTAGCGTGA,0
l4_CGTTCTGGTGCTCTTC,1
l4_CGTTCTGGTGGGTCAA,1
l4_CGTTCTGTCCTTGACC,5
l4_CGTTGGGAGGAATGGA,1
l4_CGTTGGGCACCAGATT,3
l4_CGTTGGGCATGTAAGA,1
l4_CGTTGGGGTCCGTTAA,5
l4_CGTTGGGGTCGACTGC,4
l4_CGTTGGGGTTGCTCCT,1
l4_CTAACTTAGCTGTCTA,5
l4_CTAACTTAGGGTTTCT,2
l4_CTAACTTAGTAGTGCG,5
l4_CTAACTTAGTCCATAC,1
l4_CTAACTTAGTGACATA,2
l4_CTAACTTGTAAGAGGA,4
l4_CTAACTTGTACGACCC,6
l4_CTAACTTGTGTTTGTG,1
l4_CTAACTTTCAAAGTAG,1
l4_CTAACTTTCTACCAGA,1
l4_CTAAGACAGGTAGCTG,1
l4_CTAAGACCACTGCCAG,1
l4_CTAAGACCATCTCGCT,1
l4_CTAAGACCATGTTGAC,4
l4_CTAAGACGTCAGTGGA,1
l4_CTAAGACGTCTCCACT,1
l4_CTAAGACTCCTCAACC,4
l4_CTAAGACTCTGTCCGT,1
l4_CTAATGGTCTATGTGG,1
l4_CTAATGGTCTGTGCAA,2
l4_CTACACCCAGATCCAT,3
l4_CTACATTCATCAGTCA,2
l4_CTACATTGTTATCGGT,1
l4_CTACATTGTTTGTTGG,3
l4_CTACATTTCGTTACAG,1
l4_CTACATTTCTGAGTGT,5
l4_CTACATTTCTGCTGTC,4
l4_CTACCCAAGGGTGTTG,5
l4_CTACCCACACATTAGC,1
l4_CTACCCACAGATCTGT,3
l4_CTACCCACAGCGATCC,3
l4_CTACCCACATATGAGA,3
l4_CTACCCAGTATAATGG,1
l4_CTACCCATCTCCAGGG,4
l4_CTACCCATCTCCGGTT,4
l4_CTACGTCAGAGGTTAT,1
l4_CTACGTCAGCCAGGAT,6
l4_CTACGTCAGTCGTACT,4
l4_CTACGTCAGTGCCATT,1
l4_CTACGTCCAGGGCATA,1
l4_CTACGTCTCTACTATC,2
l4_CTACGTCTCTCGCTTG,0
l4_CTAGAGTAGCAGACTG,3
l4_CTAGAGTAGTGTTGAA,2
l4_CTAGAGTGTCATACTG,2
l4_CTAGAGTTCGTAGGTT,5
l4_CTAGAGTTCTCTGAGA,6
l4_CTAGCCTAGGCAGGTT,4
l4_CTAGCCTAGTGTCTCA,2
l4_CTAGCCTCATTTCAGG,1
l4_CTAGCCTGTTCGAATC,2
l4_CTAGCCTTCGTAGGAG,1
l4_CTAGTGAAGTGCTGCC,3
l4_CTAGTGAGTACTCGCG,3
l4_CTAGTGAGTAGCGTGA,1
l4_CTAGTGAGTCGTTGTA,4
l4_CTAGTGAGTGTAACGG,2
l4_CTAGTGATCGGTCTAA,1
l4_CTAGTGATCTTGTTTG,5
l4_CTCACACAGATGCCTT,1
l4_CTCACACAGCTTATCG,3
l4_CTCACACAGTAGCCGA,5
l4_CTCACACCACGTGAGA,1
l4_CTCACACGTCATATCG,1
l4_CTCACACGTGCAACGA,1
l4_CTCACACTCAAGGTAA,1
l4_CTCACACTCAGTGTTG,1
l4_CTCAGAAAGCACGCCT,1
l4_CTCAGAAAGCTAACTC,1
l4_CTCAGAAAGTTTGCGT,4
l4_CTCAGAACAGTTAACC,1
l4_CTCAGAAGTGATGATA,1
l4_CTCAGAAGTTAAAGTG,3
l4_CTCAGAATCATTGCGA,3
l4_CTCAGAATCGTGACAT,1
l4_CTCAGAATCGTTGACA,1
l4_CTCAGAATCTAAGCCA,5
l4_CTCAGAATCTTCTGGC,5
l4_CTCATTAGTCACACGC,1
l4_CTCATTAGTTCCACAA,1
l4_CTCATTATCGCGTTTC,4
l4_CTCCTAGAGGGATCTG,5
l4_CTCCTAGCACCAACCG,5
l4_CTCCTAGCACGAAATA,4
l4_CTCCTAGGTGGAAAGA,5
l4_CTCCTAGTCGAGCCCA,1
l4_CTCGAAAAGAATCTCC,4
l4_CTCGAAAAGATGCGAC,5
l4_CTCGAAAAGCCATCGC,3
l4_CTCGAAACAAAGGTGC,3
l4_CTCGAAACATGCCCGA,3
l4_CTCGAAATCAGCGATT,1
l4_CTCGAGGAGTAGGTGC,1
l4_CTCGAGGGTAATAGCA,3
l4_CTCGAGGTCAAGGCTT,1
l4_CTCGAGGTCGATAGAA,3
l4_CTCGGAGCAACTGCGC,1
l4_CTCGGAGCAAGCTGGA,1
l4_CTCGGAGGTAAGTAGT,3
l4_CTCGGAGTCCGAATGT,1
l4_CTCGGAGTCCGATATG,1
l4_CTCGGGAAGACGCAAC,5
l4_CTCGGGAGTACATCCA,5
l4_CTCGGGAGTAGTGAAT,5
l4_CTCGGGAGTCGCTTTC,4
l4_CTCGGGATCGCATGAT,4
l4_CTCGTACAGACACTAA,1
l4_CTCGTACAGAGACTTA,1
l4_CTCGTACAGATCGATA,5
l4_CTCGTACCACCCATTC,3
l4_CTCGTACCATGCAACT,3
l4_CTCGTACGTGGTCTCG,1
l4_CTCGTACTCAGTACGT,4
l4_CTCGTACTCGCAGGCT,4
l4_CTCGTACTCTTCGAGA,1
l4_CTCGTCAAGATCCCGC,5
l4_CTCGTCACACCACGTG,1
l4_CTCGTCATCAGTACGT,1
l4_CTCTAATAGCTATGCT,1
l4_CTCTAATAGTAACCCT,4
l4_CTCTAATCAGGTCTCG,2
l4_CTCTAATGTCGACTAT,1
l4_CTCTAATGTTTGCATG,5
l4_CTCTAATGTTTGTTGG,6
l4_CTCTAATTCAGGATCT,2
l4_CTCTAATTCTGTGCAA,1
l4_CTCTACGAGCCAGTAG,5
l4_CTCTACGAGTAGGTGC,4
l4_CTCTACGCATGTTGAC,4
l4_CTCTACGTCATGCTCC,5
l4_CTCTACGTCTGTCTCG,2
l4_CTCTACGTCTTGCAAG,1
l4_CTCTGGTAGCGATAGC,1
l4_CTCTGGTGTACAGTTC,3
l4_CTCTGGTGTCATTAGC,2
l4_CTCTGGTGTCGAGTTT,4
l4_CTGAAACAGCGGATCA,3
l4_CTGAAACGTGTCTGAT,1
l4_CTGAAACTCATATCGG,3
l4_CTGAAACTCCGGCACA,5
l4_CTGAAGTCAATGGAGC,1
l4_CTGATAGAGCCCAGCT,5
l4_CTGATAGAGTAGATGT,1
l4_CTGATAGCATAGGATA,3
l4_CTGATAGGTGAGTGAC,3
l4_CTGATAGGTGCACTTA,1
l4_CTGATAGGTGTGCCTG,5
l4_CTGATAGGTGTTAAGA,1
l4_CTGATCCAGGCACATG,5
l4_CTGATCCCAACAACCT,3
l4_CTGATCCCAGTGAGTG,2
l4_CTGATCCGTCACACGC,5
l4_CTGATCCTCCTAGGGC,1
l4_CTGCCTAAGGGCTCTC,1
l4_CTGCCTAAGTACACCT,4
l4_CTGCCTACACTTAAGC,0
l4_CTGCCTAGTAAGGGCT,1
l4_CTGCCTAGTAGCGTGA,5
l4_CTGCCTAGTATATCCG,5
l4_CTGCCTAGTGACTACT,1
l4_CTGCCTATCGGCGGTT,4
l4_CTGCCTATCTCATTCA,2
l4_CTGCGGAAGGAATGGA,1
l4_CTGCGGAAGTGCTGCC,5
l4_CTGCGGACATCCCACT,3
l4_CTGCGGAGTACCAGTT,3
l4_CTGCGGAGTCAGTGGA,1
l4_CTGCGGAGTTACAGAA,0
l4_CTGCGGATCAAGGCTT,0
l4_CTGCTGTAGGGTGTTG,4
l4_CTGCTGTGTGATGTGG,5
l4_CTGCTGTTCAACGCTA,5
l4_CTGCTGTTCAAGGTAA,1
l4_CTGCTGTTCGTTTGCC,3
l4_CTGCTGTTCTGAAAGA,1
l4_CTGGTCTAGAATTCCC,3
l4_CTGGTCTAGATGCCAG,2
l4_CTGGTCTAGCTAGTGG,1
l4_CTGGTCTAGTACACCT,3
l4_CTGGTCTGTGATAAGT,1
l4_CTGGTCTGTGTCAATC,1
l4_CTGGTCTTCTTGGGTA,1
l4_CTGGTCTTCTTTAGTC,3
l4_CTGTGCTAGCGTAATA,1
l4_CTGTGCTCAGTTAACC,5
l4_CTGTTTAAGCCAGTAG,4
l4_CTGTTTAAGCTACCGC,2
l4_CTGTTTACACACAGAG,5
l4_CTGTTTACATGCATGT,1
l4_CTGTTTAGTGAAAGAG,1
l4_CTGTTTAGTTGATTGC,4
l4_CTGTTTAGTTTCGCTC,1
l4_CTGTTTATCTGGTATG,3
l4_CTTAACTAGGCAGTCA,2
l4_CTTAACTAGGTAGCCA,3
l4_CTTAACTAGTTAAGTG,1
l4_CTTAACTCATGTTGAC,2
l4_CTTAACTGTTGTCGCG,0
l4_CTTAACTTCTCGTATT,2
l4_CTTAACTTCTGAGGGA,6
l4_CTTACCGCACCGAATT,2
l4_CTTACCGGTCCTAGCG,3
l4_CTTACCGGTTAAGACA,3
l4_CTTACCGGTTAAGATG,6
l4_CTTAGGAGTATATGGA,0
l4_CTTAGGAGTCTCATCC,1
l4_CTTAGGATCAAGAAGT,1
l4_CTTAGGATCAGCTCTC,1
l4_CTTAGGATCTGTACGA,1
l4_CTTCTCTAGAAACGCC,4
l4_CTTCTCTAGGGTTCCC,5
l4_CTTCTCTGTAGCGTGA,2
l4_CTTGGCTAGATAGGAG,1
l4_CTTGGCTCAACCGCCA,0
l4_CTTGGCTCACCGCTAG,3
l4_CTTGGCTGTGATGATA,5
l4_CTTGGCTGTTGACGTT,5
l4_CTTGGCTTCACATAGC,1
l4_CTTGGCTTCTGTCTAT,6
l4_CTTTGCGAGACAAAGG,1
l4_CTTTGCGCAAGCCCAC,2
l4_CTTTGCGCATATACGC,1
l4_CTTTGCGCATGCCCGA,1
l4_CTTTGCGCATTATCTC,5
l4_CTTTGCGCATTTCAGG,1
l4_CTTTGCGGTCAACTGT,1
l4_CTTTGCGTCGAATGGG,1
l4_GAAACTCAGGCATGTG,1
l4_GAAACTCAGTGGAGTC,3
l4_GAAACTCCAGGGAGAG,1
l4_GAAACTCCATGCCACG,4
l4_GAAACTCGTTCCATGA,1
l4_GAAACTCTCCCAAGAT,3
l4_GAAATGAAGGACAGAA,0
l4_GAAATGAGTTGGACCC,1
l4_GAAATGATCGTCGTTC,1
l4_GAACATCAGCCACGTC,4
l4_GAACATCGTCTGATCA,3
l4_GAACATCGTTATCCGA,2
l4_GAACATCTCATGTCTT,2
l4_GAACATCTCGACGGAA,1
l4_GAACATCTCTGTCTCG,3
l4_GAACCTAAGCAATATG,3
l4_GAACCTAAGTCCGTAT,3
l4_GAACCTAGTACGAAAT,1
l4_GAACCTAGTAGCTGCC,1
l4_GAACCTATCGTCTGAA,3
l4_GAACCTATCTGTCTAT,1
l4_GAACGGAAGACCCACC,0
l4_GAACGGATCATGTCCC,5
l4_GAACGGATCCACGAAT,4
l4_GAACGGATCCATGAAC,1
l4_GAAGCAGAGTTGCAGG,4
l4_GAAGCAGCACAACTGT,1
l4_GAAGCAGGTTAAGACA,4
l4_GAAGCAGGTTAAGATG,0
l4_GAAGCAGTCATCGGAT,1
l4_GAAGCAGTCGAATCCA,1
l4_GAATAAGCACGAAAGC,1
l4_GAATAAGGTGAACCTT,3
l4_GAATAAGTCCAGTATG,4
l4_GAATAAGTCCATGAGT,1
l4_GAATAAGTCCCGACTT,2
l4_GAATAAGTCCGTAGTA,1
l4_GAATAAGTCTGTGCAA,1
l4_GAATGAAAGAATGTGT,1
l4_GAATGAAAGTGCGTGA,4
l4_GAATGAACACATTTCT,5
l4_GAATGAACACTCGACG,1
l4_GAATGAAGTGTGCGTC,4
l4_GAATGAAGTTAAGACA,1
l4_GAATGAATCTTTACGT,3
l4_GACACGCTCAGAGACG,6
l4_GACACGCTCGCACTCT,5
l4_GACAGAGAGCAGCGTA,3
l4_GACAGAGAGCATGGCA,1
l4_GACAGAGAGCTGTCTA,6
l4_GACAGAGGTAAAGTCA,5
l4_GACAGAGTCGTCTGAA,1
l4_GACCAATAGGTAGCTG,0
l4_GACCAATCACGTGAGA,1
l4_GACCAATGTACAGCAG,1
l4_GACCAATGTCGAGTTT,4
l4_GACCTGGAGATGCGAC,1
l4_GACCTGGAGTACGTAA,5
l4_GACCTGGCAAGTCTGT,1
l4_GACCTGGCACCTCGTT,3
l4_GACCTGGCACGACGAA,3
l4_GACCTGGCAGTCGATT,1
l4_GACCTGGGTACAGCAG,1
l4_GACCTGGGTCAACTGT,1
l4_GACCTGGGTCGAACAG,1
l4_GACGCGTAGGCACATG,1
l4_GACGCGTAGGTGTGGT,4
l4_GACGCGTCACACAGAG,5
l4_GACGCGTCACAGGCCT,1
l4_GACGCGTGTCGACTGC,1
l4_GACGCGTGTTATGTGC,0
l4_GACGCGTTCACCGTAA,1
l4_GACGCGTTCGGCTTGG,2
l4_GACGCGTTCTTGCATT,1
l4_GACGGCTAGATGCCAG,4
l4_GACGGCTAGCCAGTAG,2
l4_GACGGCTAGCGCCTCA,0
l4_GACGGCTTCACAGGCC,0
l4_GACGTGCAGAACAACT,4
l4_GACGTGCCAAGGTGTG,6
l4_GACGTGCCAAGTCTGT,1
l4_GACGTGCCATCTGGTA,1
l4_GACGTGCGTAGCGATG,4
l4_GACGTGCGTCTTCGTC,4
l4_GACGTTAAGATGGCGT,1
l4_GACGTTAAGCTAGTTC,1
l4_GACGTTACACCCAGTG,5
l4_GACGTTACATCGGTTA,1
l4_GACGTTAGTACTCGCG,4
l4_GACGTTAGTTTCCACC,1
l4_GACGTTATCAAACGGG,2
l4_GACTAACTCAATAAGG,1
l4_GACTAACTCAGTTGAC,6
l4_GACTAACTCATACGGT,1
l4_GACTACAAGAGCAATT,0
l4_GACTACAAGGCGACAT,6
l4_GACTACAAGGGTATCG,5
l4_GACTACAAGTGGGATC,1
l4_GACTACAAGTGTACGG,1
l4_GACTACAGTGCGGTAA,6
l4_GACTGCGAGCGTCAAG,1
l4_GACTGCGAGTGTCCAT,5
l4_GACTGCGAGTTCCACA,2
l4_GACTGCGGTCATCGGC,6
l4_GACTGCGGTGAGTATA,5
l4_GACTGCGTCTTGGGTA,5
l4_GAGCAGAAGGCTCATT,0
l4_GAGCAGAAGTCGATAA,1
l4_GAGCAGAAGTGAATTG,2
l4_GAGCAGACAATGGAGC,3
l4_GAGCAGACATACTCTT,1
l4_GAGCAGAGTCCGTTAA,4
l4_GAGCAGAGTCTCAACA,1
l4_GAGCAGATCGCGTTTC,4
l4_GAGGTGAAGTGTGAAT,1
l4_GAGTCCGAGGGTTCCC,1
l4_GAGTCCGTCTGCGTAA,4
l4_GATCAGTAGCCACTAT,3
l4_GATCAGTAGTACGACG,3
l4_GATCAGTCAAAGGAAG,1
l4_GATCAGTCAGAAGCAC,1
l4_GATCAGTCAGCCTGTG,2
l4_GATCAGTTCATCATTC,1
l4_GATCAGTTCATGTAGC,1
l4_GATCAGTTCCATGAGT,1
l4_GATCGATCATCGGTTA,3
l4_GATCGATGTCGGCATC,1
l4_GATCGCGAGCTAGTCT,1
l4_GATCGCGAGGTGACCA,2
l4_GATCGCGCAGGAATCG,1
l4_GATCGTAAGTACGACG,1
l4_GATCGTAAGTTACGGG,4
l4_GATCGTACATAGAAAC,5
l4_GATCGTAGTGGCGAAT,1
l4_GATCGTATCTCATTCA,1
l4_GATCTAGAGATCCCGC,1
l4_GATCTAGAGGAGTTGC,5
l4_GATCTAGGTAGCGTAG,4
l4_GATCTAGGTCAATGTC,3
l4_GATGAAAAGTGCGTGA,1
l4_GATGAAAAGTTGCAGG,2
l4_GATGAAATCGCACTCT,1
l4_GATGAAATCTTAGAGC,2
l4_GATGAGGAGGCAAAGA,1
l4_GATGAGGGTCGATTGT,4
l4_GATGAGGTCGGAATCT,1
l4_GATGAGGTCTCACATT,1
l4_GATGAGGTCTCCAACC,6
l4_GATGAGGTCTTCGAGA,1
l4_GATGCTAAGCATGGCA,1
l4_GATGCTAAGTCAAGGC,1
l4_GATGCTAGTCTACCTC,3
l4_GATTCAGAGCGCCTCA,1
l4_GATTCAGCAAGAAAGG,6
l4_GATTCAGGTAAGAGAG,0
l4_GATTCAGGTGAGCGAT,1
l4_GATTCAGTCATATCGG,1
l4_GATTCAGTCCACTCCA,4
l4_GATTCAGTCGAATGCT,1
l4_GCAAACTAGTCACGCC,1
l4_GCAAACTCACGAGGTA,1
l4_GCAAACTGTACAGACG,4
l4_GCAAACTGTACCGCTG,1
l4_GCAAACTTCTATCCCG,4
l4_GCAAACTTCTGGTTCC,0
l4_GCAATCAAGTCATGCT,5
l4_GCAATCAAGTGGGTTG,1
l4_GCAATCACAGTATAAG,1
l4_GCAATCACATTGGCGC,6
l4_GCAATCAGTTCGTGAT,5
l4_GCACATAAGACCTAGG,5
l4_GCACATAAGACCTTTG,1
l4_GCACATAGTAGCACGA,1
l4_GCACATAGTCCGAAGA,2
l4_GCACATAGTGAGCGAT,5
l4_GCACATATCGGTCCGA,4
l4_GCACTCTAGACGCAAC,5
l4_GCACTCTAGCGTTTAC,1
l4_GCACTCTGTTGATTCG,1
l4_GCACTCTTCGGCGCAT,6
l4_GCAGCCAAGACAGACC,3
l4_GCAGCCAAGCTTTGGT,1
l4_GCAGCCACAAGTCTAC,1
l4_GCAGCCACAATAGAGT,1
l4_GCAGCCAGTTAGTGGG,3
l4_GCAGCCAGTTGGTGGA,5
l4_GCAGTTAAGTGTACTC,4
l4_GCAGTTACACGGTGTC,2
l4_GCAGTTAGTCGGATCC,2
l4_GCAGTTAGTGTCAATC,1
l4_GCAGTTATCCAGTAGT,0
l4_GCAGTTATCCTTTACA,1
l4_GCAGTTATCGGCATCG,2
l4_GCAGTTATCTGAGGGA,1
l4_GCATACAAGGGCTCTC,4
l4_GCATACAAGGTCATCT,3
l4_GCATACACATAGAAAC,5
l4_GCATACAGTCCAACTA,1
l4_GCATACAGTCCGTTAA,1
l4_GCATACATCTCACATT,3
l4_GCATGATCACAGTCGC,1
l4_GCATGATCACATTCGA,5
l4_GCATGATGTATCAGTC,0
l4_GCATGATTCAAACGGG,4
l4_GCATGATTCGCCCTTA,1
l4_GCATGCGAGCTAACTC,1
l4_GCATGCGCACAGCCCA,1
l4_GCATGCGTCTAGCACA,4
l4_GCATGTACAGGAACGT,2
l4_GCATGTACATGGTAGG,3
l4_GCATGTAGTCACCCAG,1
l4_GCATGTATCGCGGATC,3
l4_GCATGTATCTCTAAGG,1
l4_GCATGTATCTTGTTTG,5
l4_GCCAAATAGCAGACTG,5
l4_GCCAAATGTTAAGATG,1
l4_GCCAAATTCCGAGCCA,0
l4_GCCTCTAAGAAGGTGA,1
l4_GCCTCTAAGCCAGAAC,1
l4_GCCTCTAGTAAACCTC,4
l4_GCCTCTATCAATACCG,1
l4_GCCTCTATCCTCAATT,1
l4_GCCTCTATCGGAGCAA,1
l4_GCGACCAAGTAGCCGA,5
l4_GCGACCACACGGTAAG,5
l4_GCGACCACATACTCTT,1
l4_GCGACCATCTCGCTTG,5
l4_GCGAGAAAGCCGATTT,1
l4_GCGAGAACAAACAACA,1
l4_GCGAGAATCCACTCCA,6
l4_GCGAGAATCGTAGGTT,4
l4_GCGCAACCATCTGGTA,1
l4_GCGCAACGTAGCGTAG,4
l4_GCGCAACGTGACTCAT,1
l4_GCGCAGTAGCAGCCTC,1
l4_GCGCAGTAGTCCATAC,5
l4_GCGCAGTCATGACATC,1
l4_GCGCAGTGTGCAACGA,3
l4_GCGCAGTGTGGTCCGT,1
l4_GCGCCAAGTCTGCCAG,1
l4_GCGCCAAGTGTTTGGT,2
l4_GCGCCAAGTTAAGAAC,1
l4_GCGCCAAGTTCCACAA,3
l4_GCGCCAATCACGACTA,3
l4_GCGCGATAGGATCGCA,1
l4_GCGCGATAGTGCGTGA,4
l4_GCGGGTTAGCTAACAA,2
l4_GCGGGTTCACGAAATA,2
l4_GCGGGTTTCAGCATGT,5
l4_GCGGGTTTCGCCCTTA,1
l4_GCTCCTAGTAGCGTCC,1
l4_GCTCCTAGTCACTTCC,4
l4_GCTCTGTAGCCCAATT,1
l4_GCTCTGTAGGTAAACT,0
l4_GCTCTGTAGTGACTCT,5
l4_GCTCTGTGTGCGGTAA,2
l4_GCTCTGTTCATCGGAT,1
l4_GCTGCAGCATACAGCT,3
l4_GCTGCAGGTCCTAGCG,1
l4_GCTGCAGGTGACCAAG,1
l4_GCTGCAGTCCTATTCA,3
l4_GCTGCGAAGCCACCTG,5
l4_GCTGCGACAATGCCAT,5
l4_GCTGCGACATCACCCT,5
l4_GCTGCGACATGCAACT,1
l4_GCTGCGAGTAAGGGCT,1
l4_GCTGCGAGTGCGATAG,1
l4_GCTGCTTCACCGAATT,4
l4_GCTGCTTCACGGTAGA,1
l4_GCTGCTTCAGACACTT,2
l4_GCTGCTTCAGCTATTG,5
l4_GCTGCTTCATTAGGCT,1
l4_GCTGCTTGTCGAAAGC,1
l4_GCTGCTTGTCGCCATG,1
l4_GCTGCTTGTGCATCTA,6
l4_GCTGCTTTCAGGCAAG,1
l4_GCTGCTTTCCACGTTC,2
l4_GCTGGGTCAAGCTGGA,1
l4_GCTGGGTGTCTAGTGT,4
l4_GCTTCCAAGACGACGT,4
l4_GCTTCCAAGCGTTCCG,5
l4_GCTTCCAAGGTGTGGT,2
l4_GCTTCCACACGGTAAG,1
l4_GCTTCCACATGTCTCC,4
l4_GCTTCCAGTGAGTATA,1
l4_GCTTCCATCAAACCGT,1
l4_GCTTCCATCCTATGTT,1
l4_GCTTGAAAGCGTCTAT,3
l4_GCTTGAACAAGTAATG,2
l4_GCTTGAAGTCCGAAGA,1
l4_GCTTGAAGTTATCCGA,4
l4_GCTTGAATCGAATGGG,5
l4_GCTTGAATCGTCCAGG,1
l4_GCTTGAATCGTTGACA,2
l4_GGAAAGCGTAGCGCTC,4
l4_GGAAAGCTCTACCAGA,2
l4_GGAAAGCTCTGAGTGT,5
l4_GGAACTTAGTCGTACT,2
l4_GGAACTTAGTGTACGG,0
l4_GGAACTTCACAGACAG,1
l4_GGAACTTCAGATAATG,1
l4_GGAACTTCAGCATACT,1
l4_GGAACTTCATTAGGCT,1
l4_GGAACTTGTCGCCATG,1
l4_GGAACTTGTGGCGAAT,5
l4_GGAACTTTCGACCAGC,5
l4_GGAATAAGTGGTTTCA,5
l4_GGAATAATCTACTTAC,5
l4_GGACAAGAGACAATAC,1
l4_GGACAAGAGAGTAAGG,5
l4_GGACAAGGTCAAGCGA,2
l4_GGACAAGGTGATGTGG,1
l4_GGACAAGTCACCACCT,1
l4_GGACAGAAGCTCTCGG,1
l4_GGACAGAAGTGGTAAT,5
l4_GGACAGACAATCCAAC,1
l4_GGACAGACACGTCTCT,1
l4_GGACAGACAGCTCGAC,3
l4_GGACAGACATTTCACT,5
l4_GGACAGAGTGGACGAT,4
l4_GGACAGAGTGTTTGGT,6
l4_GGACAGATCCACGTTC,5
l4_GGACATTGTCAGAATA,3
l4_GGACATTGTGTCAATC,1
l4_GGACATTTCCACGACG,2
l4_GGACATTTCTGCGGCA,4
l4_GGACGTCGTCCATGAT,3
l4_GGACGTCTCAACGCTA,4
l4_GGACGTCTCATATCGG,0
l4_GGAGCAAAGACAATAC,1
l4_GGAGCAAAGATATACG,1
l4_GGAGCAAAGTATCGAA,1
l4_GGAGCAACACGCTTTC,4
l4_GGAGCAAGTACAAGTA,4
l4_GGATGTTAGAGTCGGT,1
l4_GGATGTTCATTCTTAC,3
l4_GGATGTTGTAAGAGGA,1
l4_GGATGTTGTACCGAGA,4
l4_GGATGTTGTAGAGGAA,2
l4_GGATGTTGTCTGCGGT,1
l4_GGATGTTGTGACGGTA,1
l4_GGATTACGTCTGGAGA,3
l4_GGATTACGTGACGCCT,5
l4_GGCAATTAGTCATCCA,1
l4_GGCAATTCACGAGGTA,1
l4_GGCAATTTCAGCCTAA,3
l4_GGCAATTTCGTCTGCT,0
l4_GGCAATTTCTTGCCGT,5
l4_GGCCGATAGTCTTGCA,1
l4_GGCCGATGTTCGAATC,4
l4_GGCCGATGTTTGGGCC,1
l4_GGCCGATTCATTGCCC,3
l4_GGCGACTAGCCAGTTT,1
l4_GGCGACTAGTGGCACA,0
l4_GGCGACTCACGGTAAG,6
l4_GGCGACTCAGGATTGG,1
l4_GGCGACTTCGGAAACG,0
l4_GGCGACTTCTATCCTA,1
l4_GGCGACTTCTTTACAC,1
l4_GGCGTGTGTGTTCGAT,3
l4_GGCGTGTGTTATGTGC,1
l4_GGCTCGACAAAGCGGT,1
l4_GGCTCGAGTAAGGGCT,4
l4_GGCTGGTAGGAGCGAG,1
l4_GGGAATGGTAAAGGAG,1
l4_GGGAATGGTCTAGCCG,1
l4_GGGAATGGTTAGATGA,1
l4_GGGAATGTCGTTGACA,2
l4_GGGAATGTCTGTACGA,0
l4_GGGACCTCAAACTGTC,1
l4_GGGACCTTCACTTACT,5
l4_GGGAGATAGAGTGAGA,3
l4_GGGAGATAGGACAGAA,4
l4_GGGAGATCAGCGTTCG,1
l4_GGGAGATCATTGCGGC,5
l4_GGGAGATTCAACACAC,5
l4_GGGAGATTCGTTTAGG,1
l4_GGGATGAAGCAGACTG,1
l4_GGGATGAAGCTGATAA,1
l4_GGGATGAAGGGTGTGT,2
l4_GGGATGAAGTAGCGGT,3
l4_GGGATGACACCGAATT,1
l4_GGGATGAGTCGAACAG,5
l4_GGGCACTAGGAGTACC,3
l4_GGGCACTCACATGTGT,1
l4_GGGCACTCATACGCCG,2
l4_GGGCACTGTATAAACG,4
l4_GGGCATCAGGCATTGG,1
l4_GGGCATCAGTTCCACA,6
l4_GGGCATCCAAGTTCTG,3
l4_GGGCATCCATTCGACA,1
l4_GGGCATCGTTCGCTAA,1
l4_GGGCATCTCAACCATG,2
l4_GGGCATCTCATGGTCA,3
l4_GGGCATCTCGTTACAG,1
l4_GGGCATCTCTTGTCAT,4
l4_GGGTCTGAGCGGCTTC,2
l4_GGGTCTGCAAGTCATC,1
l4_GGGTCTGCACAGCGTC,6
l4_GGGTCTGTCAGGATCT,3
l4_GGTATTGGTAAACACA,4
l4_GGTATTGGTAGTAGTA,1
l4_GGTATTGGTATAGGTA,1
l4_GGTATTGGTCATATGC,1
l4_GGTATTGGTCTCTCGT,5
l4_GGTATTGTCACAGGCC,1
l4_GGTATTGTCCGTTGCT,2
l4_GGTATTGTCGGAGGTA,1
l4_GGTGAAGAGTATCGAA,1
l4_GGTGAAGCAAGACGTG,1
l4_GGTGAAGCACTGTGTA,1
l4_GGTGAAGGTCACTGGC,1
l4_GGTGAAGGTCTGGAGA,1
l4_GGTGAAGTCTGGCGAC,1
l4_GGTGCGTAGACACTAA,6
l4_GGTGCGTCAGATCCAT,5
l4_GGTGCGTGTCGCATCG,1
l4_GGTGCGTGTCGCCATG,1
l4_GGTGCGTTCAATCTCT,4
l4_GGTGCGTTCATGTGGT,5
l4_GGTGTTAAGGGTCTCC,1
l4_GGTGTTATCAACGGCC,1
l4_GGTGTTATCTTGCAAG,2
l4_GTAACGTAGACCCACC,4
l4_GTAACGTAGTACCGGA,1
l4_GTAACGTCACATTTCT,1
l4_GTAACGTCAGCTGCAC,4
l4_GTAACGTGTAAGAGAG,0
l4_GTAACGTGTTGTTTGG,1
l4_GTAACGTGTTTGACTG,4
l4_GTAACGTTCGTTACAG,4
l4_GTAACGTTCTAGCACA,2
l4_GTAACTGAGAGTTGGC,5
l4_GTAACTGAGTCCAGGA,4
l4_GTAACTGCAAGTAGTA,1
l4_GTAACTGCATGGTAGG,5
l4_GTAACTGTCTACCTGC,1
l4_GTACGTAAGATCACGG,2
l4_GTACGTAAGTCCTCCT,0
l4_GTACGTACACGAAAGC,5
l4_GTACGTACAGCCTTGG,2
l4_GTACGTATCACCGGGT,1
l4_GTACTCCAGTGACTCT,4
l4_GTACTCCCAATCGGTT,1
l4_GTACTCCCACGGATAG,1
l4_GTACTCCCAGTCGATT,1
l4_GTACTCCGTGTCTGAT,3
l4_GTACTCCTCAGCTTAG,6
l4_GTACTCCTCTGCCCTA,1
l4_GTACTCCTCTTTAGTC,1
l4_GTACTTTAGATGGCGT,4
l4_GTACTTTCAGCTTCGG,1
l4_GTACTTTGTTCCGGCA,3
l4_GTACTTTTCCTTAATC,0
l4_GTAGGCCAGATCCGAG,1
l4_GTAGGCCAGCATCATC,1
l4_GTAGGCCGTACAAGTA,4
l4_GTAGGCCGTAGAGTGC,4
l4_GTAGGCCGTAGCGTGA,6
l4_GTAGGCCGTGAAGGCT,1
l4_GTAGGCCGTTGTCGCG,1
l4_GTAGTCAAGGCGACAT,5
l4_GTAGTCAAGGGAGTAA,2
l4_GTAGTCAAGTGACTCT,1
l4_GTAGTCAAGTGTACCT,1
l4_GTAGTCACAATGAATG,1
l4_GTAGTCACACTGAAGG,1
l4_GTAGTCAGTGGAAAGA,5
l4_GTAGTCATCCGAACGC,1
l4_GTAGTCATCGGACAAG,1
l4_GTATCTTGTAAGCACG,1
l4_GTATCTTGTTCTGAAC,1
l4_GTATCTTTCACCATAG,2
l4_GTATCTTTCCTATTCA,3
l4_GTATCTTTCGGCGCAT,4
l4_GTATTCTAGAATTCCC,6
l4_GTATTCTAGACCACGA,0
l4_GTATTCTAGATTACCC,5
l4_GTATTCTAGGTGATAT,1
l4_GTATTCTCAAGCGAGT,2
l4_GTATTCTCACCAGCAC,1
l4_GTATTCTCACTATCTT,1
l4_GTATTCTGTCTCTTAT,1
l4_GTATTCTGTGAAATCA,0
l4_GTATTCTGTGACGCCT,1
l4_GTATTCTGTTTAGGAA,2
l4_GTCAAGTAGGCTACGA,1
l4_GTCAAGTAGTGCGATG,5
l4_GTCAAGTGTCAAAGAT,5
l4_GTCAAGTGTGTTGGGA,5
l4_GTCAAGTGTGTTTGGT,1
l4_GTCAAGTTCATGTGGT,1
l4_GTCAAGTTCCCTCAGT,2
l4_GTCAAGTTCCTCAATT,1
l4_GTCACAAGTTAGGGTG,6
l4_GTCACAAGTTATTCTC,1
l4_GTCACAATCGCAGGCT,1
l4_GTCACGGAGTTCGATC,2
l4_GTCACGGCATTGAGCT,1
l4_GTCACGGGTACAGCAG,1
l4_GTCACGGTCCATGAAC,4
l4_GTCACGGTCCCACTTG,1
l4_GTCATTTCACAACTGT,1
l4_GTCATTTCACCCAGTG,4
l4_GTCATTTCACGTCAGC,1
l4_GTCATTTGTGATGTCT,1
l4_GTCATTTTCAACACAC,2
l4_GTCATTTTCACGACTA,5
l4_GTCCTCACAAAGGAAG,1
l4_GTCCTCACAGTTTACG,5
l4_GTCCTCATCTTCGGTC,5
l4_GTCCTCATCTTGAGAC,1
l4_GTCGTAAAGGTGTGGT,1
l4_GTCGTAACACCAGATT,3
l4_GTCGTAACACGTCAGC,4
l4_GTCGTAACAGGTGGAT,1
l4_GTCGTAAGTAAGGGCT,3
l4_GTCGTAAGTCAAACTC,1
l4_GTCGTAAGTGGTCTCG,1
l4_GTCGTAATCTAGAGTC,2
l4_GTCTCGTAGAAGGTGA,0
l4_GTCTCGTAGCCTATGT,1
l4_GTCTCGTCAATAAGCA,1
l4_GTCTCGTGTGAGCGAT,1
l4_GTCTCGTTCGAGCCCA,1
l4_GTCTCGTTCGCAGGCT,1
l4_GTCTTCGAGACGACGT,1
l4_GTCTTCGAGCTGAAAT,5
l4_GTCTTCGAGGACTGGT,5
l4_GTCTTCGAGGCGATAC,1
l4_GTCTTCGAGGGTTTCT,5
l4_GTCTTCGAGTGAAGTT,1
l4_GTCTTCGCAAAGCGGT,0
l4_GTCTTCGGTGTGCCTG,2
l4_GTGAAGGAGTCGAGTG,1
l4_GTGAAGGGTACCGTAT,2
l4_GTGAAGGTCACAGGCC,4
l4_GTGAAGGTCAGGATCT,0
l4_GTGCAGCAGAACTCGG,1
l4_GTGCAGCAGGCTAGAC,1
l4_GTGCAGCCATGTTCCC,3
l4_GTGCAGCTCCTAAGTG,2
l4_GTGCATACAAGCGAGT,1
l4_GTGCATACACCGCTAG,1
l4_GTGCATACATGGTAGG,4
l4_GTGCATAGTTGTACAC,1
l4_GTGCATATCGCCCTTA,3
l4_GTGCATATCTTGTTTG,1
l4_GTGCGGTAGAGGGATA,1
l4_GTGCGGTGTCTAGAGG,1
l4_GTGCTTCAGAGAGCTC,1
l4_GTGCTTCAGTGAACGC,1
l4_GTGCTTCCACATCTTT,1
l4_GTGCTTCGTAAGTGTA,2
l4_GTGGGTCAGCCAGAAC,1
l4_GTGGGTCAGGTGCTAG,1
l4_GTGGGTCGTAAACCTC,5
l4_GTGTGCGAGACAAAGG,4
l4_GTGTGCGAGGCTCATT,3
l4_GTGTGCGCAGTCGATT,4
l4_GTGTTAGGTTGCGTTA,1
l4_GTGTTAGTCCCAGGTG,4
l4_GTGTTAGTCCGAACGC,1
l4_GTGTTAGTCTACTCAT,1
l4_GTTAAGCAGAAGAAGC,3
l4_GTTAAGCAGTGTACTC,3
l4_GTTAAGCCACAAGCCC,6
l4_GTTAAGCGTTGCTCCT,1
l4_GTTAAGCTCCAGAGGA,1
l4_GTTAAGCTCTGCCCTA,5
l4_GTTACAGAGCCGCCTA,1
l4_GTTACAGCAGTCAGCC,1
l4_GTTACAGGTGACCAAG,1
l4_GTTACAGTCGAGAGCA,1
l4_GTTCATTAGAGAACAG,1
l4_GTTCATTAGAGGGCTT,1
l4_GTTCATTCAACACGCC,1
l4_GTTCATTCAATGAAAC,3
l4_GTTCATTCAGCTGGCT,2
l4_GTTCATTGTCGCTTTC,3
l4_GTTCATTTCCAACCAA,1
l4_GTTCATTTCCACGAAT,1
l4_GTTCGGGAGACTAGGC,2
l4_GTTCGGGAGTGTTAGA,2
l4_GTTCGGGTCAATACCG,1
l4_GTTCGGGTCATAACCG,6
l4_GTTCGGGTCGGAAACG,6
l4_GTTCTCGAGACTAGAT,5
l4_GTTCTCGCACGTGAGA,1
l4_GTTCTCGCACTGAAGG,1
l4_GTTCTCGCATACTACG,1
l4_GTTCTCGCATCTCCCA,2
l4_GTTCTCGGTCACACGC,5
l4_GTTCTCGTCAATAAGG,1
l4_GTTCTCGTCTGGTGTA,1
l4_GTTCTCGTCTGTTTGT,5
l4_GTTTCTACATGGTCAT,4
l4_GTTTCTAGTAAGCACG,4
l4_GTTTCTATCACCACCT,1
l4_GTTTCTATCATCATTC,1
l4_GTTTCTATCATTGCGA,5
l4_GTTTCTATCCACGTTC,2
l4_TAAACCGAGCTAGTGG,3
l4_TAAACCGCACTGAAGG,0
l4_TAAACCGCACTTCGAA,4
l4_TAAACCGCAGTTAACC,2
l4_TAAACCGGTCCGAGTC,4
l4_TAAACCGTCTCCTATA,1
l4_TAAGAGAGTCTGGTCG,2
l4_TAAGAGAGTTAAGATG,2
l4_TAAGCGTAGAGTACCG,0
l4_TAAGCGTGTGCCTTGG,2
l4_TAAGCGTGTTAGAACA,1
l4_TAAGCGTTCGCCCTTA,1
l4_TAAGTGCGTCAAACTC,4
l4_TAAGTGCTCTCAACTT,1
l4_TACACGAAGGATGCGT,1
l4_TACACGATCCCGACTT,2
l4_TACACGATCGCCGTGA,4
l4_TACACGATCGTACGGC,4
l4_TACAGTGAGCAGGCTA,1
l4_TACAGTGAGGTCGGAT,2
l4_TACAGTGCAGAAGCAC,2
l4_TACAGTGGTGTTAAGA,1
l4_TACAGTGTCCGTCAAA,1
l4_TACAGTGTCGTTGACA,0
l4_TACCTATAGGCAAAGA,1
l4_TACCTATGTAAACGCG,2
l4_TACCTATGTAGCAAAT,1
l4_TACCTATTCTTAGAGC,1
l4_TACCTTACATACGCTA,3
l4_TACCTTACATGTAAGA,3
l4_TACCTTATCATTGCGA,2
l4_TACCTTATCCGCATAA,6
l4_TACCTTATCTAGCACA,1
l4_TACCTTATCTGTCCGT,5
l4_TACGGATAGAGTACCG,3
l4_TACGGATAGTCTCCTC,3
l4_TACGGATAGTGAAGTT,3
l4_TACGGATCAATCGGTT,1
l4_TACGGATCATGGAATA,4
l4_TACGGATGTCTAGCGC,4
l4_TACGGATTCAACACTG,4
l4_TACGGATTCAGGCAAG,4
l4_TACGGGCAGATGCCTT,1
l4_TACGGGCCACGTTGGC,4
l4_TACGGGCGTAACGTTC,1
l4_TACGGGCTCCCAAGAT,1
l4_TACGGGCTCTTTAGTC,4
l4_TACGGTAAGTGAACAT,1
l4_TACTCATAGTGGACGT,1
l4_TACTCATAGTTTGCGT,0
l4_TACTCATCATGCTGGC,1
l4_TACTCATGTACGCTGC,1
l4_TACTCATGTATTCTCT,4
l4_TACTCATGTGTAACGG,1
l4_TACTCGCAGAAAGTGG,1
l4_TACTCGCCAATACGCT,5
l4_TACTCGCGTCGCATCG,0
l4_TACTCGCGTGAGGGAG,1
l4_TACTCGCGTGATGTCT,1
l4_TACTCGCGTGCGGTAA,1
l4_TACTCGCTCATCACCC,1
l4_TACTTACAGGAGTCTG,4
l4_TACTTACAGGATGGAA,1
l4_TACTTACTCCATGCTC,1
l4_TACTTGTAGACGCTTT,1
l4_TACTTGTAGTTGTAGA,1
l4_TACTTGTAGTTTGCGT,1
l4_TACTTGTGTGGTCCGT,1
l4_TACTTGTGTTCAGTAC,6
l4_TACTTGTTCATTTGGG,1
l4_TAGACCATCTAACCGA,1
l4_TAGAGCTCAAAGGTGC,2
l4_TAGAGCTGTGCGAAAC,4
l4_TAGCCGGAGTGGAGTC,1
l4_TAGCCGGCAGCTTAAC,1
l4_TAGCCGGGTCAGCTAT,2
l4_TAGCCGGGTGTTTGGT,1
l4_TAGCCGGTCTAACTGG,3
l4_TAGGCATCACCAACCG,6
l4_TAGGCATCAGCCTATA,1
l4_TAGGCATGTAAGTTCC,1
l4_TAGGCATTCAAGAAGT,1
l4_TAGGCATTCAGTACGT,3
l4_TAGGCATTCGCAAGCC,4
l4_TAGGCATTCGCTGATA,2
l4_TAGTGGTAGCGCCTTG,1
l4_TAGTGGTAGCTAGGCA,1
l4_TAGTGGTAGTCGATAA,1
l4_TAGTGGTCACCGAAAG,1
l4_TAGTGGTTCCTTTCTC,2
l4_TAGTTGGAGACTTTCG,1
l4_TAGTTGGAGTAATCCC,2
l4_TAGTTGGAGTACGTTC,2
l4_TAGTTGGGTCTCGTTC,5
l4_TAGTTGGTCAGGTTCA,3
l4_TATCAGGCAAGAAGAG,5
l4_TATCAGGCACACCGAC,1
l4_TATCAGGTCACGCATA,4
l4_TATCAGGTCCGCATAA,3
l4_TATCAGGTCTGCTGCT,3
l4_TATCAGGTCTTGCAAG,0
l4_TATCTCAAGAGGGATA,6
l4_TATCTCAAGAGGTAGA,4
l4_TATCTCAAGTTTAGGA,1
l4_TATCTCACAACGATCT,5
l4_TATCTCACAAGAAAGG,1
l4_TATCTCACAATAGCGG,5
l4_TATCTCAGTTATGCGT,3
l4_TATCTCAGTTGAGGTG,1
l4_TATCTCATCAAGCCTA,1
l4_TATCTCATCGCTAGCG,1
l4_TATCTCATCTTGGGTA,1
l4_TATGCCCAGCTAACAA,2
l4_TATGCCCAGGCTAGGT,1
l4_TATGCCCCAGCCTATA,6
l4_TATGCCCGTAAATGTG,5
l4_TATGCCCGTACGAAAT,1
l4_TATGCCCGTCATGCAT,1
l4_TATGCCCTCATCACCC,1
l4_TATGCCCTCCTGCCAT,1
l4_TATTACCAGCGTAATA,1
l4_TATTACCAGTCGATAA,1
l4_TATTACCCAGTAAGAT,6
l4_TATTACCCATAGGATA,2
l4_TATTACCGTAAGTGGC,1
l4_TATTACCGTGACCAAG,1
l4_TATTACCGTTTGACAC,1
l4_TATTACCTCGCATGAT,4
l4_TCAACGAAGAAGGACA,1
l4_TCAACGAAGTGGTAGC,1
l4_TCAACGACAACTGCTA,1
l4_TCAACGACACAGTCGC,6
l4_TCAACGACACTTAACG,5
l4_TCAACGATCATGCAAC,1
l4_TCAATCTAGCGTGTCC,1
l4_TCAATCTAGGTGTGGT,4
l4_TCAATCTCAACTGCTA,1
l4_TCAATCTGTGATGTCT,4
l4_TCAATCTGTTTGTTGG,5
l4_TCAATCTTCGAGGTAG,1
l4_TCAATCTTCGCGCCAA,4
l4_TCACAAGAGACACTAA,3
l4_TCACAAGAGAGACTTA,2
l4_TCACAAGCAAGCCTAT,1
l4_TCACAAGGTCCGACGT,4
l4_TCACAAGGTTAAGAAC,1
l4_TCACAAGGTTAAGGGC,4
l4_TCACAAGTCGTTTATC,1
l4_TCACGAAAGAGGGCTT,4
l4_TCACGAAAGAGTCGGT,3
l4_TCACGAAAGCAGCCTC,1
l4_TCACGAAAGGCTCAGA,0
l4_TCACGAAAGTACACCT,6
l4_TCACGAAAGTGGAGAA,2
l4_TCACGAACACGGTAGA,1
l4_TCACGAAGTGAGGGTT,1
l4_TCACGAATCCGTCATC,3
l4_TCAGATGAGCGATTCT,3
l4_TCAGATGAGGAGTAGA,1
l4_TCAGATGCAAGTAATG,1
l4_TCAGATGGTCGAATCT,1
l4_TCAGATGGTGATAAGT,0
l4_TCAGATGGTGTGAAAT,2
l4_TCAGATGGTTGATTCG,4
l4_TCAGATGTCCTGCTTG,6
l4_TCAGATGTCGCATGAT,5
l4_TCAGCAAAGTATCTCG,2
l4_TCAGCAAAGTGGTAAT,1
l4_TCAGCAACACGTGAGA,2
l4_TCAGCAACATGGTTGT,1
l4_TCAGCAAGTCTAACGT,5
l4_TCAGCAAGTGACAAAT,1
l4_TCAGCAAGTTCTCATT,1
l4_TCAGCAATCACTATTC,1
l4_TCAGCAATCTCAACTT,1
l4_TCAGCAATCTCCAACC,0
l4_TCAGCAATCTCGCATC,1
l4_TCAGCTCAGACAGACC,4
l4_TCAGCTCAGAGAACAG,1
l4_TCAGCTCAGGTCGGAT,6
l4_TCAGCTCTCAGGTTCA,1
l4_TCAGCTCTCCAGAAGG,3
l4_TCAGCTCTCTCAACTT,1
l4_TCAGCTCTCTCCGGTT,4
l4_TCAGCTCTCTGATTCT,6
l4_TCAGCTCTCTTCTGGC,1
l4_TCAGCTCTCTTGAGAC,1
l4_TCAGGATAGAATAGGG,1
l4_TCAGGATGTAAGTGTA,3
l4_TCAGGATTCTACCAGA,4
l4_TCAGGTACACTTAACG,3
l4_TCAGGTACAGGAATGC,1
l4_TCAGGTAGTTGATTCG,5
l4_TCAGGTATCCGAAGAG,2
l4_TCAGGTATCTGGTTCC,6
l4_TCATTACAGAGGGATA,5
l4_TCATTACAGTTGCAGG,5
l4_TCATTACCAAGACACG,1
l4_TCATTACCATGCCTTC,4
l4_TCATTACGTCCAAGTT,1
l4_TCATTACTCCTGTAGA,0
l4_TCATTTGAGCCAGGAT,1
l4_TCATTTGCAAGGGTCA,1
l4_TCATTTGCAATAGCAA,4
l4_TCATTTGCACATCCAA,1
l4_TCATTTGCATGACATC,3
l4_TCCACACAGACAAAGG,3
l4_TCCACACAGATGAGAG,3
l4_TCCACACCAAACCTAC,1
l4_TCCACACGTACGACCC,5
l4_TCCACACGTCGCATAT,3
l4_TCCACACGTTGCTCCT,4
l4_TCCACACGTTTCCACC,0
l4_TCCACACTCCAGGGCT,6
l4_TCCACACTCTTGTATC,1
l4_TCCCGATAGACCACGA,0
l4_TCCCGATAGATATGGT,4
l4_TCCCGATAGGCATGTG,1
l4_TCCCGATGTTCGTTGA,1
l4_TCGAGGCAGAACTCGG,5
l4_TCGAGGCAGATCTGCT,4
l4_TCGAGGCAGCCCAATT,1
l4_TCGAGGCAGCCCTAAT,4
l4_TCGAGGCAGCGTGAGT,2
l4_TCGAGGCAGGACACCA,0
l4_TCGAGGCAGGTAGCCA,1
l4_TCGAGGCCAGCAGTTT,1
l4_TCGAGGCGTACTTGAC,1
l4_TCGAGGCGTCAGCTAT,1
l4_TCGAGGCGTCATCCCT,1
l4_TCGAGGCTCGTCGTTC,2
l4_TCGAGGCTCTGAAAGA,4
l4_TCGCGAGCAGTCTTCC,5
l4_TCGCGAGGTGGGTATG,1
l4_TCGCGAGGTGTAATGA,3
l4_TCGCGAGGTTTAAGCC,1
l4_TCGCGAGTCTACTCAT,4
l4_TCGCGTTAGCAGATCG,1
l4_TCGCGTTGTCTGATCA,1
l4_TCGCGTTTCATTGCCC,1
l4_TCGCGTTTCCTGTACC,5
l4_TCGGGACCATGCCTTC,3
l4_TCGGTAAAGAGACGAA,1
l4_TCGGTAAAGGGTGTGT,1
l4_TCGGTAAAGTACATGA,1
l4_TCGGTAAAGTGGAGTC,4
l4_TCGGTAACAATCTGCA,5
l4_TCGGTAAGTAATCGTC,3
l4_TCGGTAAGTGCAGGTA,3
l4_TCGGTAAGTGCATCTA,2
l4_TCGTACCAGAGAGCTC,3
l4_TCGTACCAGTACGACG,1
l4_TCGTACCAGTGTACGG,1
l4_TCGTACCTCCGGCACA,5
l4_TCGTACCTCTATCCCG,3
l4_TCGTACCTCTGCAGTA,5
l4_TCGTAGAAGACTGGGT,1
l4_TCGTAGAAGGTTCCTA,1
l4_TCGTAGACACGGCGTT,1
l4_TCGTAGAGTCCAGTAT,1
l4_TCGTAGAGTCTTGATG,1
l4_TCGTAGATCATGCAAC,1
l4_TCTATTGAGAGTAAGG,1
l4_TCTATTGCAAGCTGAG,1
l4_TCTATTGCACGCATCG,1
l4_TCTATTGGTTGTGGCC,1
l4_TCTATTGTCAAACAAG,1
l4_TCTATTGTCGGTCTAA,2
l4_TCTATTGTCTCTGTCG,5
l4_TCTATTGTCTGGCGAC,5
l4_TCTCATAGTCAGTGGA,1
l4_TCTCATAGTCTGCAAT,4
l4_TCTCATAGTTAAGACA,3
l4_TCTCATAGTTCCACGG,5
l4_TCTCTAAAGACGCAAC,1
l4_TCTCTAAAGCTGCCCA,1
l4_TCTCTAAGTTGCCTCT,4
l4_TCTCTAATCGATCCCT,1
l4_TCTGAGAAGACGACGT,0
l4_TCTGAGAAGATCGATA,2
l4_TCTGAGAAGGGCTTGA,1
l4_TCTGAGACACCAGATT,1
l4_TCTGAGATCATCTGCC,2
l4_TCTGAGATCGCCTGAG,0
l4_TCTGGAAAGGGCTTCC,5
l4_TCTGGAAAGTCCGTAT,0
l4_TCTGGAAAGTGGGCTA,3
l4_TCTGGAACAAGTTCTG,1
l4_TCTGGAACACAGGCCT,1
l4_TCTGGAACAGCTTAAC,1
l4_TCTGGAACAGGCAGTA,4
l4_TCTGGAAGTCAATGTC,2
l4_TCTGGAAGTCAGTGGA,4
l4_TCTGGAAGTCCGAACC,2
l4_TCTGGAAGTGGCGAAT,0
l4_TCTGGAAGTTCCGTCT,1
l4_TCTGGAATCTGATTCT,4
l4_TCTGGAATCTGTCAAG,3
l4_TCTTCGGAGGGCACTA,4
l4_TCTTCGGGTCTGGAGA,1
l4_TCTTCGGGTTCCACTC,1
l4_TCTTCGGGTTCGTTGA,2
l4_TCTTCGGTCTACTCAT,5
l4_TCTTTCCAGAGCTGCA,1
l4_TCTTTCCAGTACGCCC,2
l4_TCTTTCCAGTCTTGCA,5
l4_TGAAAGAAGGTCATCT,1
l4_TGAAAGACAGTTCATG,1
l4_TGAAAGAGTCTACCTC,1
l4_TGAAAGAGTGACAAAT,1
l4_TGAAAGATCACATGCA,1
l4_TGAAAGATCCGAACGC,5
l4_TGACAACAGCAGGTCA,5
l4_TGACAACAGGGAACGG,5
l4_TGACAACAGTGTCTCA,0
l4_TGACAACCACCGCTAG,2
l4_TGACAACCAGCCTTGG,1
l4_TGACAACGTAGGGACT,4
l4_TGACAACTCGAACGGA,1
l4_TGACAACTCTCACATT,4
l4_TGACGGCTCAGGATCT,4
l4_TGACTAGAGCCAGGAT,1
l4_TGACTAGAGCTAGGCA,2
l4_TGACTAGCAGACTCGC,4
l4_TGACTAGCAGTGGGAT,1
l4_TGACTAGGTGTAATGA,1
l4_TGACTAGTCGAGAACG,4
l4_TGACTTTAGCCTTGAT,1
l4_TGACTTTAGTCCGGTC,1
l4_TGACTTTCATACTCTT,2
l4_TGACTTTGTTGGTAAA,2
l4_TGAGAGGAGCACACAG,4
l4_TGAGAGGCAAGCCGCT,4
l4_TGAGAGGCACCGAAAG,4
l4_TGAGCATCAGTCAGCC,1
l4_TGAGCATTCACATACG,1
l4_TGAGCATTCAGTTGAC,1
l4_TGAGCATTCCTGTAGA,1
l4_TGAGCATTCTTTAGTC,1
l4_TGAGCCGAGGCTATCT,2
l4_TGAGCCGCATCGATGT,4
l4_TGAGCCGCATTGAGCT,1
l4_TGAGCCGTCCCGACTT,1
l4_TGAGCCGTCCTCGCAT,3
l4_TGAGGGAAGACTGTAA,4
l4_TGAGGGAAGCGTGAGT,1
l4_TGAGGGAAGTACGATA,6
l4_TGAGGGACACACCGAC,3
l4_TGAGGGACAGGGTACA,5
l4_TGAGGGACATTAACCG,1
l4_TGAGGGAGTCGGATCC,3
l4_TGAGGGATCAACACTG,3
l4_TGAGGGATCTTGCAAG,4
l4_TGATTTCAGATCCCAT,1
l4_TGATTTCAGCTAAGAT,1
l4_TGATTTCCAAAGGAAG,5
l4_TGATTTCGTAGCTCCG,1
l4_TGATTTCGTCTGATCA,1
l4_TGATTTCTCATAGCAC,1
l4_TGCACCTAGGCCGAAT,1
l4_TGCACCTCATCGGACC,1
l4_TGCACCTGTCCGAGTC,5
l4_TGCACCTTCATGTCCC,1
l4_TGCACCTTCTAACCGA,5
l4_TGCCAAAAGGTACTCT,3
l4_TGCCAAACACTACAGT,1
l4_TGCCAAAGTCAAAGAT,6
l4_TGCCAAAGTCACCTAA,2
l4_TGCCAAAGTCGTGGCT,1
l4_TGCCAAAGTGAAATCA,0
l4_TGCCAAATCACTTCAT,1
l4_TGCCAAATCGTAGGAG,3
l4_TGCCCATGTCGCATAT,1
l4_TGCCCATTCACAGGCC,1
l4_TGCCCATTCGTCTGCT,1
l4_TGCCCATTCTGATTCT,6
l4_TGCCCTAAGTGTTGAA,1
l4_TGCCCTAAGTTAAGTG,4
l4_TGCCCTACAAGGTTCT,1
l4_TGCCCTAGTACCTACA,0
l4_TGCCCTAGTTCTGAAC,4
l4_TGCCCTATCACCAGGC,4
l4_TGCCCTATCCAGTATG,0
l4_TGCGCAGCAGGACCCT,1
l4_TGCGCAGGTACATGTC,1
l4_TGCGCAGGTTGCGTTA,1
l4_TGCGGGTAGACAAGCC,4
l4_TGCGGGTCAATTGCTG,5
l4_TGCGGGTGTACCGCTG,6
l4_TGCGTGGGTATATGGA,5
l4_TGCGTGGTCCAGAAGG,1
l4_TGCTACCAGTGCCAGA,1
l4_TGCTACCCAGGGAGAG,5
l4_TGCTACCCATCACGAT,3
l4_TGCTACCGTACGAAAT,1
l4_TGCTACCGTATATGAG,1
l4_TGCTACCGTGAGGGTT,5
l4_TGCTACCGTGTGCGTC,4
l4_TGCTACCTCACCATAG,1
l4_TGCTGCTCAGGGTACA,5
l4_TGCTGCTCATCCAACA,1
l4_TGCTGCTGTAGGGTAC,0
l4_TGCTGCTGTCGGCATC,1
l4_TGCTGCTGTTGGGACA,1
l4_TGCTGCTTCAGGCGAA,0
l4_TGCTGCTTCCGTCAAA,4
l4_TGGACGCAGATCCCGC,1
l4_TGGACGCAGCTGCCCA,3
l4_TGGACGCAGGTGGGTT,6
l4_TGGACGCGTTGGTTTG,5
l4_TGGACGCTCAAAGTAG,1
l4_TGGACGCTCTAACGGT,4
l4_TGGCCAGCAAGTCTGT,2
l4_TGGCCAGGTGCTTCTC,3
l4_TGGCCAGTCCAGATCA,3
l4_TGGCCAGTCCAGTATG,1
l4_TGGCCAGTCGGATGTT,1
l4_TGGCCAGTCTACCTGC,2
l4_TGGCGCAAGACCTAGG,1
l4_TGGCGCAAGAGCCCAA,1
l4_TGGCGCAAGAGTACAT,1
l4_TGGCGCAAGATACACA,1
l4_TGGCGCAAGATGGGTC,3
l4_TGGCGCACACAGCCCA,5
l4_TGGCGCACATACGCTA,5
l4_TGGCGCACATCACAAC,5
l4_TGGCGCACATTTCACT,1
l4_TGGCGCATCCCGACTT,1
l4_TGGCGCATCGCGTAGC,3
l4_TGGCGCATCGTCTGCT,2
l4_TGGCTGGAGGGTCTCC,5
l4_TGGCTGGCAATGGAGC,6
l4_TGGCTGGCAGCTTAAC,1
l4_TGGCTGGGTCGACTAT,2
l4_TGGCTGGGTTTGGGCC,1
l4_TGGCTGGTCAGGCGAA,0
l4_TGGGAAGAGAGCTGCA,1
l4_TGGGAAGTCCCAGGTG,5
l4_TGGGAAGTCCCTCTTT,1
l4_TGGGAAGTCCTTTCTC,3
l4_TGGGAAGTCTTACCTA,3
l4_TGGGCGTAGCTAGGCA,2
l4_TGGGCGTAGTCCATAC,1
l4_TGGGCGTGTAAAGGAG,1
l4_TGGGCGTTCACAGTAC,4
l4_TGGTTAGAGCTAGCCC,1
l4_TGGTTAGAGGATGGTC,1
l4_TGGTTAGCACACCGCA,5
l4_TGGTTAGCACCTCGTT,1
l4_TGGTTAGCATGATCCA,3
l4_TGGTTAGGTGACGGTA,2
l4_TGGTTAGTCCATTCTA,2
l4_TGGTTCCAGAAACCGC,1
l4_TGGTTCCGTCCTAGCG,3
l4_TGGTTCCTCTCTAAGG,1
l4_TGTATTCAGCACCGTC,2
l4_TGTATTCAGCTAGTGG,1
l4_TGTATTCCACTGTGTA,3
l4_TGTATTCCATGCCTTC,1
l4_TGTATTCGTACGCTGC,1
l4_TGTCCCAAGGCAGGTT,1
l4_TGTCCCAAGTACCGGA,4
l4_TGTCCCAAGTGGAGAA,1
l4_TGTCCCACATGGTTGT,4
l4_TGTCCCACATTCACTT,4
l4_TGTCCCAGTAATCACC,1
l4_TGTGGTAAGTGGCACA,0
l4_TGTGGTAGTGATGCCC,1
l4_TGTGGTAGTTCCTCCA,2
l4_TGTGGTATCGCTTAGA,1
l4_TGTGTTTCAAGTCATC,1
l4_TGTGTTTCACCAACCG,1
l4_TGTGTTTGTCGATTGT,5
l4_TGTTCCGAGTGTTTGC,5
l4_TGTTCCGAGTTACCCA,1
l4_TGTTCCGCACACGCTG,4
l4_TGTTCCGTCTGGAGCC,4
l4_TTAACTCAGACAATAC,1
l4_TTAACTCAGACTTGAA,1
l4_TTAACTCAGAGACGAA,1
l4_TTAACTCAGATGAGAG,1
l4_TTAACTCAGCTTATCG,1
l4_TTAACTCAGGACCACA,1
l4_TTAACTCAGGTAGCTG,1
l4_TTAACTCAGTTTCCTT,1
l4_TTAACTCCAGCCTGTG,3
l4_TTAACTCGTAGATTAG,1
l4_TTAACTCGTGTTTGTG,5
l4_TTAACTCGTTACGTCA,1
l4_TTAACTCTCATCATTC,4
l4_TTAGGACAGGCATGGT,4
l4_TTAGGACAGTAGCCGA,4
l4_TTAGGACAGTGTCTCA,0
l4_TTAGGACGTGTTCTTT,1
l4_TTAGGACGTTACGCGC,2
l4_TTAGGACTCCAAGCCG,3
l4_TTAGGCAAGAAGCCCA,1
l4_TTAGGCAAGATAGGAG,4
l4_TTAGGCAAGTATGACA,1
l4_TTAGGCACAAACTGTC,6
l4_TTAGGCACACAAGTAA,3
l4_TTAGGCACATAGAAAC,0
l4_TTAGGCACATGGTTGT,1
l4_TTAGGCACATTACGAC,2
l4_TTAGGCATCATCACCC,2
l4_TTAGTTCCACTCGACG,1
l4_TTAGTTCCATCACGTA,1
l4_TTAGTTCCATTGGTAC,2
l4_TTAGTTCGTAACGTTC,1
l4_TTAGTTCGTATGAATG,2
l4_TTAGTTCGTCCAACTA,3
l4_TTAGTTCTCTGGTATG,1
l4_TTATGCTAGCTACCGC,1
l4_TTATGCTAGCTGCCCA,3
l4_TTATGCTAGTGGACGT,2
l4_TTATGCTGTGACCAAG,5
l4_TTATGCTGTTCAGTAC,1
l4_TTCCCAGAGGCCATAG,0
l4_TTCCCAGAGTACGACG,1
l4_TTCCCAGGTACCGCTG,1
l4_TTCCCAGGTTATCACG,3
l4_TTCCCAGGTTCAGTAC,4
l4_TTCCCAGTCGTACCGG,1
l4_TTCGAAGAGCCACCTG,1
l4_TTCGAAGAGCTGAACG,1
l4_TTCGAAGCAATCAGAA,1
l4_TTCGAAGCATGGTCTA,3
l4_TTCGAAGGTCCGCTGA,5
l4_TTCGAAGGTCTTCGTC,1
l4_TTCGAAGTCACGGTTA,3
l4_TTCGGTCAGCCTATGT,6
l4_TTCGGTCAGGTGATTA,5
l4_TTCGGTCAGTGAAGAG,5
l4_TTCGGTCCAGCTGGCT,3
l4_TTCGGTCGTAAGGGCT,1
l4_TTCGGTCGTCTGCCAG,1
l4_TTCGGTCGTTCGCTAA,6
l4_TTCTACAAGCAACGGT,5
l4_TTCTACACAGCTCGCA,1
l4_TTCTACAGTAAAGTCA,1
l4_TTCTACAGTCTGCAAT,4
l4_TTCTACATCTGCGGCA,3
l4_TTCTACATCTTCGAGA,4
l4_TTCTCAACAGCTGTGC,1
l4_TTCTCAAGTAGAAGGA,5
l4_TTCTCAAGTGGAAAGA,0
l4_TTCTCAAGTTTGGCGC,2
l4_TTCTCAATCGGAGGTA,1
l4_TTCTCAATCGGATGGA,5
l4_TTCTCCTAGAGACTAT,6
l4_TTCTCCTAGTACGACG,3
l4_TTCTCCTTCGTGGTCG,5
l4_TTCTTAGAGTCTCGGC,4
l4_TTCTTAGCAAAGGCGT,1
l4_TTCTTAGCATATACCG,1
l4_TTCTTAGGTCAAGCGA,1
l4_TTCTTAGTCAACGGCC,6
l4_TTGAACGCAATCAGAA,1
l4_TTGAACGGTTGATTGC,0
l4_TTGAACGTCGGCTACG,4
l4_TTGACTTAGCCACGTC,1
l4_TTGACTTCAAGCTGTT,1
l4_TTGACTTGTCCATGAT,4
l4_TTGACTTGTGATGCCC,1
l4_TTGACTTTCCTCGCAT,5
l4_TTGCCGTAGACTAGGC,1
l4_TTGCCGTAGCTATGCT,0
l4_TTGCCGTAGGCTAGGT,4
l4_TTGCCGTGTATAGTAG,1
l4_TTGCCGTGTCTGCAAT,3
l4_TTGCCGTTCGTTACAG,2
l4_TTGCCGTTCTTTAGTC,1
l4_TTGCGTCAGGAATTAC,2
l4_TTGCGTCGTCAGATAA,1
l4_TTGCGTCTCCAAAGTC,3
l4_TTGCGTCTCCATGAGT,4
l4_TTGCGTCTCTACCAGA,6
l4_TTGGAACAGGAGCGTT,1
l4_TTGGAACGTCAGAATA,2
l4_TTGGCAAGTATAAACG,1
l4_TTGGCAAGTCAACTGT,1
l4_TTGGCAAGTGCTCTTC,3
l4_TTGTAGGAGAAGATTC,5
l4_TTGTAGGCACTGAAGG,1
l4_TTGTAGGCAGGTCGTC,5
l4_TTGTAGGGTACGCACC,1
l4_TTGTAGGGTTCCTCCA,1
l4_TTGTAGGGTTCGAATC,4
l4_TTGTAGGTCCTAGAAC,1
l4_TTTACTGAGCGCCTTG,2
l4_TTTACTGCAAGTCATC,1
l4_TTTACTGCAGTCACTA,1
l4_TTTACTGGTCTAAAGA,1
l4_TTTACTGTCATCTGTT,3
l4_TTTACTGTCGGACAAG,5
l4_TTTATGCAGACGCACA,1
l4_TTTATGCAGATGTAAC,4
l4_TTTATGCAGCGCCTCA,1
l4_TTTATGCCAGAAGCAC,1
l4_TTTATGCGTCCGAACC,6
l4_TTTATGCGTGCACTTA,1
l4_TTTATGCGTTTCCACC,4
l4_TTTATGCTCAATCTCT,4
l4_TTTCCTCCACCTGGTG,3
l4_TTTCCTCGTGTATGGG,1
l4_TTTCCTCGTTTCCACC,1
l4_TTTCCTCTCTAACCGA,2
l4_TTTGCGCAGGGTGTGT,4
l4_TTTGCGCCAAGTAGTA,4
l4_TTTGCGCCACAGGCCT,6
l4_TTTGCGCCATGACATC,1
l4_TTTGCGCGTACGCACC,1
l4_TTTGCGCTCAGAAATG,1
l4_TTTGGTTCAGCTGGCT,1
l4_TTTGGTTGTCTCGTTC,1
l4_TTTGGTTGTTATCGGT,3
l4_TTTGGTTTCAAGGTAA,3
l4_TTTGTCACAGCTCGAC,4
l4_TTTGTCACATCACCCT,1
l4_TTTGTCACATGAGCGA,2
l4_TTTGTCATCCACGTGG,2
l5_AAACCTGAGATCCGAG,2
l5_AAACCTGCAACGATGG,0
l5_AAACCTGCATCCTTGC,0
l5_AAACCTGGTACAAGTA,0
l5_AAACCTGGTCTACCTC,1
l5_AAACCTGGTGAGTATA,2
l5_AAACCTGGTTCAGCGC,5
l5_AAACCTGTCGGTTAAC,5
l5_AAACGGGAGTTGAGTA,5
l5_AAACGGGGTTAGGGTG,0
l5_AAACGGGTCATGCTCC,1
l5_AAAGATGGTAGCTGCC,0
l5_AAAGATGGTCTCTCTG,3
l5_AAAGATGTCCCTTGTG,0
l5_AAAGCAACACCCATTC,0
l5_AAAGCAACAGATTGCT,0
l5_AAAGCAACAGTGGAGT,1
l5_AAAGCAAGTGCACGAA,0
l5_AAAGCAATCGTTTGCC,6
l5_AAAGTAGAGTCTCAAC,4
l5_AAAGTAGCAGACTCGC,3
l5_AAAGTAGTCACGCATA,1
l5_AAATGCCAGATGAGAG,0
l5_AAATGCCAGCGTAATA,2
l5_AAATGCCTCGTCCGTT,2
l5_AACACGTAGAGGGATA,2
l5_AACACGTAGGGATACC,2
l5_AACACGTCACTGCCAG,0
l5_AACACGTCAGGCTGAA,0
l5_AACACGTGTAGTGAAT,0
l5_AACACGTGTTGATTCG,1
l5_AACCATGCAAGCGAGT,0
l5_AACCATGCACAACGCC,0
l5_AACCATGCACCGTTGG,0
l5_AACCATGCAGAAGCAC,3
l5_AACCATGGTCGCGAAA,4
l5_AACCATGGTGTTCGAT,0
l5_AACCGCGAGACCCACC,1
l5_AACCGCGAGGGTGTTG,0
l5_AACCGCGAGTGAACGC,3
l5_AACCGCGAGTGCCATT,4
l5_AACCGCGCAGAAGCAC,3
l5_AACCGCGTCAGGTTCA,3
l5_AACCGCGTCCGCTGTT,3
l5_AACCGCGTCTCGCATC,0
l5_AACGTTGCAGCTGGCT,1
l5_AACGTTGTCCAGGGCT,1
l5_AACGTTGTCGTAGGAG,4
l5_AACGTTGTCTTGACGA,0
l5_AACTCAGAGGATGCGT,0
l5_AACTCAGCAAGACACG,0
l5_AACTCAGGTTTGTGTG,0
l5_AACTCCCCACCTGGTG,0
l5_AACTCCCCATGCCACG,2
l5_AACTCCCGTCCTAGCG,5
l5_AACTCCCTCAGTTGAC,0
l5_AACTCTTCAGCCTTTC,4
l5_AACTCTTTCTTGTTTG,0
l5_AACTGGTAGGCTATCT,0
l5_AACTGGTGTGTGGTTT,3
l5_AACTTTCAGACTTTCG,3
l5_AACTTTCCAAGACGTG,0
l5_AACTTTCCACAGAGGT,6
l5_AACTTTCCAGCTATTG,5
l5_AACTTTCTCTTCAACT,0
l5_AAGACCTCAGCGAACA,0
l5_AAGACCTGTTCAGGCC,0
l5_AAGCCGCAGCATGGCA,0
l5_AAGCCGCAGCGTCAAG,0
l5_AAGCCGCAGCTCCTTC,5
l5_AAGCCGCAGGAGTTTA,0
l5_AAGCCGCCATACCATG,0
l5_AAGCCGCCATCCGGGT,2
l5_AAGCCGCGTAGCCTAT,4
l5_AAGCCGCGTCCTCCAT,0
l5_AAGCCGCGTTAGAACA,3
l5_AAGGAGCTCGTATCAG,0
l5_AAGGAGCTCTTAACCT,1
l5_AAGGCAGCACCTCGGA,0
l5_AAGGCAGCATCCGTGG,0
l5_AAGGCAGCATCGGGTC,0
l5_AAGGCAGTCAGTTGAC,0
l5_AAGGCAGTCTGTCTCG,0
l5_AAGGTTCAGTTCGCGC,1
l5_AAGGTTCCATCCGCGA,1
l5_AAGGTTCGTCAATACC,0
l5_AAGGTTCTCCCACTTG,1
l5_AAGTCTGAGATGCGAC,4
l5_AAGTCTGCACCACGTG,0
l5_AAGTCTGGTTGATTGC,0
l5_AAGTCTGTCCGTCAAA,0
l5_AAGTCTGTCTCGATGA,3
l5_AAGTCTGTCTGAGGGA,0
l5_AATCCAGTCCAACCAA,0
l5_AATCCAGTCGCCAGCA,2
l5_AATCGGTAGACCTTTG,1
l5_AATCGGTAGATCTGCT,6
l5_AATCGGTCATACGCTA,0
l5_AATCGGTGTAGAGTGC,1
l5_AATCGGTGTAGCCTAT,4
l5_AATCGGTGTTGGAGGT,0
l5_ACACCAAAGGAGCGTT,0
l5_ACACCAAAGGCTCAGA,0
l5_ACACCAACATGTAAGA,3
l5_ACACCAATCCTTTCTC,0
l5_ACACCCTAGAACTGTA,2
l5_ACACCCTGTACAGTTC,5
l5_ACACCCTTCCACTCCA,1
l5_ACACCGGAGTGGGTTG,1
l5_ACACCGGCACGAGAGT,1
l5_ACACCGGGTCCGAGTC,0
l5_ACACCGGTCCAAATGC,4
l5_ACACCGGTCTTCATGT,0
l5_ACACCGGTCTTGACGA,3
l5_ACACTGAAGAGTGACC,4
l5_ACAGCCGAGGCATGTG,6
l5_ACAGCCGCACGAGGTA,0
l5_ACAGCCGCAGGTCCAC,0
l5_ACAGCCGGTAGAGTGC,6
l5_ACAGCTACACTTGGAT,4
l5_ACAGCTAGTCAATGTC,0
l5_ACAGCTATCTCCAGGG,1
l5_ACATACGAGAATTCCC,2
l5_ACATACGGTCCATCCT,1
l5_ACATACGTCAGTCAGT,1
l5_ACATCAGAGAACTCGG,5
l5_ACATCAGAGGTTCCTA,0
l5_ACATCAGCAACGATCT,1
l5_ACATCAGCACCGGAAA,0
l5_ACATCAGCACGAAATA,2
l5_ACATGGTTCCTAGGGC,4
l5_ACCAGTACACCGTTGG,0
l5_ACCAGTAGTAAGGATT,0
l5_ACCAGTAGTTAAAGAC,1
l5_ACCAGTATCCACTGGG,5
l5_ACCCACTAGGGCACTA,0
l5_ACCCACTCATGCAACT,0
l5_ACCGTAAAGGCCCTTG,2
l5_ACCGTAACAATGTAAG,0
l5_ACCGTAAGTTCCCTTG,0
l5_ACCGTAAGTTGATTGC,1
l5_ACCGTAATCTCTGAGA,4
l5_ACCTTTAAGTCTCAAC,0
l5_ACCTTTACAACACCTA,0
l5_ACCTTTAGTATATCCG,5
l5_ACCTTTATCCACTCCA,0
l5_ACGAGCCAGATGTAAC,3
l5_ACGAGCCAGGCCCGTT,0
l5_ACGAGCCCATTGTGCA,0
l5_ACGAGCCGTGCTAGCC,1
l5_ACGAGCCTCCACGAAT,2
l5_ACGAGCCTCTCGCTTG,0
l5_ACGAGGAAGAGGTTGC,3
l5_ACGAGGACACACCGCA,4
l5_ACGAGGACAGGGTTAG,0
l5_ACGAGGAGTGTGGCTC,0
l5_ACGAGGATCGGAGCAA,0
l5_ACGAGGATCTCTAGGA,0
l5_ACGATACGTGCAGACA,1
l5_ACGATACTCAATCACG,0
l5_ACGATGTCAAGCGAGT,0
l5_ACGATGTCAGCCTTGG,4
l5_ACGATGTTCTATCCTA,6
l5_ACGCAGCAGAGTACAT,0
l5_ACGCAGCCACCACGTG,3
l5_ACGCAGCCAGACAAAT,0
l5_ACGCAGCGTATAGTAG,5
l5_ACGCAGCGTCGAAAGC,0
l5_ACGCAGCGTTCCACGG,0
l5_ACGCAGCTCATAAAGG,1
l5_ACGCCAGCATGTAGTC,0
l5_ACGCCAGGTCAGATAA,3
l5_ACGCCAGGTCGAAAGC,0
l5_ACGCCAGGTCTTGATG,0
l5_ACGCCAGTCTCTGAGA,2
l5_ACGCCGACAAGAAGAG,2
l5_ACGCCGATCATGTCTT,2
l5_ACGCCGATCGAATCCA,2
l5_ACGCCGATCGGAAACG,2
l5_ACGGAGAAGCCAGTTT,0
l5_ACGGAGAAGGCATTGG,0
l5_ACGGAGACATACCATG,4
l5_ACGGAGAGTGACGGTA,1
l5_ACGGAGAGTGCCTGGT,4
l5_ACGGAGATCTTACCTA,0
l5_ACGGCCAAGAGGACGG,2
l5_ACGGCCAAGCGTCTAT,2
l5_ACGGCCACACTGAAGG,2
l5_ACGGCCACAGAAGCAC,0
l5_ACGGCCACATACTCTT,0
l5_ACGGCCACATCCCATC,3
l5_ACGGCCAGTATAGTAG,0
l5_ACGGCCAGTTTGTTGG,5
l5_ACGGCCATCGTGGGAA,2
l5_ACGGGCTAGGCGCTCT,0
l5_ACGGGCTAGTACGTTC,0
l5_ACGGGCTAGTGTACTC,5
l5_ACGGGCTCATAGACTC,3
l5_ACGGGTCAGCAGGCTA,4
l5_ACGGGTCAGCCAGAAC,4
l5_ACGGGTCGTCCCGACA,4
l5_ACGGGTCTCATTGCCC,0
l5_ACGTCAAAGAGTGAGA,0
l5_ACGTCAAGTGACGCCT,0
l5_ACGTCAAGTGCGAAAC,3
l5_ACGTCAATCGGAATCT,0
l5_ACTATCTAGGACATTA,5
l5_ACTATCTCACAGGCCT,2
l5_ACTATCTGTTGAGTTC,5
l5_ACTATCTTCCGAATGT,5
l5_ACTATCTTCCTGCTTG,0
l5_ACTGAACAGGCCCGTT,0
l5_ACTGAACCAACTGCGC,0
l5_ACTGAACCACCACGTG,5
l5_ACTGAACGTCTCTTTA,2
l5_ACTGAGTAGGCTAGGT,0
l5_ACTGAGTGTCTTCTCG,4
l5_ACTGAGTGTGATAAGT,4
l5_ACTGATGAGACATAAC,0
l5_ACTGATGAGATGAGAG,2
l5_ACTGATGAGCACCGCT,0
l5_ACTGATGAGTGATCGG,0
l5_ACTGATGCACTTCTGC,0
l5_ACTGATGCATGGGAAC,0
l5_ACTGATGGTCGGCACT,0
l5_ACTGATGGTGGCGAAT,3
l5_ACTGATGTCGACGGAA,4
l5_ACTGATGTCGTTGCCT,2
l5_ACTGCTCAGAATCTCC,0
l5_ACTGCTCAGACTGGGT,4
l5_ACTGCTCAGAGGACGG,5
l5_ACTGCTCTCAACACCA,6
l5_ACTGCTCTCGAATGCT,3
l5_ACTGCTCTCTCGGACG,5
l5_ACTGTCCAGGAGCGTT,0
l5_ACTGTCCCAATGTTGC,0
l5_ACTGTCCCACCATGTA,1
l5_ACTGTCCCAGACGCAA,1
l5_ACTGTCCGTCGGCATC,3
l5_ACTGTCCTCATGTCCC,4
l5_ACTTACTGTACCATCA,6
l5_ACTTACTGTCTGCCAG,0
l5_ACTTACTGTGACAAAT,0
l5_ACTTACTTCCAATGGT,1
l5_ACTTACTTCTGCCAGG,0
l5_ACTTGTTAGCTCCTTC,2
l5_ACTTGTTCAAGTAGTA,0
l5_ACTTGTTTCGCTAGCG,2
l5_ACTTTCAGTTACTGAC,1
l5_ACTTTCATCTGGAGCC,4
l5_AGAATAGGTTCCCTTG,2
l5_AGAATAGTCATACGGT,5
l5_AGAATAGTCGGTCTAA,0
l5_AGAATAGTCTAACTTC,0
l5_AGACGTTAGATGCCTT,6
l5_AGACGTTCAAAGCGGT,1
l5_AGACGTTCACCGAATT,5
l5_AGACGTTCACTGAAGG,6
l5_AGACGTTGTAGTACCT,0
l5_AGACGTTGTCAGCTAT,3
l5_AGACGTTGTGATAAGT,0
l5_AGACGTTGTTGGTAAA,2
l5_AGAGCGAAGAGCTGGT,0
l5_AGAGCGAAGGTCGGAT,3
l5_AGAGCGATCTTCATGT,0
l5_AGAGCTTAGTTAACGA,0
l5_AGAGCTTGTGTGACGA,0
l5_AGAGCTTTCTGCAAGT,0
l5_AGAGCTTTCTGCAGTA,6
l5_AGAGTGGAGACGCTTT,0
l5_AGAGTGGAGGCCCTTG,0
l5_AGAGTGGAGGCGCTCT,0
l5_AGAGTGGTCACAGTAC,1
l5_AGAGTGGTCTTAGAGC,0
l5_AGATCTGAGACTAGAT,5
l5_AGATCTGAGAGAACAG,2
l5_AGATCTGAGTTACCCA,0
l5_AGATCTGCAGCCAATT,0
l5_AGATCTGTCCCAAGTA,0
l5_AGATCTGTCCGGGTGT,0
l5_AGATCTGTCCGTAGGC,2
l5_AGATCTGTCCTCAATT,0
l5_AGATCTGTCTGCTGTC,0
l5_AGATTGCAGGGATGGG,0
l5_AGATTGCAGGGCATGT,2
l5_AGATTGCCAGCGATCC,3
l5_AGATTGCGTAATCGTC,4
l5_AGATTGCGTACAGTGG,0
l5_AGATTGCGTCAACTGT,0
l5_AGATTGCTCTGACCTC,2
l5_AGCAGCCAGCCAGAAC,0
l5_AGCAGCCCACACAGAG,1
l5_AGCAGCCCACGGCTAC,0
l5_AGCATACCAATCACAC,5
l5_AGCATACGTAGCACGA,0
l5_AGCATACGTCGATTGT,5
l5_AGCATACGTCGCGGTT,0
l5_AGCATACGTGGTTTCA,2
l5_AGCATACTCCCACTTG,0
l5_AGCATACTCCGTAGGC,3
l5_AGCCTAAAGCAGCGTA,0
l5_AGCCTAAAGGCGACAT,1
l5_AGCCTAACACATCCGG,0
l5_AGCCTAAGTCTGGTCG,0
l5_AGCCTAATCAAAGTAG,0
l5_AGCGGTCAGGAGCGAG,1
l5_AGCGGTCAGTTAAGTG,0
l5_AGCGGTCCAATAAGCA,5
l5_AGCGGTCTCTCTGCTG,1
l5_AGCGGTCTCTTCAACT,0
l5_AGCGTATAGCGTCAAG,1
l5_AGCGTATCACATTTCT,0
l5_AGCGTATGTGGGTATG,0
l5_AGCGTATTCGATCCCT,0
l5_AGCGTCGAGAAAGTGG,0
l5_AGCGTCGAGCAAATCA,5
l5_AGCGTCGAGGATATAC,0
l5_AGCGTCGCAAGACGTG,0
l5_AGCGTCGCACGCGAAA,4
l5_AGCGTCGGTAAACCTC,4
l5_AGCTCCTCAAGGACAC,6
l5_AGCTCCTGTATTACCG,3
l5_AGCTCCTGTTTGACTG,0
l5_AGCTCCTTCTGAGGGA,0
l5_AGCTCCTTCTGGCGAC,2
l5_AGCTCTCCAAAGGCGT,0
l5_AGCTCTCCATGCAACT,0
l5_AGCTTGAAGCAATATG,0
l5_AGCTTGAAGGAGTCTG,0
l5_AGGCCACAGAATCTCC,0
l5_AGGCCACAGGTGACCA,0
l5_AGGCCACTCCACTCCA,3
l5_AGGCCGTAGTCGAGTG,1
l5_AGGCCGTAGTGCGATG,0
l5_AGGCCGTCAGCCAGAA,4
l5_AGGCCGTGTCAGGACA,1
l5_AGGCCGTGTGGCGAAT,4
l5_AGGCCGTTCACAGGCC,2
l5_AGGCCGTTCGCAAGCC,2
l5_AGGCCGTTCTGGTGTA,0
l5_AGGGAGTGTGATAAGT,2
l5_AGGGAGTTCTGTCCGT,2
l5_AGGGATGCACAGATTC,2
l5_AGGGATGCACCTTGTC,3
l5_AGGGATGCACGTCTCT,0
l5_AGGGATGCAGTGAGTG,0
l5_AGGGATGCATGCTAGT,0
l5_AGGGATGTCGACGGAA,1
l5_AGGGTGACAGTCCTTC,0
l5_AGGGTGACATGTTCCC,0
l5_AGGGTGACATTAACCG,0
l5_AGGGTGAGTTGCGCAC,0
l5_AGGTCATAGCTGTCTA,4
l5_AGGTCATAGGTGCAAC,3
l5_AGGTCATCATGCTGGC,2
l5_AGGTCATGTACAGACG,0
l5_AGGTCATGTCGAGTTT,0
l5_AGGTCATTCCCAACGG,1
l5_AGGTCATTCCCAAGAT,6
l5_AGGTCCGAGAGCTTCT,0
l5_AGGTCCGAGGCTAGAC,0
l5_AGGTCCGAGTGAACAT,3
l5_AGGTCCGCATGAAGTA,0
l5_AGGTCCGGTAAGGATT,0
l5_AGGTCCGGTCTCAACA,1
l5_AGGTCCGTCTGGAGCC,0
l5_AGTAGTCGTACTCAAC,1
l5_AGTAGTCGTCTCTTAT,0
l5_AGTCTTTCAATCCAAC,4
l5_AGTCTTTCACCCATGG,0
l5_AGTCTTTGTAACGTTC,0
l5_AGTCTTTGTATAGTAG,0
l5_AGTCTTTGTGACTACT,0
l5_AGTCTTTGTTCTGAAC,0
l5_AGTCTTTTCAGCATGT,1
l5_AGTCTTTTCAGGCAAG,0
l5_AGTGAGGAGCTGATAA,1
l5_AGTGAGGAGTACGACG,0
l5_AGTGAGGAGTAGTGCG,4
l5_AGTGAGGAGTGCCAGA,0
l5_AGTGAGGGTATGAAAC,1
l5_AGTGGGAAGTTCGCGC,2
l5_AGTGGGACAGTGGGAT,2
l5_AGTGGGAGTCGGCATC,0
l5_AGTGGGAGTGTTGAGG,2
l5_AGTGGGATCGTGGACC,3
l5_AGTGTCACAGTGAGTG,0
l5_AGTGTCAGTTGCTCCT,0
l5_AGTTGGTCAGGGTACA,1
l5_AGTTGGTGTAGCTGCC,0
l5_AGTTGGTGTGACGGTA,3
l5_AGTTGGTTCGTGGACC,2
l5_AGTTGGTTCTCTAAGG,0
l5_ATAACGCGTCTCTTTA,1
l5_ATAACGCTCGTAGATC,1
l5_ATAAGAGAGAGCTATA,3
l5_ATAAGAGAGTAATCCC,6
l5_ATAAGAGCACAGACTT,1
l5_ATAAGAGGTGTAAGTA,0
l5_ATAAGAGTCTCTTATG,2
l5_ATAGACCAGACCTAGG,0
l5_ATCACGACATTAGGCT,0
l5_ATCACGACATTGAGCT,0
l5_ATCACGAGTCGAAAGC,0
l5_ATCACGAGTCTAGTGT,0
l5_ATCACGATCAAAGTAG,2
l5_ATCACGATCCCTCTTT,0
l5_ATCATCTAGAGCCTAG,1
l5_ATCATCTAGTCGATAA,0
l5_ATCATCTAGTTAAGTG,0
l5_ATCATCTCACCTCGTT,0
l5_ATCATCTGTCTAAACC,0
l5_ATCATCTGTTACGACT,0
l5_ATCATGGCACCTCGTT,2
l5_ATCATGGGTTGCGCAC,0
l5_ATCATGGTCGGTCTAA,0
l5_ATCCACCAGATGTCGG,2
l5_ATCCACCAGGGTATCG,0
l5_ATCCACCCAGGCGATA,0
l5_ATCCACCCAGGTGGAT,0
l5_ATCCACCGTGTGGCTC,0
l5_ATCCACCGTGTTTGTG,1
l5_ATCCACCGTTCGAATC,0
l5_ATCCACCTCGGTCTAA,0
l5_ATCCACCTCTCGGACG,3
l5_ATCCGAAAGATCCTGT,2
l5_ATCCGAAAGGCGACAT,0
l5_ATCCGAACATAAAGGT,0
l5_ATCCGAAGTACTTAGC,3
l5_ATCCGAAGTCATGCAT,0
l5_ATCCGAAGTCTTGATG,0
l5_ATCGAGTCACCGCTAG,0
l5_ATCTACTAGAGTGAGA,0
l5_ATCTACTCAGTCCTTC,2
l5_ATCTACTCATAGAAAC,0
l5_ATCTACTCATCGATTG,6
l5_ATCTACTGTAGGAGTC,4
l5_ATCTACTTCATGTGGT,0
l5_ATCTGCCAGAGCTATA,0
l5_ATCTGCCTCGTACGGC,2
l5_ATCTGCCTCGTCGTTC,0
l5_ATCTGCCTCTTGGGTA,1
l5_ATGAGGGAGTGAAGTT,1
l5_ATGAGGGCAATGGACG,0
l5_ATGAGGGGTCACCCAG,2
l5_ATGAGGGGTTGTGGCC,0
l5_ATGAGGGTCAGAGGTG,0
l5_ATGCGATAGTGCGTGA,0
l5_ATGCGATCAATCCAAC,0
l5_ATGGGAGGTAGAGGAA,0
l5_ATGGGAGGTATCTGCA,1
l5_ATGGGAGGTTGAGTTC,3
l5_ATGTGTGAGAACTGTA,0
l5_ATGTGTGAGAAGGGTA,0
l5_ATGTGTGAGGCATGGT,0
l5_ATGTGTGCATATGCTG,4
l5_ATGTGTGCATCGATTG,2
l5_ATGTGTGGTAAGTGGC,3
l5_ATGTGTGTCAGTACGT,0
l5_ATGTGTGTCGCATGAT,0
l5_ATTACTCAGAAAGTGG,6
l5_ATTACTCCAATTGCTG,6
l5_ATTACTCTCGCAAGCC,0
l5_ATTATCCAGACAAGCC,0
l5_ATTATCCAGGGCATGT,0
l5_ATTATCCGTATATCCG,0
l5_ATTATCCTCGAGAACG,0
l5_ATTCTACTCTCTAAGG,3
l5_ATTGGACAGGAATTAC,0
l5_ATTGGACGTGGTTTCA,0
l5_ATTGGACGTGTGACCC,0
l5_ATTGGACTCACCGTAA,6
l5_ATTGGACTCCGAATGT,2
l5_ATTGGTGAGATCACGG,0
l5_ATTGGTGAGCTAACTC,0
l5_ATTGGTGCACAAGCCC,3
l5_ATTGGTGCACCAGATT,0
l5_ATTTCTGAGAGTGAGA,4
l5_ATTTCTGCAAATCCGT,0
l5_ATTTCTGCATAGAAAC,1
l5_ATTTCTGTCTGTACGA,1
l5_CAACCAAAGGTGCAAC,0
l5_CAACCAAGTGGTTTCA,0
l5_CAACCTCAGCTGGAAC,4
l5_CAACCTCCAGGAACGT,0
l5_CAACCTCGTGTTCTTT,0
l5_CAACTAGAGGGCTCTC,3
l5_CAACTAGCATACAGCT,0
l5_CAAGAAAAGCTGAACG,0
l5_CAAGAAAGTCAATGTC,0
l5_CAAGAAATCATGTAGC,0
l5_CAAGAAATCTCGGACG,0
l5_CAAGATCAGTTCGCGC,2
l5_CAAGATCGTAGCGCTC,1
l5_CAAGATCGTTTGACTG,3
l5_CAAGATCTCCCTAACC,0
l5_CAAGGCCAGGTGCAAC,0
l5_CAAGGCCCATCCTTGC,4
l5_CAAGGCCTCTGCGTAA,2
l5_CAAGTTGAGACGCTTT,0
l5_CAAGTTGAGATAGGAG,4
l5_CAAGTTGCACGGCCAT,0
l5_CAAGTTGCAGGGAGAG,0
l5_CAAGTTGGTTCGTTGA,1
l5_CACAAACGTAGGGACT,2
l5_CACAAACGTCTTCGTC,0
l5_CACAAACGTTGCGTTA,0
l5_CACACAACAGACGCAA,0
l5_CACACAAGTTAAGACA,3
l5_CACACAATCAGGCGAA,2
l5_CACACAATCCTTGGTC,4
l5_CACACAATCTTGCCGT,5
l5_CACACCTAGGGTCGAT,3
l5_CACACCTCAGCCTTTC,0
l5_CACACCTGTCAAAGCG,0
l5_CACACCTGTGTTCTTT,1
l5_CACACCTTCTGGTGTA,0
l5_CACACTCAGTTGAGTA,6
l5_CACACTCCAGATCGGA,0
l5_CACACTCCATTTGCCC,0
l5_CACACTCGTACAAGTA,0
l5_CACACTCGTGACTACT,2
l5_CACACTCGTGCCTGGT,1
l5_CACAGGCAGACTAAGT,3
l5_CACAGGCAGTTGAGTA,0
l5_CACAGGCCAGATGAGC,0
l5_CACAGGCTCCGTCATC,0
l5_CACAGGCTCCTGCAGG,4
l5_CACAGTAAGCGTGTCC,0
l5_CACAGTAGTAATCACC,0
l5_CACAGTATCGTATCAG,5
l5_CACATAGCAAAGAATC,0
l5_CACATAGCATGGGAAC,4
l5_CACATAGGTACCGTAT,1
l5_CACATAGTCCAATGGT,0
l5_CACATTTAGCAGCCTC,0
l5_CACATTTAGCCTATGT,5
l5_CACATTTAGTACGCGA,3
l5_CACATTTAGTCGAGTG,0
l5_CACATTTCACATCTTT,1
l5_CACATTTCATCCGGGT,3
l5_CACATTTCATCGGGTC,1
l5_CACATTTGTCTCTCTG,0
l5_CACATTTTCACCCGAG,0
l5_CACATTTTCGGAGCAA,0
l5_CACCACTAGTACGTTC,1
l5_CACCACTAGTGAACAT,0
l5_CACCACTAGTTGTAGA,0
l5_CACCACTCAAACAACA,2
l5_CACCACTGTGCACCAC,0
l5_CACCAGGAGCATCATC,4
l5_CACCAGGAGGCTAGCA,0
l5_CACCAGGCACTTGGAT,3
l5_CACCAGGGTTCCAACA,1
l5_CACCAGGTCCTGCTTG,6
l5_CACCAGGTCTCTAAGG,3
l5_CACCTTGAGCTGATAA,0
l5_CACCTTGAGGACGAAA,0
l5_CACCTTGCAATCCAAC,1
l5_CACCTTGGTACTCTCC,4
l5_CACCTTGGTGAACCTT,0
l5_CACCTTGTCCTCATTA,3
l5_CACCTTGTCTGAGTGT,2
l5_CACTCCAAGTGGCACA,2
l5_CACTCCACAAAGCAAT,0
l5_CACTCCACATAAAGGT,0
l5_CACTCCACATGTTGAC,0
l5_CACTCCATCCGAATGT,0
l5_CACTCCATCCTCGCAT,0
l5_CAGAATCAGCCACGCT,2
l5_CAGAATCAGTCTCCTC,0
l5_CAGAATCCACCTGGTG,0
l5_CAGAATCGTAAGGGAA,0
l5_CAGAATCGTCTTGTCC,2
l5_CAGAATCTCTTACCGC,0
l5_CAGAGAGCATGCAACT,4
l5_CAGAGAGGTTAGATGA,3
l5_CAGAGAGTCAGTTTGG,0
l5_CAGAGAGTCCATGAAC,1
l5_CAGAGAGTCCGCAAGC,0
l5_CAGAGAGTCGCATGAT,0
l5_CAGATCATCAACGGCC,3
l5_CAGATCATCACTGGGC,3
l5_CAGATCATCTCGAGTA,0
l5_CAGATCATCTGCTTGC,0
l5_CAGCAGCAGCTCCTCT,0
l5_CAGCAGCTCCGCATCT,5
l5_CAGCAGCTCGTAGGAG,1
l5_CAGCATAAGCACCGTC,0
l5_CAGCATACATGCCACG,0
l5_CAGCATACATTCACTT,0
l5_CAGCATAGTACCGTTA,0
l5_CAGCATAGTTCTCATT,0
l5_CAGCATATCGGCGCTA,0
l5_CAGCCGAAGAGTCTGG,0
l5_CAGCCGACAGGCTGAA,0
l5_CAGCCGACATGTTCCC,2
l5_CAGCCGAGTCCAGTTA,5
l5_CAGCCGAGTGCAGACA,0
l5_CAGCCGATCTCCCTGA,0
l5_CAGCGACGTAAACACA,0
l5_CAGCGACTCTTGCCGT,3
l5_CAGCTAAAGTACGCGA,1
l5_CAGCTAAAGTCTTGCA,0
l5_CAGCTAAAGTTTAGGA,4
l5_CAGCTAACAGGTGGAT,0
l5_CAGCTAATCTGAGGGA,2
l5_CAGCTGGAGATGCGAC,0
l5_CAGCTGGAGTACGCCC,0
l5_CAGCTGGTCAAACAAG,2
l5_CAGCTGGTCAAACGGG,0
l5_CAGCTGGTCAGAGCTT,3
l5_CAGGTGCGTAATCACC,1
l5_CAGGTGCGTCAGGACA,2
l5_CAGTAACAGGAGCGAG,2
l5_CAGTAACAGGCTAGGT,0
l5_CAGTAACAGTGTGAAT,1
l5_CAGTAACCAAAGCAAT,2
l5_CAGTAACCATATGGTC,1
l5_CAGTAACTCGTACGGC,0
l5_CAGTCCTCAAGTAATG,0
l5_CAGTCCTCAATGGACG,0
l5_CAGTCCTCATCTCGCT,0
l5_CAGTCCTTCGCACTCT,1
l5_CATATGGTCCACTGGG,2
l5_CATATTCAGGTACTCT,3
l5_CATATTCAGTGAATTG,0
l5_CATATTCCATCAGTAC,0
l5_CATATTCGTAGATTAG,0
l5_CATCAAGAGCCTATGT,0
l5_CATCAAGAGGCATGTG,5
l5_CATCAAGCAACACCTA,1
l5_CATCAAGGTCTCTTAT,0
l5_CATCAAGGTGAACCTT,0
l5_CATCAAGGTGATAAGT,0
l5_CATCAAGTCGCTAGCG,3
l5_CATCAGAAGTACGATA,0
l5_CATCAGACACATTTCT,5
l5_CATCCACAGTGAATTG,0
l5_CATCCACCACCAGCAC,1
l5_CATCCACGTACCGTTA,1
l5_CATCCACGTGTAATGA,1
l5_CATCCACTCCTTTCGG,3
l5_CATCGAAAGTCGCCGT,5
l5_CATCGAACAGCTGTAT,6
l5_CATCGAAGTAATAGCA,0
l5_CATCGAAGTATGGTTC,0
l5_CATCGGGAGCCCTAAT,0
l5_CATCGGGAGTTGCAGG,2
l5_CATCGGGCAACTGCGC,0
l5_CATCGGGCAGGTTTCA,3
l5_CATCGGGGTGGTGTAG,0
l5_CATGACAAGCCTTGAT,0
l5_CATGACAAGCGTTCCG,0
l5_CATGACAGTATAGTAG,0
l5_CATGACAGTGGCGAAT,0
l5_CATGCCTTCCTAGGGC,3
l5_CATGCCTTCTTACCTA,1
l5_CATGGCGAGAAGATTC,0
l5_CATGGCGAGTGGACGT,0
l5_CATGGCGTCACTCCTG,6
l5_CATGGCGTCTGGTATG,0
l5_CATTATCAGAATAGGG,0
l5_CATTATCAGCTGCGAA,0
l5_CATTATCAGGGCACTA,2
l5_CATTATCGTTCCTCCA,1
l5_CATTATCTCGCATGGC,5
l5_CATTATCTCTTTAGGG,1
l5_CATTCGCCACGAAACG,0
l5_CATTCGCCATTAGGCT,3
l5_CATTCGCGTCTCCACT,0
l5_CATTCGCTCTGGTTCC,0
l5_CCAATCCAGATAGGAG,0
l5_CCAATCCCAAGCCTAT,4
l5_CCAATCCCAGATGGGT,6
l5_CCAATCCTCTGAAAGA,3
l5_CCACCTAAGGATGGAA,0
l5_CCACCTAAGGCACATG,4
l5_CCACCTACATGTCCTC,0
l5_CCACCTAGTAGAGGAA,0
l5_CCACGGAGTCAGAGGT,0
l5_CCACGGATCGATCCCT,3
l5_CCACGGATCTAACTCT,0
l5_CCACGGATCTAACTGG,0
l5_CCACGGATCTACTATC,0
l5_CCACTACCAATGCCAT,4
l5_CCACTACGTCAAGCGA,0
l5_CCACTACTCACAGGCC,0
l5_CCACTACTCCCATTTA,6
l5_CCACTACTCCCTTGTG,1
l5_CCAGCGACAAGGACTG,3
l5_CCAGCGACAGCTGCTG,0
l5_CCAGCGACAGGCTGAA,3
l5_CCAGCGAGTCTAGTCA,5
l5_CCAGCGATCGATCCCT,3
l5_CCAGCGATCGTCCAGG,0
l5_CCATGTCAGGTGCTAG,0
l5_CCATGTCAGTATGACA,3
l5_CCATGTCCAGCATGAG,0
l5_CCATGTCCAGGCAGTA,2
l5_CCATGTCCAGTATGCT,2
l5_CCATGTCGTAAATGAC,0
l5_CCATGTCGTCAGAGGT,1
l5_CCATGTCGTCCGAACC,2
l5_CCATTCGAGCCTCGTG,1
l5_CCATTCGAGTGGAGAA,1
l5_CCATTCGCAGCTGTAT,5
l5_CCATTCGCAGTCTTCC,0
l5_CCATTCGGTACCGGCT,0
l5_CCATTCGTCAGAGGTG,0
l5_CCCAATCCAACCGCCA,1
l5_CCCAATCCACCAACCG,3
l5_CCCAATCGTGTCAATC,0
l5_CCCAATCTCATCTGCC,1
l5_CCCAATCTCGAACGGA,0
l5_CCCAATCTCGTCTGAA,0
l5_CCCAGTTAGTGCCATT,0
l5_CCCAGTTCAGCTGTAT,6
l5_CCCAGTTGTAGCTGCC,2
l5_CCCAGTTGTCGACTAT,0
l5_CCCAGTTTCCTTAATC,0
l5_CCCAGTTTCGTCACGG,0
l5_CCCTCCTAGATGGGTC,0
l5_CCCTCCTCATCCCACT,0
l5_CCCTCCTGTCCGTCAG,4
l5_CCCTCCTGTGCGGTAA,0
l5_CCGGGATAGCAGATCG,3
l5_CCGGGATCACCCAGTG,0
l5_CCGGGATCAGTATCTG,0
l5_CCGGGATGTCCAACTA,2
l5_CCGGGATGTCTCCATC,1
l5_CCGGTAGCAGACAGGT,1
l5_CCGGTAGGTTACGTCA,2
l5_CCGGTAGGTTTGGCGC,3
l5_CCGGTAGTCGGTCCGA,0
l5_CCGTACTAGTGCCAGA,0
l5_CCGTACTCAGGGCATA,3
l5_CCGTACTGTAGGAGTC,3
l5_CCGTACTGTCGAATCT,0
l5_CCGTACTGTTTGACAC,0
l5_CCGTACTTCTACCAGA,4
l5_CCGTACTTCTCGCTTG,0
l5_CCGTGGAAGATAGCAT,6
l5_CCGTGGAGTATGAATG,3
l5_CCGTGGAGTTGTCGCG,0
l5_CCGTTCAAGAAGGTTT,3
l5_CCGTTCAGTCCGAACC,0
l5_CCTAAAGAGGATTCGG,1
l5_CCTAAAGTCAGGCGAA,2
l5_CCTAAAGTCCAGAGGA,0
l5_CCTACCAGTAGGAGTC,0
l5_CCTACCATCTTCATGT,1
l5_CCTACCATCTTCGGTC,1
l5_CCTAGCTAGCGATAGC,2
l5_CCTAGCTAGCGTAGTG,2
l5_CCTATTAGTAAGCACG,0
l5_CCTATTATCGTCACGG,0
l5_CCTATTATCTCAAACG,0
l5_CCTATTATCTGCTGCT,0
l5_CCTATTATCTTCTGGC,4
l5_CCTCAGTAGAGCTGGT,4
l5_CCTCAGTAGAGGTAGA,3
l5_CCTCAGTCAAAGGTGC,0
l5_CCTCAGTCAACGATGG,0
l5_CCTCAGTCAACTGCGC,1
l5_CCTCAGTGTCACTTCC,5
l5_CCTCAGTGTCCAACTA,0
l5_CCTCAGTTCCAATGGT,1
l5_CCTCTGATCCAAACAC,1
l5_CCTTACGCAAGTCTGT,0
l5_CCTTACGGTATAAACG,0
l5_CCTTACGGTGGCGAAT,0
l5_CCTTCCCAGGACATTA,1
l5_CCTTCCCGTCTCTCGT,4
l5_CCTTCCCTCCACGTGG,0
l5_CCTTCCCTCTCGTATT,0
l5_CCTTCGACAAGAAAGG,0
l5_CCTTCGACAGGGAGAG,0
l5_CCTTCGAGTCGAGTTT,0
l5_CCTTTCTAGTGCCATT,1
l5_CCTTTCTCACAAGCCC,0
l5_CCTTTCTCAGAAGCAC,0
l5_CCTTTCTGTTGCCTCT,1
l5_CGAACATAGGACATTA,0
l5_CGAACATAGGCACATG,2
l5_CGAACATCAAGACACG,4
l5_CGAACATCACAGGTTT,0
l5_CGAACATGTGTTCTTT,0
l5_CGAACATTCTGCAAGT,1
l5_CGAATGTCACCAGTTA,0
l5_CGAATGTGTAAGAGGA,0
l5_CGAATGTTCCGAAGAG,0
l5_CGAATGTTCTCGTATT,2
l5_CGACCTTCAAGTTCTG,0
l5_CGACCTTCACTGAAGG,2
l5_CGACCTTCACTTACGA,4
l5_CGACCTTCAGCCTTGG,0
l5_CGACCTTCATCGATGT,0
l5_CGACCTTGTATAGTAG,0
l5_CGACCTTTCTTCGAGA,0
l5_CGACTTCAGACCCACC,4
l5_CGACTTCCAGCATACT,0
l5_CGACTTCGTACTCGCG,0
l5_CGAGAAGAGACATAAC,1
l5_CGAGAAGAGCTAGCCC,3
l5_CGAGAAGAGCTTATCG,0
l5_CGAGAAGAGTAATCCC,2
l5_CGAGAAGGTGCTCTTC,4
l5_CGAGCACAGCGTTTAC,0
l5_CGAGCACAGGCAAAGA,0
l5_CGAGCACGTCAAGCGA,3
l5_CGAGCACGTGTATGGG,0
l5_CGAGCACGTTCGTCTC,5
l5_CGAGCCAAGCACGCCT,3
l5_CGAGCCAAGCGAGAAA,6
l5_CGAGCCAAGGTGATTA,0
l5_CGAGCCACAGTAAGCG,0
l5_CGAGCCAGTCGGCACT,0
l5_CGAGCCAGTGATGTGG,3
l5_CGAGCCATCGGGAGTA,0
l5_CGAGCCATCTAACGGT,0
l5_CGATCGGCACCGCTAG,2
l5_CGATGGCAGGAATCGC,0
l5_CGATGGCCACGGTAGA,0
l5_CGATGGCCACTACAGT,3
l5_CGATGGCTCGGACAAG,6
l5_CGATGTAAGGCGCTCT,3
l5_CGATGTACATGCCACG,1
l5_CGATGTATCGTCTGAA,1
l5_CGATTGAAGTTAACGA,1
l5_CGATTGAGTCCGTCAG,0
l5_CGATTGAGTCGATTGT,0
l5_CGATTGAGTGTGAAAT,3
l5_CGCCAAGAGTACGCCC,0
l5_CGCCAAGCACGAGAGT,4
l5_CGCCAAGGTCTTGCGG,0
l5_CGCCAAGTCAACCATG,4
l5_CGCCAAGTCAGTTGAC,3
l5_CGCGGTACAGCGTTCG,0
l5_CGCGGTAGTGATGTCT,0
l5_CGCGTTTAGATGCCAG,5
l5_CGCGTTTAGGGAAACA,0
l5_CGCGTTTCATCATCCC,0
l5_CGCTATCAGAAAGTGG,0
l5_CGCTATCCACAGACTT,4
l5_CGCTATCGTGTAACGG,0
l5_CGCTATCGTTTAGGAA,4
l5_CGCTGGACAACTTGAC,0
l5_CGCTGGACAATGCCAT,0
l5_CGCTGGATCCGCAAGC,5
l5_CGCTTCAAGGTCATCT,1
l5_CGCTTCAGTCGCTTTC,1
l5_CGCTTCATCGTGTAGT,0
l5_CGGACACAGCTGAAAT,2
l5_CGGACACCATCAGTCA,0
l5_CGGACACGTACAGTGG,2
l5_CGGACACGTTCTGGTA,0
l5_CGGACACGTTCTGTTT,0
l5_CGGACACTCATAACCG,0
l5_CGGACACTCGCGTTTC,2
l5_CGGACGTAGGTGGGTT,3
l5_CGGACGTCAGCCACCA,1
l5_CGGACGTGTTGGTTTG,1
l5_CGGACGTTCTACTATC,0
l5_CGGACTGAGCCAGGAT,0
l5_CGGACTGCACCCAGTG,0
l5_CGGACTGCACTTAAGC,4
l5_CGGACTGGTGCTCTTC,0
l5_CGGACTGTCCTATTCA,1
l5_CGGAGCTCAAACTGTC,0
l5_CGGAGCTCAGGGTATG,6
l5_CGGAGCTGTGCGATAG,0
l5_CGGAGCTGTGTGCCTG,0
l5_CGGAGTCAGCCTATGT,6
l5_CGGAGTCAGGAATTAC,1
l5_CGGAGTCAGGCTACGA,5
l5_CGGAGTCCACATCCGG,4
l5_CGGAGTCGTAACGACG,0
l5_CGGAGTCGTGCTGTAT,2
l5_CGGAGTCTCAGGATCT,3
l5_CGGCTAGAGACTTGAA,0
l5_CGGCTAGAGGTGTGGT,4
l5_CGGCTAGGTCATCGGC,6
l5_CGGCTAGGTTCAGCGC,6
l5_CGGCTAGTCCGCTGTT,1
l5_CGGGTCAAGCTGGAAC,0
l5_CGGGTCAAGGCGTACA,0
l5_CGGGTCACAAGCGAGT,1
l5_CGGGTCATCGCCAAAT,0
l5_CGGTTAAAGACTACAA,4
l5_CGGTTAACACGGTGTC,4
l5_CGTAGCGTCAGGCCCA,0
l5_CGTAGCGTCCGCGCAA,0
l5_CGTAGCGTCCGTTGTC,0
l5_CGTAGCGTCTGGCGAC,3
l5_CGTCACTAGCGTTCCG,0
l5_CGTCACTGTGCGCTTG,0
l5_CGTCACTTCCTCCTAG,1
l5_CGTCAGGAGTTATCGC,2
l5_CGTCAGGCACGAAAGC,0
l5_CGTCAGGGTGCAGACA,0
l5_CGTCCATAGAGCCCAA,3
l5_CGTCCATAGCGTTGCC,0
l5_CGTCCATAGTCGTACT,0
l5_CGTCCATCATCGACGC,0
l5_CGTCCATGTTCCCGAG,0
l5_CGTCTACTCGTCGTTC,0
l5_CGTGAGCAGCTGGAAC,1
l5_CGTGAGCCACATGTGT,0
l5_CGTGAGCGTCAATACC,2
l5_CGTGAGCTCGCTGATA,0
l5_CGTGTAACAAGCTGTT,0
l5_CGTGTAACACCTCGTT,3
l5_CGTGTAAGTAAGTGGC,0
l5_CGTGTAAGTCGATTGT,6
l5_CGTGTAATCACTATTC,0
l5_CGTGTAATCCACGCAG,0
l5_CGTGTCTAGAAACCTA,0
l5_CGTGTCTTCGCAGGCT,0
l5_CGTTAGAAGACTAAGT,0
l5_CGTTAGAAGGGCTCTC,3
l5_CGTTAGAAGGTGATTA,0
l5_CGTTAGACAATGGTCT,3
l5_CGTTAGACACAGGCCT,0
l5_CGTTAGACAGTGGGAT,3
l5_CGTTAGAGTCCGAATT,0
l5_CGTTAGATCACATAGC,0
l5_CGTTAGATCACGGTTA,2
l5_CGTTAGATCGTTACAG,0
l5_CGTTCTGAGCACACAG,3
l5_CGTTCTGAGGTGCTTT,5
l5_CGTTCTGAGTGGGCTA,0
l5_CGTTCTGCACGCCAGT,5
l5_CGTTCTGCACGTCAGC,6
l5_CGTTCTGTCTTTCCTC,2
l5_CGTTGGGCACCAGCAC,5
l5_CGTTGGGCACGCCAGT,0
l5_CGTTGGGCAGCCTTGG,0
l5_CGTTGGGGTCTTTCAT,4
l5_CGTTGGGGTGTCGCTG,0
l5_CGTTGGGTCACTATTC,3
l5_CGTTGGGTCAGATAAG,1
l5_CTAACTTGTCATGCAT,5
l5_CTAACTTTCGCCTGTT,6
l5_CTAACTTTCTAACTGG,1
l5_CTAACTTTCTGCGTAA,4
l5_CTAAGACAGTACGATA,1
l5_CTAAGACAGTTGTAGA,0
l5_CTAAGACCACAGGCCT,0
l5_CTAAGACCACTTAAGC,2
l5_CTAAGACGTACCATCA,3
l5_CTAAGACTCAAACGGG,2
l5_CTAATGGCACTTCTGC,4
l5_CTAATGGGTCGGCATC,3
l5_CTAATGGTCCAAATGC,0
l5_CTACACCAGGTGCACA,0
l5_CTACACCGTCATATCG,0
l5_CTACACCGTTATGCGT,0
l5_CTACACCTCCAAGTAC,0
l5_CTACACCTCGCAAACT,3
l5_CTACATTAGCACCGCT,1
l5_CTACATTCAACGATCT,2
l5_CTACATTCAAGGTGTG,3
l5_CTACATTTCATTGCCC,4
l5_CTACCCAAGAGAACAG,2
l5_CTACCCAGTGACTACT,0
l5_CTACCCATCACTTACT,1
l5_CTACCCATCATTGCCC,1
l5_CTACGTCAGTCTCGGC,4
l5_CTACGTCGTAGGCTGA,4
l5_CTAGAGTAGAGCTATA,0
l5_CTAGAGTCACATAACC,0
l5_CTAGAGTCAGCATACT,0
l5_CTAGAGTCAGCCTTTC,0
l5_CTAGAGTGTTACCGAT,2
l5_CTAGAGTTCTCATTCA,0
l5_CTAGAGTTCTCTGAGA,0
l5_CTAGCCTAGAGTCGGT,3
l5_CTAGCCTCAAGTCTGT,5
l5_CTAGCCTGTCTAGTGT,4
l5_CTAGCCTTCAGGATCT,3
l5_CTAGCCTTCAGGTTCA,0
l5_CTAGTGAAGACTAGGC,2
l5_CTAGTGAAGCTAGTCT,0
l5_CTAGTGAAGTGTCTCA,0
l5_CTAGTGAGTCCTGCTT,0
l5_CTAGTGAGTCTAGTGT,1
l5_CTAGTGAGTGAGGGTT,0
l5_CTAGTGAGTTATCACG,0
l5_CTAGTGAGTTTGGGCC,0
l5_CTAGTGATCCGATATG,3
l5_CTAGTGATCTACTCAT,4
l5_CTCAGAAGTCGAGTTT,0
l5_CTCAGAAGTTCACGGC,4
l5_CTCATTAAGGGATGGG,4
l5_CTCATTACACCTATCC,1
l5_CTCATTACAGTTAACC,6
l5_CTCATTAGTTTGGGCC,0
l5_CTCCTAGAGCACACAG,4
l5_CTCCTAGAGTGTTAGA,2
l5_CTCCTAGCAAGAGGCT,2
l5_CTCCTAGCACAGACTT,0
l5_CTCCTAGCACTTGGAT,0
l5_CTCCTAGTCGTACCGG,0
l5_CTCCTAGTCTGCTGCT,0
l5_CTCCTAGTCTGTTTGT,2
l5_CTCCTAGTCTTGTATC,0
l5_CTCGAAACATGGGACA,1
l5_CTCGAAAGTTATGCGT,0
l5_CTCGAAATCGTTGCCT,2
l5_CTCGAGGAGACACTAA,2
l5_CTCGAGGCAATTCCTT,0
l5_CTCGAGGCACCAGCAC,4
l5_CTCGAGGCATGATCCA,0
l5_CTCGAGGGTACACCGC,4
l5_CTCGGAGCACCCATTC,0
l5_CTCGGAGCAGACGTAG,4
l5_CTCGGAGCATCAGTAC,0
l5_CTCGGAGGTCTCTTAT,0
l5_CTCGGAGTCAAGGCTT,0
l5_CTCGGAGTCGTGGGAA,0
l5_CTCGGGAAGCATGGCA,1
l5_CTCGGGAAGCGGCTTC,0
l5_CTCGGGAAGGAATCGC,0
l5_CTCGGGAAGGCGACAT,0
l5_CTCGGGACAAAGGTGC,1
l5_CTCGTACAGAATTCCC,4
l5_CTCGTACCACCCTATC,0
l5_CTCGTACCATGCTGGC,0
l5_CTCGTACTCCAGAAGG,0
l5_CTCGTACTCGGTCTAA,4
l5_CTCGTCACAAACCCAT,0
l5_CTCGTCACAAGTTGTC,4
l5_CTCGTCAGTAGTAGTA,2
l5_CTCGTCAGTCTTGCGG,6
l5_CTCTAATCAGGGTTAG,0
l5_CTCTAATCAGTATGCT,3
l5_CTCTAATTCACGACTA,0
l5_CTCTACGAGAGAACAG,2
l5_CTCTACGGTGGTGTAG,0
l5_CTCTACGTCTCAAGTG,4
l5_CTCTGGTAGCCTCGTG,0
l5_CTCTGGTCACTAGTAC,0
l5_CTCTGGTCAGTCGATT,0
l5_CTCTGGTGTGCAGTAG,6
l5_CTGAAACAGTGGACGT,1
l5_CTGAAACGTCGCGAAA,0
l5_CTGAAACTCGTACCGG,3
l5_CTGAAGTAGAGGTTGC,1
l5_CTGAAGTAGCGCTTAT,2
l5_CTGAAGTAGTGTTAGA,1
l5_CTGAAGTCATGGAATA,2
l5_CTGATAGAGGATATAC,5
l5_CTGATAGAGGCTCAGA,4
l5_CTGATAGAGTAACCCT,3
l5_CTGATAGCACTCGACG,1
l5_CTGATAGCATCCTAGA,1
l5_CTGATCCAGACAAAGG,1
l5_CTGATCCAGTGTACTC,3
l5_CTGATCCCAACTGGCC,0
l5_CTGATCCCACTACAGT,0
l5_CTGATCCGTCCGAGTC,0
l5_CTGATCCTCCGCGTTT,0
l5_CTGCCTACATTATCTC,0
l5_CTGCCTAGTAAAGTCA,0
l5_CTGCCTAGTCAGAAGC,1
l5_CTGCGGACAGCGAACA,2
l5_CTGCGGAGTGACAAAT,4
l5_CTGCGGATCCGTTGCT,3
l5_CTGCTGTAGTGGAGAA,0
l5_CTGCTGTGTGGTACAG,4
l5_CTGGTCTAGAAGGACA,0
l5_CTGGTCTAGAATCTCC,6
l5_CTGGTCTAGTTCGCGC,1
l5_CTGGTCTGTAGAGCTG,0
l5_CTGGTCTTCATACGGT,0
l5_CTGTGCTCAAGACACG,0
l5_CTGTGCTCATTGAGCT,4
l5_CTGTGCTGTCTACCTC,0
l5_CTGTGCTGTTCAGACT,2
l5_CTGTTTAAGACGACGT,0
l5_CTGTTTAAGTTGCAGG,0
l5_CTGTTTACATCGGACC,1
l5_CTGTTTAGTCCGACGT,6
l5_CTGTTTATCTACGAGT,0
l5_CTTAACTAGCCACGTC,0
l5_CTTAACTAGCGCTTAT,1
l5_CTTAACTAGTGGTCCC,0
l5_CTTAACTTCAGGATCT,2
l5_CTTAACTTCTGATTCT,1
l5_CTTACCGAGGTGCAAC,1
l5_CTTACCGCAGGCGATA,0
l5_CTTACCGGTACTTAGC,3
l5_CTTACCGGTGCAGACA,1
l5_CTTACCGGTGTTGGGA,1
l5_CTTACCGTCATCGGAT,0
l5_CTTACCGTCCAAACTG,0
l5_CTTAGGAAGATATGCA,5
l5_CTTAGGACAAGAAGAG,0
l5_CTTAGGACACTACAGT,0
l5_CTTAGGAGTGTGACGA,0
l5_CTTCTCTAGGGTGTGT,0
l5_CTTCTCTCACGAAAGC,0
l5_CTTCTCTGTCGCATAT,0
l5_CTTCTCTGTTAAAGTG,3
l5_CTTGGCTCACATTAGC,0
l5_CTTGGCTCATGGGAAC,6
l5_CTTTGCGAGAGCTTCT,0
l5_CTTTGCGAGGTAAACT,1
l5_CTTTGCGTCAACTCTT,2
l5_CTTTGCGTCTCGAGTA,0
l5_GAAACTCAGTGAACAT,0
l5_GAAACTCCATCGGTTA,1
l5_GAAATGAAGTCGTTTG,0
l5_GAAATGAGTCGATTGT,0
l5_GAAATGAGTCTAGTGT,2
l5_GAAATGAGTTCCGTCT,3
l5_GAAATGAGTTTGTTTC,1
l5_GAAATGATCCTCAACC,0
l5_GAACATCGTAAGTGTA,0
l5_GAACATCGTTCCAACA,2
l5_GAACATCTCACCACCT,0
l5_GAACATCTCCACGACG,0
l5_GAACCTAAGAATGTGT,2
l5_GAACCTACAATCGAAA,0
l5_GAACCTACAGTGAGTG,6
l5_GAACCTACATGGGAAC,2
l5_GAACCTAGTCACTGGC,0
l5_GAACCTAGTTATCCGA,6
l5_GAACGGAAGCCATCGC,4
l5_GAACGGACAGATAATG,1
l5_GAACGGAGTAACGTTC,0
l5_GAACGGAGTATAAACG,0
l5_GAACGGAGTCTACCTC,0
l5_GAACGGAGTGGTAACG,0
l5_GAACGGAGTTCCGGCA,0
l5_GAAGCAGAGAGTACAT,2
l5_GAAGCAGCACCTTGTC,4
l5_GAAGCAGGTTATGCGT,1
l5_GAAGCAGTCAGCTCTC,0
l5_GAAGCAGTCCTATGTT,3
l5_GAAGCAGTCGCCAAAT,0
l5_GAAGCAGTCTCCTATA,0
l5_GAATAAGAGAATGTTG,0
l5_GAATAAGCAGCCAGAA,0
l5_GAATAAGCATTACCTT,4
l5_GAATAAGGTACCGTTA,0
l5_GAATGAAAGAAAGTGG,3
l5_GAATGAAGTCGGCATC,3
l5_GAATGAAGTCTAAACC,0
l5_GAATGAATCAGGCGAA,2
l5_GACACGCCAGCGTCCA,6
l5_GACACGCCATCCTAGA,0
l5_GACACGCCATTACGAC,0
l5_GACACGCCATTCTTAC,4
l5_GACACGCGTACGCACC,1
l5_GACACGCGTCCATCCT,4
l5_GACACGCGTTGATTGC,6
l5_GACACGCGTTGCCTCT,2
l5_GACACGCTCCACGCAG,2
l5_GACAGAGAGAGTGAGA,2
l5_GACAGAGAGCGATCCC,0
l5_GACAGAGAGGGATACC,2
l5_GACAGAGCAAGCGCTC,0
l5_GACAGAGTCAACACCA,1
l5_GACCAATAGATGTAAC,0
l5_GACCAATAGGGTCTCC,0
l5_GACCAATGTAAACACA,0
l5_GACCAATGTAAGAGGA,1
l5_GACCAATTCGCTGATA,0
l5_GACCTGGAGAAGGCCT,0
l5_GACCTGGAGCTAGTGG,0
l5_GACCTGGGTCATGCAT,3
l5_GACCTGGGTGCAGTAG,4
l5_GACGCGTAGAAGGTGA,2
l5_GACGCGTAGACAATAC,3
l5_GACGCGTAGTAGGTGC,6
l5_GACGCGTCAGATCCAT,2
l5_GACGCGTTCGGAAACG,1
l5_GACGGCTGTTCTGAAC,0
l5_GACGGCTTCATCACCC,0
l5_GACGTGCAGAGCTATA,1
l5_GACGTGCCACGGCTAC,1
l5_GACGTGCCACTGTTAG,4
l5_GACGTGCCAGCCAATT,0
l5_GACGTGCTCCGCAGTG,0
l5_GACGTTAAGAATTGTG,2
l5_GACGTTACAGCCTTTC,4
l5_GACGTTAGTACTCTCC,1
l5_GACGTTAGTGTAACGG,0
l5_GACGTTATCAGCTGGC,4
l5_GACTAACAGATCACGG,2
l5_GACTAACCACAGGTTT,2
l5_GACTAACCATGAAGTA,1
l5_GACTAACTCATCGATG,0
l5_GACTACACAGATGGCA,0
l5_GACTACACAGGGTACA,0
l5_GACTACACATGGGACA,0
l5_GACTACACATTCGACA,2
l5_GACTACAGTACAGCAG,2
l5_GACTACAGTATGAATG,0
l5_GACTACAGTGATAAGT,3
l5_GACTACATCCTGCCAT,0
l5_GACTGCGAGTACGTAA,2
l5_GACTGCGAGTAGTGCG,0
l5_GACTGCGCACCATCCT,3
l5_GACTGCGGTATTACCG,0
l5_GACTGCGGTCAAAGCG,0
l5_GACTGCGTCAGAGACG,4
l5_GACTGCGTCCGATATG,3
l5_GAGCAGACAGCTGTAT,3
l5_GAGCAGACATCTACGA,1
l5_GAGCAGAGTACCATCA,1
l5_GAGCAGAGTTGGACCC,2
l5_GAGCAGATCAGGTAAA,2
l5_GAGGTGAAGAGAACAG,2
l5_GAGGTGACAAGAGTCG,0
l5_GAGGTGACAGGTCTCG,2
l5_GAGGTGAGTCTAACGT,0
l5_GAGGTGATCGAGCCCA,0
l5_GAGTCCGAGAGATGAG,0
l5_GAGTCCGAGTCATGCT,0
l5_GAGTCCGCACCATCCT,0
l5_GAGTCCGGTTCGGGCT,0
l5_GATCAGTGTTGTCTTT,0
l5_GATCAGTTCGTGGTCG,0
l5_GATCGATAGTCATCCA,0
l5_GATCGATCACCAGCAC,0
l5_GATCGATTCCAAGCCG,0
l5_GATCGATTCTGTCTAT,5
l5_GATCGCGCAACTTGAC,4
l5_GATCGCGTCAAACCAC,0
l5_GATCGCGTCGATCCCT,1
l5_GATCGTAAGCGTAATA,0
l5_GATCGTAGTACATGTC,0
l5_GATCGTAGTGACCAAG,0
l5_GATCGTATCCAAGCCG,4
l5_GATCGTATCTTGAGGT,6
l5_GATCTAGCAAATCCGT,0
l5_GATCTAGGTACTCGCG,0
l5_GATCTAGGTGAGCGAT,3
l5_GATCTAGGTGTATGGG,6
l5_GATGAAACACAGAGGT,1
l5_GATGAAACACTTAACG,0
l5_GATGAAATCAGAGGTG,0
l5_GATGAAATCTCTGTCG,0
l5_GATGAGGAGGGTGTTG,6
l5_GATGAGGAGTTCCACA,3
l5_GATGAGGCAATCACAC,0
l5_GATGAGGCATACCATG,0
l5_GATGAGGGTAACGCGA,0
l5_GATGAGGGTGCACCAC,0
l5_GATGAGGTCCGAACGC,0
l5_GATGAGGTCCTAGGGC,1
l5_GATGCTAAGTGAATTG,0
l5_GATGCTATCCTTTCGG,1
l5_GATTCAGGTAGGAGTC,1
l5_GATTCAGGTGCAGACA,0
l5_GATTCAGTCTGACCTC,2
l5_GCAAACTCAAACTGTC,1
l5_GCAAACTCATTAACCG,0
l5_GCAATCACAGTTTACG,0
l5_GCAATCATCTATCCTA,0
l5_GCACATAGTAGCGTCC,3
l5_GCACATAGTATCACCA,1
l5_GCACATATCCGTCATC,0
l5_GCACTCTAGGCGATAC,1
l5_GCACTCTCAAAGGCGT,0
l5_GCACTCTCATGGGACA,0
l5_GCACTCTGTATATCCG,0
l5_GCACTCTGTCTCGTTC,0
l5_GCACTCTTCGGAAACG,1
l5_GCACTCTTCTTGCATT,0
l5_GCAGCCAAGCAGATCG,0
l5_GCAGCCAAGGACGAAA,4
l5_GCAGCCACAAGCGCTC,0
l5_GCAGCCACAGGGCATA,5
l5_GCAGCCAGTCCAGTAT,0
l5_GCAGCCAGTTGATTCG,3
l5_GCAGCCATCTTTACAC,0
l5_GCAGTTAAGCTAAGAT,3
l5_GCAGTTAAGGGTTCCC,0
l5_GCAGTTACACAGAGGT,2
l5_GCAGTTATCACGGTTA,0
l5_GCAGTTATCAGCTCGG,3
l5_GCATACAGTAGCGTAG,0
l5_GCATACAGTCTTGATG,0
l5_GCATACATCGACGGAA,0
l5_GCATACATCGCTTAGA,2
l5_GCATGATAGAACAATC,2
l5_GCATGATAGCAGATCG,0
l5_GCATGATAGGTACTCT,0
l5_GCATGATCACCTTGTC,2
l5_GCATGATCATGGAATA,1
l5_GCATGATTCTTGACGA,0
l5_GCATGCGAGCCACGCT,2
l5_GCATGCGAGGAACTGC,2
l5_GCATGCGCAATCACAC,0
l5_GCATGTAAGACCGGAT,3
l5_GCATGTAAGGATATAC,0
l5_GCATGTACACCGGAAA,0
l5_GCATGTAGTAAGTGGC,6
l5_GCATGTAGTCCAGTAT,0
l5_GCATGTATCCCAAGAT,0
l5_GCCAAATAGCCAGGAT,0
l5_GCCAAATTCGCGTAGC,0
l5_GCCTCTAAGAAACCGC,0
l5_GCCTCTAAGACTCGGA,0
l5_GCCTCTAAGGACATTA,0
l5_GCCTCTAGTTACCAGT,2
l5_GCCTCTAGTTCCCTTG,4
l5_GCGACCAAGGGCATGT,0
l5_GCGACCACACCCAGTG,3
l5_GCGACCAGTCAATACC,1
l5_GCGACCAGTCCAGTAT,4
l5_GCGACCAGTGAGTATA,2
l5_GCGACCATCAGCACAT,0
l5_GCGACCATCCTAGAAC,2
l5_GCGACCATCTGTACGA,4
l5_GCGAGAAAGACACTAA,0
l5_GCGAGAACAAGTTGTC,0
l5_GCGAGAACACCAGTTA,3
l5_GCGAGAACATCAGTCA,4
l5_GCGAGAACATCATCCC,5
l5_GCGCAACAGATCCCAT,0
l5_GCGCAACAGCGAAGGG,4
l5_GCGCAACAGTGGGCTA,0
l5_GCGCAACAGTTACCCA,0
l5_GCGCAACCACGTGAGA,2
l5_GCGCAGTCACCTCGGA,3
l5_GCGCAGTGTAGGGTAC,6
l5_GCGCAGTGTTTAAGCC,0
l5_GCGCAGTTCAAACCGT,0
l5_GCGCAGTTCAGTCAGT,0
l5_GCGCAGTTCCCTCTTT,0
l5_GCGCAGTTCGCGGATC,0
l5_GCGCCAAAGCAGACTG,1
l5_GCGCCAACAACTTGAC,0
l5_GCGCCAACACTAGTAC,6
l5_GCGCCAACAGCGATCC,1
l5_GCGCCAATCTACTCAT,0
l5_GCGCGATGTACAGTTC,1
l5_GCGCGATTCATGTGGT,4
l5_GCGGGTTCAAAGGTGC,5
l5_GCGGGTTCACAGAGGT,3
l5_GCGGGTTGTTAAAGAC,0
l5_GCGGGTTTCAGCGATT,0
l5_GCTCCTAAGGTACTCT,1
l5_GCTCCTAGTCAACATC,3
l5_GCTCTGTAGTGTTTGC,0
l5_GCTCTGTGTAAGAGGA,4
l5_GCTCTGTGTATATCCG,2
l5_GCTCTGTGTCCATGAT,1
l5_GCTCTGTGTCGTGGCT,6
l5_GCTCTGTTCCCAAGTA,0
l5_GCTCTGTTCGCTAGCG,1
l5_GCTCTGTTCGGTGTCG,0
l5_GCTGCAGAGTACCGGA,4
l5_GCTGCAGCAACACCTA,5
l5_GCTGCAGCAAGTTCTG,0
l5_GCTGCGACACAACGCC,2
l5_GCTGCGATCCACGACG,0
l5_GCTGCGATCGGAAACG,0
l5_GCTGCGATCGGTTCGG,0
l5_GCTGCTTAGAGTTGGC,0
l5_GCTGCTTAGCGTAATA,0
l5_GCTGCTTAGGGTCTCC,1
l5_GCTGCTTCAATGACCT,4
l5_GCTGCTTCATGGGAAC,2
l5_GCTGCTTCATGTCGAT,0
l5_GCTGGGTAGCAAATCA,0
l5_GCTGGGTAGCGATCCC,2
l5_GCTGGGTGTAAGTGTA,0
l5_GCTGGGTGTACCGAGA,0
l5_GCTGGGTGTCCAACTA,0
l5_GCTGGGTGTGTTGAGG,1
l5_GCTGGGTGTTGGGACA,3
l5_GCTGGGTGTTTGTTTC,0
l5_GCTTCCAAGTGTCCCG,1
l5_GCTTCCACACGCGAAA,6
l5_GCTTCCACACGGACAA,6
l5_GCTTCCACAGTTTACG,0
l5_GCTTCCAGTTGTCTTT,1
l5_GCTTGAACACCCATGG,1
l5_GCTTGAAGTTCCACGG,0
l5_GCTTGAATCATGTCTT,4
l5_GGAAAGCAGTTTCCTT,1
l5_GGAAAGCCAATGCCAT,0
l5_GGAAAGCCAATGGTCT,2
l5_GGAAAGCCACTGTCGG,6
l5_GGAAAGCGTAAGAGGA,0
l5_GGAAAGCTCAGTCAGT,2
l5_GGAAAGCTCCACGACG,1
l5_GGAAAGCTCCGCGGTA,2
l5_GGAACTTAGCCCGAAA,3
l5_GGAACTTAGCGTTTAC,0
l5_GGAACTTCATGAAGTA,0
l5_GGAACTTGTCCGAAGA,0
l5_GGAATAACACTCTGTC,0
l5_GGAATAACAGTCACTA,0
l5_GGAATAAGTATCAGTC,0
l5_GGAATAATCACGAAGG,0
l5_GGAATAATCTATGTGG,0
l5_GGACAAGAGCTAGTGG,0
l5_GGACAAGCATCCGGGT,1
l5_GGACAAGTCACAAACC,4
l5_GGACAAGTCAGATAAG,0
l5_GGACAGAAGGACCACA,0
l5_GGACAGAGTAGAGCTG,2
l5_GGACAGAGTATAAACG,3
l5_GGACAGAGTGTCCTCT,3
l5_GGACAGAGTTGGGACA,2
l5_GGACATTAGCTACCGC,1
l5_GGACATTCACATAACC,5
l5_GGACATTGTCTTCTCG,3
l5_GGACATTTCCCAACGG,0
l5_GGACATTTCTCAAGTG,2
l5_GGACGTCAGTGGTAAT,6
l5_GGACGTCCACCACGTG,2
l5_GGACGTCCAGATGGCA,0
l5_GGACGTCCAGCGAACA,1
l5_GGACGTCGTAGAGTGC,0
l5_GGAGCAAAGATTACCC,2
l5_GGAGCAACAGCTGGCT,2
l5_GGAGCAACAGTTAACC,0
l5_GGAGCAAGTTAGAACA,0
l5_GGAGCAATCCATGAAC,0
l5_GGATGTTCATATGCTG,0
l5_GGATGTTTCCAGTATG,0
l5_GGATTACGTGAAATCA,3
l5_GGATTACGTGAACCTT,0
l5_GGATTACGTTGACGTT,0
l5_GGATTACTCACAAACC,3
l5_GGATTACTCCAATGGT,0
l5_GGATTACTCCTTGACC,0
l5_GGATTACTCTCGCATC,1
l5_GGCAATTAGACAGGCT,3
l5_GGCAATTAGATGGGTC,2
l5_GGCAATTTCTCTTGAT,5
l5_GGCCGATCAAATTGCC,1
l5_GGCCGATCAGGACGTA,0
l5_GGCCGATCAGTCAGAG,6
l5_GGCCGATGTTGAGGTG,0
l5_GGCCGATGTTTCCACC,0
l5_GGCCGATTCCTGCAGG,0
l5_GGCGACTAGAATTCCC,0
l5_GGCGACTAGCGCCTTG,1
l5_GGCGACTGTTAAAGTG,0
l5_GGCGACTTCCAGTAGT,2
l5_GGCGACTTCGTGGTCG,0
l5_GGCGACTTCTCTGTCG,0
l5_GGCGTGTAGAGACTAT,2
l5_GGCGTGTGTTACTGAC,0
l5_GGCGTGTTCACTTATC,6
l5_GGCTCGAAGAGCAATT,0
l5_GGCTCGATCCAATGGT,1
l5_GGCTGGTAGGGAGTAA,0
l5_GGCTGGTCAACGATCT,0
l5_GGCTGGTCAATAGAGT,2
l5_GGCTGGTGTGAGGGTT,1
l5_GGCTGGTTCAAGAAGT,3
l5_GGCTGGTTCTACTATC,1
l5_GGGAATGAGAGCAATT,5
l5_GGGAATGAGGATGCGT,4
l5_GGGAATGCAATTCCTT,0
l5_GGGAATGGTATCGCAT,1
l5_GGGAATGGTGAGTATA,0
l5_GGGAATGGTGCCTGGT,0
l5_GGGAATGTCCTTTCGG,6
l5_GGGAATGTCTGGAGCC,1
l5_GGGACCTAGACATAAC,4
l5_GGGACCTAGACCCACC,0
l5_GGGACCTGTCGCCATG,3
l5_GGGAGATAGCGTAGTG,0
l5_GGGAGATAGGCATGTG,2
l5_GGGAGATCAAGCCTAT,0
l5_GGGAGATGTTCATGGT,1
l5_GGGAGATGTTGTCGCG,0
l5_GGGATGAAGCTTTGGT,3
l5_GGGATGACAGATGAGC,5
l5_GGGCACTAGGTTCCTA,3
l5_GGGCATCAGACGCTTT,0
l5_GGGCATCCAAGCGATG,0
l5_GGGCATCCAATGGAAT,6
l5_GGGCATCCACCACGTG,0
l5_GGGCATCGTATTAGCC,0
l5_GGGCATCGTCGACTAT,0
l5_GGGCATCGTTCCGGCA,0
l5_GGGCATCTCACCCTCA,0
l5_GGGCATCTCTACTATC,2
l5_GGGTCTGAGCGATGAC,0
l5_GGGTCTGAGGACAGCT,4
l5_GGGTCTGCATTCCTGC,0
l5_GGGTTGCAGTAGCGGT,1
l5_GGGTTGCAGTGTACTC,1
l5_GGGTTGCCATTAGCCA,0
l5_GGGTTGCGTAAATGTG,0
l5_GGGTTGCGTGTGCGTC,0
l5_GGGTTGCTCATGCTCC,1
l5_GGGTTGCTCCGGGTGT,6
l5_GGGTTGCTCGTTACAG,0
l5_GGTATTGCACTGTTAG,0
l5_GGTATTGCATCAGTCA,3
l5_GGTATTGTCCAGATCA,1
l5_GGTATTGTCTACCTGC,2
l5_GGTGAAGAGAATGTGT,3
l5_GGTGAAGAGAGTAATC,0
l5_GGTGAAGAGCACACAG,2
l5_GGTGAAGCAATAAGCA,0
l5_GGTGAAGCATTCCTCG,0
l5_GGTGAAGTCAAAGTAG,2
l5_GGTGAAGTCCTTTCGG,0
l5_GGTGCGTAGATGGGTC,4
l5_GGTGCGTCACCGCTAG,0
l5_GGTGCGTTCACGAAGG,1
l5_GGTGCGTTCGTCCGTT,0
l5_GGTGTTAAGCGATAGC,0
l5_GGTGTTACAGCAGTTT,0
l5_GGTGTTAGTACCGAGA,6
l5_GGTGTTAGTGATGCCC,3
l5_GGTGTTAGTTGTCGCG,3
l5_GTAACGTAGCGAAGGG,2
l5_GTAACGTAGTTTGCGT,0
l5_GTAACGTCAAAGAATC,0
l5_GTAACGTCAGGATCGA,5
l5_GTAACGTGTCCAGTTA,3
l5_GTAACGTTCGCCCTTA,0
l5_GTAACTGAGATTACCC,4
l5_GTAACTGCAAGGTTTC,2
l5_GTAACTGGTCACACGC,0
l5_GTAACTGGTTGTCTTT,3
l5_GTAACTGTCAACCATG,0
l5_GTAACTGTCCAGAGGA,4
l5_GTACGTAAGCCGATTT,1
l5_GTACGTAAGCTGTTCA,0
l5_GTACGTAAGGGCTCTC,2
l5_GTACGTAAGTAGTGCG,0
l5_GTACGTAGTCTCGTTC,0
l5_GTACGTAGTTGACGTT,0
l5_GTACTCCAGGTAGCCA,0
l5_GTACTCCGTCGGCACT,0
l5_GTACTTTGTACCGCTG,0
l5_GTACTTTGTCTAGTCA,3
l5_GTACTTTGTGGCTCCA,0
l5_GTACTTTGTTCTGAAC,1
l5_GTACTTTGTTGTGGCC,0
l5_GTAGGCCAGAGAGCTC,0
l5_GTAGGCCCACACCGAC,2
l5_GTAGGCCGTCGAACAG,3
l5_GTAGGCCTCCCAAGAT,0
l5_GTAGTCACAAACGCGA,2
l5_GTAGTCAGTCTAGTCA,6
l5_GTAGTCATCCACTGGG,1
l5_GTAGTCATCTGTCTAT,0
l5_GTATCTTAGAAACCTA,0
l5_GTATCTTCACCGAATT,6
l5_GTATCTTGTCATCGGC,2
l5_GTATTCTAGAGAGCTC,0
l5_GTATTCTCACTGCCAG,0
l5_GTATTCTGTAATCGTC,4
l5_GTATTCTGTTTGCATG,1
l5_GTCAAGTAGGACTGGT,1
l5_GTCAAGTCAAGGGTCA,5
l5_GTCAAGTGTAGCACGA,0
l5_GTCAAGTTCACAACGT,0
l5_GTCAAGTTCATGCATG,0
l5_GTCAAGTTCATGCTCC,0
l5_GTCAAGTTCCGCGCAA,2
l5_GTCAAGTTCTTAACCT,0
l5_GTCACAACAGTGACAG,0
l5_GTCACAAGTCTAGGTT,1
l5_GTCACAAGTGCACGAA,0
l5_GTCACAATCCTCAACC,2
l5_GTCACGGAGATGCGAC,3
l5_GTCACGGAGCTTATCG,6
l5_GTCACGGCAGTCGATT,1
l5_GTCACGGGTCCTGCTT,0
l5_GTCATTTAGCCAGTAG,0
l5_GTCATTTTCCGAAGAG,0
l5_GTCATTTTCGGATGGA,3
l5_GTCATTTTCGTCTGCT,5
l5_GTCATTTTCTTCATGT,0
l5_GTCCTCAGTCTAACGT,0
l5_GTCCTCATCATATCGG,0
l5_GTCGGGTCAAGGTGTG,4
l5_GTCGTAACAGACTCGC,2
l5_GTCTCGTAGATCGATA,0
l5_GTCTCGTTCAACGGGA,4
l5_GTCTCGTTCTACTCAT,0
l5_GTCTCGTTCTTGCATT,0
l5_GTCTTCGAGAACAACT,3
l5_GTCTTCGAGAGTTGGC,4
l5_GTCTTCGAGGCGTACA,4
l5_GTCTTCGTCGTTGCCT,0
l5_GTGAAGGCAATGGATA,3
l5_GTGAAGGCACCACGTG,0
l5_GTGAAGGCACGGCCAT,0
l5_GTGAAGGGTTCGTTGA,0
l5_GTGAAGGGTTTCCACC,4
l5_GTGAAGGTCACTTATC,2
l5_GTGAAGGTCCTGTAGA,2
l5_GTGAAGGTCGCGATCG,4
l5_GTGCAGCAGAAACCGC,2
l5_GTGCAGCAGTGAACAT,1
l5_GTGCAGCCAGTCAGCC,0
l5_GTGCAGCTCACTGGGC,4
l5_GTGCAGCTCAGGTAAA,4
l5_GTGCATACAGAGTGTG,0
l5_GTGCATACAGTCTTCC,3
l5_GTGCATAGTTCCCGAG,6
l5_GTGCATATCAAGGCTT,2
l5_GTGCATATCGTTGCCT,2
l5_GTGCATATCTTGCAAG,5
l5_GTGCGGTAGTAGGTGC,1
l5_GTGCGGTGTCAAAGAT,4
l5_GTGCGGTGTTTGGCGC,2
l5_GTGCGGTTCCTATTCA,0
l5_GTGCGGTTCCTTGCCA,1
l5_GTGCGGTTCGACAGCC,6
l5_GTGCGGTTCGCAGGCT,0
l5_GTGCTTCAGTGGTCCC,4
l5_GTGCTTCCAACACCTA,4
l5_GTGCTTCCAACACGCC,0
l5_GTGCTTCCATCGGACC,0
l5_GTGCTTCGTTGTCGCG,0
l5_GTGCTTCTCAACCAAC,5
l5_GTGCTTCTCGCTTGTC,0
l5_GTGGGTCAGCGATGAC,0
l5_GTGGGTCCAAGCGCTC,3
l5_GTGTGCGCAGGTCGTC,0
l5_GTGTGCGCATGACATC,0
l5_GTGTGCGTCGTTTGCC,0
l5_GTGTGCGTCTTATCTG,3
l5_GTGTTAGAGCAGCGTA,4
l5_GTGTTAGAGGGCTCTC,1
l5_GTGTTAGAGTGCTGCC,3
l5_GTGTTAGCAAACTGTC,0
l5_GTGTTAGTCATGTGGT,2
l5_GTGTTAGTCATTCACT,0
l5_GTTAAGCAGCTATGCT,0
l5_GTTAAGCAGCTCCTTC,0
l5_GTTAAGCCATGCCCGA,0
l5_GTTAAGCGTACTCGCG,4
l5_GTTAAGCTCATTATCC,0
l5_GTTAAGCTCCTCCTAG,0
l5_GTTACAGAGAAACCGC,5
l5_GTTACAGAGACTTTCG,0
l5_GTTACAGCAAGCGCTC,5
l5_GTTACAGTCGTAGGAG,0
l5_GTTCATTAGAGACGAA,0
l5_GTTCATTAGCAGCCTC,5
l5_GTTCATTGTCGTCTTC,0
l5_GTTCATTTCCAGGGCT,0
l5_GTTCATTTCGAATCCA,3
l5_GTTCGGGAGTTGAGAT,5
l5_GTTCGGGCAGTATAAG,0
l5_GTTCGGGGTATATGAG,0
l5_GTTCGGGGTGCTCTTC,2
l5_GTTCGGGGTGTAAGTA,3
l5_GTTCGGGTCCCGGATG,0
l5_GTTCGGGTCGGATGGA,0
l5_GTTCTCGGTAAGAGAG,1
l5_GTTTCTACACGAGGTA,2
l5_GTTTCTAGTCAGAGGT,1
l5_GTTTCTAGTTCCACGG,0
l5_GTTTCTATCATCATTC,3
l5_GTTTCTATCGCCAAAT,0
l5_TAAACCGAGCGTGTCC,0
l5_TAAACCGAGTATGACA,0
l5_TAAACCGGTACAGCAG,6
l5_TAAACCGGTGGTCCGT,0
l5_TAAACCGTCAGCTGGC,3
l5_TAAACCGTCGCGATCG,0
l5_TAAGAGAAGCACCGCT,0
l5_TAAGAGACAAATACAG,0
l5_TAAGAGACATGCCACG,0
l5_TAAGAGAGTACGCTGC,5
l5_TAAGAGAGTATGCTTG,4
l5_TAAGAGATCAACGCTA,0
l5_TAAGAGATCCTTTACA,0
l5_TAAGAGATCTCCAACC,3
l5_TAAGCGTAGTGCTGCC,2
l5_TAAGCGTGTTCCATGA,0
l5_TAAGTGCGTGCGGTAA,0
l5_TACACGAAGGTAGCCA,0
l5_TACACGACAGCTATTG,0
l5_TACACGACAGGAATCG,0
l5_TACACGATCAACGAAA,0
l5_TACCTATAGGACCACA,0
l5_TACCTATCAGTTCCCT,2
l5_TACCTATGTATCACCA,0
l5_TACCTATTCCTCTAGC,3
l5_TACCTTAAGGAATGGA,0
l5_TACCTTAAGGTGATAT,0
l5_TACCTTACAGATGAGC,0
l5_TACGGATCAACACCCG,0
l5_TACGGATCAGCCTTGG,0
l5_TACGGATTCTGTTTGT,2
l5_TACGGATTCTTCAACT,0
l5_TACGGGCAGAGGGCTT,0
l5_TACGGGCGTATATGAG,3
l5_TACGGGCGTTCCGGCA,0
l5_TACGGTAAGCGATTCT,5
l5_TACGGTAAGCGTAATA,2
l5_TACGGTACACTAAGTC,3
l5_TACGGTAGTTATCGGT,1
l5_TACGGTATCCGTTGCT,2
l5_TACGGTATCGTGGGAA,1
l5_TACTCATTCGCCGTGA,0
l5_TACTCGCAGCGACGTA,0
l5_TACTCGCCAAGCCATT,0
l5_TACTCGCCAGATCGGA,0
l5_TACTCGCGTCTCTTAT,0
l5_TACTCGCGTCTGCCAG,2
l5_TACTCGCTCTCGTATT,0
l5_TACTTACAGAAACCGC,0
l5_TACTTACAGACAAGCC,2
l5_TACTTACAGTGGTCCC,0
l5_TACTTACCAGCCACCA,2
l5_TACTTACGTACGCACC,6
l5_TACTTACTCTCTAAGG,0
l5_TACTTGTAGAGCTGGT,3
l5_TACTTGTGTAAACGCG,0
l5_TACTTGTTCCATGAAC,0
l5_TACTTGTTCCGTACAA,5
l5_TAGACCAAGTCGTTTG,4
l5_TAGACCACATGCCACG,0
l5_TAGACCAGTAGAGGAA,3
l5_TAGACCAGTGAGTGAC,2
l5_TAGACCAGTTGCGCAC,1
l5_TAGACCATCTCGTTTA,0
l5_TAGAGCTAGAAGGTGA,0
l5_TAGAGCTAGGGCATGT,2
l5_TAGAGCTCAACCGCCA,0
l5_TAGAGCTCACGAAAGC,1
l5_TAGAGCTCACTAGTAC,0
l5_TAGAGCTTCCATTCTA,1
l5_TAGAGCTTCTGATACG,0
l5_TAGCCGGTCAAAGTAG,0
l5_TAGCCGGTCTGGTATG,3
l5_TAGCCGGTCTGTCAAG,0
l5_TAGCCGGTCTTGCAAG,0
l5_TAGGCATGTGACGGTA,0
l5_TAGGCATGTTGTCTTT,0
l5_TAGGCATTCGTCACGG,3
l5_TAGGCATTCTTGTACT,1
l5_TAGTGGTAGCAGGTCA,2
l5_TAGTGGTAGCTGCAAG,0
l5_TAGTGGTAGGGTATCG,0
l5_TAGTGGTCAGCTCGAC,0
l5_TAGTGGTGTCTTCTCG,0
l5_TAGTTGGAGACACGAC,1
l5_TAGTTGGAGGGTATCG,2
l5_TAGTTGGCACTTCGAA,0
l5_TAGTTGGGTACCAGTT,0
l5_TAGTTGGGTGCAGACA,1
l5_TATCAGGAGCTTATCG,0
l5_TATCAGGGTCTCAACA,2
l5_TATCAGGTCGTGGGAA,2
l5_TATCAGGTCTTGCAAG,1
l5_TATCTCAAGACAGACC,0
l5_TATCTCAAGGCAAAGA,0
l5_TATCTCAAGTTATCGC,0
l5_TATCTCAGTTAGGGTG,2
l5_TATCTCAGTTATTCTC,1
l5_TATCTCATCCAAACTG,0
l5_TATCTCATCGAACGGA,0
l5_TATCTCATCGCATGGC,0
l5_TATCTCATCTGCCCTA,6
l5_TATGCCCAGAAGGTGA,0
l5_TATGCCCAGCATCATC,0
l5_TATGCCCGTCAGAAGC,2
l5_TATGCCCGTTCCTCCA,0
l5_TATGCCCGTTCGTTGA,4
l5_TATGCCCTCGTTACGA,1
l5_TATGCCCTCTCTAGGA,3
l5_TATTACCAGATAGGAG,3
l5_TATTACCCAATGGATA,0
l5_TATTACCCACTAAGTC,0
l5_TATTACCCATCGACGC,3
l5_TATTACCTCCTTTACA,0
l5_TCAACGAAGGACACCA,3
l5_TCAACGAAGGCCGAAT,2
l5_TCAACGAAGTGTTTGC,5
l5_TCAACGACAAGAGGCT,4
l5_TCAACGACAATCGAAA,0
l5_TCAACGACAGGCGATA,0
l5_TCAACGACATAAAGGT,1
l5_TCAACGAGTACCGTAT,2
l5_TCAACGAGTCCGAACC,0
l5_TCAACGATCCGAAGAG,0
l5_TCAATCTAGTCATGCT,3
l5_TCAATCTCATATACGC,0
l5_TCAATCTCATGCTAGT,4
l5_TCACAAGAGCCACGTC,1
l5_TCACAAGCAGTTTACG,0
l5_TCACAAGGTGACGCCT,3
l5_TCACAAGTCGCCGTGA,4
l5_TCACGAAAGCTAGGCA,0
l5_TCACGAAAGGAGTTGC,2
l5_TCACGAAGTAGCGTCC,5
l5_TCAGATGAGATCTGAA,1
l5_TCAGATGAGTCAAGCG,0
l5_TCAGATGCAAAGAATC,2
l5_TCAGATGCAGACGCCT,1
l5_TCAGATGGTTGATTCG,0
l5_TCAGATGTCAACGGCC,0
l5_TCAGATGTCCTAAGTG,2
l5_TCAGATGTCTTTACAC,6
l5_TCAGCAAAGGTGGGTT,2
l5_TCAGCAACAACTTGAC,3
l5_TCAGCAAGTAGTAGTA,0
l5_TCAGCAAGTGCTAGCC,3
l5_TCAGCAATCGTGGACC,0
l5_TCAGCTCAGGACTGGT,0
l5_TCAGCTCTCGGCGCAT,0
l5_TCAGGATCATTCCTGC,1
l5_TCAGGATTCCAGAAGG,6
l5_TCAGGTAAGCTTATCG,3
l5_TCAGGTAAGTGTGAAT,4
l5_TCAGGTACAATCTACG,4
l5_TCAGGTACAGGATCGA,0
l5_TCAGGTAGTGCACGAA,5
l5_TCAGGTATCAAACCGT,0
l5_TCATTACAGGATATAC,0
l5_TCATTACCAGCGTCCA,0
l5_TCATTACGTTACGACT,3
l5_TCATTACTCAGTACGT,2
l5_TCATTACTCCAGTATG,0
l5_TCATTACTCTCAAGTG,0
l5_TCATTTGAGAAGCCCA,3
l5_TCATTTGAGAGACGAA,1
l5_TCATTTGAGTGTACGG,0
l5_TCATTTGCACGCGAAA,0
l5_TCATTTGGTAAGAGGA,0
l5_TCCACACAGATCCGAG,0
l5_TCCACACAGCTCCTCT,0
l5_TCCACACAGTACGATA,4
l5_TCCACACCAATCACAC,0
l5_TCCACACTCCTATTCA,1
l5_TCCCGATAGCACCGCT,0
l5_TCCCGATAGCCACGCT,0
l5_TCCCGATAGGTGGGTT,3
l5_TCCCGATAGTACGCCC,0
l5_TCCCGATAGTGGAGTC,0
l5_TCCCGATGTCTCTTAT,0
l5_TCCCGATGTGTGGCTC,2
l5_TCCCGATTCCAAATGC,3
l5_TCCCGATTCGGTTAAC,1
l5_TCGAGGCAGAGCTGCA,0
l5_TCGAGGCCAATGGTCT,3
l5_TCGAGGCTCACCACCT,1
l5_TCGAGGCTCGGCGCTA,0
l5_TCGCGAGCACGGTAAG,0
l5_TCGCGAGCAGGAATGC,1
l5_TCGCGAGCATGGGACA,2
l5_TCGCGAGGTAGAGGAA,4
l5_TCGCGAGGTGACGGTA,4
l5_TCGCGAGGTGGTAACG,2
l5_TCGCGAGGTTCGTCTC,0
l5_TCGCGAGTCGAATCCA,0
l5_TCGCGTTAGATGCCAG,1
l5_TCGCGTTAGGCATGGT,0
l5_TCGCGTTCATAGGATA,3
l5_TCGCGTTCATGAGCGA,0
l5_TCGCGTTGTTATCCGA,6
l5_TCGCGTTTCAGTGCAT,4
l5_TCGCGTTTCTACGAGT,2
l5_TCGGGACGTGGCAAAC,2
l5_TCGGTAACAAAGAATC,5
l5_TCGGTAACAGTCCTTC,6
l5_TCGGTAAGTACTCTCC,4
l5_TCGGTAAGTAGAGCTG,1
l5_TCGTACCCAGCTGTTA,0
l5_TCGTACCCATGCCTTC,2
l5_TCGTACCGTCGACTGC,0
l5_TCGTAGACAAAGGAAG,3
l5_TCGTAGACACCATCCT,1
l5_TCGTAGACACCGCTAG,0
l5_TCGTAGAGTAGAGCTG,0
l5_TCGTAGATCTAACTCT,2
l5_TCTATTGAGCAAATCA,1
l5_TCTATTGAGCGTAATA,0
l5_TCTATTGCAGTCTTCC,1
l5_TCTCATAAGTGAAGAG,3
l5_TCTCATACATACCATG,2
l5_TCTCATAGTCTCAACA,1
l5_TCTCATAGTTTAGGAA,1
l5_TCTCATATCGTCGTTC,0
l5_TCTCTAAAGAGTGACC,1
l5_TCTCTAAAGCCCGAAA,0
l5_TCTCTAAGTGTTTGGT,0
l5_TCTCTAATCTTGCCGT,0
l5_TCTGAGAAGGGAGTAA,1
l5_TCTGAGAAGTAGGCCA,5
l5_TCTGAGACAATTCCTT,0
l5_TCTGAGACAGGAACGT,0
l5_TCTGAGAGTAAAGGAG,2
l5_TCTGAGAGTCATCGGC,2
l5_TCTGGAAAGTCACGCC,0
l5_TCTGGAACATTGCGGC,6
l5_TCTTCGGAGCCGATTT,4
l5_TCTTTCCAGAGTGAGA,0
l5_TCTTTCCCACCGAATT,0
l5_TCTTTCCCAGTAGAGC,0
l5_TCTTTCCCATTAACCG,3
l5_TCTTTCCGTTCGCGAC,2
l5_TGAAAGACAAGTAGTA,3
l5_TGAAAGACAATCACAC,0
l5_TGACAACCACCAGCAC,3
l5_TGACAACCAGACAAAT,0
l5_TGACAACCAGGATTGG,4
l5_TGACAACCATGGTAGG,0
l5_TGACGGCAGATACACA,4
l5_TGACGGCCACATCTTT,0
l5_TGACGGCGTGACCAAG,3
l5_TGACGGCGTTGGTTTG,5
l5_TGACGGCTCACCTCGT,1
l5_TGACTAGCAGGTCTCG,0
l5_TGACTAGGTACCCAAT,1
l5_TGACTAGGTATGGTTC,4
l5_TGACTAGGTGCAACTT,1
l5_TGACTTTCAGGAATGC,6
l5_TGACTTTCATATGGTC,3
l5_TGACTTTGTGATGTCT,5
l5_TGACTTTGTTACAGAA,0
l5_TGAGAGGCATGGTCTA,0
l5_TGAGAGGGTTCACGGC,0
l5_TGAGAGGTCCTAGAAC,2
l5_TGAGCATAGGGTGTTG,0
l5_TGAGCATAGTGAACAT,2
l5_TGAGCATAGTGTACTC,1
l5_TGAGCATCACGACTCG,4
l5_TGAGCCGAGTAGGTGC,1
l5_TGAGCCGCAAAGCAAT,2
l5_TGAGCCGCAGACGCTC,3
l5_TGAGCCGCATCCCATC,1
l5_TGAGCCGCATTTCACT,2
l5_TGAGCCGTCACAACGT,4
l5_TGAGCCGTCGCCAAAT,1
l5_TGAGCCGTCTACCAGA,0
l5_TGAGCCGTCTGGCGAC,3
l5_TGAGGGAAGGAGTTTA,3
l5_TGAGGGACAAGGACTG,0
l5_TGAGGGACAGCTATTG,4
l5_TGAGGGAGTCAAAGCG,3
l5_TGAGGGAGTCCTAGCG,2
l5_TGAGGGAGTGATGTGG,0
l5_TGAGGGAGTTCGCTAA,2
l5_TGAGGGATCAGCATGT,0
l5_TGAGGGATCGTTGACA,0
l5_TGATTTCAGAAGCCCA,0
l5_TGATTTCAGATGCCTT,0
l5_TGATTTCAGTATCGAA,1
l5_TGATTTCAGTGCCAGA,5
l5_TGATTTCGTGAGGCTA,0
l5_TGCACCTAGTATGACA,2
l5_TGCACCTCACCAGGTC,6
l5_TGCACCTCATCACGAT,0
l5_TGCACCTGTCTAACGT,0
l5_TGCACCTGTGCCTGCA,0
l5_TGCACCTGTTCGGGCT,0
l5_TGCACCTTCATGTGGT,0
l5_TGCCAAAAGATAGTCA,4
l5_TGCCAAACAAATACAG,0
l5_TGCCCATAGCAGCGTA,2
l5_TGCCCATCAGTCGATT,0
l5_TGCCCATTCATGTCCC,0
l5_TGCCCATTCATTATCC,0
l5_TGCCCATTCGCCTGAG,6
l5_TGCCCATTCTGCTGCT,2
l5_TGCCCTAAGAAACGAG,3
l5_TGCCCTAAGAGTCTGG,3
l5_TGCCCTAAGTTCGCAT,1
l5_TGCCCTACATACAGCT,4
l5_TGCCCTATCCGATATG,2
l5_TGCGCAGCAAACGTGG,0
l5_TGCGCAGCAAGTAGTA,0
l5_TGCGCAGCAATAGCGG,2
l5_TGCGCAGCATCTCGCT,3
l5_TGCGCAGGTAGCAAAT,4
l5_TGCGCAGGTCGCGAAA,0
l5_TGCGGGTAGCAATATG,2
l5_TGCGGGTAGTTTGCGT,0
l5_TGCGTGGCAAAGGTGC,4
l5_TGCGTGGCAGCGTCCA,0
l5_TGCGTGGTCTACGAGT,0
l5_TGCTACCAGAAGATTC,0
l5_TGCTACCCAGAGCCAA,0
l5_TGCTACCTCCACGCAG,3
l5_TGCTACCTCTCGATGA,0
l5_TGCTACCTCTTGAGAC,2
l5_TGCTGCTAGATTACCC,0
l5_TGCTGCTCAACTGCGC,3
l5_TGCTGCTCACCTGGTG,2
l5_TGCTGCTCAGAAGCAC,0
l5_TGCTGCTCAGATTGCT,0
l5_TGCTGCTGTGTGAATA,0
l5_TGCTGCTTCATTCACT,1
l5_TGCTGCTTCATTGCCC,1
l5_TGGACGCGTTATCGGT,0
l5_TGGCCAGAGTCTCGGC,0
l5_TGGCCAGCAAGCTGGA,3
l5_TGGCCAGCATCCTAGA,6
l5_TGGCCAGGTAGTACCT,0
l5_TGGCCAGGTCCGAGTC,1
l5_TGGCCAGGTTAAGACA,5
l5_TGGCCAGTCAACGCTA,0
l5_TGGCGCAAGGAGCGTT,2
l5_TGGCGCACACTTAAGC,5
l5_TGGCGCAGTACCGCTG,0
l5_TGGCGCATCGTGGACC,0
l5_TGGCTGGAGAACAATC,3
l5_TGGCTGGCACAGACAG,0
l5_TGGCTGGGTATGCTTG,0
l5_TGGCTGGGTGTCCTCT,2
l5_TGGCTGGTCATGTCCC,2
l5_TGGCTGGTCGCCGTGA,0
l5_TGGGAAGAGTGGTAAT,0
l5_TGGGAAGTCTGGGCCA,3
l5_TGGGCGTCAATCTACG,0
l5_TGGGCGTGTCCGAACC,0
l5_TGGGCGTTCGAACTGT,4
l5_TGGTTAGAGAAGGCCT,0
l5_TGGTTAGAGTCTTGCA,3
l5_TGGTTAGCAGGACCCT,0
l5_TGGTTAGGTAGTGAAT,0
l5_TGGTTAGGTCACACGC,2
l5_TGGTTAGGTTAGGGTG,0
l5_TGGTTAGTCACGACTA,2
l5_TGGTTAGTCAGTGTTG,3
l5_TGGTTCCAGCTTTGGT,3
l5_TGGTTCCAGGGAAACA,3
l5_TGGTTCCGTAAGTAGT,0
l5_TGGTTCCGTAAGTTCC,0
l5_TGGTTCCGTAGCGTGA,4
l5_TGGTTCCGTCGGCATC,4
l5_TGGTTCCGTGTAACGG,5
l5_TGGTTCCGTTCGGCAC,3
l5_TGGTTCCGTTGATTGC,1
l5_TGGTTCCTCTCGGACG,2
l5_TGGTTCCTCTGTCTAT,0
l5_TGTATTCAGTCTTGCA,0
l5_TGTATTCTCAGGCGAA,4
l5_TGTCCCAGTCGGCATC,3
l5_TGTCCCATCAACACCA,0
l5_TGTCCCATCTGCTGTC,1
l5_TGTGGTAAGTAGGTGC,2
l5_TGTGGTACAATGGACG,5
l5_TGTGGTACAGACAGGT,0
l5_TGTGTTTCAATCTGCA,2
l5_TGTGTTTCACATCCAA,0
l5_TGTGTTTGTCCTCTTG,5
l5_TGTGTTTGTCGCATCG,0
l5_TGTGTTTTCTGCAGTA,0
l5_TGTTCCGAGTCATCCA,1
l5_TGTTCCGCACAGCGTC,5
l5_TGTTCCGCAGTAAGAT,0
l5_TGTTCCGGTACCGGCT,0
l5_TGTTCCGTCCGCAAGC,0
l5_TGTTCCGTCTCCAACC,0
l5_TTAGGACAGAACTGTA,0
l5_TTAGGACAGATGTGTA,0
l5_TTAGGACAGTAGGTGC,6
l5_TTAGGCAAGATGCGAC,0
l5_TTAGGCAAGTTCGATC,0
l5_TTAGGCAGTCCGCTGA,0
l5_TTAGGCATCTCCTATA,0
l5_TTAGTTCAGCTACCGC,5
l5_TTAGTTCGTCACTTCC,3
l5_TTAGTTCTCCCGGATG,6
l5_TTAGTTCTCCGGCACA,3
l5_TTATGCTAGACTTTCG,0
l5_TTATGCTAGCCGCCTA,4
l5_TTATGCTAGTGAATTG,0
l5_TTATGCTGTCTGATTG,0
l5_TTATGCTTCAACTCTT,0
l5_TTATGCTTCAAGGTAA,2
l5_TTCCCAGAGTGAAGTT,0
l5_TTCCCAGGTCAAAGAT,1
l5_TTCCCAGTCTCGTATT,0
l5_TTCGAAGCAAGGGTCA,3
l5_TTCGAAGCAATGTTGC,4
l5_TTCGAAGCAGACGCAA,2
l5_TTCGAAGGTTCTCATT,1
l5_TTCGAAGTCCTCAACC,0
l5_TTCGGTCAGCGTCAAG,0
l5_TTCGGTCCAAGTCATC,4
l5_TTCGGTCCACGGCTAC,0
l5_TTCGGTCCAGGGTACA,4
l5_TTCGGTCTCTCCAACC,2
l5_TTCTACAAGAGCTATA,0
l5_TTCTACACACAGCCCA,3
l5_TTCTACACATCCGTGG,1
l5_TTCTACACATTCCTCG,3
l5_TTCTACATCGGCCGAT,6
l5_TTCTCAAAGAATTCCC,0
l5_TTCTCAAAGCCATCGC,0
l5_TTCTCAAAGTGATCGG,0
l5_TTCTCAACACGCATCG,0
l5_TTCTCAAGTTAAGGGC,6
l5_TTCTCAATCACTTCAT,1
l5_TTCTCAATCAGGTAAA,6
l5_TTCTCAATCGTGGGAA,0
l5_TTCTCCTAGATGGGTC,3
l5_TTCTCCTAGTCGTTTG,0
l5_TTCTCCTCAAATACAG,0
l5_TTCTCCTCACGGCTAC,5
l5_TTCTCCTGTGTCAATC,3
l5_TTCTCCTGTTTCGCTC,3
l5_TTCTCCTTCATGTAGC,2
l5_TTCTTAGAGAAGATTC,0
l5_TTCTTAGAGTCCATAC,0
l5_TTCTTAGCATGCAACT,3
l5_TTCTTAGCATGTCCTC,0
l5_TTCTTAGTCACCCGAG,0
l5_TTCTTAGTCGAATCCA,1
l5_TTCTTAGTCTTGAGAC,2
l5_TTGAACGAGCCCGAAA,1
l5_TTGAACGGTACGCACC,0
l5_TTGAACGGTTACGGAG,1
l5_TTGACTTAGCCAGGAT,3
l5_TTGACTTAGGTGTGGT,0
l5_TTGACTTAGTGGTCCC,0
l5_TTGACTTCAGGTCTCG,3
l5_TTGACTTGTATGGTTC,1
l5_TTGACTTTCACATACG,0
l5_TTGCCGTGTCTGGTCG,5
l5_TTGCCGTGTGTAACGG,3
l5_TTGCCGTGTTGAGGTG,3
l5_TTGCCGTTCAACGGGA,3
l5_TTGCGTCAGACGCTTT,0
l5_TTGCGTCAGGATTCGG,0
l5_TTGCGTCCAGTGACAG,2
l5_TTGCGTCGTAAGTGTA,2
l5_TTGGAACAGGGCTTGA,5
l5_TTGGAACTCCCAGGTG,0
l5_TTGGCAAAGATATGCA,3
l5_TTGGCAAAGTACCGGA,6
l5_TTGGCAAAGTGCGATG,0
l5_TTGGCAATCACAAACC,4
l5_TTGGCAATCATACGGT,2
l5_TTGGCAATCCTCATTA,3
l5_TTGGCAATCTTACCTA,0
l5_TTGTAGGCAAGAAGAG,0
l5_TTGTAGGTCTCGTTTA,4
l5_TTTACTGAGTATCTCG,4
l5_TTTACTGCACGCCAGT,3
l5_TTTACTGCATTTGCTT,1
l5_TTTACTGGTAGAAAGG,0
l5_TTTACTGGTGCTAGCC,4
l5_TTTACTGTCGCACTCT,0
l5_TTTATGCCAACAACCT,5
l5_TTTATGCCATCTGGTA,2
l5_TTTATGCGTCTCTCGT,0
l5_TTTATGCTCGCTAGCG,0
l5_TTTATGCTCTCAAACG,3
l5_TTTATGCTCTTCGGTC,0
l5_TTTCCTCAGGGTCGAT,0
l5_TTTCCTCCACAGAGGT,0
l5_TTTCCTCCACGGCGTT,0
l5_TTTCCTCCATTACCTT,0
l5_TTTCCTCGTATAAACG,0
l5_TTTCCTCTCTCCGGTT,4
l5_TTTCCTCTCTGAGTGT,1
l5_TTTGCGCCACATTCGA,0
l5_TTTGCGCGTGTCGCTG,0
l5_TTTGCGCTCCTTTCTC,0
l5_TTTGCGCTCGTCTGAA,0
l5_TTTGCGCTCTTGTTTG,0
l5_TTTGGTTAGACTGTAA,1
l5_TTTGGTTAGTGTTAGA,0
l5_TTTGGTTCACCACCAG,0
l5_TTTGGTTGTCTCATCC,3
l5_TTTGGTTTCACTTATC,0
l5_TTTGGTTTCGAACTGT,2
l5_TTTGTCAAGTCATGCT,1
l5_TTTGTCAGTATTACCG,0
l6_AAACCTGTCAACTCTT,1
l6_AAACCTGTCATGTCCC,2
l6_AAACCTGTCGGAGGTA,0
l6_AAACGGGAGATCCTGT,0
l6_AAACGGGAGCTGGAAC,0
l6_AAACGGGAGGACACCA,4
l6_AAACGGGAGGATGGAA,0
l6_AAACGGGCACAAGCCC,3
l6_AAACGGGCAGGCGATA,3
l6_AAACGGGCATTCTTAC,6
l6_AAACGGGGTCTCGTTC,4
l6_AAACGGGGTGGTCCGT,5
l6_AAACGGGTCGTTGACA,4
l6_AAAGATGAGTACGATA,0
l6_AAAGATGAGTGCTGCC,0
l6_AAAGATGCAGGGTTAG,3
l6_AAAGATGGTCATCGGC,0
l6_AAAGATGGTCCTCTTG,0
l6_AAAGATGGTGCCTGGT,1
l6_AAAGATGGTGTCTGAT,3
l6_AAAGATGTCCGCGGTA,0
l6_AAAGCAAAGGAGCGAG,0
l6_AAAGCAAAGGGCATGT,0
l6_AAAGCAACAGATCTGT,6
l6_AAAGCAAGTGTTAAGA,0
l6_AAAGTAGAGACCGGAT,3
l6_AAAGTAGAGATCTGCT,0
l6_AAAGTAGAGTCAAGCG,1
l6_AAAGTAGGTTGGTAAA,0
l6_AAAGTAGGTTTAGCTG,0
l6_AAAGTAGTCACCAGGC,4
l6_AAAGTAGTCAGAAATG,0
l6_AAAGTAGTCGGAATCT,4
l6_AAAGTAGTCGGCTTGG,0
l6_AAATGCCAGACAAGCC,6
l6_AAATGCCAGAGTACCG,3
l6_AAATGCCAGGGCTTCC,2
l6_AAATGCCCAAACTGTC,1
l6_AAATGCCCAAGGTTTC,1
l6_AAATGCCCAGACGTAG,3
l6_AAATGCCCAGTCAGCC,0
l6_AAATGCCGTACATGTC,0
l6_AAATGCCGTGCCTGCA,6
l6_AAATGCCTCATAAAGG,2
l6_AAATGCCTCGTCCGTT,0
l6_AACACGTAGAAGGGTA,0
l6_AACACGTAGACTAGAT,1
l6_AACACGTAGCCCTAAT,0
l6_AACACGTCAAAGCAAT,3
l6_AACACGTGTCCTAGCG,0
l6_AACACGTTCATAACCG,2
l6_AACCATGAGAAACGAG,0
l6_AACCATGAGACAGAGA,0
l6_AACCATGGTCTAACGT,0
l6_AACCATGGTGGCCCTA,0
l6_AACCATGTCAGTCCCT,4
l6_AACCGCGAGTGGGCTA,4
l6_AACCGCGCAAGCTGAG,0
l6_AACGTTGAGAAGGCCT,0
l6_AACGTTGAGACCTTTG,3
l6_AACGTTGAGAGAGCTC,0
l6_AACGTTGAGGAGTCTG,0
l6_AACGTTGCAAGTCTGT,0
l6_AACGTTGGTCAAAGCG,4
l6_AACGTTGTCAGTTGAC,2
l6_AACGTTGTCGAACGGA,0
l6_AACGTTGTCGTCCAGG,2
l6_AACTCAGCAGGTCGTC,0
l6_AACTCAGGTATATGAG,2
l6_AACTCAGTCATATCGG,6
l6_AACTCAGTCTCTGAGA,2
l6_AACTCCCAGCGTCAAG,0
l6_AACTCCCAGCTACCGC,0
l6_AACTCCCCACTGTTAG,4
l6_AACTCCCCAGCTCGAC,4
l6_AACTCCCGTACTTCTT,2
l6_AACTCCCGTTTGCATG,0
l6_AACTCCCTCCAAATGC,0
l6_AACTCCCTCGGTCTAA,3
l6_AACTCCCTCTAACCGA,2
l6_AACTCCCTCTCGAGTA,1
l6_AACTCTTAGACTCGGA,1
l6_AACTCTTGTAACGCGA,0
l6_AACTCTTGTCGAAAGC,2
l6_AACTCTTGTGTTGGGA,3
l6_AACTCTTGTTCAGCGC,0
l6_AACTCTTTCCTACAGA,1
l6_AACTGGTAGACATAAC,0
l6_AACTGGTAGATACACA,0
l6_AACTGGTAGCGTAATA,0
l6_AACTGGTCATCGGTTA,0
l6_AACTGGTGTGAGGCTA,3
l6_AACTGGTGTGTCTGAT,0
l6_AACTGGTGTTCGGGCT,3
l6_AACTGGTGTTGGGACA,5
l6_AACTGGTTCAACTCTT,4
l6_AACTTTCAGATGGCGT,1
l6_AACTTTCAGGAGTAGA,0
l6_AACTTTCCATTGGGCC,2
l6_AACTTTCGTCGAATCT,0
l6_AACTTTCTCACCACCT,6
l6_AACTTTCTCTGGTATG,6
l6_AAGACCTAGTACGTAA,0
l6_AAGACCTAGTCCTCCT,0
l6_AAGACCTGTATTACCG,3
l6_AAGACCTGTCTCTTTA,3
l6_AAGACCTTCAACACCA,0
l6_AAGACCTTCTTTCCTC,1
l6_AAGCCGCAGACTGTAA,3
l6_AAGCCGCAGTGGGATC,5
l6_AAGCCGCGTCATGCCG,3
l6_AAGCCGCGTCATTAGC,0
l6_AAGCCGCGTCTAAACC,0
l6_AAGCCGCTCCAAATGC,4
l6_AAGCCGCTCCAACCAA,3
l6_AAGGAGCAGCATGGCA,0
l6_AAGGAGCAGGCTCATT,0
l6_AAGGAGCGTCTGCAAT,0
l6_AAGGAGCTCCATGAGT,3
l6_AAGGAGCTCCTACAGA,5
l6_AAGGCAGAGATGCGAC,0
l6_AAGGCAGAGATGTCGG,4
l6_AAGGCAGAGCTTTGGT,4
l6_AAGGCAGAGTGTACGG,0
l6_AAGGCAGCACAAGACG,3
l6_AAGGCAGCAGGCGATA,0
l6_AAGGCAGCATGACGGA,1
l6_AAGGCAGGTTCCGTCT,0
l6_AAGGCAGTCAAGAAGT,0
l6_AAGGCAGTCATCGCTC,4
l6_AAGGCAGTCATTGCGA,0
l6_AAGGTTCAGGAGTTGC,3
l6_AAGGTTCAGTCGCCGT,0
l6_AAGGTTCAGTGTCTCA,2
l6_AAGGTTCCAACACCTA,0
l6_AAGGTTCGTGCACTTA,6
l6_AAGGTTCGTGCGAAAC,0
l6_AAGGTTCGTTACGGAG,1
l6_AAGGTTCGTTGGACCC,3
l6_AAGGTTCGTTTGCATG,1
l6_AAGGTTCTCACCACCT,2
l6_AAGTCTGAGTACGTAA,4
l6_AAGTCTGCAGGGCATA,0
l6_AAGTCTGGTGGCGAAT,0
l6_AAGTCTGTCACCCGAG,0
l6_AAGTCTGTCACTTATC,0
l6_AAGTCTGTCAGTTCGA,0
l6_AAGTCTGTCCGATATG,0
l6_AATCCAGAGATACACA,0
l6_AATCCAGCAAGGTTCT,2
l6_AATCCAGCATTGAGCT,1
l6_AATCCAGGTCGAACAG,0
l6_AATCCAGGTCGCTTCT,3
l6_AATCCAGGTGCAACTT,4
l6_AATCCAGGTTGCCTCT,6
l6_AATCCAGTCAAACGGG,4
l6_AATCCAGTCGCCAAAT,4
l6_AATCCAGTCGGTGTTA,4
l6_AATCCAGTCTAGAGTC,0
l6_AATCCAGTCTTGCAAG,3
l6_AATCGGTCACAGCCCA,2
l6_AATCGGTCACTACAGT,0
l6_AATCGGTGTACGCACC,0
l6_AATCGGTGTAGAAGGA,0
l6_AATCGGTTCTGCTTGC,2
l6_ACACCAAAGTACGTTC,2
l6_ACACCAACAGGTCCAC,2
l6_ACACCAATCGTCACGG,0
l6_ACACCAATCTCCAGGG,1
l6_ACACCCTAGCGTCTAT,0
l6_ACACCCTCAAGTCTGT,1
l6_ACACCCTCAGGCTGAA,6
l6_ACACCCTCAGTGAGTG,0
l6_ACACCCTGTGTCAATC,0
l6_ACACCCTTCAGCATGT,2
l6_ACACCCTTCGCTTGTC,0
l6_ACACCCTTCTTGCCGT,0
l6_ACACCGGAGACATAAC,2
l6_ACACCGGAGAGGTTGC,0
l6_ACACCGGCAGCCTTGG,1
l6_ACACCGGGTAAGAGGA,0
l6_ACACCGGGTAGCGTCC,3
l6_ACACCGGTCAGGTAAA,0
l6_ACACCGGTCGTGGTCG,0
l6_ACACTGAAGTAGATGT,4
l6_ACACTGACAACGATGG,4
l6_ACACTGATCCCATTAT,3
l6_ACAGCCGAGGCTCTTA,0
l6_ACAGCCGGTACCAGTT,0
l6_ACAGCCGGTGCAGGTA,0
l6_ACAGCCGGTGCCTGGT,3
l6_ACAGCCGGTTGGTGGA,3
l6_ACAGCCGGTTTGACAC,2
l6_ACAGCCGTCGTTTATC,3
l6_ACAGCCGTCTTCAACT,0
l6_ACAGCTACACTCGACG,0
l6_ACAGCTACATTGGCGC,0
l6_ACAGCTAGTATAGGGC,1
l6_ACAGCTAGTTACTGAC,0
l6_ACATACGCAAGACGTG,0
l6_ACATACGGTAAACCTC,1
l6_ACATACGGTAAGGGCT,6
l6_ACATACGGTTCCACTC,0
l6_ACATACGTCGCGATCG,3
l6_ACATACGTCTCCAGGG,0
l6_ACATCAGAGATGGGTC,1
l6_ACATCAGAGCAATCTC,0
l6_ACATCAGAGCTAAACA,0
l6_ACATCAGCACCGTTGG,1
l6_ACATCAGCACGAAACG,4
l6_ACATCAGCACTCAGGC,0
l6_ACATCAGCAGGGTACA,0
l6_ACATCAGCATATGCTG,1
l6_ACATCAGGTAGCGCTC,0
l6_ACATCAGGTCTAGTGT,2
l6_ACATCAGGTTAGATGA,0
l6_ACATCAGTCATATCGG,0
l6_ACATCAGTCGTCCGTT,1
l6_ACATCAGTCTTGTTTG,3
l6_ACATGGTAGAGGTTAT,2
l6_ACATGGTCAACTGCTA,3
l6_ACATGGTCACCGCTAG,0
l6_ACATGGTGTTGGTAAA,3
l6_ACCAGTAAGACACGAC,3
l6_ACCAGTAAGAGATGAG,3
l6_ACCAGTACACATCTTT,0
l6_ACCAGTACAGCCTGTG,2
l6_ACCAGTACAGCTGTGC,2
l6_ACCAGTATCTCCAACC,4
l6_ACCCACTAGAAGCCCA,0
l6_ACCCACTAGACAATAC,2
l6_ACCCACTAGACTGTAA,4
l6_ACCCACTAGTAGATGT,0
l6_ACCCACTAGTTGCAGG,0
l6_ACCCACTCATCGGACC,3
l6_ACCCACTCATGCGCAC,3
l6_ACCCACTGTAGCAAAT,1
l6_ACCCACTGTTCAGCGC,0
l6_ACCCACTTCAGGCCCA,0
l6_ACCCACTTCCTGCCAT,6
l6_ACCGTAAAGCGATGAC,0
l6_ACCGTAAAGGCTCTTA,0
l6_ACCGTAACAACCGCCA,1
l6_ACCGTAACAGACACTT,4
l6_ACCGTAACAGTCGATT,3
l6_ACCGTAAGTGGGTCAA,0
l6_ACCGTAAGTTACTGAC,0
l6_ACCGTAATCCGAACGC,2
l6_ACCTTTAAGATGCCAG,2
l6_ACCTTTAAGCCACGCT,1
l6_ACCTTTAAGCGCTCCA,1
l6_ACCTTTAAGTGACTCT,3
l6_ACCTTTACAATCGGTT,3
l6_ACCTTTATCACGAAGG,4
l6_ACCTTTATCACGGTTA,0
l6_ACCTTTATCACTTCAT,0
l6_ACCTTTATCGCTAGCG,0
l6_ACGAGCCCATTTCACT,0
l6_ACGAGCCTCACAAACC,0
l6_ACGAGCCTCACTCTTA,3
l6_ACGAGCCTCTCAAACG,0
l6_ACGAGGAAGCCCGAAA,0
l6_ACGAGGACACATCCAA,2
l6_ACGAGGACAGACGCAA,0
l6_ACGAGGAGTCTGCAAT,1
l6_ACGAGGAGTTGAACTC,0
l6_ACGAGGATCCTACAGA,2
l6_ACGATACAGTGAACAT,2
l6_ACGATACCAAATCCGT,0
l6_ACGATACGTAATAGCA,0
l6_ACGATACGTCAAAGCG,2
l6_ACGATACGTCTCGTTC,0
l6_ACGATACGTGTTGGGA,0
l6_ACGATGTAGATGCCTT,4
l6_ACGATGTAGGGCTCTC,2
l6_ACGATGTCACCGAATT,0
l6_ACGATGTGTGACAAAT,0
l6_ACGATGTTCAGCGATT,4
l6_ACGATGTTCCTGTAGA,2
l6_ACGATGTTCTATCCCG,0
l6_ACGCAGCAGTGATCGG,2
l6_ACGCAGCCATATACCG,2
l6_ACGCAGCGTAAAGGAG,0
l6_ACGCAGCGTCTTGTCC,1
l6_ACGCAGCTCAGTTTGG,2
l6_ACGCCAGAGTCGTACT,0
l6_ACGCCAGCATAAAGGT,0
l6_ACGCCAGTCTATCGCC,0
l6_ACGCCGAAGTTGAGAT,1
l6_ACGCCGACACCAGGCT,2
l6_ACGCCGAGTAGCCTCG,0
l6_ACGCCGAGTCAGAGGT,0
l6_ACGCCGAGTGCCTGGT,2
l6_ACGCCGATCATTCACT,0
l6_ACGCCGATCTAAGCCA,0
l6_ACGGAGAAGTTTAGGA,0
l6_ACGGAGACAACAACCT,0
l6_ACGGAGACACCAGGTC,1
l6_ACGGAGACATGCGCAC,2
l6_ACGGAGACATTCTTAC,1
l6_ACGGAGAGTAGCGCTC,0
l6_ACGGAGAGTCCAGTAT,1
l6_ACGGAGATCAACACCA,0
l6_ACGGAGATCGTGGGAA,0
l6_ACGGCCAGTTGTGGCC,2
l6_ACGGCCATCACCCTCA,0
l6_ACGGCCATCTCGCATC,1
l6_ACGGGCTAGAAACCTA,2
l6_ACGGGCTCACCTCGTT,0
l6_ACGGGCTGTAGAAAGG,2
l6_ACGGGCTGTGGACGAT,2
l6_ACGGGCTGTTATTCTC,0
l6_ACGGGCTGTTCGGGCT,0
l6_ACGGGCTGTTCTCATT,6
l6_ACGGGCTTCACCCTCA,5
l6_ACGGGTCAGATCCCAT,4
l6_ACGGGTCAGCCACTAT,0
l6_ACGGGTCAGGCAGGTT,6
l6_ACGGGTCCATTCACTT,0
l6_ACGGGTCGTCGAACAG,1
l6_ACGGGTCTCATGTGGT,0
l6_ACGGGTCTCCGAATGT,0
l6_ACGGGTCTCCTGCCAT,2
l6_ACGGGTCTCGGTCCGA,1
l6_ACGGGTCTCGTGGGAA,0
l6_ACGTCAACACGTGAGA,3
l6_ACGTCAATCGCAGGCT,0
l6_ACGTCAATCTTTACGT,2
l6_ACTATCTAGAGCAATT,0
l6_ACTATCTAGCACACAG,0
l6_ACTATCTCACACAGAG,1
l6_ACTATCTCAGCTGCTG,0
l6_ACTATCTGTCCGAGTC,1
l6_ACTATCTTCGTGACAT,5
l6_ACTGAACAGAGAGCTC,0
l6_ACTGAACAGATAGTCA,0
l6_ACTGAACCAATCACAC,0
l6_ACTGAACGTAGAAAGG,1
l6_ACTGAACGTCAGTGGA,4
l6_ACTGAACGTCGCGTGT,0
l6_ACTGAACGTTGCGTTA,0
l6_ACTGAACTCAGTTAGC,0
l6_ACTGAACTCCGTAGTA,0
l6_ACTGAACTCGAATCCA,0
l6_ACTGAACTCTTCTGGC,4
l6_ACTGAGTAGGGAGTAA,0
l6_ACTGAGTAGTTGTCGT,0
l6_ACTGAGTCAACGATGG,2
l6_ACTGAGTCAGCTGCTG,0
l6_ACTGAGTGTCATACTG,2
l6_ACTGAGTGTTTCGCTC,2
l6_ACTGAGTTCTTTCCTC,4
l6_ACTGATGAGACTTGAA,0
l6_ACTGATGAGATCACGG,1
l6_ACTGATGAGCATGGCA,2
l6_ACTGATGCACTTAACG,0
l6_ACTGATGCATGTCTCC,0
l6_ACTGATGTCGCCCTTA,0
l6_ACTGCTCAGCTGCGAA,0
l6_ACTGCTCAGTATGACA,0
l6_ACTGCTCCACGTGAGA,2
l6_ACTGCTCCACTGTGTA,0
l6_ACTGCTCCATCCCATC,0
l6_ACTGCTCGTTACTGAC,2
l6_ACTGCTCTCTATGTGG,0
l6_ACTGTCCAGAGTACAT,0
l6_ACTGTCCAGATGTGGC,0
l6_ACTGTCCAGTGCTGCC,4
l6_ACTGTCCGTAGAAAGG,3
l6_ACTGTCCGTCTAGCGC,2
l6_ACTGTCCTCCCTCTTT,0
l6_ACTGTCCTCGAATGCT,0
l6_ACTGTCCTCTCTGCTG,0
l6_ACTGTCCTCTGGAGCC,0
l6_ACTTACTAGAAACCTA,0
l6_ACTTACTAGACAGGCT,0
l6_ACTTACTAGGCCCGTT,2
l6_ACTTACTAGGGCTCTC,2
l6_ACTTACTCAATGTAAG,1
l6_ACTTACTCAGACGCAA,1
l6_ACTTACTCATACAGCT,0
l6_ACTTACTTCAAACCAC,1
l6_ACTTACTTCGATAGAA,0
l6_ACTTACTTCGTCTGCT,4
l6_ACTTGTTAGATCGGGT,0
l6_ACTTGTTTCCTTAATC,4
l6_ACTTGTTTCTGTGCAA,1
l6_ACTTTCAAGAGTACCG,3
l6_ACTTTCAAGCCAGGAT,0
l6_ACTTTCAAGCTAACTC,0
l6_ACTTTCAAGTGATCGG,1
l6_ACTTTCACACGTGAGA,2
l6_ACTTTCAGTCGGCTCA,1
l6_ACTTTCAGTGCTAGCC,6
l6_ACTTTCATCAACACTG,6
l6_ACTTTCATCACGACTA,0
l6_ACTTTCATCCTCAACC,3
l6_ACTTTCATCCTCATTA,2
l6_ACTTTCATCCTTCAAT,0
l6_AGAATAGAGCTGCAAG,6
l6_AGAATAGAGGGAACGG,0
l6_AGAATAGAGTGAACAT,6
l6_AGAATAGCACTGTTAG,6
l6_AGAATAGTCAACACGT,0
l6_AGAATAGTCACTCTTA,2
l6_AGACGTTCAAGCTGTT,1
l6_AGACGTTGTCTCCCTA,0
l6_AGACGTTGTGTGACCC,4
l6_AGACGTTGTTAGATGA,2
l6_AGACGTTTCATTGCCC,3
l6_AGACGTTTCGTTGACA,0
l6_AGAGCGAAGGCACATG,0
l6_AGAGCGAAGGTGTGGT,4
l6_AGAGCGACAACACCCG,2
l6_AGAGCGAGTATCGCAT,0
l6_AGAGCGATCACAGGCC,0
l6_AGAGCTTAGCACCGCT,2
l6_AGAGCTTAGTGATCGG,0
l6_AGAGCTTCAAGAGGCT,0
l6_AGAGCTTCATTCGACA,4
l6_AGAGCTTGTACTCAAC,0
l6_AGAGCTTGTCGCTTTC,5
l6_AGAGCTTGTCGGCACT,0
l6_AGAGCTTGTCGTCTTC,3
l6_AGAGCTTTCCGCGCAA,1
l6_AGAGTGGCATCCGTGG,1
l6_AGAGTGGGTAAATGAC,0
l6_AGATCTGAGGAGCGAG,4
l6_AGATCTGCACATGTGT,0
l6_AGATCTGCAGAGTGTG,3
l6_AGATCTGGTGGAAAGA,0
l6_AGATCTGTCCAACCAA,1
l6_AGATTGCCAGCTCGAC,0
l6_AGATTGCCAGTTCCCT,0
l6_AGCAGCCAGGTAGCCA,0
l6_AGCAGCCCACGAAATA,4
l6_AGCAGCCCAGACACTT,2
l6_AGCAGCCCAGCTGTAT,0
l6_AGCAGCCGTAAATACG,0
l6_AGCAGCCGTCTGGAGA,1
l6_AGCAGCCGTGACCAAG,1
l6_AGCAGCCGTGTGTGCC,2
l6_AGCAGCCTCGTACGGC,3
l6_AGCATACAGGATATAC,1
l6_AGCATACAGGCACATG,0
l6_AGCATACCAACTTGAC,4
l6_AGCATACTCCCTGACT,3
l6_AGCCTAACAATGGAGC,6
l6_AGCCTAACATTCTCAT,0
l6_AGCCTAAGTAAACACA,0
l6_AGCCTAAGTACGACCC,0
l6_AGCCTAAGTGACAAAT,2
l6_AGCCTAAGTTCGGGCT,0
l6_AGCCTAATCGCTTGTC,3
l6_AGCGGTCAGATCCCGC,0
l6_AGCGGTCAGCAACGGT,0
l6_AGCGGTCAGGTCGGAT,0
l6_AGCGGTCCACCTATCC,0
l6_AGCGGTCCAGTGACAG,0
l6_AGCGGTCTCTTGTTTG,0
l6_AGCGTATAGTGGTCCC,1
l6_AGCGTATGTAAGTAGT,0
l6_AGCGTATTCACATAGC,4
l6_AGCGTCGAGAAGGCCT,0
l6_AGCGTCGCAAGAAAGG,0
l6_AGCGTCGCATTCTTAC,0
l6_AGCGTCGGTGCACTTA,5
l6_AGCGTCGGTTAAGTAG,0
l6_AGCTCCTCAGTCACTA,0
l6_AGCTCCTGTCCGAAGA,3
l6_AGCTCCTGTCTTGTCC,0
l6_AGCTCCTGTTGAACTC,3
l6_AGCTCCTGTTTACTCT,1
l6_AGCTCCTTCCTGCCAT,1
l6_AGCTCTCAGCAGCCTC,4
l6_AGCTCTCAGTTGTCGT,0
l6_AGCTCTCGTAGGGTAC,0
l6_AGCTCTCGTCACCCAG,6
l6_AGCTCTCGTGTGAATA,3
l6_AGCTCTCTCAGCTGGC,4
l6_AGCTCTCTCCGCAGTG,6
l6_AGCTTGACAGGGAGAG,0
l6_AGCTTGACAGTTCATG,0
l6_AGCTTGAGTAGGGACT,4
l6_AGCTTGAGTCCTCCAT,0
l6_AGCTTGAGTTCAACCA,0
l6_AGGCCACAGAGGTTAT,0
l6_AGGCCACAGCGATCCC,0
l6_AGGCCACAGCGTAGTG,0
l6_AGGCCACGTGTGACCC,2
l6_AGGCCACGTTCGTGAT,4
l6_AGGCCACGTTCTGAAC,6
l6_AGGCCACTCTCTTGAT,3
l6_AGGCCGTAGACTGGGT,6
l6_AGGCCGTAGCACCGTC,0
l6_AGGCCGTCAGTCACTA,1
l6_AGGCCGTGTTCCACAA,3
l6_AGGGAGTAGATCGATA,0
l6_AGGGAGTAGGAACTGC,0
l6_AGGGAGTCACATGGGA,3
l6_AGGGAGTCACATTCGA,6
l6_AGGGAGTCAGACGCCT,4
l6_AGGGAGTCAGTACACT,0
l6_AGGGAGTTCTCTGAGA,0
l6_AGGGATGAGATATACG,1
l6_AGGGATGAGTAATCCC,1
l6_AGGGATGAGTGCTGCC,0
l6_AGGGATGCAGATCTGT,2
l6_AGGGATGCAGGTGGAT,1
l6_AGGGATGGTCTAGCCG,0
l6_AGGGATGGTCTTGTCC,0
l6_AGGGATGGTGTTAAGA,0
l6_AGGGATGTCACAAACC,3
l6_AGGGATGTCACCTTAT,0
l6_AGGGTGAAGCTTATCG,0
l6_AGGGTGAAGGACAGAA,1
l6_AGGGTGACAGTCCTTC,3
l6_AGGGTGAGTTGTCGCG,0
l6_AGGGTGATCCCTCAGT,1
l6_AGGTCATAGAGAACAG,0
l6_AGGTCATAGGAGTTGC,0
l6_AGGTCATAGGATTCGG,3
l6_AGGTCATCATTCGACA,0
l6_AGGTCATTCGGCGGTT,4
l6_AGGTCCGAGGCCCGTT,6
l6_AGGTCCGCAAGTCTGT,2
l6_AGGTCCGGTAAGGATT,0
l6_AGGTCCGGTGTAATGA,3
l6_AGTAGTCAGCGCCTCA,4
l6_AGTAGTCAGTGGTAGC,3
l6_AGTAGTCAGTGTTTGC,2
l6_AGTAGTCAGTTACGGG,0
l6_AGTAGTCCAATGTAAG,0
l6_AGTAGTCCATAAAGGT,5
l6_AGTAGTCGTAGCGCAA,1
l6_AGTAGTCGTATGAATG,0
l6_AGTAGTCGTCCATCCT,0
l6_AGTAGTCGTGTAATGA,0
l6_AGTAGTCTCAACGGCC,0
l6_AGTAGTCTCACTTCAT,2
l6_AGTAGTCTCGCGATCG,0
l6_AGTCTTTCAAAGTGCG,0
l6_AGTCTTTCAAGAGGCT,4
l6_AGTCTTTCAGGTCTCG,0
l6_AGTCTTTGTCATCGGC,4
l6_AGTCTTTGTCCGAACC,2
l6_AGTCTTTGTGACAAAT,0
l6_AGTCTTTGTGCACGAA,0
l6_AGTCTTTGTTGACGTT,3
l6_AGTGAGGAGCCCAGCT,0
l6_AGTGAGGAGTCGATAA,2
l6_AGTGAGGCACCAGGTC,0
l6_AGTGAGGCATAGAAAC,0
l6_AGTGAGGGTGGTACAG,0
l6_AGTGAGGGTGTTGAGG,0
l6_AGTGAGGTCAACGGGA,0
l6_AGTGAGGTCGTCACGG,0
l6_AGTGGGAAGTACATGA,2
l6_AGTGGGAAGTTTCCTT,3
l6_AGTGGGAGTCAGAATA,2
l6_AGTGGGATCAAACCAC,0
l6_AGTGGGATCAGGCAAG,0
l6_AGTGGGATCGCCAAAT,0
l6_AGTGGGATCGTAGGAG,0
l6_AGTGGGATCTCTAGGA,0
l6_AGTGGGATCTGTCTAT,1
l6_AGTGTCAAGCTAACTC,2
l6_AGTGTCAAGTGGTAGC,0
l6_AGTGTCAGTCTAGCGC,0
l6_AGTGTCAGTCTGGTCG,1
l6_AGTGTCAGTGGCTCCA,0
l6_AGTGTCAGTTGTACAC,3
l6_AGTGTCATCAAAGTAG,2
l6_AGTTGGTAGATGCGAC,0
l6_AGTTGGTCACCTCGTT,5
l6_AGTTGGTCAGACGCAA,2
l6_AGTTGGTCAGCTGTAT,0
l6_AGTTGGTTCCTCGCAT,2
l6_ATAACGCAGTCCTCCT,0
l6_ATAACGCCAATGCCAT,0
l6_ATAACGCCATGACGGA,3
l6_ATAACGCGTTCCCGAG,0
l6_ATAACGCTCTGACCTC,1
l6_ATAAGAGAGATCGATA,0
l6_ATAAGAGAGGCTAGAC,4
l6_ATAAGAGCATTAGGCT,5
l6_ATAAGAGTCCTTGACC,1
l6_ATAAGAGTCGTAGGTT,6
l6_ATAAGAGTCTGGAGCC,2
l6_ATAGACCAGTTCGCAT,5
l6_ATAGACCCACGAAATA,3
l6_ATAGACCCATGCCTTC,0
l6_ATCACGAAGTTGCAGG,2
l6_ATCACGACACTTCTGC,0
l6_ATCACGACAGTCGATT,1
l6_ATCACGAGTAGCGATG,0
l6_ATCACGAGTCTGGAGA,3
l6_ATCACGAGTCTTCGTC,0
l6_ATCACGAGTGATAAGT,0
l6_ATCACGATCACCTTAT,1
l6_ATCACGATCTCGTATT,2
l6_ATCATCTAGCTAGTTC,2
l6_ATCATCTCACCAACCG,0
l6_ATCATCTCAGCGAACA,4
l6_ATCATCTGTGTAAGTA,0
l6_ATCATCTTCATTATCC,2
l6_ATCATCTTCCCAACGG,2
l6_ATCATCTTCTTTAGGG,3
l6_ATCATGGAGGGCTTCC,4
l6_ATCATGGCACTATCTT,1
l6_ATCATGGCATTTCAGG,0
l6_ATCATGGTCAGATAAG,0
l6_ATCATGGTCGTACCGG,1
l6_ATCATGGTCTGAGTGT,0
l6_ATCCACCAGGCTACGA,0
l6_ATCCACCAGTGTGAAT,0
l6_ATCCACCTCAGTTAGC,2
l6_ATCCACCTCCAAGTAC,3
l6_ATCCACCTCGCCCTTA,3
l6_ATCCGAATCCCAAGTA,0
l6_ATCGAGTAGAGCTGGT,0
l6_ATCGAGTCACCCAGTG,0
l6_ATCGAGTGTGACCAAG,5
l6_ATCGAGTGTGCTTCTC,1
l6_ATCGAGTGTTAAGACA,0
l6_ATCGAGTGTTCCACTC,1
l6_ATCGAGTTCCTCGCAT,4
l6_ATCTACTAGACTCGGA,0
l6_ATCTACTCAAGCGAGT,0
l6_ATCTACTGTCCCTACT,0
l6_ATCTACTTCTTTAGGG,3
l6_ATCTGCCAGATGTGTA,2
l6_ATCTGCCAGCTCAACT,0
l6_ATCTGCCAGTTATCGC,1
l6_ATCTGCCCAAGGTTCT,3
l6_ATCTGCCGTGATGCCC,3
l6_ATCTGCCGTTATCCGA,0
l6_ATCTGCCGTTGTGGAG,4
l6_ATGAGGGAGAGGGATA,0
l6_ATGAGGGCACCTGGTG,2
l6_ATGAGGGGTTACTGAC,1
l6_ATGAGGGGTTGAACTC,0
l6_ATGCGATAGCCGTCGT,5
l6_ATGCGATCACAACGTT,4
l6_ATGCGATGTTTGACTG,2
l6_ATGCGATTCCAATGGT,1
l6_ATGGGAGAGCGTTGCC,0
l6_ATGGGAGCAATGGAGC,0
l6_ATGGGAGCACGCATCG,0
l6_ATGGGAGCACTATCTT,0
l6_ATGTGTGAGCGTGAGT,0
l6_ATGTGTGAGCTAGCCC,0
l6_ATGTGTGCACATAACC,0
l6_ATGTGTGCACATGTGT,3
l6_ATGTGTGCAGGATTGG,0
l6_ATGTGTGCATGGGAAC,1
l6_ATGTGTGGTACTTCTT,0
l6_ATGTGTGGTCGAGTTT,0
l6_ATTACTCAGAAACCGC,1
l6_ATTACTCAGTAAGTAC,2
l6_ATTACTCCACTGTGTA,0
l6_ATTATCCAGTTTAGGA,2
l6_ATTATCCCAAGACACG,4
l6_ATTATCCCAAGCCATT,3
l6_ATTATCCGTTACGCGC,3
l6_ATTATCCTCCCTGACT,4
l6_ATTCTACAGGAGTAGA,0
l6_ATTCTACAGGCTAGAC,1
l6_ATTCTACCACGTCTCT,6
l6_ATTCTACGTACATGTC,1
l6_ATTCTACGTCACCTAA,2
l6_ATTCTACTCTGTGCAA,5
l6_ATTGGACAGAAGAAGC,0
l6_ATTGGACAGTGTTAGA,1
l6_ATTGGACCAGCCTGTG,1
l6_ATTGGACCATCACCCT,0
l6_ATTGGACCATGCAACT,0
l6_ATTGGACCATTCTCAT,1
l6_ATTGGACGTACGAAAT,1
l6_ATTGGACGTCAACTGT,2
l6_ATTGGACGTCATTAGC,6
l6_ATTGGACTCGAGAGCA,3
l6_ATTGGACTCTTGACGA,1
l6_ATTGGTGAGCTGCAAG,1
l6_ATTGGTGAGTATGACA,1
l6_ATTGGTGAGTTCGATC,0
l6_ATTGGTGAGTTTAGGA,1
l6_ATTGGTGGTAGGCATG,2
l6_ATTTCTGCAAGGGTCA,0
l6_ATTTCTGCACTCGACG,4
l6_ATTTCTGCATGGTCAT,0
l6_ATTTCTGGTACGAAAT,3
l6_ATTTCTGGTCTACCTC,0
l6_ATTTCTGGTTCCGGCA,1
l6_ATTTCTGTCATCATTC,2
l6_ATTTCTGTCCAAAGTC,2
l6_ATTTCTGTCGCGGATC,1
l6_ATTTCTGTCTCCGGTT,3
l6_ATTTCTGTCTCTTGAT,0
l6_CAACCAAAGCCACGCT,3
l6_CAACCAAAGGAATCGC,4
l6_CAACCAACAAGTTCTG,0
l6_CAACCAACACATGACT,4
l6_CAACCAAGTATGAATG,0
l6_CAACCAATCAGCATGT,1
l6_CAACCAATCTGCAGTA,1
l6_CAACCTCAGACAAAGG,0
l6_CAACCTCAGGATGGTC,0
l6_CAACCTCCACAGCCCA,1
l6_CAACCTCCAGACAAAT,0
l6_CAACCTCCAGTGACAG,0
l6_CAACCTCCATCGGTTA,0
l6_CAACCTCGTCTCGTTC,0
l6_CAACCTCTCAAAGACA,3
l6_CAACCTCTCAGTTAGC,2
l6_CAACCTCTCTTGTACT,3
l6_CAACTAGAGACTACAA,1
l6_CAACTAGCACATAACC,6
l6_CAACTAGCACATCCAA,0
l6_CAACTAGTCAGATAAG,2
l6_CAACTAGTCATACGGT,0
l6_CAACTAGTCCTGCAGG,0
l6_CAACTAGTCGCCTGTT,0
l6_CAAGAAAAGAGAGCTC,3
l6_CAAGAAAAGGTGCTTT,0
l6_CAAGAAACATGTAAGA,0
l6_CAAGAAAGTAGGGTAC,0
l6_CAAGAAAGTGTTGAGG,0
l6_CAAGAAAGTTACAGAA,0
l6_CAAGAAATCTGCTGTC,2
l6_CAAGATCAGGCTCTTA,3
l6_CAAGATCAGTCTCAAC,0
l6_CAAGATCCAACGATCT,1
l6_CAAGATCCAGGTGGAT,0
l6_CAAGATCCATATGGTC,2
l6_CAAGATCGTGGAAAGA,2
l6_CAAGATCTCCGTTGTC,3
l6_CAAGGCCAGTTGAGTA,5
l6_CAAGGCCTCGTAGGTT,0
l6_CAAGTTGAGAGACTTA,0
l6_CAAGTTGAGGGAAACA,0
l6_CAAGTTGCACCTCGTT,0
l6_CAAGTTGGTAGCCTAT,2
l6_CAAGTTGGTGTATGGG,0
l6_CAAGTTGGTTATCGGT,2
l6_CAAGTTGTCTTCAACT,0
l6_CACAAACAGCTAACTC,0
l6_CACAAACCACAGACAG,0
l6_CACAAACCACAGGCCT,5
l6_CACAAACCACCACGTG,0
l6_CACAAACCACCAGTTA,0
l6_CACAAACCAGTAGAGC,3
l6_CACACAACATCACGTA,0
l6_CACACAACATTAGGCT,0
l6_CACACAAGTGCTGTAT,3
l6_CACACAAGTTACTGAC,4
l6_CACACAAGTTGCGCAC,5
l6_CACACAAGTTGGACCC,0
l6_CACACAATCATCGGAT,0
l6_CACACCTAGCAGATCG,0
l6_CACACCTAGTAACCCT,4
l6_CACACCTGTGTATGGG,0
l6_CACACCTGTGTGACCC,6
l6_CACACTCAGAACAATC,5
l6_CACACTCAGCCAACAG,3
l6_CACACTCGTCTGATTG,5
l6_CACACTCGTTACGGAG,0
l6_CACAGGCAGCAAATCA,4
l6_CACAGGCAGCTGCCCA,0
l6_CACAGGCAGTCGTTTG,3
l6_CACAGGCCACAGGCCT,2
l6_CACAGGCCACTGCCAG,0
l6_CACAGGCCAGTGACAG,0
l6_CACAGGCTCCGCAGTG,0
l6_CACAGTAAGGCAGTCA,3
l6_CACAGTACACACATGT,5
l6_CACAGTACATCCGCGA,0
l6_CACAGTAGTAGGCATG,0
l6_CACAGTAGTTAAAGTG,5
l6_CACAGTATCAAACAAG,3
l6_CACAGTATCACCGGGT,0
l6_CACAGTATCCCAAGAT,0
l6_CACATAGAGGATGCGT,0
l6_CACATAGCATAAAGGT,4
l6_CACATAGGTCATCCCT,4
l6_CACATAGGTGTAAGTA,0
l6_CACATAGTCATCGGAT,0
l6_CACATAGTCGGACAAG,1
l6_CACATTTAGTGGGTTG,0
l6_CACATTTCATGGTCAT,4
l6_CACATTTGTGAGTGAC,0
l6_CACATTTGTGTTCGAT,1
l6_CACATTTTCGGTTAAC,1
l6_CACATTTTCTGTTGAG,0
l6_CACCACTCACATCTTT,3
l6_CACCACTCATGCAATC,1
l6_CACCACTGTACTCTCC,3
l6_CACCACTGTATAGTAG,0
l6_CACCACTGTCGCATAT,0
l6_CACCACTTCCAGTATG,1
l6_CACCACTTCGCACTCT,3
l6_CACCACTTCTCGATGA,0
l6_CACCACTTCTGCGGCA,1
l6_CACCAGGAGAAGAAGC,3
l6_CACCAGGAGAGCAATT,6
l6_CACCAGGAGCCTATGT,4
l6_CACCAGGAGCTAACTC,4
l6_CACCAGGCACCCATTC,0
l6_CACCAGGCAGCTGCTG,0
l6_CACCAGGCAGGCTCAC,0
l6_CACCAGGGTCTTCAAG,6
l6_CACCAGGTCAAGGCTT,5
l6_CACCAGGTCCAGGGCT,0
l6_CACCAGGTCGCCCTTA,4
l6_CACCTTGCAAGCCTAT,2
l6_CACCTTGGTGTCGCTG,0
l6_CACCTTGTCTCTAGGA,0
l6_CACTCCAAGAACTCGG,1
l6_CACTCCACAAGCTGAG,0
l6_CACTCCACAAGGACTG,0
l6_CACTCCACACCCTATC,0
l6_CACTCCAGTCATATGC,1
l6_CACTCCAGTTAAGTAG,1
l6_CACTCCATCGCCTGTT,0
l6_CAGAATCCAACTGCTA,0
l6_CAGAATCCAAGCCATT,0
l6_CAGAATCCACAGACAG,3
l6_CAGAATCCATATACGC,1
l6_CAGAATCCATCCAACA,0
l6_CAGAATCGTATAGTAG,1
l6_CAGAATCGTCCTCTTG,0
l6_CAGAATCGTGTCCTCT,5
l6_CAGAATCTCTCCGGTT,0
l6_CAGAGAGAGCTGAACG,3
l6_CAGAGAGCAGTCGATT,0
l6_CAGAGAGCATCCCACT,0
l6_CAGAGAGGTCATTAGC,0
l6_CAGAGAGGTGTTTGTG,0
l6_CAGAGAGTCCTGTACC,0
l6_CAGAGAGTCCTTGCCA,0
l6_CAGATCAAGGCGTACA,1
l6_CAGATCACAATGCCAT,0
l6_CAGATCACACGTGAGA,0
l6_CAGATCACATCGGTTA,1
l6_CAGATCAGTATCAGTC,1
l6_CAGATCAGTCAGGACA,6
l6_CAGATCATCACGGTTA,2
l6_CAGCAGCAGACGCTTT,1
l6_CAGCAGCAGTCGTTTG,1
l6_CAGCAGCCAGCTGGCT,4
l6_CAGCAGCCAGGTTTCA,1
l6_CAGCAGCGTCAATGTC,3
l6_CAGCAGCTCATCTGCC,1
l6_CAGCAGCTCCCAACGG,2
l6_CAGCAGCTCGAATCCA,2
l6_CAGCATAAGGCCATAG,5
l6_CAGCATACAATGCCAT,6
l6_CAGCATATCAACACCA,0
l6_CAGCCGAAGGTGGGTT,1
l6_CAGCCGAAGTTGAGAT,3
l6_CAGCCGATCACTTACT,1
l6_CAGCGACAGACTTTCG,0
l6_CAGCGACCATTACCTT,1
l6_CAGCGACGTATAGGGC,0
l6_CAGCGACTCCCATTTA,0
l6_CAGCGACTCGAGGTAG,2
l6_CAGCTAAAGACGCAAC,2
l6_CAGCTAAAGAGGTTAT,0
l6_CAGCTAAAGTGAATTG,0
l6_CAGCTAACACACCGCA,0
l6_CAGCTAAGTACGCACC,2
l6_CAGCTAAGTGAGCGAT,0
l6_CAGCTAAGTGCTAGCC,3
l6_CAGCTAAGTTCCAACA,2
l6_CAGCTAATCAACCAAC,2
l6_CAGCTAATCCGTCATC,2
l6_CAGCTAATCGACAGCC,0
l6_CAGCTGGCAATGAAAC,0
l6_CAGCTGGGTCCGAATT,1
l6_CAGCTGGGTTTAGGAA,0
l6_CAGCTGGTCACAGGCC,0
l6_CAGCTGGTCTCTAGGA,4
l6_CAGGTGCAGCAATCTC,2
l6_CAGGTGCCATCACGTA,0
l6_CAGGTGCGTAAGTTCC,0
l6_CAGGTGCGTGAGGCTA,0
l6_CAGGTGCGTTCGAATC,1
l6_CAGGTGCGTTGATTGC,0
l6_CAGGTGCTCTAAGCCA,0
l6_CAGGTGCTCTTGAGAC,0
l6_CAGTAACAGTAACCCT,0
l6_CAGTAACCAAGCCGCT,0
l6_CAGTAACCAGCTTCGG,0
l6_CAGTAACGTGAAAGAG,4
l6_CAGTAACGTGCGCTTG,0
l6_CAGTAACGTGCTCTTC,0
l6_CAGTCCTAGACAAAGG,2
l6_CAGTCCTAGTGGACGT,5
l6_CAGTCCTTCCAACCAA,0
l6_CAGTCCTTCGGGAGTA,0
l6_CAGTCCTTCGGTGTCG,0
l6_CAGTCCTTCGTACGGC,0
l6_CAGTCCTTCTTTAGGG,2
l6_CATATGGCAAGCTGAG,3
l6_CATATGGCAGGGCATA,0
l6_CATATGGGTTCTGTTT,0
l6_CATATGGTCTTAGCCC,0
l6_CATATTCAGTGCCATT,0
l6_CATATTCGTCCGTGAC,0
l6_CATATTCGTCGCGAAA,1
l6_CATATTCGTTTAGGAA,5
l6_CATATTCTCACTGGGC,0
l6_CATATTCTCATAACCG,1
l6_CATATTCTCCGTAGGC,0
l6_CATCAAGAGAGCTGGT,0
l6_CATCAAGAGGCATTGG,3
l6_CATCAAGCACAGGCCT,0
l6_CATCAAGCATCACGAT,0
l6_CATCAAGGTTGCCTCT,0
l6_CATCAAGTCTACGAGT,1
l6_CATCAGAAGAGAACAG,0
l6_CATCAGAAGTGCGATG,0
l6_CATCAGACATCCTAGA,0
l6_CATCAGAGTTCATGGT,4
l6_CATCAGAGTTCGAATC,0
l6_CATCCACAGTTAACGA,0
l6_CATCCACCAAGTAATG,6
l6_CATCCACCAGTCAGAG,0
l6_CATCCACCATTCTTAC,3
l6_CATCCACGTCTGCAAT,0
l6_CATCCACGTGAGGCTA,1
l6_CATCCACGTTGGACCC,0
l6_CATCGAAAGCCACTAT,3
l6_CATCGAAAGTAGCGGT,2
l6_CATCGAACACCGCTAG,4
l6_CATCGAAGTGCGATAG,2
l6_CATCGGGTCGACCAGC,1
l6_CATCGGGTCTTGCCGT,0
l6_CATGACAGTAAGTAGT,3
l6_CATGACAGTGTGTGCC,3
l6_CATGACATCAGCTCTC,0
l6_CATGACATCCGTAGGC,0
l6_CATGCCTAGGTAGCCA,0
l6_CATGCCTAGGTGATAT,0
l6_CATGCCTAGTGTACTC,0
l6_CATGCCTCAGTATGCT,6
l6_CATGCCTGTATAATGG,6
l6_CATGCCTGTGTAACGG,2
l6_CATGCCTTCCAAACAC,0
l6_CATGGCGAGTACCGGA,4
l6_CATGGCGAGTCCGTAT,3
l6_CATGGCGAGTCTCCTC,5
l6_CATGGCGTCCAATGGT,2
l6_CATGGCGTCGGAAACG,2
l6_CATTATCAGGGCATGT,0
l6_CATTATCAGTGGAGAA,6
l6_CATTATCCAATTGCTG,0
l6_CATTATCCATTTGCCC,6
l6_CATTATCGTTACGTCA,3
l6_CATTATCGTTCGAATC,0
l6_CATTATCGTTGATTCG,0
l6_CATTATCTCCCATTTA,1
l6_CATTATCTCCTAGTGA,2
l6_CATTCGCAGCTGAACG,0
l6_CATTCGCAGGATATAC,0
l6_CATTCGCAGTGGTAGC,0
l6_CATTCGCCACCACGTG,3
l6_CATTCGCGTAAGAGGA,6
l6_CATTCGCGTAAGTAGT,5
l6_CATTCGCGTTATTCTC,0
l6_CATTCGCGTTGGGACA,0
l6_CATTCGCTCCACGTGG,3
l6_CATTCGCTCCCTCAGT,0
l6_CATTCGCTCTACTCAT,3
l6_CCAATCCAGACTACAA,3
l6_CCAATCCAGCGACGTA,2
l6_CCAATCCAGCTTTGGT,0
l6_CCAATCCCAGCAGTTT,1
l6_CCAATCCCAGCGTAAG,4
l6_CCAATCCGTACTCTCC,2
l6_CCAATCCGTTCATGGT,3
l6_CCAATCCGTTTGACTG,1
l6_CCAATCCTCACAATGC,0
l6_CCACCTACAATAACGA,0
l6_CCACCTACACATGACT,0
l6_CCACCTACATTCTTAC,0
l6_CCACCTAGTACCGTAT,0
l6_CCACCTAGTATGCTTG,3
l6_CCACCTAGTGCAGTAG,3
l6_CCACGGACAAGTTAAG,2
l6_CCACGGACACATGACT,0
l6_CCACGGAGTTCCACAA,2
l6_CCACGGATCCCGACTT,5
l6_CCACGGATCTGCTTGC,1
l6_CCACTACCATACGCTA,2
l6_CCACTACGTTTGTGTG,0
l6_CCACTACTCGGCATCG,6
l6_CCAGCGACATACTACG,1
l6_CCAGCGACATTTCAGG,2
l6_CCAGCGAGTTCGTGAT,0
l6_CCATGTCCAAAGCGGT,0
l6_CCATGTCCAAGCCGCT,2
l6_CCATGTCCACCCTATC,2
l6_CCATGTCCACCTGGTG,4
l6_CCATGTCCAGCCACCA,0
l6_CCATGTCCATGCATGT,0
l6_CCATGTCGTCAGAAGC,1
l6_CCATGTCTCTTCGGTC,5
l6_CCATTCGCAGTCGATT,1
l6_CCATTCGCATCCGTGG,0
l6_CCATTCGGTCGTTGTA,0
l6_CCATTCGGTTATGCGT,3
l6_CCATTCGGTTGTACAC,1
l6_CCATTCGTCCTACAGA,0
l6_CCCAATCCAACGATGG,2
l6_CCCAATCCACGACGAA,1
l6_CCCAATCGTCAACTGT,1
l6_CCCAATCGTCTGATTG,2
l6_CCCAATCGTGGTCTCG,0
l6_CCCAATCTCAGCCTAA,0
l6_CCCAATCTCTCGCATC,1
l6_CCCAGTTAGCGTAGTG,4
l6_CCCAGTTCATGCAACT,2
l6_CCCTCCTCAAAGTCAA,2
l6_CCCTCCTCACCACGTG,2
l6_CCCTCCTCACCAGGTC,1
l6_CCCTCCTGTACAGCAG,0
l6_CCCTCCTGTTATCCGA,0
l6_CCCTCCTTCAGCGACC,2
l6_CCCTCCTTCCATTCTA,0
l6_CCCTCCTTCTTTACAC,5
l6_CCGGGATAGACTTGAA,0
l6_CCGGGATAGTGAAGTT,0
l6_CCGGGATGTCCGAAGA,4
l6_CCGGGATGTCCGACGT,0
l6_CCGGGATGTGGCCCTA,0
l6_CCGGGATTCAACCAAC,0
l6_CCGGTAGAGCACAGGT,6
l6_CCGGTAGAGCTGGAAC,0
l6_CCGGTAGAGGGATCTG,3
l6_CCGGTAGCATCTATGG,0
l6_CCGGTAGTCACAATGC,3
l6_CCGGTAGTCATTGCGA,3
l6_CCGGTAGTCGCTGATA,0
l6_CCGTACTAGATCGATA,1
l6_CCGTACTAGTGGGTTG,0
l6_CCGTACTCAAAGTGCG,0
l6_CCGTACTCAGATCTGT,1
l6_CCGTACTCAGGGCATA,0
l6_CCGTACTGTTGTCTTT,1
l6_CCGTGGAAGCACAGGT,3
l6_CCGTGGAAGCCTATGT,4
l6_CCGTGGACAAAGCAAT,0
l6_CCGTGGACAAGTTCTG,2
l6_CCGTGGACAGTAAGAT,3
l6_CCGTGGAGTAGAAAGG,0
l6_CCGTGGAGTAGCGTGA,2
l6_CCGTGGAGTCGAGATG,0
l6_CCGTGGAGTCTTCAAG,0
l6_CCGTGGAGTTAGTGGG,3
l6_CCGTGGATCCCACTTG,1
l6_CCGTGGATCTACGAGT,4
l6_CCGTTCAAGTGTCCAT,5
l6_CCGTTCACACAGACTT,2
l6_CCGTTCAGTACGCTGC,2
l6_CCTAAAGAGTTATCGC,0
l6_CCTAAAGGTATTCGTG,0
l6_CCTAAAGGTCAGTGGA,0
l6_CCTAAAGGTCTAGAGG,2
l6_CCTAAAGTCTACTTAC,5
l6_CCTACACCAAGCCATT,0
l6_CCTACACCACTTAAGC,4
l6_CCTACACGTCAATGTC,2
l6_CCTACACGTGCGATAG,0
l6_CCTACACGTTACGACT,2
l6_CCTACACTCCCTCTTT,0
l6_CCTACCAAGAGTCTGG,5
l6_CCTACCAAGCGATTCT,6
l6_CCTAGCTAGCAGGCTA,0
l6_CCTAGCTAGCGCTCCA,0
l6_CCTAGCTCAATGGATA,2
l6_CCTAGCTTCCAATGGT,0
l6_CCTAGCTTCTTCAACT,3
l6_CCTATTACAATACGCT,0
l6_CCTATTAGTACCGAGA,1
l6_CCTATTATCTTGCATT,0
l6_CCTCAGTAGACCCACC,1
l6_CCTCAGTAGATGCCAG,0
l6_CCTCAGTAGTGAAGTT,4
l6_CCTCAGTCATATGCTG,1
l6_CCTCTGAAGCGATGAC,0
l6_CCTCTGACAAACGCGA,2
l6_CCTCTGACATTGGCGC,2
l6_CCTCTGAGTAGATTAG,4
l6_CCTCTGAGTATCGCAT,0
l6_CCTCTGAGTCCTGCTT,0
l6_CCTCTGATCCGTTGCT,0
l6_CCTTACGGTCATTAGC,0
l6_CCTTACGGTGGTCTCG,0
l6_CCTTACGGTTCGGCAC,2
l6_CCTTCCCAGCCCAACC,2
l6_CCTTCCCCACCCTATC,1
l6_CCTTCCCCACGGTAGA,0
l6_CCTTCCCGTCTTCGTC,5
l6_CCTTCCCGTTACGCGC,0
l6_CCTTCCCTCGGACAAG,2
l6_CCTTCGAAGTGAAGAG,2
l6_CCTTCGACAACTGGCC,0
l6_CCTTCGACAGACGCAA,0
l6_CCTTCGAGTGGCAAAC,0
l6_CCTTCGATCTTGTTTG,5
l6_CCTTTCTAGCCCAATT,4
l6_CCTTTCTAGGAGCGAG,0
l6_CCTTTCTGTTATCCGA,2
l6_CCTTTCTTCGATCCCT,1
l6_CCTTTCTTCGGAGCAA,2
l6_CGAACATAGAACAACT,5
l6_CGAACATAGTGTACGG,3
l6_CGAACATCAAGTTCTG,1
l6_CGAACATCACGCTTTC,5
l6_CGAACATGTGATAAGT,0
l6_CGAACATGTTACAGAA,0
l6_CGAATGTAGCCCTAAT,3
l6_CGAATGTCACGGTAGA,4
l6_CGAATGTCATGTTGAC,1
l6_CGAATGTGTGGTCTCG,0
l6_CGAATGTTCAGCTTAG,0
l6_CGAATGTTCATGTGGT,3
l6_CGAATGTTCTTGTACT,5
l6_CGACCTTAGACCACGA,3
l6_CGACCTTAGACTGTAA,0
l6_CGACCTTAGCCAGGAT,1
l6_CGACCTTAGTGCAAGC,2
l6_CGACCTTCACTGTGTA,2
l6_CGACCTTCATACTACG,2
l6_CGACTTCCACTAGTAC,0
l6_CGACTTCCATATACCG,0
l6_CGACTTCGTATAGTAG,0
l6_CGACTTCGTCCAGTAT,0
l6_CGACTTCGTTATCCGA,0
l6_CGACTTCGTTCACGGC,1
l6_CGACTTCTCATAACCG,0
l6_CGACTTCTCATTGCCC,1
l6_CGACTTCTCTGTCCGT,2
l6_CGAGAAGAGTCGCCGT,0
l6_CGAGAAGAGTCTCAAC,0
l6_CGAGAAGCAATCCAAC,3
l6_CGAGAAGCATCCCATC,3
l6_CGAGAAGGTAAATGAC,0
l6_CGAGCACAGAATAGGG,6
l6_CGAGCACAGCAGACTG,2
l6_CGAGCACAGCAGGCTA,1
l6_CGAGCACAGGGATGGG,2
l6_CGAGCACAGTGCTGCC,0
l6_CGAGCACAGTTTGCGT,1
l6_CGAGCACCACTTAACG,0
l6_CGAGCACCATCACGAT,5
l6_CGAGCACGTACAGTTC,0
l6_CGAGCACGTTCCAACA,0
l6_CGAGCACTCAAACAAG,0
l6_CGAGCACTCCCAACGG,2
l6_CGAGCCAAGACCTAGG,0
l6_CGAGCCAAGTAAGTAC,0
l6_CGAGCCACAATCAGAA,0
l6_CGAGCCACAATGTAAG,1
l6_CGAGCCAGTTGATTCG,2
l6_CGAGCCATCCTGTAGA,4
l6_CGAGCCATCGGAAATA,4
l6_CGAGCCATCTTAACCT,4
l6_CGATCGGAGAAGGGTA,1
l6_CGATCGGCAAGTACCT,2
l6_CGATCGGCATGTAGTC,5
l6_CGATCGGGTAAATGAC,0
l6_CGATCGGGTATAGGTA,1
l6_CGATCGGGTCCAACTA,0
l6_CGATCGGGTCGACTGC,0
l6_CGATCGGGTCTAGTGT,2
l6_CGATCGGGTGCCTGCA,1
l6_CGATCGGTCAACGCTA,1
l6_CGATCGGTCCACGAAT,0
l6_CGATCGGTCCTTTCTC,1
l6_CGATCGGTCGCCAAAT,3
l6_CGATCGGTCTTGTATC,6
l6_CGATGGCCACTGTCGG,0
l6_CGATGGCGTGCCTGGT,1
l6_CGATGGCGTGGTCCGT,4
l6_CGATGGCTCATAGCAC,0
l6_CGATGGCTCGAATGGG,0
l6_CGATGTAAGGGATGGG,1
l6_CGATGTAAGTACCGGA,3
l6_CGATGTAGTGTCTGAT,0
l6_CGATGTAGTTCCACTC,0
l6_CGATTGAAGAGTGACC,2
l6_CGATTGACAAGGGTCA,0
l6_CGATTGAGTCGACTAT,0
l6_CGATTGATCCAAACAC,0
l6_CGATTGATCGAGAGCA,0
l6_CGATTGATCGGAGCAA,2
l6_CGCCAAGAGAAGGGTA,0
l6_CGCCAAGAGAGCTTCT,3
l6_CGCCAAGAGCAGATCG,0
l6_CGCCAAGAGCGTGAAC,2
l6_CGCCAAGCACCCATGG,1
l6_CGCCAAGGTACAAGTA,0
l6_CGCCAAGTCACAAACC,3
l6_CGCGGTAAGACTGGGT,3
l6_CGCGGTAGTCAGAATA,0
l6_CGCGGTAGTCCGTGAC,0
l6_CGCGGTAGTTGAGGTG,3
l6_CGCGGTATCTCCAGGG,4
l6_CGCGTTTCACTTCTGC,3
l6_CGCTATCAGCATCATC,0
l6_CGCTATCAGTGTCTCA,0
l6_CGCTATCCACCGCTAG,3
l6_CGCTATCGTAAACACA,0
l6_CGCTATCGTAAGTAGT,1
l6_CGCTATCGTCAATGTC,0
l6_CGCTATCGTCAGATAA,1
l6_CGCTATCGTCTAGCGC,3
l6_CGCTATCGTGCCTTGG,0
l6_CGCTATCGTGGTCTCG,0
l6_CGCTGGAAGCGTAATA,6
l6_CGCTGGAAGCTAGCCC,0
l6_CGCTGGACAATCAGAA,0
l6_CGCTGGACATTCTCAT,0
l6_CGCTGGAGTTTGTTGG,0
l6_CGCTGGATCGGAGGTA,0
l6_CGCTTCACACATCCGG,0
l6_CGCTTCAGTGTGGTTT,0
l6_CGCTTCAGTTGATTGC,3
l6_CGGACACCAAAGTCAA,0
l6_CGGACACCAACAACCT,2
l6_CGGACACCAAGTACCT,1
l6_CGGACACCAAGTAGTA,2
l6_CGGACACCATCGGGTC,3
l6_CGGACACCATTTCACT,0
l6_CGGACACGTAAATGAC,0
l6_CGGACACGTGCGAAAC,0
l6_CGGACACGTTCCACAA,0
l6_CGGACACTCCTTTCGG,3
l6_CGGACACTCGCATGAT,3
l6_CGGACACTCGTAGGAG,0
l6_CGGACACTCGTCACGG,0
l6_CGGACGTAGCTAGGCA,0
l6_CGGACGTAGGATCGCA,0
l6_CGGACGTCACCGTTGG,0
l6_CGGACGTTCATGTCCC,6
l6_CGGACTGAGTGGGATC,0
l6_CGGACTGAGTGTACGG,1
l6_CGGACTGCACATGACT,0
l6_CGGACTGCACCGTTGG,4
l6_CGGACTGCATTCACTT,3
l6_CGGACTGGTACCCAAT,6
l6_CGGACTGGTCACTTCC,2
l6_CGGACTGGTCGCATCG,1
l6_CGGACTGTCCTTGGTC,0
l6_CGGACTGTCGCGATCG,3
l6_CGGACTGTCGGCTACG,0
l6_CGGAGCTAGAAGGTGA,1
l6_CGGAGCTAGAAGGTTT,1
l6_CGGAGCTAGAGCTGGT,0
l6_CGGAGCTCACATTCGA,0
l6_CGGAGCTCACTTACGA,6
l6_CGGAGCTCAGTATGCT,0
l6_CGGAGCTCATCTACGA,0
l6_CGGAGCTGTACTTGAC,4
l6_CGGAGCTGTATCTGCA,0
l6_CGGAGCTTCGCATGAT,0
l6_CGGAGTCAGATGAGAG,0
l6_CGGAGTCAGGAACTGC,1
l6_CGGAGTCCAAGAAGAG,0
l6_CGGAGTCCACCGCTAG,0
l6_CGGAGTCGTCAGAATA,1
l6_CGGAGTCGTTGCGCAC,3
l6_CGGAGTCTCAGAGACG,2
l6_CGGAGTCTCAGCGATT,1
l6_CGGCTAGAGCACACAG,0
l6_CGGCTAGAGCCACTAT,0
l6_CGGCTAGAGGTGCAAC,4
l6_CGGCTAGAGTAGCGGT,3
l6_CGGCTAGCAGCCTATA,0
l6_CGGCTAGGTAGAGTGC,0
l6_CGGCTAGTCATTGCGA,3
l6_CGGCTAGTCCGAAGAG,0
l6_CGGGTCAAGAAGCCCA,4
l6_CGGGTCAAGATGTTAG,2
l6_CGGGTCACAAGAGGCT,1
l6_CGGGTCACAATGGAAT,1
l6_CGGGTCAGTGCTCTTC,5
l6_CGGGTCATCTGTTTGT,4
l6_CGGTTAACAATGGACG,1
l6_CGGTTAACACATCCGG,0
l6_CGGTTAACATTCTTAC,0
l6_CGGTTAAGTCATGCAT,2
l6_CGGTTAATCAAGAAGT,1
l6_CGGTTAATCTTAGCCC,2
l6_CGTAGCGAGACCTTTG,0
l6_CGTAGCGAGATACACA,3
l6_CGTAGCGAGCAATATG,3
l6_CGTAGCGAGTCAAGCG,2
l6_CGTAGCGAGTCCCACG,0
l6_CGTAGCGAGTGGTAGC,0
l6_CGTAGCGCACATCCGG,0
l6_CGTAGCGGTGCACTTA,0
l6_CGTAGCGTCTATCCTA,4
l6_CGTAGCGTCTGGTTCC,2
l6_CGTAGGCAGAAAGTGG,5
l6_CGTAGGCAGAGTCGGT,0
l6_CGTAGGCAGGCAGGTT,0
l6_CGTAGGCCATGCCTTC,1
l6_CGTAGGCTCACTATTC,0
l6_CGTCACTAGAACTGTA,1
l6_CGTCACTAGACAATAC,4
l6_CGTCACTAGATGGCGT,0
l6_CGTCACTAGCACACAG,0
l6_CGTCACTCAATGTAAG,0
l6_CGTCACTGTACGCTGC,1
l6_CGTCACTTCACGCGGT,0
l6_CGTCACTTCAGGCAAG,1
l6_CGTCACTTCATCGCTC,0
l6_CGTCACTTCATTGCCC,0
l6_CGTCACTTCCTGTAGA,6
l6_CGTCAGGAGTGGGATC,2
l6_CGTCAGGCAAGCGAGT,0
l6_CGTCAGGGTTCCATGA,0
l6_CGTCCATAGGTGGGTT,2
l6_CGTCCATCACAACTGT,1
l6_CGTCCATCACAGAGGT,0
l6_CGTCCATTCACGCATA,2
l6_CGTCTACCAACGATCT,0
l6_CGTCTACCAATCTGCA,0
l6_CGTCTACCACCAGTTA,2
l6_CGTCTACGTAGGGACT,3
l6_CGTCTACGTTCTGTTT,1
l6_CGTCTACTCATGCATG,0
l6_CGTCTACTCCATGAGT,2
l6_CGTGAGCAGTGTTAGA,0
l6_CGTGAGCGTCCAGTTA,0
l6_CGTGAGCGTCTAGGTT,0
l6_CGTGAGCGTGATGTCT,1
l6_CGTGAGCTCACCCTCA,0
l6_CGTGAGCTCACGACTA,1
l6_CGTGAGCTCACGGTTA,1
l6_CGTGAGCTCTCTTGAT,1
l6_CGTGTAAAGTGGAGAA,2
l6_CGTGTAAAGTGGTAGC,3
l6_CGTGTAACAAGTTAAG,0
l6_CGTGTAACACACAGAG,0
l6_CGTGTAACACCACGTG,2
l6_CGTGTAACATCGATGT,1
l6_CGTGTCTAGCTTCGCG,0
l6_CGTGTCTAGGCTCATT,0
l6_CGTGTCTAGTAATCCC,0
l6_CGTGTCTCAAGACGTG,6
l6_CGTGTCTCAGATGAGC,1
l6_CGTGTCTGTCTCCATC,0
l6_CGTGTCTGTCTCCCTA,2
l6_CGTGTCTTCAAGATCC,5
l6_CGTGTCTTCTCAAACG,0
l6_CGTGTCTTCTTGCATT,6
l6_CGTTAGAAGTACGACG,3
l6_CGTTAGACAAGCGCTC,1
l6_CGTTAGAGTCTACCTC,1
l6_CGTTAGATCTCGTATT,0
l6_CGTTCTGCATTCACTT,2
l6_CGTTCTGGTCGTTGTA,6
l6_CGTTCTGTCAGTTTGG,4
l6_CGTTGGGAGTACGACG,3
l6_CGTTGGGAGTAGTGCG,1
l6_CGTTGGGCACATAACC,0
l6_CGTTGGGCACGTGAGA,0
l6_CGTTGGGGTTATCGGT,6
l6_CGTTGGGTCATTTGGG,0
l6_CGTTGGGTCCTAGAAC,0
l6_CGTTGGGTCGCACTCT,1
l6_CTAACTTAGACTAAGT,0
l6_CTAACTTAGAGGACGG,0
l6_CTAACTTAGGTGCTAG,1
l6_CTAACTTTCTCCGGTT,0
l6_CTAAGACAGGTGTGGT,1
l6_CTAAGACCAATCCGAT,3
l6_CTAAGACCACAGGTTT,6
l6_CTAAGACCATCCTAGA,0
l6_CTAAGACTCCGCTGTT,3
l6_CTAATGGAGTTCGATC,3
l6_CTAATGGGTTGAGGTG,4
l6_CTACACCGTCTCTTAT,0
l6_CTACACCGTTGGTTTG,0
l6_CTACACCGTTGTCTTT,0
l6_CTACACCTCCACGAAT,1
l6_CTACACCTCCGCGTTT,5
l6_CTACACCTCGCAAACT,0
l6_CTACATTAGATACACA,0
l6_CTACATTAGGCCCTTG,1
l6_CTACATTCAACTGCGC,3
l6_CTACATTGTAGCCTCG,0
l6_CTACATTGTCCCTACT,0
l6_CTACATTGTGCACGAA,2
l6_CTACATTGTTATGTGC,4
l6_CTACCCAGTAGAAGGA,1
l6_CTACGTCAGGACACCA,0
l6_CTACGTCAGGCTCATT,0
l6_CTACGTCCACCGAATT,2
l6_CTACGTCCAGCCTGTG,1
l6_CTAGAGTAGAAGGTGA,0
l6_CTAGAGTAGGAGTCTG,3
l6_CTAGAGTCAGCTCCGA,1
l6_CTAGAGTGTATAGTAG,0
l6_CTAGAGTGTCCCGACA,2
l6_CTAGAGTTCAAAGTAG,1
l6_CTAGAGTTCATGTAGC,0
l6_CTAGAGTTCTGGTATG,4
l6_CTAGCCTAGGCTATCT,0
l6_CTAGCCTCATTACCTT,0
l6_CTAGCCTGTTTACTCT,2
l6_CTAGCCTTCGCCGTGA,0
l6_CTAGTGAAGGGTTTCT,0
l6_CTAGTGAAGTCGATAA,3
l6_CTAGTGACACACCGCA,3
l6_CTAGTGAGTAATCACC,1
l6_CTAGTGAGTGGCTCCA,0
l6_CTAGTGATCATCGGAT,0
l6_CTAGTGATCCCACTTG,3
l6_CTAGTGATCTGCCCTA,0
l6_CTCACACAGATCTGAA,3
l6_CTCACACAGCTAGTCT,0
l6_CTCACACAGTGGGCTA,4
l6_CTCACACCAATGGATA,0
l6_CTCACACTCACAATGC,1
l6_CTCACACTCCTGCCAT,2
l6_CTCACACTCGTATCAG,2
l6_CTCAGAAAGATCCGAG,0
l6_CTCAGAACAATGAAAC,0
l6_CTCAGAATCCGTACAA,4
l6_CTCAGAATCGCCAGCA,0
l6_CTCATTACAAGGGTCA,2
l6_CTCATTACAAGTAATG,3
l6_CTCCTAGAGACAAAGG,0
l6_CTCCTAGAGCGCTTAT,0
l6_CTCCTAGCATCCTTGC,3
l6_CTCCTAGGTAAGAGAG,4
l6_CTCCTAGGTGATGTGG,0
l6_CTCCTAGGTGCGCTTG,0
l6_CTCCTAGGTGCTCTTC,0
l6_CTCCTAGTCAACTCTT,4
l6_CTCCTAGTCATTGCGA,3
l6_CTCGAAAAGCTTATCG,0
l6_CTCGAAACAAGTAATG,2
l6_CTCGAAACACCGTTGG,0
l6_CTCGAAAGTCACTTCC,4
l6_CTCGAAATCAACGCTA,0
l6_CTCGAAATCTAACTGG,0
l6_CTCGAAATCTGCGGCA,2
l6_CTCGAGGAGAGCAATT,0
l6_CTCGAGGAGATCCGAG,0
l6_CTCGAGGAGGCTAGGT,3
l6_CTCGAGGAGTAGCCGA,6
l6_CTCGAGGCACCACGTG,1
l6_CTCGAGGGTTCATGGT,4
l6_CTCGAGGTCTGCAAGT,0
l6_CTCGGAGCAAACCCAT,0
l6_CTCGGAGCACCTCGTT,0
l6_CTCGGAGCATGACATC,0
l6_CTCGGAGGTCATGCCG,0
l6_CTCGGAGTCCACTCCA,1
l6_CTCGGAGTCGTTTGCC,3
l6_CTCGGGACACAAGTAA,0
l6_CTCGGGAGTAATAGCA,0
l6_CTCGGGAGTCTCATCC,5
l6_CTCGGGATCCCAAGTA,0
l6_CTCGTACAGACGCACA,3
l6_CTCGTACCATCGGAAG,0
l6_CTCGTACGTACTCGCG,0
l6_CTCGTACTCTGGCGAC,0
l6_CTCGTCAAGGGTTTCT,2
l6_CTCGTCAAGTGTACCT,0
l6_CTCGTCACACATGACT,0
l6_CTCGTCACATCAGTAC,3
l6_CTCGTCAGTTGAACTC,0
l6_CTCGTCATCATAAAGG,2
l6_CTCGTCATCGGAATCT,1
l6_CTCTAATAGCTAGTCT,3
l6_CTCTAATAGGATATAC,0
l6_CTCTAATAGGGAACGG,2
l6_CTCTAATAGTACGCCC,0
l6_CTCTAATTCCTATTCA,1
l6_CTCTACGAGTCCGTAT,1
l6_CTCTACGCACGGCTAC,1
l6_CTCTACGCACGTCAGC,0
l6_CTCTACGCAGGCTCAC,0
l6_CTCTACGGTGTTTGGT,3
l6_CTCTACGTCTCGAGTA,3
l6_CTCTGGTAGATAGCAT,0
l6_CTCTGGTAGCACGCCT,0
l6_CTCTGGTCAAGTTGTC,0
l6_CTCTGGTCACCATGTA,0
l6_CTCTGGTCACGAAAGC,0
l6_CTCTGGTCATGCATGT,1
l6_CTCTGGTGTGGCAAAC,0
l6_CTCTGGTGTTGCGCAC,0
l6_CTCTGGTTCGCGGATC,5
l6_CTCTGGTTCGTCCGTT,0
l6_CTGAAACAGTCTCGGC,0
l6_CTGAAACCACACCGAC,4
l6_CTGAAACCATATGCTG,3
l6_CTGAAACGTATTCTCT,0
l6_CTGAAACGTGAGGCTA,2
l6_CTGAAACGTGTAAGTA,2
l6_CTGAAACTCAAGGCTT,5
l6_CTGAAACTCTGCGTAA,0
l6_CTGAAGTAGTGTGAAT,0
l6_CTGAAGTCACTACAGT,0
l6_CTGAAGTGTTGGACCC,0
l6_CTGAAGTTCAGCTGGC,0
l6_CTGAAGTTCTGAAAGA,0
l6_CTGAAGTTCTGCTGCT,2
l6_CTGATAGCACGAAGCA,3
l6_CTGATAGGTAGGGTAC,4
l6_CTGATAGTCACTGGGC,0
l6_CTGATAGTCCGAATGT,2
l6_CTGATAGTCTAGCACA,0
l6_CTGATAGTCTTTCCTC,3
l6_CTGATCCAGGTGCAAC,0
l6_CTGATCCCAAACAACA,0
l6_CTGATCCCAAATCCGT,0
l6_CTGATCCGTACGACCC,0
l6_CTGATCCGTCACCCAG,0
l6_CTGCCTACAGTCACTA,0
l6_CTGCCTAGTACGCACC,6
l6_CTGCCTATCCATGCTC,1
l6_CTGCGGAAGGTGCACA,0
l6_CTGCGGAAGTAGCCGA,0
l6_CTGCGGACAATTCCTT,4
l6_CTGCGGACACAAGACG,0
l6_CTGCGGACACTTAACG,0
l6_CTGCGGACAGCTCGAC,0
l6_CTGCGGAGTAGCGTAG,0
l6_CTGCGGAGTCAGAATA,5
l6_CTGCGGATCCAAGCCG,4
l6_CTGCGGATCCTCATTA,0
l6_CTGCTGTAGAGTCGGT,0
l6_CTGCTGTAGCCACCTG,0
l6_CTGCTGTAGTCTCGGC,1
l6_CTGCTGTCAATCAGAA,0
l6_CTGCTGTCACTATCTT,0
l6_CTGCTGTCATCGTCGG,0
l6_CTGCTGTGTAGTAGTA,1
l6_CTGCTGTGTCTAGCGC,0
l6_CTGCTGTTCGCTGATA,6
l6_CTGCTGTTCGTTGCCT,0
l6_CTGGTCTAGATGTTAG,2
l6_CTGGTCTAGTGTACGG,5
l6_CTGGTCTCAAAGGCGT,0
l6_CTGGTCTCAATGGACG,0
l6_CTGGTCTCAGGAATGC,2
l6_CTGGTCTCATGTCCTC,6
l6_CTGGTCTGTACACCGC,0
l6_CTGGTCTTCACTTATC,4
l6_CTGGTCTTCATTTGGG,0
l6_CTGGTCTTCCCGACTT,0
l6_CTGTGCTAGGCCGAAT,5
l6_CTGTGCTCAGCGTTCG,1
l6_CTGTGCTGTAGCGTAG,6
l6_CTGTGCTGTGTTCTTT,0
l6_CTGTGCTTCACATGCA,0
l6_CTGTGCTTCCAGATCA,5
l6_CTGTGCTTCTCTGTCG,0
l6_CTGTTTAAGCACACAG,3
l6_CTGTTTAAGGACAGCT,0
l6_CTGTTTACAACGATCT,0
l6_CTGTTTACAGCTCGCA,0
l6_CTGTTTAGTAGCGTGA,0
l6_CTGTTTAGTCAGCTAT,0
l6_CTGTTTAGTGTATGGG,1
l6_CTGTTTAGTTCTGGTA,3
l6_CTGTTTATCTAACTCT,0
l6_CTGTTTATCTGGAGCC,0
l6_CTGTTTATCTTGTACT,1
l6_CTTAACTAGACCTTTG,2
l6_CTTAACTAGGGTTCCC,4
l6_CTTAACTAGTGCGATG,0
l6_CTTAACTCACACGCTG,2
l6_CTTAACTCAGGGCATA,1
l6_CTTAACTCATCTACGA,0
l6_CTTAACTCATGCTGGC,0
l6_CTTAACTTCTCAACTT,0
l6_CTTACCGAGTTCCACA,1
l6_CTTACCGCAATTGCTG,0
l6_CTTACCGTCGCCGTGA,0
l6_CTTACCGTCGGAGCAA,0
l6_CTTACCGTCGGATGTT,0
l6_CTTACCGTCGTCCGTT,2
l6_CTTACCGTCTCTTATG,0
l6_CTTAGGAAGAATGTGT,0
l6_CTTAGGAAGGTCGGAT,1
l6_CTTAGGACACCCATGG,2
l6_CTTAGGAGTATCTGCA,3
l6_CTTAGGAGTCTCCACT,2
l6_CTTAGGATCATCTGCC,0
l6_CTTAGGATCCTCCTAG,2
l6_CTTAGGATCGCATGGC,6
l6_CTTAGGATCGGTGTCG,0
l6_CTTCTCTCAATTCCTT,0
l6_CTTCTCTCACGGCCAT,1
l6_CTTCTCTGTGCGCTTG,4
l6_CTTCTCTGTGGTACAG,0
l6_CTTCTCTGTTGCTCCT,0
l6_CTTGGCTCAAGAAAGG,0
l6_CTTGGCTCAGTCAGCC,4
l6_CTTGGCTCATCGGACC,0
l6_CTTGGCTCATGAACCT,0
l6_CTTGGCTCATTTCAGG,1
l6_CTTGGCTTCGGCCGAT,0
l6_CTTTGCGAGAATGTGT,4
l6_CTTTGCGAGATAGGAG,0
l6_CTTTGCGAGCCCTAAT,0
l6_CTTTGCGAGGACATTA,1
l6_CTTTGCGCAGCGAACA,3
l6_CTTTGCGCATCTCCCA,3
l6_CTTTGCGGTACCGTAT,3
l6_CTTTGCGGTCATATGC,0
l6_CTTTGCGTCACGATGT,0
l6_CTTTGCGTCACTCCTG,0
l6_CTTTGCGTCATACGGT,0
l6_CTTTGCGTCCAAGTAC,6
l6_CTTTGCGTCCCATTTA,3
l6_GAAACTCAGTATGACA,0
l6_GAAACTCAGTTACGGG,0
l6_GAAACTCGTAATCACC,4
l6_GAAATGAAGCAGGTCA,6
l6_GAAATGAGTGACCAAG,3
l6_GAAATGAGTGGGTATG,6
l6_GAAATGAGTGTTCGAT,0
l6_GAAATGATCTCCCTGA,6
l6_GAACATCAGTGGGTTG,3
l6_GAACATCAGTTTGCGT,0
l6_GAACATCCATCCGTGG,6
l6_GAACCTAAGCGCTTAT,0
l6_GAACCTAAGTTTAGGA,5
l6_GAACCTACAAATACAG,3
l6_GAACCTAGTACGCTGC,0
l6_GAACCTAGTGTGGTTT,5
l6_GAACCTAGTGTTGGGA,2
l6_GAACCTATCAACGGGA,0
l6_GAACGGAAGAGTCTGG,0
l6_GAACGGAAGCAAATCA,1
l6_GAACGGAGTTCCACAA,0
l6_GAACGGATCGAATGCT,5
l6_GAAGCAGCACATTTCT,0
l6_GAAGCAGCATCCGTGG,4
l6_GAAGCAGGTAATCGTC,4
l6_GAAGCAGGTAGCACGA,0
l6_GAAGCAGGTCCTCCAT,2
l6_GAAGCAGGTGGTGTAG,1
l6_GAAGCAGTCTGGTATG,1
l6_GAATAAGAGATCGATA,0
l6_GAATAAGCACCAACCG,0
l6_GAATAAGTCAACGAAA,0
l6_GAATGAACAAATCCGT,1
l6_GAATGAACATGTTGAC,0
l6_GAATGAAGTAGATTAG,0
l6_GAATGAAGTCTAAACC,0
l6_GAATGAAGTTACTGAC,0
l6_GAATGAAGTTCCACTC,0
l6_GAATGAATCAAACAAG,0
l6_GAATGAATCCCAGGTG,0
l6_GACACGCCAATGAATG,4
l6_GACACGCCATGCCCGA,0
l6_GACACGCGTGGTCTCG,0
l6_GACACGCTCACAAACC,1
l6_GACACGCTCCATTCTA,0
l6_GACACGCTCCTCAATT,3
l6_GACAGAGAGGATGGTC,2
l6_GACAGAGAGGCACATG,0
l6_GACAGAGAGGGAAACA,3
l6_GACAGAGAGGGAACGG,6
l6_GACAGAGGTACTCGCG,0
l6_GACAGAGGTGTTGGGA,5
l6_GACAGAGTCCCAGGTG,4
l6_GACAGAGTCTTTCCTC,1
l6_GACCAATAGTGTGAAT,0
l6_GACCAATCAAGCTGAG,1
l6_GACCAATCATATACCG,2
l6_GACCAATCATTCGACA,0
l6_GACCAATTCTTGCATT,2
l6_GACCTGGAGACACGAC,6
l6_GACCTGGAGCTTTGGT,0
l6_GACCTGGAGTGTGAAT,3
l6_GACCTGGGTCATCCCT,0
l6_GACCTGGGTCTCATCC,0
l6_GACCTGGTCCTCTAGC,0
l6_GACGCGTAGAATTGTG,4
l6_GACGCGTAGTGAACGC,0
l6_GACGCGTAGTGGTAAT,0
l6_GACGCGTAGTGTCCAT,6
l6_GACGCGTAGTTAACGA,0
l6_GACGCGTGTCTTCGTC,0
l6_GACGCGTTCAAGCCTA,0
l6_GACGCGTTCGGAATCT,0
l6_GACGCGTTCGGTGTCG,0
l6_GACGGCTAGCTAGCCC,0
l6_GACGGCTCAAGCTGTT,0
l6_GACGGCTCACGAAGCA,3
l6_GACGGCTGTGACGCCT,1
l6_GACGGCTGTGAGTATA,5
l6_GACGGCTGTTCAGGCC,4
l6_GACGGCTTCATTGCGA,0
l6_GACGTGCCACAAGTAA,3
l6_GACGTGCCATGGATGG,3
l6_GACGTGCGTGCAGTAG,0
l6_GACGTGCTCACATACG,3
l6_GACGTTAAGACTAGGC,0
l6_GACGTTAAGTACTTGC,2
l6_GACGTTACAAGTTAAG,1
l6_GACGTTACAGCGTTCG,2
l6_GACGTTAGTCATCGGC,4
l6_GACGTTAGTGTTTGTG,0
l6_GACTAACAGGTGTGGT,0
l6_GACTAACCAAAGGAAG,4
l6_GACTAACGTCCGAAGA,2
l6_GACTAACGTGTCGCTG,0
l6_GACTAACTCCACGCAG,0
l6_GACTAACTCCCAAGTA,0
l6_GACTACAAGCCACGTC,1
l6_GACTACAAGTAATCCC,6
l6_GACTACAGTGATGTGG,0
l6_GACTACATCTCCCTGA,0
l6_GACTGCGAGACAGACC,0
l6_GACTGCGAGGCGATAC,0
l6_GACTGCGCACAAGCCC,0
l6_GACTGCGCACATCCGG,0
l6_GACTGCGCAGTTAACC,1
l6_GACTGCGCATTTCAGG,4
l6_GACTGCGGTACAGTGG,1
l6_GACTGCGGTGTCTGAT,1
l6_GACTGCGTCGGTCTAA,0
l6_GAGCAGAAGAAGGTGA,0
l6_GAGCAGACAGGGAGAG,0
l6_GAGCAGACATCGGTTA,0
l6_GAGGTGACAGCCTTTC,2
l6_GAGGTGAGTATCAGTC,0
l6_GAGGTGAGTGTCAATC,4
l6_GAGGTGATCACAATGC,0
l6_GAGGTGATCGTATCAG,2
l6_GAGTCCGCAAGTCTGT,0
l6_GAGTCCGCACTACAGT,1
l6_GAGTCCGCATTTCACT,4
l6_GAGTCCGGTTCAGACT,0
l6_GAGTCCGTCGGATGTT,0
l6_GAGTCCGTCGGCTACG,0
l6_GATCAGTAGGGATCTG,3
l6_GATCAGTCACGGTAAG,0
l6_GATCAGTCAGCTGGCT,3
l6_GATCAGTGTAGCGTCC,1
l6_GATCAGTGTGCAGACA,5
l6_GATCAGTTCAGTCAGT,0
l6_GATCAGTTCCGCGTTT,3
l6_GATCAGTTCCGTCATC,0
l6_GATCAGTTCGGAGCAA,0
l6_GATCAGTTCGTCCGTT,4
l6_GATCAGTTCTTATCTG,1
l6_GATCGATAGCAGGCTA,0
l6_GATCGATCACGGTGTC,3
l6_GATCGATTCCTCAACC,3
l6_GATCGCGAGACAGGCT,0
l6_GATCGCGGTACCCAAT,0
l6_GATCGCGGTCTGATTG,3
l6_GATCGCGGTGTAAGTA,0
l6_GATCGTAAGCTCAACT,1
l6_GATCGTAAGTCAATAG,0
l6_GATCGTACAATGGACG,2
l6_GATCGTAGTGTGGCTC,0
l6_GATCGTAGTTCAACCA,0
l6_GATCGTATCAGTTTGG,1
l6_GATCTAGCAGCATGAG,0
l6_GATCTAGCAGGCTGAA,2
l6_GATCTAGGTCACAAGG,1
l6_GATCTAGTCGCCAAAT,3
l6_GATGAAAGTAAGTAGT,0
l6_GATGAAAGTAGGACAC,0
l6_GATGAAATCGAGGTAG,1
l6_GATGAAATCTCTAAGG,0
l6_GATGAGGAGCTGCCCA,0
l6_GATGAGGAGGCATTGG,6
l6_GATGAGGCACACATGT,3
l6_GATGAGGCACTCTGTC,1
l6_GATGAGGCACTTGGAT,2
l6_GATGAGGGTAGTAGTA,0
l6_GATGAGGGTATGCTTG,0
l6_GATGAGGGTGTTAAGA,0
l6_GATGAGGGTTATGTGC,0
l6_GATGAGGGTTCGGGCT,2
l6_GATGAGGTCTATCCTA,4
l6_GATGCTAAGCAATATG,0
l6_GATGCTAAGTGCCATT,4
l6_GATGCTAGTCTGGTCG,0
l6_GATGCTAGTGCACTTA,0
l6_GATGCTAGTGTTGGGA,3
l6_GATGCTATCACTGGGC,0
l6_GATGCTATCCTAGGGC,0
l6_GATTCAGAGCAAATCA,3
l6_GATTCAGAGGCCCTTG,0
l6_GATTCAGCAAAGCAAT,3
l6_GCAAACTAGTCGTTTG,0
l6_GCAAACTGTAATCACC,2
l6_GCAAACTGTACCGTTA,3
l6_GCAAACTGTAGTACCT,0
l6_GCAAACTGTCAGAAGC,5
l6_GCAAACTTCTGACCTC,3
l6_GCAATCAAGCTACCGC,3
l6_GCAATCACAAACGTGG,0
l6_GCAATCACATGCTAGT,3
l6_GCAATCACATTGAGCT,2
l6_GCAATCAGTAAGGGCT,0
l6_GCAATCAGTCCAAGTT,4
l6_GCACATAAGGCGCTCT,6
l6_GCACATACAGCCTGTG,0
l6_GCACATAGTGTTCTTT,2
l6_GCACATAGTTGGTGGA,0
l6_GCACATATCAAGAAGT,1
l6_GCACTCTAGGGAAACA,4
l6_GCACTCTAGTTGAGTA,0
l6_GCACTCTGTAGCTTGT,0
l6_GCACTCTGTCTCCCTA,1
l6_GCACTCTTCAAGGCTT,0
l6_GCAGCCAAGACGCAAC,0
l6_GCAGCCAGTCGCATCG,3
l6_GCAGCCAGTCGCTTCT,0
l6_GCAGCCAGTGACTCAT,4
l6_GCAGCCATCATAGCAC,0
l6_GCAGCCATCCGTACAA,2
l6_GCAGCCATCCTTGACC,2
l6_GCAGTTAAGAGGACGG,2
l6_GCAGTTACAAGCCGTC,1
l6_GCAGTTACAGTCAGAG,4
l6_GCAGTTACATCCGCGA,1
l6_GCAGTTACATCTCGCT,6
l6_GCAGTTAGTAGGCATG,0
l6_GCAGTTAGTGCCTGGT,0
l6_GCAGTTATCGCTAGCG,0
l6_GCAGTTATCGGTCTAA,0
l6_GCAGTTATCTTATCTG,1
l6_GCATACACACTCAGGC,2
l6_GCATACATCATACGGT,6
l6_GCATACATCTCGATGA,0
l6_GCATGATAGAACAATC,1
l6_GCATGATAGCCGTCGT,1
l6_GCATGATAGTTACCCA,5
l6_GCATGATCAGACAAAT,3
l6_GCATGATCAGCCTTGG,2
l6_GCATGATCATCGATGT,1
l6_GCATGATCATCTATGG,4
l6_GCATGATGTACCGTTA,1
l6_GCATGATTCACCCGAG,3
l6_GCATGATTCAGCATGT,3
l6_GCATGATTCTTACCTA,0
l6_GCATGCGAGAGTAATC,0
l6_GCATGCGAGTGGAGTC,0
l6_GCATGCGCATTCCTGC,0
l6_GCATGCGGTTGAACTC,3
l6_GCATGTAAGACGACGT,0
l6_GCATGTAAGCAATCTC,0
l6_GCATGTAAGGGAGTAA,0
l6_GCATGTAAGTACGACG,1
l6_GCATGTACAGTCAGCC,2
l6_GCATGTATCATTCACT,3
l6_GCATGTATCCTACAGA,1
l6_GCATGTATCGCCAAAT,2
l6_GCCAAATAGAATGTTG,0
l6_GCCAAATAGACAGGCT,3
l6_GCCAAATAGACCACGA,0
l6_GCCAAATAGCGATAGC,1
l6_GCCAAATCAAACCCAT,0
l6_GCCAAATTCTAACCGA,0
l6_GCCTCTAAGATATGCA,3
l6_GCCTCTAAGGGTATCG,0
l6_GCCTCTACACCTCGTT,2
l6_GCCTCTAGTTGAACTC,4
l6_GCCTCTATCACCATAG,6
l6_GCCTCTATCCACTGGG,1
l6_GCCTCTATCCGAACGC,0
l6_GCGACCACAGGAATGC,3
l6_GCGACCAGTAAACACA,0
l6_GCGACCAGTCAGGACA,0
l6_GCGACCAGTTGTGGCC,2
l6_GCGACCATCTGGGCCA,3
l6_GCGAGAAAGTCGTTTG,1
l6_GCGAGAAGTCTAACGT,0
l6_GCGAGAATCATGTCTT,0
l6_GCGAGAATCGTAGGTT,4
l6_GCGCAACCAATGGAAT,1
l6_GCGCAACCACTCGACG,0
l6_GCGCAACCAGGTCTCG,0
l6_GCGCAACGTAAGGGCT,0
l6_GCGCAACGTCCATGAT,2
l6_GCGCAACTCAGTGCAT,0
l6_GCGCAGTCAGCTTAAC,4
l6_GCGCAGTGTCACAAGG,0
l6_GCGCAGTGTGGCTCCA,0
l6_GCGCCAAAGACAAGCC,2
l6_GCGCCAAAGACTAGAT,1
l6_GCGCCAACAAGTTAAG,0
l6_GCGCGATAGCACAGGT,2
l6_GCGCGATAGCTAAGAT,0
l6_GCGCGATGTAACGACG,0
l6_GCGGGTTAGTCACGCC,0
l6_GCGGGTTCAATGAATG,0
l6_GCGGGTTCACCTCGTT,1
l6_GCGGGTTCACTTAACG,1
l6_GCGGGTTGTGTTAAGA,3
l6_GCGGGTTTCACGGTTA,3
l6_GCTCCTAAGAATTGTG,0
l6_GCTCCTAAGCCACGCT,5
l6_GCTCCTAAGGCCGAAT,0
l6_GCTCCTACATCGACGC,0
l6_GCTCCTAGTATTAGCC,0
l6_GCTCCTAGTCCAGTTA,1
l6_GCTCCTAGTCTGATTG,0
l6_GCTCCTATCAACTCTT,0
l6_GCTCCTATCAGCTCGG,0
l6_GCTCCTATCCGATATG,0
l6_GCTCCTATCTGTCAAG,5
l6_GCTCTGTAGTGCCATT,6
l6_GCTCTGTCATGGGAAC,0
l6_GCTCTGTGTTCAGTAC,2
l6_GCTCTGTTCAATCTCT,0
l6_GCTCTGTTCAGCTCGG,1
l6_GCTCTGTTCCCGGATG,4
l6_GCTCTGTTCCGTAGGC,6
l6_GCTGCAGAGATAGTCA,3
l6_GCTGCAGAGCGGATCA,0
l6_GCTGCAGAGTACATGA,5
l6_GCTGCAGAGTATTGGA,5
l6_GCTGCAGCAAATCCGT,0
l6_GCTGCAGGTCCGCTGA,5
l6_GCTGCAGTCATAAAGG,4
l6_GCTGCAGTCCTATTCA,0
l6_GCTGCGAAGCTGAAAT,0
l6_GCTGCGAAGTCACGCC,0
l6_GCTGCGAAGTGGGTTG,0
l6_GCTGCGACAGACGCTC,2
l6_GCTGCGAGTTATTCTC,0
l6_GCTGCGATCGTGGGAA,3
l6_GCTGCTTAGACTGTAA,0
l6_GCTGCTTCATCGGTTA,5
l6_GCTGGGTAGACGACGT,0
l6_GCTGGGTAGCGAGAAA,4
l6_GCTGGGTAGGATCGCA,0
l6_GCTGGGTAGTGCAAGC,0
l6_GCTGGGTCAGGAACGT,0
l6_GCTGGGTCATGCAACT,0
l6_GCTGGGTTCACATACG,1
l6_GCTGGGTTCGGTCCGA,0
l6_GCTGGGTTCTCAAGTG,5
l6_GCTTCCAAGCCCGAAA,0
l6_GCTTCCAAGTCGAGTG,0
l6_GCTTCCAAGTCTCGGC,2
l6_GCTTCCACACGAAACG,4
l6_GCTTCCACACTAAGTC,1
l6_GCTTCCATCACCCTCA,0
l6_GCTTCCATCTTCAACT,2
l6_GCTTGAAAGAAGGGTA,1
l6_GCTTGAAGTAATTGGA,0
l6_GCTTGAAGTAGAAAGG,3
l6_GCTTGAATCATCTGCC,4
l6_GGAAAGCAGACTAAGT,2
l6_GGAAAGCCACGGTAAG,0
l6_GGAAAGCCACGTGAGA,4
l6_GGAAAGCGTCACCCAG,3
l6_GGAAAGCGTTGCTCCT,5
l6_GGAAAGCTCACTTACT,3
l6_GGAAAGCTCCTTTCTC,4
l6_GGAACTTAGGCCCTTG,3
l6_GGAACTTCACCAACCG,0
l6_GGAACTTGTAGAGGAA,0
l6_GGAACTTGTTTAGGAA,0
l6_GGAATAAAGACCGGAT,5
l6_GGAATAAAGCTGCGAA,0
l6_GGAATAACACATGTGT,0
l6_GGAATAACACGTAAGG,0
l6_GGAATAACAGGGATTG,0
l6_GGAATAATCAGCGATT,5
l6_GGAATAATCGTAGGAG,4
l6_GGAATAATCTCTTGAT,2
l6_GGACAAGAGAAGAAGC,0
l6_GGACAAGAGAATGTTG,0
l6_GGACAAGAGCGATATA,0
l6_GGACAAGAGGCCCGTT,0
l6_GGACAAGCAGCCTTGG,3
l6_GGACAAGGTCAAACTC,0
l6_GGACAAGGTGGGTATG,3
l6_GGACAAGGTGTCGCTG,0
l6_GGACAAGGTTGGGACA,0
l6_GGACAAGTCACTCTTA,1
l6_GGACAAGTCGACAGCC,5
l6_GGACAGAAGAAGATTC,6
l6_GGACAGACATGGGACA,2
l6_GGACAGAGTAGAGCTG,3
l6_GGACAGAGTCAAAGCG,4
l6_GGACAGAGTGAGTGAC,4
l6_GGACAGATCAAACGGG,0
l6_GGACAGATCCCTCTTT,1
l6_GGACATTAGGATTCGG,0
l6_GGACATTAGTATCTCG,3
l6_GGACATTCAGCGTTCG,3
l6_GGACATTTCCCAGGTG,2
l6_GGACATTTCGCCTGTT,5
l6_GGACGTCAGACAGAGA,4
l6_GGACGTCAGCGCCTCA,0
l6_GGACGTCAGGAGCGTT,0
l6_GGACGTCAGGGATCTG,1
l6_GGACGTCAGGTGCACA,2
l6_GGACGTCAGGTGTTAA,0
l6_GGACGTCGTCCTCCAT,0
l6_GGACGTCTCAGCTCGG,3
l6_GGACGTCTCCGCATCT,2
l6_GGACGTCTCGCCGTGA,1
l6_GGACGTCTCGCGGATC,0
l6_GGACGTCTCGGAGGTA,0
l6_GGAGCAACAAACTGTC,2
l6_GGAGCAAGTGACTACT,3
l6_GGAGCAATCTTACCTA,0
l6_GGATGTTAGCGTCTAT,1
l6_GGATGTTAGTGATCGG,0
l6_GGATGTTCAATGAAAC,6
l6_GGATGTTCATTACCTT,0
l6_GGATGTTGTCACAAGG,4
l6_GGATGTTGTGATAAGT,4
l6_GGATGTTTCTGCGGCA,1
l6_GGATTACCAAGCGCTC,0
l6_GGATTACCACAGTCGC,2
l6_GGATTACTCATGCAAC,0
l6_GGATTACTCTTAACCT,5
l6_GGCAATTAGCTGAACG,2
l6_GGCAATTGTATCGCAT,4
l6_GGCAATTGTTAAGGGC,0
l6_GGCAATTTCCCATTAT,0
l6_GGCAATTTCGGAAACG,4
l6_GGCAATTTCTAACTCT,0
l6_GGCCGATAGCGCTCCA,3
l6_GGCCGATAGGGTATCG,2
l6_GGCCGATCAAAGTCAA,2
l6_GGCCGATCACGACGAA,3
l6_GGCCGATCATGTAGTC,0
l6_GGCGACTAGCGATTCT,3
l6_GGCGACTAGTATTGGA,2
l6_GGCGACTCACAGGCCT,0
l6_GGCGACTCACATTCGA,0
l6_GGCGACTCACCCAGTG,5
l6_GGCGACTGTTGGAGGT,1
l6_GGCGACTTCAGCTCTC,4
l6_GGCGACTTCCTCAATT,0
l6_GGCGACTTCGAATGGG,2
l6_GGCGTGTAGCTAAGAT,0
l6_GGCGTGTCATTGCGGC,2
l6_GGCGTGTGTAGGGTAC,0
l6_GGCGTGTGTATAGTAG,3
l6_GGCGTGTGTCAATGTC,2
l6_GGCGTGTTCGAGAACG,2
l6_GGCTCGAAGCGATAGC,3
l6_GGCTCGAAGTACACCT,0
l6_GGCTCGACACGGTAAG,0
l6_GGCTCGATCAGAGACG,4
l6_GGCTCGATCCAAACTG,2
l6_GGCTCGATCCATGCTC,0
l6_GGCTGGTAGAGGTTGC,0
l6_GGCTGGTAGGCTCTTA,2
l6_GGCTGGTGTCAGATAA,2
l6_GGCTGGTGTTGATTCG,0
l6_GGCTGGTTCAACCAAC,0
l6_GGGAATGAGAAACCGC,1
l6_GGGAATGAGAAACCTA,3
l6_GGGAATGGTGAAGGCT,0
l6_GGGAATGGTGGTCCGT,6
l6_GGGAATGGTTTGACTG,0
l6_GGGAATGTCAAACCAC,0
l6_GGGACCTAGAGAACAG,1
l6_GGGACCTAGTGAACAT,0
l6_GGGACCTAGTGATCGG,3
l6_GGGACCTCAACTGGCC,0
l6_GGGACCTCAAGTCTGT,0
l6_GGGACCTCAGCTGCAC,2
l6_GGGACCTTCATCTGCC,5
l6_GGGACCTTCCGCTGTT,2
l6_GGGACCTTCCGTCAAA,5
l6_GGGACCTTCGGCGCAT,0
l6_GGGAGATAGCTAGTCT,0
l6_GGGAGATAGTACGCCC,0
l6_GGGAGATCAGCGATCC,0
l6_GGGAGATCATGACATC,4
l6_GGGAGATCATGGTAGG,0
l6_GGGAGATGTACACCGC,0
l6_GGGAGATGTCTGGAGA,0
l6_GGGAGATTCAACACTG,1
l6_GGGAGATTCACATGCA,0
l6_GGGAGATTCCAAACAC,0
l6_GGGAGATTCCACTCCA,0
l6_GGGAGATTCCCTCAGT,1
l6_GGGATGAAGAGAACAG,1
l6_GGGATGAAGTATGACA,0
l6_GGGATGACACCGGAAA,0
l6_GGGATGACAGGAATCG,1
l6_GGGATGATCACCACCT,1
l6_GGGCACTAGACGACGT,0
l6_GGGCACTAGCAGCCTC,0
l6_GGGCACTAGCCACTAT,6
l6_GGGCACTCACCACCAG,6
l6_GGGCACTTCGACGGAA,2
l6_GGGCATCGTCATTAGC,1
l6_GGGTCTGAGTGAACAT,0
l6_GGGTCTGTCTGTCAAG,0
l6_GGGTTGCGTCGACTAT,0
l6_GGGTTGCGTCGGATCC,0
l6_GGGTTGCGTTGGAGGT,6
l6_GGGTTGCTCACTTACT,0
l6_GGGTTGCTCCACGCAG,0
l6_GGTATTGAGTGCTGCC,0
l6_GGTATTGCACCGTTGG,0
l6_GGTATTGCATTCCTCG,1
l6_GGTATTGGTAAACACA,0
l6_GGTATTGTCTTCGGTC,0
l6_GGTGAAGCAAGGACTG,3
l6_GGTGAAGCACACCGAC,3
l6_GGTGAAGGTACAGACG,0
l6_GGTGAAGGTTATTCTC,2
l6_GGTGAAGTCCAACCAA,1
l6_GGTGCGTCAAAGAATC,2
l6_GGTGCGTCAGTGACAG,0
l6_GGTGCGTGTTGGTTTG,0
l6_GGTGCGTTCCACTGGG,0
l6_GGTGCGTTCGTTTGCC,1
l6_GGTGTTAAGCTGTTCA,3
l6_GGTGTTAGTCACCCAG,1
l6_GGTGTTAGTTACGACT,0
l6_GGTGTTATCATGTGGT,0
l6_GGTGTTATCGGAATCT,0
l6_GGTGTTATCGGAGCAA,0
l6_GTAACGTAGCGATATA,0
l6_GTAACGTAGGCAGTCA,1
l6_GTAACGTAGTGAACAT,6
l6_GTAACGTGTTAAGAAC,3
l6_GTAACGTTCAGTTGAC,2
l6_GTAACTGAGACCTAGG,2
l6_GTAACTGAGATGGCGT,1
l6_GTAACTGCAGCTGTTA,1
l6_GTAACTGGTCGAAAGC,0
l6_GTAACTGGTCTAACGT,0
l6_GTACGTAAGAATTCCC,4
l6_GTACGTAAGAGACGAA,0
l6_GTACGTAAGAGGTAGA,1
l6_GTACGTAAGTACGATA,0
l6_GTACGTAAGTACTTGC,6
l6_GTACGTACAGGAACGT,1
l6_GTACGTATCCACGCAG,1
l6_GTACGTATCGTACCGG,1
l6_GTACTCCAGCGATTCT,1
l6_GTACTCCCAAGTTGTC,4
l6_GTACTCCGTAGTAGTA,3
l6_GTACTCCGTGTAACGG,2
l6_GTACTCCGTTGGACCC,0
l6_GTACTCCTCAGCACAT,0
l6_GTACTCCTCCCTTGCA,0
l6_GTACTCCTCTAAGCCA,1
l6_GTACTTTCACCCTATC,0
l6_GTACTTTCACGAGAGT,1
l6_GTACTTTCATCCAACA,6
l6_GTACTTTGTCTGGTCG,2
l6_GTACTTTTCTCGCATC,0
l6_GTAGGCCCACGACGAA,1
l6_GTAGGCCCATGATCCA,0
l6_GTAGGCCGTGCTTCTC,0
l6_GTAGGCCTCCAACCAA,5
l6_GTAGGCCTCCTCCTAG,1
l6_GTAGTCACAATGAAAC,0
l6_GTAGTCAGTAACGCGA,0
l6_GTAGTCAGTGCATCTA,0
l6_GTAGTCAGTTGACGTT,3
l6_GTAGTCATCAAAGTAG,2
l6_GTAGTCATCGGCCGAT,3
l6_GTATCTTAGACACGAC,4
l6_GTATCTTAGGGTGTGT,2
l6_GTATCTTCACAGCCCA,4
l6_GTATCTTTCTCCAACC,0
l6_GTATTCTAGCAGATCG,2
l6_GTATTCTAGCTTATCG,0
l6_GTATTCTAGTAGCGGT,0
l6_GTATTCTGTCTGGTCG,0
l6_GTATTCTGTTATGCGT,3
l6_GTATTCTGTTCACGGC,2
l6_GTCAAGTAGATGGCGT,3
l6_GTCAAGTAGGATGTAT,0
l6_GTCAAGTAGGGCTTGA,0
l6_GTCAAGTAGTCACGCC,0
l6_GTCAAGTGTATCAGTC,0
l6_GTCACAAAGCTGCGAA,0
l6_GTCACAAAGGTAAACT,2
l6_GTCACAAAGGTGCTTT,3
l6_GTCACAACAAGCTGGA,3
l6_GTCACAACATGCATGT,3
l6_GTCACAAGTAGAGTGC,3
l6_GTCACAATCATAGCAC,0
l6_GTCACAATCCTAGGGC,3
l6_GTCACAATCGACAGCC,0
l6_GTCACAATCTTGTCAT,3
l6_GTCACGGAGACAAAGG,0
l6_GTCACGGCACGTCAGC,0
l6_GTCACGGGTAGCTTGT,0
l6_GTCACGGTCAAGCCTA,0
l6_GTCATTTAGAGTAATC,1
l6_GTCATTTAGCTGCAAG,0
l6_GTCATTTGTATGGTTC,0
l6_GTCATTTGTTAAGACA,0
l6_GTCATTTGTTCACCTC,0
l6_GTCCTCACACAACTGT,3
l6_GTCCTCAGTACAGTGG,2
l6_GTCCTCAGTAGCGCAA,4
l6_GTCCTCATCCTCGCAT,1
l6_GTCGGGTCAGTCAGAG,2
l6_GTCGGGTTCATTTGGG,0
l6_GTCGTAAAGATAGTCA,3
l6_GTCGTAACAAGCGAGT,2
l6_GTCGTAAGTCGCGAAA,0
l6_GTCGTAATCCTGTAGA,6
l6_GTCGTAATCGTAGGAG,3
l6_GTCGTAATCTTTAGGG,0
l6_GTCGTAATCTTTAGTC,0
l6_GTCTCGTCAGACGTAG,4
l6_GTCTCGTTCCACTGGG,0
l6_GTCTCGTTCCAGTAGT,0
l6_GTCTTCGCAGACAAAT,0
l6_GTCTTCGCATAGAAAC,1
l6_GTCTTCGCATCCAACA,0
l6_GTCTTCGGTCATTAGC,6
l6_GTCTTCGGTTATGCGT,0
l6_GTGAAGGAGGGAACGG,0
l6_GTGAAGGAGTCATGCT,0
l6_GTGAAGGAGTCTCAAC,2
l6_GTGAAGGCACCTGGTG,1
l6_GTGAAGGCAGCTATTG,0
l6_GTGAAGGGTGGTACAG,0
l6_GTGAAGGTCATTCACT,2
l6_GTGAAGGTCTGCTGCT,0
l6_GTGCAGCAGAGTCTGG,4
l6_GTGCAGCAGGACACCA,2
l6_GTGCAGCAGGCATGGT,3
l6_GTGCAGCCAATAGCAA,0
l6_GTGCAGCCATCCCATC,0
l6_GTGCAGCGTACATGTC,0
l6_GTGCAGCGTTCCCGAG,2
l6_GTGCAGCTCATAAAGG,0
l6_GTGCAGCTCCGTCAAA,0
l6_GTGCAGCTCGCGGATC,2
l6_GTGCAGCTCGCTAGCG,0
l6_GTGCAGCTCGGATGTT,0
l6_GTGCATAAGCGATCCC,0
l6_GTGCATACACGCATCG,2
l6_GTGCATACATGCCACG,1
l6_GTGCGGTAGGCACATG,0
l6_GTGCGGTCAGTCTTCC,0
l6_GTGCGGTCATCTACGA,0
l6_GTGCGGTGTATGGTTC,0
l6_GTGCGGTGTGCACTTA,3
l6_GTGCGGTTCGGCATCG,4
l6_GTGCTTCAGGAGCGAG,1
l6_GTGCTTCCAGCATGAG,2
l6_GTGGGTCGTTTCGCTC,0
l6_GTGGGTCTCTTACCGC,0
l6_GTGTGCGAGACCTAGG,0
l6_GTGTGCGAGACTAAGT,0
l6_GTGTGCGAGCATCATC,0
l6_GTGTGCGAGCTGAACG,0
l6_GTGTGCGAGTCTCCTC,0
l6_GTGTGCGCACGTCAGC,1
l6_GTGTGCGGTTGGTTTG,0
l6_GTGTGCGTCAATCTCT,0
l6_GTGTGCGTCCAAGCCG,0
l6_GTGTGCGTCTCCGGTT,5
l6_GTGTGCGTCTGGTGTA,1
l6_GTGTTAGCACACCGAC,4
l6_GTGTTAGCATGTAGTC,2
l6_GTGTTAGGTCCAACTA,0
l6_GTGTTAGTCCAGGGCT,0
l6_GTGTTAGTCCGTAGGC,0
l6_GTTAAGCAGCTACCGC,4
l6_GTTAAGCCACGAAAGC,0
l6_GTTAAGCCAGACGTAG,4
l6_GTTAAGCCATCGTCGG,0
l6_GTTAAGCGTGAGTGAC,0
l6_GTTAAGCGTGTATGGG,0
l6_GTTAAGCTCTAACTCT,0
l6_GTTACAGAGCAGGTCA,3
l6_GTTACAGAGTTGAGAT,0
l6_GTTACAGCAAACTGTC,0
l6_GTTACAGCAGGTGGAT,0
l6_GTTACAGGTAGCACGA,4
l6_GTTACAGGTTGCGTTA,0
l6_GTTACAGTCAACACCA,0
l6_GTTACAGTCGCAGGCT,2
l6_GTTACAGTCTACCAGA,0
l6_GTTCATTAGAAACGAG,1
l6_GTTCATTAGCGATATA,0
l6_GTTCATTAGTCCGTAT,0
l6_GTTCATTCACCGTTGG,0
l6_GTTCATTCATTTGCCC,1
l6_GTTCATTTCCGGGTGT,0
l6_GTTCGGGAGAAACCGC,6
l6_GTTCGGGAGCTAGTCT,4
l6_GTTCGGGCATACGCTA,0
l6_GTTCGGGTCCGTAGGC,5
l6_GTTCTCGAGGTGTGGT,4
l6_GTTCTCGAGTCCAGGA,3
l6_GTTCTCGAGTGTTAGA,2
l6_GTTCTCGCAAGGGTCA,1
l6_GTTCTCGCAATGAAAC,0
l6_GTTCTCGCACTGTGTA,0
l6_GTTCTCGCAGACAGGT,0
l6_GTTCTCGGTTTGTGTG,3
l6_GTTTCTATCACCAGGC,0
l6_GTTTCTATCGCATGGC,5
l6_GTTTCTATCGGTGTCG,6
l6_GTTTCTATCTCTGCTG,3
l6_TAAACCGAGGGATGGG,0
l6_TAAACCGAGGGCACTA,2
l6_TAAACCGCAATGACCT,3
l6_TAAACCGCAGCCTTTC,3
l6_TAAACCGTCAGGCCCA,3
l6_TAAACCGTCCGTTGTC,2
l6_TAAACCGTCCTTAATC,4
l6_TAAACCGTCTTCAACT,5
l6_TAAGAGAAGACGACGT,0
l6_TAAGAGAGTACGAAAT,0
l6_TAAGAGATCTTGCAAG,3
l6_TAAGCGTAGCCCAGCT,2
l6_TAAGCGTAGTACGACG,3
l6_TAAGCGTAGTCCATAC,2
l6_TAAGCGTCATCGGAAG,6
l6_TAAGCGTCATCGTCGG,0
l6_TAAGCGTCATTCGACA,4
l6_TAAGCGTGTAAATGAC,1
l6_TAAGCGTGTGAGTGAC,0
l6_TAAGTGCAGATCGATA,0
l6_TAAGTGCCATGTTCCC,3
l6_TAAGTGCGTGACTACT,5
l6_TAAGTGCTCACTCTTA,4
l6_TACACGAAGCTACCTA,0
l6_TACACGACAATGGAAT,0
l6_TACACGAGTGCGCTTG,0
l6_TACACGAGTTTGTTTC,0
l6_TACAGTGAGAAACGCC,6
l6_TACAGTGAGGAGCGTT,3
l6_TACAGTGCAAATCCGT,4
l6_TACAGTGGTCCAGTGC,2
l6_TACAGTGGTGATGTGG,0
l6_TACAGTGTCATTCACT,2
l6_TACAGTGTCCTTTCTC,5
l6_TACCTATAGCGATGAC,0
l6_TACCTATAGGACTGGT,1
l6_TACCTATAGGTGCACA,4
l6_TACCTATCACGAGGTA,0
l6_TACCTATGTATAGGGC,0
l6_TACCTATGTGAAATCA,0
l6_TACCTATGTGCAGGTA,2
l6_TACCTATTCCGGGTGT,0
l6_TACCTTAAGAAACCAT,0
l6_TACCTTAAGCTGAACG,3
l6_TACCTTAAGTCTCCTC,0
l6_TACCTTACATTTGCCC,0
l6_TACCTTAGTCTCCACT,1
l6_TACCTTAGTTTGTGTG,0
l6_TACCTTATCTGGTGTA,3
l6_TACGGATAGAACAATC,1
l6_TACGGATAGAATCTCC,0
l6_TACGGATAGACAATAC,4
l6_TACGGATAGGTAAACT,0
l6_TACGGATCAGCGAACA,2
l6_TACGGATGTCCAGTTA,0
l6_TACGGATGTCTGCGGT,2
l6_TACGGATTCTACTTAC,4
l6_TACGGGCAGGCGACAT,1
l6_TACGGGCCAAGGACTG,0
l6_TACGGGCGTTGTACAC,3
l6_TACGGGCTCATGCAAC,2
l6_TACGGTAAGGGCACTA,1
l6_TACGGTACAACACCCG,2
l6_TACGGTACACCGAATT,0
l6_TACGGTACACGAAGCA,1
l6_TACGGTAGTAGGCTGA,1
l6_TACTCATAGCCCGAAA,1
l6_TACTCATCACGCTTTC,3
l6_TACTCATCACTACAGT,2
l6_TACTCATCAGACGCTC,4
l6_TACTCATCAGCATGAG,0
l6_TACTCATCATACTACG,1
l6_TACTCATGTGCGCTTG,2
l6_TACTCATTCAACACTG,6
l6_TACTCATTCACCAGGC,6
l6_TACTCATTCAGAGCTT,0
l6_TACTCATTCGACCAGC,1
l6_TACTCGCAGACGCAAC,2
l6_TACTCGCAGCTAGTCT,0
l6_TACTCGCAGTGTTTGC,0
l6_TACTCGCCAACGCACC,3
l6_TACTCGCCAAGGTGTG,0
l6_TACTCGCCATGGTCAT,0
l6_TACTCGCTCCACGAAT,0
l6_TACTTACAGCCTATGT,3
l6_TACTTACCAGTATGCT,0
l6_TACTTACGTATTCGTG,5
l6_TACTTACGTCGAGTTT,0
l6_TACTTACGTTGAGTTC,0
l6_TACTTACTCACAGTAC,6
l6_TACTTACTCCATGCTC,0
l6_TACTTGTAGAGTAATC,0
l6_TACTTGTCAAGTCTAC,0
l6_TACTTGTCATGCTAGT,0
l6_TACTTGTGTCGCATAT,0
l6_TACTTGTGTCTAGCGC,1
l6_TACTTGTTCAATCACG,0
l6_TACTTGTTCATGTGGT,0
l6_TACTTGTTCTCGATGA,0
l6_TACTTGTTCTTAACCT,4
l6_TACTTGTTCTTTACAC,0
l6_TAGACCAAGTGTCTCA,0
l6_TAGACCACAGGCTGAA,4
l6_TAGACCACATCCAACA,4
l6_TAGACCATCAGTCAGT,1
l6_TAGACCATCCATGCTC,0
l6_TAGACCATCGTTACGA,3
l6_TAGAGCTAGCCACTAT,0
l6_TAGAGCTCACACATGT,0
l6_TAGAGCTGTGCGATAG,2
l6_TAGAGCTGTTCAGTAC,0
l6_TAGAGCTGTTGACGTT,3
l6_TAGAGCTTCAATCACG,2
l6_TAGAGCTTCAATCTCT,4
l6_TAGAGCTTCTTGACGA,0
l6_TAGCCGGAGGCTAGAC,3
l6_TAGCCGGCAAGTTCTG,2
l6_TAGCCGGCAGGGAGAG,0
l6_TAGCCGGCATTGGCGC,6
l6_TAGCCGGTCGGCTACG,2
l6_TAGGCATAGTCATGCT,0
l6_TAGGCATCACGAAATA,0
l6_TAGGCATCAGTATAAG,0
l6_TAGGCATTCGGAGCAA,0
l6_TAGTGGTCAAGCGTAG,0
l6_TAGTGGTCATGACATC,0
l6_TAGTGGTGTGATGTGG,0
l6_TAGTGGTTCCGTACAA,3
l6_TAGTGGTTCCTGTACC,2
l6_TAGTGGTTCTGTCCGT,0
l6_TAGTTGGAGATGTAAC,6
l6_TAGTTGGAGATGTGTA,2
l6_TAGTTGGAGTGACATA,0
l6_TAGTTGGCACCAGGCT,0
l6_TAGTTGGCACCGGAAA,1
l6_TAGTTGGCATGCCACG,4
l6_TAGTTGGGTCATATGC,1
l6_TAGTTGGGTCCATGAT,4
l6_TAGTTGGTCATGTAGC,3
l6_TATCAGGAGTCTCGGC,0
l6_TATCAGGCATCACCCT,0
l6_TATCAGGCATTTGCCC,0
l6_TATCAGGGTAAGGGCT,0
l6_TATCTCAGTACCCAAT,0
l6_TATCTCAGTATGGTTC,0
l6_TATCTCAGTCTTGATG,0
l6_TATCTCAGTGTGGTTT,2
l6_TATGCCCAGATGAGAG,4
l6_TATGCCCAGCCGATTT,1
l6_TATGCCCGTCACACGC,5
l6_TATGCCCGTCTGGTCG,5
l6_TATGCCCGTGGCCCTA,5
l6_TATGCCCTCCACGACG,2
l6_TATTACCAGGACAGCT,1
l6_TATTACCAGTTACGGG,4
l6_TATTACCAGTTGAGTA,0
l6_TATTACCCAGACGCTC,3
l6_TATTACCCATTAGCCA,2
l6_TATTACCGTCCGAACC,4
l6_TATTACCTCTCTTATG,3
l6_TATTACCTCTGGTGTA,0
l6_TCAACGAAGTGTCCAT,2
l6_TCAACGAAGTTAGGTA,1
l6_TCAACGAGTAGCAAAT,4
l6_TCAACGAGTCTCTTAT,2
l6_TCAACGAGTGTCGCTG,2
l6_TCAATCTAGAAACCAT,0
l6_TCAATCTAGTGAACAT,0
l6_TCAATCTCAAGCCCAC,0
l6_TCAATCTGTCTGGAGA,0
l6_TCAATCTTCATGCATG,2
l6_TCAATCTTCGCGTAGC,5
l6_TCAATCTTCTCTAAGG,0
l6_TCACAAGAGACTGTAA,0
l6_TCACAAGAGAGAACAG,2
l6_TCACAAGAGTGAATTG,3
l6_TCACAAGCAGCTGTAT,0
l6_TCACAAGCAGGTTTCA,0
l6_TCACAAGGTCGGATCC,2
l6_TCACAAGGTCTCACCT,0
l6_TCACAAGGTGTGGCTC,0
l6_TCACGAAAGTGTTTGC,1
l6_TCACGAACAATGAAAC,3
l6_TCACGAACAGACGCAA,0
l6_TCACGAAGTTGAGGTG,0
l6_TCACGAATCAAACCGT,0
l6_TCACGAATCCAAGTAC,0
l6_TCACGAATCCTTTACA,2
l6_TCAGATGAGTCAAGCG,2
l6_TCAGATGGTAGCTGCC,0
l6_TCAGATGGTCTAGCCG,4
l6_TCAGATGTCCTCATTA,2
l6_TCAGCAACAGGTGGAT,2
l6_TCAGCAAGTCAGGACA,0
l6_TCAGCAATCCGTCAAA,1
l6_TCAGCTCAGAGGGCTT,0
l6_TCAGCTCAGATAGCAT,0
l6_TCAGCTCCATGGGACA,6
l6_TCAGCTCGTATGAAAC,0
l6_TCAGCTCTCCTCCTAG,3
l6_TCAGCTCTCGTGACAT,2
l6_TCAGGATAGTCGTTTG,0
l6_TCAGGATAGTGGGCTA,0
l6_TCAGGATGTCCGAAGA,4
l6_TCAGGATGTCTAGCGC,3
l6_TCAGGATTCTCAACTT,3
l6_TCAGGTAAGCAACGGT,0
l6_TCAGGTAAGGCGCTCT,0
l6_TCAGGTACACGGCCAT,3
l6_TCAGGTAGTACGAAAT,0
l6_TCAGGTAGTCCTGCTT,6
l6_TCAGGTAGTCGCTTTC,0
l6_TCAGGTAGTGCCTGCA,4
l6_TCATTACAGGTGATTA,0
l6_TCATTACCAATCTGCA,0
l6_TCATTACCAGCTTCGG,0
l6_TCATTACCAGTACACT,0
l6_TCATTACTCAGAGCTT,0
l6_TCATTACTCGCTTGTC,2
l6_TCATTTGAGACAGAGA,2
l6_TCATTTGAGATTACCC,0
l6_TCATTTGAGTAGGTGC,0
l6_TCCACACAGCTCAACT,0
l6_TCCACACAGGCTAGGT,4
l6_TCCACACCACCACCAG,3
l6_TCCACACTCCTTAATC,0
l6_TCCCGATAGTTACGGG,6
l6_TCCCGATCACGAGAGT,1
l6_TCCCGATTCATAACCG,0
l6_TCCCGATTCCCTTGCA,1
l6_TCGAGGCAGGATATAC,0
l6_TCGAGGCAGGCTACGA,0
l6_TCGAGGCAGTCCCACG,0
l6_TCGAGGCCATTTCAGG,0
l6_TCGAGGCGTTATCCGA,2
l6_TCGAGGCTCACATACG,0
l6_TCGAGGCTCTAACGGT,0
l6_TCGAGGCTCTTTAGTC,0
l6_TCGCGAGAGAATTGTG,2
l6_TCGCGAGAGGTGCTTT,5
l6_TCGCGAGCACCAGGCT,0
l6_TCGCGAGTCGAGGTAG,0
l6_TCGCGAGTCGGGAGTA,2
l6_TCGCGTTAGAAGGCCT,0
l6_TCGCGTTAGGGAAACA,0
l6_TCGCGTTAGTGAAGTT,4
l6_TCGCGTTCATCACCCT,0
l6_TCGCGTTGTATATGAG,0
l6_TCGCGTTGTCTGCCAG,2
l6_TCGCGTTTCAGCTCTC,0
l6_TCGCGTTTCGAGCCCA,3
l6_TCGGGACAGAGGGATA,0
l6_TCGGGACAGGATCGCA,2
l6_TCGGGACAGTGTTAGA,0
l6_TCGGGACCAAGTTCTG,0
l6_TCGGGACCAGGAACGT,0
l6_TCGGGACCAGGTGCCT,0
l6_TCGGGACCATCTCGCT,3
l6_TCGGGACGTCAGCTAT,1
l6_TCGGGACGTTAGGGTG,0
l6_TCGGGACTCCAGTATG,0
l6_TCGGGACTCTCTTGAT,0
l6_TCGGGACTCTTCCTTC,6
l6_TCGGTAAAGAAGGGTA,1
l6_TCGGTAAAGAGTACCG,0
l6_TCGGTAAAGCTGCGAA,0
l6_TCGGTAAAGGCAGTCA,0
l6_TCGGTAAAGGCTCATT,1
l6_TCGGTAAAGTGGAGTC,0
l6_TCGGTAAAGTTCGCGC,6
l6_TCGGTAACATCCGTGG,0
l6_TCGGTAAGTAGAGCTG,2
l6_TCGGTAAGTCGACTAT,1
l6_TCGGTAAGTGTCCTCT,2
l6_TCGGTAATCACTTATC,0
l6_TCGGTAATCATGCATG,0
l6_TCGGTAATCGCCTGAG,3
l6_TCGTACCAGAAACCTA,5
l6_TCGTACCAGAGGACGG,4
l6_TCGTACCAGAGGTTAT,6
l6_TCGTACCAGCTAGGCA,0
l6_TCGTACCAGTAGGTGC,2
l6_TCGTACCAGTCGTTTG,0
l6_TCGTACCTCAGGCGAA,0
l6_TCGTACCTCATATCGG,4
l6_TCGTAGAAGTGGAGAA,4
l6_TCGTAGACATGAACCT,2
l6_TCGTAGACATGACGGA,1
l6_TCGTAGAGTAAACGCG,0
l6_TCGTAGAGTATCAGTC,0
l6_TCGTAGAGTTACAGAA,1
l6_TCTATTGAGCAATATG,0
l6_TCTATTGCACCCATGG,0
l6_TCTATTGCAGCTGTAT,2
l6_TCTATTGGTCTAGCCG,2
l6_TCTATTGGTGCACTTA,0
l6_TCTATTGTCAGGTTCA,0
l6_TCTCATAAGGCATTGG,1
l6_TCTCATAAGTTACCCA,1
l6_TCTCATACAGTTCATG,0
l6_TCTCATAGTATATGAG,3
l6_TCTCATATCAAACGGG,0
l6_TCTCATATCCCTAACC,0
l6_TCTCTAAAGCCAACAG,5
l6_TCTCTAAAGGCGACAT,5
l6_TCTCTAAAGGGTGTTG,0
l6_TCTCTAAAGTTCCACA,2
l6_TCTCTAACAGACTCGC,0
l6_TCTCTAACAGGTCTCG,1
l6_TCTCTAACATTGGCGC,0
l6_TCTCTAAGTAAATGAC,0
l6_TCTCTAAGTAGCTGCC,0
l6_TCTCTAATCAAGAAGT,2
l6_TCTCTAATCGTCTGCT,0
l6_TCTGAGAAGACTAGAT,4
l6_TCTGAGAAGATAGGAG,5
l6_TCTGAGAAGATCGATA,0
l6_TCTGAGAAGGCAATTA,3
l6_TCTGAGAGTACCGTTA,0
l6_TCTGAGAGTGGAAAGA,0
l6_TCTGAGAGTGTGACGA,0
l6_TCTGAGATCTACTCAT,0
l6_TCTGAGATCTTGACGA,1
l6_TCTGGAAAGAGGTTAT,2
l6_TCTGGAAAGATAGTCA,2
l6_TCTGGAAAGTGGAGTC,3
l6_TCTGGAAAGTTAGGTA,1
l6_TCTGGAACAGCTGTAT,0
l6_TCTGGAACAGGGATTG,0
l6_TCTGGAAGTAATCGTC,0
l6_TCTGGAAGTTACGTCA,0
l6_TCTGGAATCAACTCTT,0
l6_TCTGGAATCAGCCTAA,0
l6_TCTTCGGAGATATACG,4
l6_TCTTCGGAGCAGACTG,5
l6_TCTTCGGAGCGTGTCC,1
l6_TCTTCGGAGGCTCTTA,3
l6_TCTTCGGCAAGTTGTC,1
l6_TCTTCGGCAGCGTAAG,0
l6_TCTTCGGCATTGGCGC,2
l6_TCTTCGGTCTTGCAAG,0
l6_TCTTTCCAGCGTCTAT,0
l6_TCTTTCCAGTGTTGAA,0
l6_TCTTTCCCAAAGAATC,2
l6_TCTTTCCTCACCTCGT,2
l6_TCTTTCCTCAGGCAAG,3
l6_TGAAAGACAACCGCCA,0
l6_TGAAAGATCGCCAAAT,0
l6_TGACAACAGATATGCA,0
l6_TGACAACAGGCTCTTA,1
l6_TGACAACCAACTGCGC,1
l6_TGACAACCAATCAGAA,0
l6_TGACAACCATGGAATA,0
l6_TGACAACGTATTCTCT,1
l6_TGACAACTCCCTCTTT,0
l6_TGACGGCAGGCGCTCT,4
l6_TGACGGCCACGACGAA,0
l6_TGACGGCCACGTAAGG,5
l6_TGACGGCGTGTTTGTG,0
l6_TGACGGCGTTATGTGC,2
l6_TGACGGCGTTCACCTC,1
l6_TGACTAGAGTGTCCCG,0
l6_TGACTAGCAAGACACG,3
l6_TGACTAGGTCGTTGTA,3
l6_TGACTAGTCACTCCTG,5
l6_TGACTAGTCCAAACTG,2
l6_TGACTTTAGCACCGTC,0
l6_TGACTTTAGGACACCA,4
l6_TGACTTTAGGGCTTCC,0
l6_TGACTTTAGTACATGA,0
l6_TGACTTTCAATAGCAA,0
l6_TGACTTTCACAGTCGC,3
l6_TGACTTTCAGGTTTCA,3
l6_TGACTTTGTCGACTGC,4
l6_TGACTTTGTCTAACGT,1
l6_TGACTTTGTGACTACT,3
l6_TGACTTTGTTATCCGA,4
l6_TGACTTTGTTCGGGCT,2
l6_TGACTTTGTTGGTAAA,0
l6_TGACTTTTCAGCTCTC,2
l6_TGACTTTTCGCCGTGA,2
l6_TGAGAGGAGCGGATCA,0
l6_TGAGAGGAGCTAGTCT,3
l6_TGAGAGGCAGACAGGT,0
l6_TGAGAGGGTAGTAGTA,0
l6_TGAGAGGGTGGTCTCG,3
l6_TGAGAGGTCGCGATCG,0
l6_TGAGCATAGGCTAGCA,3
l6_TGAGCATAGTGTGAAT,0
l6_TGAGCATCAGTCACTA,3
l6_TGAGCATCATTCTCAT,4
l6_TGAGCATCATTGGTAC,1
l6_TGAGCATGTTCAGTAC,0
l6_TGAGCATTCATGCTCC,0
l6_TGAGCATTCGCCTGAG,2
l6_TGAGCATTCTATCCTA,0
l6_TGAGCATTCTCAAACG,6
l6_TGAGCCGAGCCCAGCT,1
l6_TGAGCCGAGTGCAAGC,4
l6_TGAGCCGCAAGGTTCT,0
l6_TGAGCCGCAATGACCT,2
l6_TGAGCCGCATATGGTC,0
l6_TGAGCCGTCAAGCCTA,3
l6_TGAGCCGTCCAAGTAC,0
l6_TGAGCCGTCCTAGGGC,4
l6_TGAGCCGTCTGTGCAA,0
l6_TGAGCCGTCTTCAACT,0
l6_TGAGGGAAGAATGTTG,0
l6_TGAGGGAAGCGTTCCG,2
l6_TGAGGGAAGCTATGCT,0
l6_TGAGGGAAGGTGACCA,3
l6_TGAGGGAAGTGGTAGC,2
l6_TGAGGGAGTAGCGTAG,3
l6_TGAGGGAGTGAAATCA,5
l6_TGAGGGAGTGAGGGTT,0
l6_TGAGGGAGTTGGAGGT,6
l6_TGAGGGATCAAACCGT,3
l6_TGATTTCCAAGTAATG,4
l6_TGATTTCCAGGTGCCT,3
l6_TGATTTCCATCACCCT,0
l6_TGATTTCGTACTTAGC,0
l6_TGATTTCGTAGCGCAA,4
l6_TGATTTCGTAGCGTGA,5
l6_TGATTTCGTGCAGACA,1
l6_TGATTTCGTGCTCTTC,1
l6_TGATTTCTCAACTCTT,5
l6_TGCACCTAGACTGGGT,3
l6_TGCACCTCAGCTGTGC,0
l6_TGCACCTGTAGCGTAG,6
l6_TGCACCTGTATTACCG,2
l6_TGCACCTGTCTCCACT,2
l6_TGCACCTTCATCATTC,2
l6_TGCACCTTCATGTGGT,0
l6_TGCACCTTCCCTAATT,1
l6_TGCCAAAAGCTTTGGT,0
l6_TGCCAAAAGGCTCATT,0
l6_TGCCAAAAGTACCGGA,3
l6_TGCCAAAAGTGATCGG,0
l6_TGCCAAACAAGACACG,3
l6_TGCCAAACACTTGGAT,0
l6_TGCCAAACATTCACTT,1
l6_TGCCAAAGTGCAGACA,0
l6_TGCCAAAGTTGCTCCT,0
l6_TGCCCATAGGTACTCT,6
l6_TGCCCATAGGTGGGTT,0
l6_TGCCCATAGTTACGGG,0
l6_TGCCCATCAAGTCATC,3
l6_TGCCCATCACTTCTGC,3
l6_TGCCCATCATTATCTC,0
l6_TGCCCATGTCCGAATT,0
l6_TGCCCATGTTGCGTTA,0
l6_TGCCCATTCACCGTAA,0
l6_TGCCCATTCGATAGAA,0
l6_TGCCCATTCTCTGTCG,1
l6_TGCCCTAAGACTCGGA,0
l6_TGCCCTAAGCGATAGC,0
l6_TGCCCTAGTACGCACC,0
l6_TGCCCTAGTTCACGGC,0
l6_TGCGCAGCAAACGCGA,6
l6_TGCGCAGCAAGACGTG,4
l6_TGCGCAGCAGCTCGCA,6
l6_TGCGCAGGTGACAAAT,0
l6_TGCGCAGTCACTCTTA,0
l6_TGCGCAGTCTACTATC,2
l6_TGCGGGTAGCCAGAAC,0
l6_TGCGGGTAGCGCCTCA,0
l6_TGCGGGTAGTGCCATT,0
l6_TGCGGGTGTGACGGTA,0
l6_TGCGGGTGTTCGTGAT,0
l6_TGCGGGTTCGGCGCAT,2
l6_TGCGTGGCAGGCGATA,1
l6_TGCGTGGCATATACGC,2
l6_TGCGTGGGTGTGGTTT,1
l6_TGCGTGGTCATATCGG,0
l6_TGCGTGGTCCAAAGTC,0
l6_TGCTACCCACTAAGTC,0
l6_TGCTACCCATTCTTAC,2
l6_TGCTACCGTCTTCGTC,0
l6_TGCTACCTCAACACGT,0
l6_TGCTACCTCACATACG,0
l6_TGCTACCTCGGCGCTA,3
l6_TGCTACCTCTTCAACT,5
l6_TGCTGCTCACGAGGTA,4
l6_TGCTGCTCAGTGAGTG,5
l6_TGGACGCAGAAACCGC,4
l6_TGGACGCAGAGCTGGT,6
l6_TGGACGCAGGAGTTTA,0
l6_TGGACGCAGTGTTGAA,0
l6_TGGACGCCAAGCTGGA,1
l6_TGGACGCCAATGGACG,0
l6_TGGACGCCAGGACCCT,1
l6_TGGACGCGTCCGTCAG,0
l6_TGGACGCGTCTTGCGG,0
l6_TGGACGCTCTCGTATT,1
l6_TGGCCAGAGACAGAGA,2
l6_TGGCCAGAGCCATCGC,5
l6_TGGCCAGCACTGTCGG,0
l6_TGGCCAGCAGACAGGT,0
l6_TGGCCAGCAGTTCCCT,0
l6_TGGCCAGCATTGGGCC,0
l6_TGGCCAGGTAAGGGCT,0
l6_TGGCCAGGTATCTGCA,2
l6_TGGCCAGTCACAGTAC,0
l6_TGGCCAGTCGGCGCTA,0
l6_TGGCGCAAGATCTGAA,0
l6_TGGCGCAAGCGTAGTG,0
l6_TGGCGCAAGGACAGCT,0
l6_TGGCGCACACATCCGG,3
l6_TGGCGCATCGCCCTTA,0
l6_TGGCTGGAGAGGTTAT,2
l6_TGGCTGGAGCCCGAAA,3
l6_TGGCTGGCATCGGGTC,0
l6_TGGCTGGGTCTAGGTT,0
l6_TGGCTGGTCACCGGGT,2
l6_TGGCTGGTCAGCAACT,3
l6_TGGCTGGTCAGCTGGC,0
l6_TGGGAAGAGGATCGCA,0
l6_TGGGAAGAGTCTCAAC,0
l6_TGGGAAGCAATAGAGT,2
l6_TGGGAAGCAGACAGGT,0
l6_TGGGAAGCAGGACCCT,1
l6_TGGGAAGGTAGCGTAG,3
l6_TGGGAAGGTCGAGTTT,3
l6_TGGGAAGGTTACGTCA,0
l6_TGGGAAGTCCACGCAG,4
l6_TGGGCGTGTCCGTGAC,0
l6_TGGGCGTGTTATCGGT,4
l6_TGGGCGTTCCAGTATG,6
l6_TGGGCGTTCTTACCGC,1
l6_TGGTTAGAGACTAGGC,1
l6_TGGTTAGCACATTAGC,0
l6_TGGTTAGCAGCCTGTG,1
l6_TGGTTAGCATCAGTAC,0
l6_TGGTTAGCATTATCTC,0
l6_TGGTTAGGTCGCCATG,3
l6_TGGTTAGGTTAGTGGG,1
l6_TGGTTAGGTTCCACTC,0
l6_TGGTTAGTCACCAGGC,0
l6_TGGTTCCAGACGCACA,2
l6_TGGTTCCAGCTAACAA,4
l6_TGGTTCCCAGCAGTTT,0
l6_TGGTTCCCAGGGTATG,5
l6_TGGTTCCGTATGAATG,0
l6_TGGTTCCGTCTAGCGC,0
l6_TGTATTCAGACCACGA,0
l6_TGTATTCCAGCTGTGC,0
l6_TGTATTCGTACACCGC,5
l6_TGTATTCGTACAGCAG,4
l6_TGTATTCGTTATCGGT,0
l6_TGTATTCGTTGTGGAG,0
l6_TGTATTCTCGGATGTT,2
l6_TGTATTCTCTACCTGC,1
l6_TGTCCCAGTAAGTGGC,3
l6_TGTCCCATCATACGGT,0
l6_TGTCCCATCCCGACTT,0
l6_TGTGGTAAGCCCAGCT,6
l6_TGTGGTAAGGTGTGGT,0
l6_TGTGGTAAGGTTCCTA,4
l6_TGTGGTACAATCCAAC,5
l6_TGTGGTACACCACCAG,1
l6_TGTGGTATCGGTGTCG,1
l6_TGTGTTTAGACTTGAA,3
l6_TGTGTTTAGAGTTGGC,0
l6_TGTGTTTAGATCCCAT,0
l6_TGTGTTTCATAGGATA,1
l6_TGTGTTTCATCGGGTC,0
l6_TGTGTTTCATGGATGG,0
l6_TGTGTTTGTAAAGTCA,0
l6_TGTGTTTGTAGAAGGA,0
l6_TGTGTTTTCATATCGG,3
l6_TGTGTTTTCCAGTATG,0
l6_TGTGTTTTCCTTGGTC,2
l6_TGTGTTTTCGTACCGG,2
l6_TGTTCCGAGTGTTTGC,0
l6_TGTTCCGGTCATATGC,0
l6_TGTTCCGGTCTTCGTC,3
l6_TGTTCCGGTTGGAGGT,2
l6_TTAACTCAGAGCAATT,2
l6_TTAACTCAGCGTAGTG,2
l6_TTAACTCAGGCGATAC,4
l6_TTAACTCCAATCAGAA,1
l6_TTAACTCCAGGTTTCA,3
l6_TTAACTCCAGTAAGAT,0
l6_TTAGGACAGGTCGGAT,2
l6_TTAGGACCAATAGCAA,0
l6_TTAGGACGTAACGTTC,0
l6_TTAGGACTCATTCACT,0
l6_TTAGGCAGTCGCGAAA,1
l6_TTAGGCATCAGATAAG,0
l6_TTAGGCATCCAACCAA,2
l6_TTAGTTCCAGGATTGG,0
l6_TTAGTTCGTAGATTAG,0
l6_TTAGTTCGTCACACGC,1
l6_TTAGTTCGTTTAAGCC,2
l6_TTAGTTCTCCTGCTTG,0
l6_TTATGCTAGCGTCTAT,0
l6_TTATGCTAGGCACATG,1
l6_TTATGCTCAAATACAG,0
l6_TTATGCTCACCGATAT,3
l6_TTATGCTCAGGCTGAA,0
l6_TTATGCTCATCAGTAC,5
l6_TTCCCAGAGACACGAC,3
l6_TTCCCAGTCGTTACAG,0
l6_TTCCCAGTCTCGAGTA,1
l6_TTCGAAGAGTGTCCAT,3
l6_TTCGAAGCAGCTTAAC,2
l6_TTCGAAGGTCATATCG,0
l6_TTCGAAGGTGAAATCA,0
l6_TTCGAAGTCAGAGACG,0
l6_TTCGAAGTCTTCCTTC,4
l6_TTCGAAGTCTTGTCAT,0
l6_TTCGGTCAGACACTAA,0
l6_TTCGGTCAGCCCAATT,6
l6_TTCGGTCCAAGGGTCA,0
l6_TTCGGTCCACATTAGC,4
l6_TTCGGTCCACTTAACG,2
l6_TTCGGTCGTGGACGAT,2
l6_TTCGGTCGTTAAGAAC,2
l6_TTCGGTCTCACCTCGT,1
l6_TTCGGTCTCAGGTTCA,1
l6_TTCGGTCTCGCCATAA,0
l6_TTCTACAAGACTAGAT,0
l6_TTCTACACAATCCGAT,1
l6_TTCTACACACACGCTG,2
l6_TTCTACAGTCCGAGTC,0
l6_TTCTACATCAGGCGAA,2
l6_TTCTACATCTTCTGGC,0
l6_TTCTCAAAGCTCTCGG,0
l6_TTCTCAAAGGCTCTTA,6
l6_TTCTCAACACCGCTAG,2
l6_TTCTCCTAGCTCCTTC,0
l6_TTCTCCTAGGACGAAA,1
l6_TTCTCCTAGTGACTCT,0
l6_TTCTCCTCAGTCCTTC,2
l6_TTCTCCTCATATACGC,2
l6_TTCTCCTGTCGTCTTC,1
l6_TTCTCCTGTCGTTGTA,2
l6_TTCTCCTGTGATGCCC,4
l6_TTCTCCTGTTGGTAAA,1
l6_TTCTCCTTCAGAAATG,0
l6_TTCTCCTTCCTCTAGC,2
l6_TTCTTAGAGTCCATAC,0
l6_TTCTTAGGTACCATCA,0
l6_TTCTTAGGTCGACTAT,4
l6_TTCTTAGGTTAAGAAC,0
l6_TTGAACGAGCCGATTT,0
l6_TTGAACGAGGACAGAA,0
l6_TTGAACGAGGGTCGAT,4
l6_TTGAACGAGTGCAAGC,0
l6_TTGAACGAGTGGAGTC,3
l6_TTGAACGCAAAGGCGT,0
l6_TTGAACGCATCCTTGC,0
l6_TTGAACGTCTAACTTC,2
l6_TTGACTTAGAGCAATT,2
l6_TTGACTTAGGATGGTC,6
l6_TTGCCGTAGGACACCA,0
l6_TTGCCGTCAAGTAGTA,0
l6_TTGCCGTGTAATAGCA,5
l6_TTGCCGTGTCTGATCA,0
l6_TTGCCGTGTTATGTGC,0
l6_TTGCCGTTCAAGGTAA,0
l6_TTGCCGTTCAGAAATG,0
l6_TTGCCGTTCATACGGT,1
l6_TTGCCGTTCGCCATAA,4
l6_TTGCCGTTCTTAACCT,0
l6_TTGCGTCAGTTCCACA,0
l6_TTGCGTCCACAGACAG,0
l6_TTGCGTCGTCCGAACC,2
l6_TTGCGTCGTGGGTATG,0
l6_TTGCGTCTCTGCCAGG,2
l6_TTGCGTCTCTGTCAAG,2
l6_TTGGAACAGATAGGAG,1
l6_TTGGAACAGCGTTTAC,0
l6_TTGGAACAGGTGATAT,0
l6_TTGGAACAGTCTCCTC,3
l6_TTGGAACAGTTAAGTG,3
l6_TTGGAACCACAGATTC,1
l6_TTGGAACCACCTGGTG,0
l6_TTGGAACGTCGTTGTA,5
l6_TTGGAACTCCCGGATG,4
l6_TTGGAACTCTACTATC,2
l6_TTGGCAAAGCAAATCA,2
l6_TTGGCAAAGGCTATCT,0
l6_TTGGCAACATCCGTGG,0
l6_TTGGCAAGTAGCAAAT,6
l6_TTGTAGGAGGGATGGG,0
l6_TTGTAGGAGTTCGCAT,3
l6_TTGTAGGCAGCTGCAC,2
l6_TTGTAGGGTAGGAGTC,0
l6_TTGTAGGGTAGTACCT,1
l6_TTGTAGGGTAGTGAAT,5
l6_TTGTAGGGTTACCGAT,4
l6_TTGTAGGGTTGGTGGA,2
l6_TTGTAGGTCTTTACGT,0
l6_TTTACTGAGGAGTTGC,6
l6_TTTACTGAGTCCATAC,0
l6_TTTACTGGTCGAGATG,2
l6_TTTACTGTCTCATTCA,4
l6_TTTATGCAGGGATGGG,0
l6_TTTATGCAGTTAGCGG,0
l6_TTTATGCGTCCATGAT,0
l6_TTTATGCGTTATGCGT,0
l6_TTTCCTCCACGGCTAC,0
l6_TTTCCTCCAGAGTGTG,3
l6_TTTCCTCGTGACCAAG,0
l6_TTTCCTCTCCGGGTGT,2
l6_TTTCCTCTCGCTTGTC,2
l6_TTTCCTCTCTGTCAAG,0
l6_TTTCCTCTCTTAGAGC,2
l6_TTTGCGCAGTCGTACT,1
l6_TTTGCGCCAATGGACG,0
l6_TTTGCGCCATATGAGA,0
l6_TTTGCGCGTACCCAAT,3
l6_TTTGCGCGTTACAGAA,0
l6_TTTGCGCTCTACTTAC,1
l6_TTTGGTTCAGGAATGC,2
l6_TTTGGTTGTCTGATTG,2
l6_TTTGGTTTCGAACTGT,0
l6_TTTGGTTTCGGCATCG,0
l6_TTTGTCAAGAAGGGTA,3
l6_TTTGTCAGTAGTAGTA,0
l6_TTTGTCAGTCACAAGG,0
l6_TTTGTCAGTTATCACG,0
l6_TTTGTCATCACGATGT,3
l6_TTTGTCATCCAGTAGT,3
l6_TTTGTCATCCGGCACA,4
l6_TTTGTCATCTGCGACG,4
l6_TTTGTCATCTGGAGCC,1
l7_AAACCTGAGCAGACTG,1
l7_AAACCTGCACGGCCAT,2
l7_AAACCTGCAGCCAGAA,0
l7_AAACCTGTCCTGTACC,0
l7_AAACCTGTCGTTTAGG,2
l7_AAACCTGTCTTGACGA,0
l7_AAACGGGCATACCATG,3
l7_AAACGGGGTACCGGCT,0
l7_AAACGGGGTGTCCTCT,3
l7_AAACGGGGTTACGACT,4
l7_AAACGGGGTTCGGGCT,0
l7_AAAGATGAGACGACGT,0
l7_AAAGATGAGGCATGTG,0
l7_AAAGATGAGGTGGGTT,2
l7_AAAGATGAGTACACCT,0
l7_AAAGATGCAGCGAACA,0
l7_AAAGATGCATGTAGTC,4
l7_AAAGATGGTGCCTGTG,1
l7_AAAGATGTCAACACAC,0
l7_AAAGATGTCTTTAGGG,0
l7_AAAGATGTCTTTAGTC,4
l7_AAAGCAAAGAGCTGGT,2
l7_AAAGCAAAGGCCGAAT,0
l7_AAAGCAAAGTAGATGT,0
l7_AAAGCAATCAAACAAG,0
l7_AAAGCAATCCGCATAA,3
l7_AAAGCAATCTATCCTA,2
l7_AAAGTAGCACAAGACG,2
l7_AAAGTAGCATTGTGCA,0
l7_AAAGTAGGTGTTTGTG,2
l7_AAAGTAGTCAACACAC,0
l7_AAATGCCAGACTAGGC,0
l7_AAATGCCAGGAGCGAG,2
l7_AAATGCCAGTTCCACA,0
l7_AAATGCCCAAAGGTGC,2
l7_AAATGCCCACACCGCA,1
l7_AAATGCCCATCCAACA,0
l7_AAATGCCGTGCAGACA,0
l7_AAATGCCGTGCCTGCA,0
l7_AAATGCCGTGGTTTCA,6
l7_AAATGCCGTTCACGGC,0
l7_AAATGCCTCAAACAAG,0
l7_AAATGCCTCCTCATTA,5
l7_AAATGCCTCGATGAGG,4
l7_AAATGCCTCTTTAGTC,2
l7_AACACGTCAAAGCGGT,0
l7_AACACGTGTTGTCTTT,0
l7_AACACGTTCTCGAGTA,3
l7_AACACGTTCTGCTGTC,4
l7_AACCATGGTCATTAGC,0
l7_AACCATGGTCCAACTA,0
l7_AACCATGGTGCCTGGT,2
l7_AACCATGGTTCAACCA,1
l7_AACCATGTCTGATACG,6
l7_AACCGCGAGATGGCGT,0
l7_AACCGCGTCTGCAGTA,0
l7_AACGTTGCAGGATCGA,0
l7_AACGTTGGTAGGACAC,4
l7_AACGTTGGTCAGAAGC,3
l7_AACTCAGAGTGGGTTG,0
l7_AACTCAGCAAGCGAGT,0
l7_AACTCAGGTCCTCTTG,2
l7_AACTCAGGTGGCTCCA,1
l7_AACTCAGTCCATGCTC,0
l7_AACTCCCAGACGCTTT,1
l7_AACTCCCAGCCGTCGT,0
l7_AACTCCCCAAAGGTGC,2
l7_AACTCCCTCAACACAC,3
l7_AACTCTTCAAATCCGT,0
l7_AACTCTTCAGGTGCCT,3
l7_AACTCTTCATGACGGA,1
l7_AACTCTTGTAAGGATT,3
l7_AACTGGTAGATGTTAG,2
l7_AACTGGTAGCAATCTC,0
l7_AACTGGTAGGGATGGG,0
l7_AACTGGTAGTGGAGTC,0
l7_AACTGGTCACAAGTAA,5
l7_AACTGGTCAGCTCGCA,0
l7_AACTGGTGTGCATCTA,0
l7_AACTGGTTCCAATGGT,1
l7_AACTGGTTCTTGCATT,0
l7_AACTTTCAGCCCTAAT,1
l7_AACTTTCCAACTTGAC,2
l7_AACTTTCGTCTCGTTC,3
l7_AACTTTCGTGATAAAC,0
l7_AACTTTCGTTAAGAAC,3
l7_AAGACCTAGACACTAA,0
l7_AAGACCTAGCCAGTAG,0
l7_AAGACCTAGCGATGAC,0
l7_AAGACCTAGCGCTCCA,2
l7_AAGACCTAGGCTAGGT,0
l7_AAGACCTAGTGTTAGA,0
l7_AAGACCTCAAACCCAT,0
l7_AAGACCTCAAGCCGCT,2
l7_AAGACCTCAAGGACTG,5
l7_AAGACCTCAGCCTTGG,4
l7_AAGACCTCAGCTCGCA,4
l7_AAGACCTCAGCTGCTG,0
l7_AAGACCTCATTAGGCT,0
l7_AAGACCTGTAGTAGTA,0
l7_AAGACCTGTATGAATG,0
l7_AAGACCTTCCGCGTTT,5
l7_AAGACCTTCTTAGAGC,0
l7_AAGCCGCAGACTTGAA,1
l7_AAGCCGCAGAGCTTCT,0
l7_AAGCCGCAGCTAACAA,1
l7_AAGCCGCAGTTCGCGC,2
l7_AAGCCGCCACACGCTG,0
l7_AAGCCGCGTCATACTG,4
l7_AAGCCGCTCAACACGT,0
l7_AAGGAGCAGAGCTATA,4
l7_AAGGAGCAGATCCTGT,0
l7_AAGGAGCAGCCAGTAG,0
l7_AAGGAGCAGGTAGCCA,3
l7_AAGGAGCAGTTACCCA,0
l7_AAGGAGCCAATGTAAG,4
l7_AAGGAGCCAGCTATTG,0
l7_AAGGAGCTCGCGTTTC,6
l7_AAGGCAGAGGCAATTA,0
l7_AAGGCAGGTCATCGGC,3
l7_AAGGCAGGTCCTCTTG,0
l7_AAGGCAGGTTCCACAA,0
l7_AAGGCAGTCCCTCTTT,0
l7_AAGGCAGTCTGATTCT,0
l7_AAGGCAGTCTGCGACG,0
l7_AAGGCAGTCTGGTATG,2
l7_AAGGTTCAGTACCGGA,2
l7_AAGGTTCCATCACAAC,3
l7_AAGGTTCGTATATGAG,0
l7_AAGGTTCGTCCTCTTG,0
l7_AAGGTTCGTGATGTCT,0
l7_AAGGTTCGTTAAGACA,3
l7_AAGGTTCGTTCGCTAA,4
l7_AAGGTTCTCAACTCTT,2
l7_AAGGTTCTCCAGAGGA,3
l7_AAGGTTCTCGAACGGA,0
l7_AAGGTTCTCTCGCTTG,3
l7_AAGTCTGAGACTACAA,0
l7_AAGTCTGAGCGCCTCA,0
l7_AAGTCTGAGGCACATG,0
l7_AAGTCTGCACAGACAG,1
l7_AAGTCTGCAGTCTTCC,3
l7_AAGTCTGCATTCCTCG,1
l7_AAGTCTGTCAGCGACC,2
l7_AAGTCTGTCGAATGGG,4
l7_AAGTCTGTCGTTTGCC,0
l7_AATCCAGAGCCACGTC,0
l7_AATCCAGCAAGTTAAG,0
l7_AATCCAGGTAGCTGCC,1
l7_AATCCAGGTGCACTTA,4
l7_AATCCAGGTGTGGTTT,3
l7_AATCCAGTCCCTCTTT,1
l7_AATCCAGTCGGCGCAT,2
l7_AATCCAGTCGTCCAGG,3
l7_AATCGGTAGCTTTGGT,0
l7_AATCGGTAGTCAAGCG,0
l7_AATCGGTCAAGGACTG,2
l7_AATCGGTGTTGTTTGG,0
l7_AATCGGTTCACCATAG,0
l7_ACACCAAAGGACACCA,1
l7_ACACCAAAGGACTGGT,4
l7_ACACCAAGTACCCAAT,0
l7_ACACCAAGTGAGTGAC,0
l7_ACACCCTAGGACGAAA,0
l7_ACACCCTTCGCGGATC,4
l7_ACACCGGAGTGTACGG,2
l7_ACACCGGCAAGCCTAT,2
l7_ACACCGGCACATTCGA,3
l7_ACACCGGCAGACGCTC,0
l7_ACACCGGGTACGACCC,0
l7_ACACCGGGTCAATACC,2
l7_ACACCGGGTCAGATAA,0
l7_ACACTGAAGGCAGGTT,4
l7_ACACTGAGTCAACATC,0
l7_ACACTGAGTCGCCATG,0
l7_ACACTGATCTGGAGCC,0
l7_ACAGCCGAGATAGCAT,0
l7_ACAGCCGAGGGTGTGT,0
l7_ACAGCCGAGGTGATTA,1
l7_ACAGCCGAGTACGACG,0
l7_ACAGCCGCAAGCTGAG,3
l7_ACAGCCGCAATCCGAT,3
l7_ACAGCCGCACCGGAAA,0
l7_ACAGCCGCATCTCCCA,1
l7_ACAGCCGGTTCGCGAC,0
l7_ACAGCCGTCTGCGGCA,6
l7_ACAGCTAAGATTACCC,1
l7_ACAGCTAAGTCTTGCA,2
l7_ACAGCTAGTGCGATAG,3
l7_ACAGCTATCGGTGTTA,5
l7_ACATACGGTCATGCAT,0
l7_ACATACGTCACTTCAT,0
l7_ACATCAGAGAGGGCTT,0
l7_ACATCAGAGCGAAGGG,0
l7_ACATCAGAGCGATGAC,4
l7_ACATCAGAGTATTGGA,1
l7_ACATCAGCACACGCTG,0
l7_ACATCAGCACACTGCG,2
l7_ACATCAGCACAGATTC,0
l7_ACATCAGCATCGGTTA,0
l7_ACATCAGTCAAACAAG,0
l7_ACATCAGTCAACGGGA,0
l7_ACATCAGTCATGTAGC,6
l7_ACATCAGTCCCAAGAT,2
l7_ACATCAGTCTCTTATG,1
l7_ACATCAGTCTGGTTCC,0
l7_ACATGGTAGAAACGAG,2
l7_ACATGGTCAAACTGTC,4
l7_ACATGGTGTACAGTGG,3
l7_ACATGGTGTTTAGCTG,0
l7_ACATGGTTCCGTCATC,0
l7_ACCAGTAAGACAATAC,1
l7_ACCAGTAAGCGTTCCG,1
l7_ACCAGTAAGCGTTTAC,0
l7_ACCAGTAAGTAAGTAC,0
l7_ACCAGTAAGTGCGTGA,0
l7_ACCAGTAAGTGTTGAA,0
l7_ACCAGTACACACCGCA,0
l7_ACCAGTACAGGCGATA,1
l7_ACCAGTACAGGCTCAC,0
l7_ACCAGTACATGCAATC,0
l7_ACCAGTACATTCTTAC,2
l7_ACCCACTAGAGACTTA,0
l7_ACCCACTAGAGGTAGA,0
l7_ACCCACTAGCCAACAG,0
l7_ACCCACTCAATCGGTT,0
l7_ACCCACTCATTCACTT,0
l7_ACCCACTGTACCGAGA,0
l7_ACCGTAAAGAGCCCAA,2
l7_ACCGTAAAGCTACCTA,1
l7_ACCGTAAAGCTGCGAA,2
l7_ACCGTAAAGTGTTTGC,0
l7_ACCGTAACACGACGAA,2
l7_ACCGTAACAGGGATTG,0
l7_ACCGTAACATGGATGG,0
l7_ACCGTAAGTAGAGCTG,1
l7_ACCGTAATCAGGTAAA,0
l7_ACCGTAATCATTCACT,4
l7_ACCTTTAAGCCAACAG,0
l7_ACCTTTAAGCGTCTAT,0
l7_ACCTTTACACCGGAAA,0
l7_ACCTTTAGTTCTGAAC,2
l7_ACCTTTATCGACAGCC,6
l7_ACGAGCCAGTAAGTAC,0
l7_ACGAGCCCACAGACTT,4
l7_ACGAGCCCATGGAATA,2
l7_ACGAGCCGTACCATCA,0
l7_ACGAGCCGTAGAGTGC,3
l7_ACGAGCCGTATATGAG,0
l7_ACGAGGAAGGTGTGGT,0
l7_ACGAGGACATTGTGCA,6
l7_ACGAGGATCACCGTAA,0
l7_ACGAGGATCCGCTGTT,3
l7_ACGATACCACATAACC,4
l7_ACGATACGTTACGGAG,0
l7_ACGATACTCACAAACC,0
l7_ACGATGTAGACGCAAC,0
l7_ACGATGTCAGCTGTAT,0
l7_ACGATGTCAGGACCCT,0
l7_ACGATGTCATATACCG,3
l7_ACGATGTGTGCTGTAT,2
l7_ACGCAGCAGATGGGTC,0
l7_ACGCAGCAGCAGATCG,0
l7_ACGCAGCCAGGGCATA,0
l7_ACGCAGCGTACTTCTT,0
l7_ACGCAGCGTCCTAGCG,0
l7_ACGCAGCGTCGGCATC,4
l7_ACGCAGCTCACCTTAT,0
l7_ACGCAGCTCATCTGTT,1
l7_ACGCAGCTCTACTCAT,2
l7_ACGCCAGAGAGGGCTT,0
l7_ACGCCAGAGCCCAATT,0
l7_ACGCCAGAGCGTCAAG,6
l7_ACGCCAGAGTCATGCT,6
l7_ACGCCAGCACCAACCG,0
l7_ACGCCAGCAGGGTATG,0
l7_ACGCCAGGTACATCCA,0
l7_ACGCCAGGTCTCACCT,1
l7_ACGCCAGGTGTTCGAT,1
l7_ACGCCAGTCAGCTGGC,0
l7_ACGCCAGTCCTCTAGC,0
l7_ACGCCGAAGTGTTTGC,2
l7_ACGCCGACAAGGTTTC,0
l7_ACGCCGACATCGACGC,1
l7_ACGCCGAGTCTTCTCG,5
l7_ACGCCGAGTTCAACCA,0
l7_ACGCCGATCCACGTTC,0
l7_ACGCCGATCCGTAGGC,0
l7_ACGCCGATCCTATGTT,2
l7_ACGCCGATCTGCAAGT,6
l7_ACGGAGAAGATGTAAC,1
l7_ACGGAGAAGCTAGTCT,0
l7_ACGGAGACACACAGAG,3
l7_ACGGAGAGTCCTAGCG,0
l7_ACGGAGATCAGAAATG,5
l7_ACGGAGATCTACCAGA,1
l7_ACGGCCAAGAAACCAT,2
l7_ACGGCCAAGGGAACGG,0
l7_ACGGCCAAGTTAGCGG,3
l7_ACGGCCACAGGCGATA,0
l7_ACGGCCACATATGGTC,0
l7_ACGGGCTAGCTCCCAG,0
l7_ACGGGCTCAAGGTTTC,0
l7_ACGGGCTTCATGTGGT,0
l7_ACGGGTCAGCACAGGT,0
l7_ACGGGTCAGGAATCGC,2
l7_ACGGGTCAGTGAAGTT,1
l7_ACGGGTCCACTGAAGG,0
l7_ACGGGTCGTACTTCTT,0
l7_ACGGGTCTCAGATAAG,0
l7_ACGGGTCTCCTATTCA,1
l7_ACGTCAAAGGATGTAT,1
l7_ACGTCAACAGCCTTTC,0
l7_ACGTCAAGTAAATACG,4
l7_ACGTCAAGTAGAGTGC,3
l7_ACGTCAAGTCCAGTAT,2
l7_ACGTCAATCGTTTAGG,0
l7_ACGTCAATCTGCGGCA,0
l7_ACTATCTAGGCGATAC,3
l7_ACTATCTAGTCTCCTC,4
l7_ACTATCTAGTTGAGTA,6
l7_ACTATCTCAATCAGAA,1
l7_ACTATCTCATTGTGCA,2
l7_ACTATCTTCAGGTAAA,6
l7_ACTATCTTCCGTCATC,0
l7_ACTGAACAGGTGTTAA,0
l7_ACTGAACGTCATTAGC,0
l7_ACTGAACTCTGATACG,0
l7_ACTGAGTCAAAGGAAG,0
l7_ACTGAGTCAAATTGCC,0
l7_ACTGAGTCATGGTTGT,3
l7_ACTGAGTGTAGCTGCC,0
l7_ACTGAGTTCGCGTTTC,6
l7_ACTGATGAGCAGATCG,0
l7_ACTGATGAGGTAAACT,0
l7_ACTGATGCAGTGGGAT,1
l7_ACTGATGGTAGCGCTC,2
l7_ACTGATGGTAGGACAC,0
l7_ACTGATGGTAGGAGTC,0
l7_ACTGATGGTTCCACAA,6
l7_ACTGCTCAGAACTCGG,0
l7_ACTGCTCAGCGTTGCC,0
l7_ACTGCTCCACGCGAAA,5
l7_ACTGCTCTCAACACCA,3
l7_ACTGCTCTCTCCGGTT,2
l7_ACTGTCCAGAGACTTA,0
l7_ACTGTCCAGCTCCCAG,3
l7_ACTGTCCAGGCTCAGA,0
l7_ACTGTCCAGTTAGGTA,0
l7_ACTGTCCCACTATCTT,5
l7_ACTGTCCCAGGTGGAT,4
l7_ACTGTCCGTCGATTGT,0
l7_ACTGTCCTCAAAGTAG,0
l7_ACTGTCCTCACCATAG,4
l7_ACTGTCCTCGCGCCAA,3
l7_ACTGTCCTCGTGGTCG,1
l7_ACTTACTAGCCTCGTG,2
l7_ACTTACTAGGACTGGT,3
l7_ACTTACTAGGTGATAT,1
l7_ACTTACTCAGGGTACA,0
l7_ACTTACTCAGTGACAG,1
l7_ACTTACTGTCTGCGGT,2
l7_ACTTACTGTGTATGGG,0
l7_ACTTACTTCCCTTGCA,0
l7_ACTTGTTAGTGCCAGA,3
l7_ACTTGTTCACCACCAG,1
l7_ACTTGTTCACTGAAGG,0
l7_ACTTGTTGTCTCTTTA,4
l7_ACTTGTTGTGATGTCT,2
l7_ACTTGTTGTGCGGTAA,2
l7_ACTTGTTTCACTCTTA,1
l7_ACTTGTTTCCTTCAAT,0
l7_ACTTGTTTCGAACTGT,4
l7_ACTTGTTTCTTCGGTC,3
l7_ACTTTCAAGGTTACCT,0
l7_ACTTTCAGTGTCTGAT,6
l7_ACTTTCAGTTCTGGTA,0
l7_ACTTTCATCTGAAAGA,0
l7_AGAATAGAGCCTTGAT,0
l7_AGAATAGCACTGTCGG,1
l7_AGAATAGGTTGAACTC,0
l7_AGACGTTCAAGCTGGA,0
l7_AGACGTTCATGGGACA,3
l7_AGACGTTGTAATTGGA,2
l7_AGACGTTGTCATGCCG,0
l7_AGACGTTGTGAAGGCT,1
l7_AGACGTTGTTTCCACC,0
l7_AGACGTTTCAATACCG,2
l7_AGACGTTTCCGCAAGC,6
l7_AGAGCGAAGACAAGCC,0
l7_AGAGCGAAGATATGCA,4
l7_AGAGCGAAGATGGCGT,0
l7_AGAGCGAAGTCGATAA,0
l7_AGAGCGACATGCAACT,3
l7_AGAGCGAGTATAGGGC,0
l7_AGAGCGAGTTTGACTG,0
l7_AGAGCGATCGGTTCGG,2
l7_AGAGCGATCTGCCAGG,4
l7_AGAGCTTAGCCCAGCT,0
l7_AGAGCTTAGCGCCTCA,0
l7_AGAGCTTCAGTATGCT,0
l7_AGAGCTTCATCCCACT,0
l7_AGAGCTTCATGCTAGT,0
l7_AGAGCTTGTCATACTG,2
l7_AGAGCTTTCGAATGCT,1
l7_AGAGCTTTCGGTGTTA,0
l7_AGAGCTTTCTGCCAGG,1
l7_AGAGTGGCACTGTCGG,0
l7_AGAGTGGCAGTATCTG,4
l7_AGAGTGGGTAAAGTCA,0
l7_AGAGTGGTCCTGCAGG,2
l7_AGATCTGAGAAGGACA,0
l7_AGATCTGAGTACGTTC,0
l7_AGATCTGTCGAATGGG,0
l7_AGATCTGTCGCCATAA,0
l7_AGATTGCAGATATACG,0
l7_AGATTGCCACGGCCAT,4
l7_AGATTGCGTAAAGGAG,1
l7_AGATTGCGTAGGCATG,3
l7_AGATTGCGTCCGTTAA,4
l7_AGATTGCTCGCTTGTC,0
l7_AGATTGCTCTGCGACG,1
l7_AGCAGCCAGACCTAGG,0
l7_AGCAGCCAGCCCAATT,0
l7_AGCAGCCAGCGCCTTG,0
l7_AGCAGCCAGTAAGTAC,6
l7_AGCAGCCAGTGGCACA,0
l7_AGCAGCCGTAGCTTGT,0
l7_AGCAGCCGTGGGTATG,0
l7_AGCAGCCTCAGTGTTG,0
l7_AGCATACAGATCTGCT,2
l7_AGCATACAGGGTTTCT,0
l7_AGCATACAGTCCAGGA,0
l7_AGCATACCACATCTTT,1
l7_AGCATACCAGTATCTG,2
l7_AGCATACCATGTAGTC,4
l7_AGCATACGTATTAGCC,4
l7_AGCATACTCGCTTGTC,0
l7_AGCCTAAAGACTACAA,0
l7_AGCCTAAAGGCTCAGA,0
l7_AGCCTAAAGTGGGTTG,4
l7_AGCCTAACACTGTTAG,2
l7_AGCCTAACATGGGAAC,0
l7_AGCCTAAGTCCGAACC,2
l7_AGCCTAAGTTGAGGTG,0
l7_AGCCTAAGTTGTGGAG,2
l7_AGCGGTCCACTACAGT,0
l7_AGCGGTCCACTTAAGC,0
l7_AGCGGTCTCTAGCACA,3
l7_AGCGGTCTCTCTAGGA,6
l7_AGCGGTCTCTGCGGCA,2
l7_AGCGTATAGGAGTAGA,1
l7_AGCGTATGTCTAACGT,0
l7_AGCGTATGTTCCAACA,0
l7_AGCGTATTCGGATGGA,4
l7_AGCTCCTAGCGGCTTC,1
l7_AGCTCCTCAAGGTTCT,0
l7_AGCTCCTCACACATGT,3
l7_AGCTCCTCACCGATAT,2
l7_AGCTCCTGTCTGCCAG,3
l7_AGCTCCTTCGATGAGG,0
l7_AGCTCTCAGAGACGAA,1
l7_AGCTCTCAGATCTGAA,3
l7_AGCTCTCAGGGTGTTG,0
l7_AGCTCTCCAGCCTTTC,0
l7_AGCTCTCGTACATGTC,0
l7_AGCTCTCGTTCAGTAC,3
l7_AGCTCTCTCTCCCTGA,3
l7_AGCTTGAAGCTTCGCG,2
l7_AGCTTGACAAGCTGAG,5
l7_AGCTTGACAGATCTGT,0
l7_AGCTTGAGTAATTGGA,0
l7_AGCTTGAGTCTAGGTT,0
l7_AGCTTGATCAACACTG,0
l7_AGCTTGATCACCTCGT,1
l7_AGGCCACCACATCTTT,1
l7_AGGCCACGTATAGGGC,0
l7_AGGCCACTCAGGATCT,0
l7_AGGCCACTCTGCAAGT,1
l7_AGGCCGTAGCCCAATT,0
l7_AGGCCGTGTCTCGTTC,1
l7_AGGCCGTGTGGTACAG,1
l7_AGGCCGTTCAGCTGGC,5
l7_AGGGAGTCACCAACCG,3
l7_AGGGAGTCACCTTGTC,0
l7_AGGGAGTCACGTAAGG,0
l7_AGGGAGTGTCTAGGTT,2
l7_AGGGAGTTCAGCGACC,2
l7_AGGGAGTTCGCCGTGA,0
l7_AGGGATGAGCACAGGT,0
l7_AGGGATGAGGAACTGC,2
l7_AGGGATGGTAAGGATT,4
l7_AGGGATGGTCAATGTC,0
l7_AGGGATGGTCTGGAGA,0
l7_AGGGTGAAGGCGTACA,4
l7_AGGGTGAAGTGTACCT,4
l7_AGGGTGACAAATCCGT,1
l7_AGGGTGACAGCCAATT,2
l7_AGGGTGATCGGTTCGG,2
l7_AGGGTGATCTAGCACA,0
l7_AGGTCATAGAGCCCAA,3
l7_AGGTCATAGGAGCGAG,6
l7_AGGTCATGTCCTCTTG,0
l7_AGGTCATTCTCTAAGG,0
l7_AGGTCCGAGCTTATCG,2
l7_AGGTCCGCACTTAAGC,4
l7_AGGTCCGGTACCGGCT,0
l7_AGGTCCGGTCTCCACT,0
l7_AGGTCCGTCAACCATG,1
l7_AGGTCCGTCGTCGTTC,4
l7_AGTAGTCAGACGCAAC,0
l7_AGTAGTCAGCGATGAC,0
l7_AGTAGTCCACCGAAAG,3
l7_AGTAGTCGTCATCGGC,4
l7_AGTAGTCGTGTTGAGG,6
l7_AGTAGTCTCGTTGCCT,0
l7_AGTCTTTAGTCCAGGA,3
l7_AGTCTTTGTAGCTAAA,0
l7_AGTCTTTGTTACGACT,0
l7_AGTCTTTGTTATCCGA,3
l7_AGTCTTTTCATTGCCC,0
l7_AGTCTTTTCCAAACAC,0
l7_AGTCTTTTCGCCCTTA,3
l7_AGTCTTTTCGCTTAGA,0
l7_AGTCTTTTCGTAGATC,1
l7_AGTGAGGAGTTCGCGC,0
l7_AGTGAGGTCAACGCTA,3
l7_AGTGAGGTCCAGAGGA,2
l7_AGTGGGAAGGTGTGGT,0
l7_AGTGGGACAATAGCAA,0
l7_AGTGGGACACCTCGTT,1
l7_AGTGGGAGTTCAGTAC,3
l7_AGTGGGATCCGGCACA,0
l7_AGTGGGATCTATCGCC,0
l7_AGTGTCAAGATCCCAT,0
l7_AGTGTCAAGCGTGAGT,1
l7_AGTGTCAAGTGTGGCA,0
l7_AGTGTCACAGCTGCAC,0
l7_AGTGTCACATATGGTC,4
l7_AGTGTCACATTAGGCT,3
l7_AGTGTCAGTCATGCCG,0
l7_AGTGTCAGTGTATGGG,0
l7_AGTGTCAGTTGGTTTG,1
l7_AGTGTCATCTTCCTTC,0
l7_AGTTGGTCATATGGTC,0
l7_AGTTGGTTCAGGCAAG,3
l7_AGTTGGTTCCATGCTC,0
l7_AGTTGGTTCGCCAGCA,4
l7_AGTTGGTTCGCGGATC,1
l7_AGTTGGTTCGGCGCAT,4
l7_AGTTGGTTCGTACCGG,0
l7_AGTTGGTTCTGCAGTA,0
l7_ATAACGCAGATCGATA,0
l7_ATAACGCCAATGAAAC,1
l7_ATAACGCCAGCTATTG,0
l7_ATAACGCCATCGGTTA,0
l7_ATAACGCCATGGAATA,0
l7_ATAACGCGTAACGCGA,1
l7_ATAACGCTCAGGCCCA,0
l7_ATAAGAGAGTACACCT,0
l7_ATAAGAGCAAGGTTTC,0
l7_ATAAGAGCACGGCTAC,0
l7_ATAAGAGCACTCGACG,3
l7_ATAAGAGGTTCGGCAC,2
l7_ATAAGAGTCGATGAGG,0
l7_ATAGACCAGTTGAGAT,2
l7_ATAGACCGTCAGGACA,0
l7_ATAGACCGTTGTGGCC,2
l7_ATAGACCTCAGCGACC,0
l7_ATCACGACAGGCTGAA,2
l7_ATCACGATCAACACAC,2
l7_ATCACGATCGAATCCA,1
l7_ATCATCTAGCTCAACT,1
l7_ATCATCTAGTATCTCG,2
l7_ATCATCTAGTGTTAGA,0
l7_ATCATCTCACGTTGGC,4
l7_ATCATCTGTAGAAAGG,0
l7_ATCATCTGTTAGTGGG,1
l7_ATCATCTGTTATCCGA,0
l7_ATCATCTTCATAACCG,0
l7_ATCATCTTCCTCAACC,0
l7_ATCATCTTCTGGTTCC,0
l7_ATCATCTTCTGTCTAT,0
l7_ATCATGGAGCAGGTCA,0
l7_ATCATGGAGGAATTAC,2
l7_ATCATGGAGTCCAGGA,2
l7_ATCATGGAGTTTGCGT,2
l7_ATCATGGTCATTGCCC,4
l7_ATCATGGTCCAGTAGT,0
l7_ATCATGGTCGGTTAAC,0
l7_ATCCACCAGCGCCTCA,1
l7_ATCCACCAGGCCCTTG,6
l7_ATCCACCAGTGTCCCG,4
l7_ATCCACCCAAGCTGTT,0
l7_ATCCACCCAGACGCAA,4
l7_ATCCACCGTAAGAGGA,0
l7_ATCCACCTCGCTTAGA,0
l7_ATCCACCTCTTGACGA,1
l7_ATCCGAAGTCTTCAAG,2
l7_ATCCGAAGTGGGTCAA,5
l7_ATCCGAATCAGCTTAG,3
l7_ATCGAGTAGTACGCGA,0
l7_ATCGAGTCAAGACACG,0
l7_ATCGAGTGTCATATGC,4
l7_ATCGAGTGTCTGCAAT,0
l7_ATCGAGTTCAGAAATG,3
l7_ATCGAGTTCTCACATT,2
l7_ATCTACTCACGGATAG,0
l7_ATCTACTGTATATGGA,1
l7_ATCTACTGTGAGGGAG,0
l7_ATCTACTTCTCGTATT,1
l7_ATCTGCCAGGAGTTGC,3
l7_ATCTGCCCACCTCGTT,1
l7_ATCTGCCGTAAGTGGC,0
l7_ATCTGCCGTGTGGCTC,0
l7_ATCTGCCTCAAAGACA,2
l7_ATGAGGGCAGGAATCG,0
l7_ATGAGGGCAGTATGCT,2
l7_ATGAGGGGTTCCACTC,2
l7_ATGAGGGTCACAGTAC,0
l7_ATGAGGGTCGGCGGTT,5
l7_ATGCGATAGGGCTCTC,6
l7_ATGCGATCAGTATCTG,1
l7_ATGCGATCATGCAACT,2
l7_ATGCGATGTCCGCTGA,1
l7_ATGCGATTCATAGCAC,0
l7_ATGGGAGAGACCCACC,0
l7_ATGGGAGCACCCATGG,5
l7_ATGGGAGGTGCCTGTG,2
l7_ATGGGAGGTGGCGAAT,0
l7_ATGGGAGTCAATACCG,0
l7_ATGGGAGTCACCTCGT,0
l7_ATGGGAGTCTAAGCCA,4
l7_ATGTGTGAGTGGTAGC,4
l7_ATGTGTGGTAAACACA,0
l7_ATGTGTGGTTATTCTC,4
l7_ATGTGTGTCCGTTGCT,3
l7_ATGTGTGTCTAAGCCA,0
l7_ATGTGTGTCTATCCCG,0
l7_ATGTGTGTCTTGGGTA,3
l7_ATTACTCAGGTGCTAG,0
l7_ATTACTCAGTAGGTGC,0
l7_ATTACTCCACAACTGT,2
l7_ATTACTCTCATCGATG,2
l7_ATTACTCTCGCCTGTT,0
l7_ATTATCCAGAGCTTCT,1
l7_ATTATCCCAGCTTAAC,1
l7_ATTATCCTCAAACGGG,2
l7_ATTATCCTCCAAACAC,3
l7_ATTATCCTCGCCGTGA,0
l7_ATTATCCTCTCTGCTG,2
l7_ATTCTACAGCCACGTC,3
l7_ATTCTACAGCTGATAA,1
l7_ATTCTACCAGGTCTCG,5
l7_ATTCTACCAGGTGCCT,2
l7_ATTCTACGTCTCTTAT,3
l7_ATTCTACTCAAAGACA,3
l7_ATTCTACTCAGTGCAT,0
l7_ATTGGACAGCCACGTC,0
l7_ATTGGACAGGAATTAC,0
l7_ATTGGACCACAGCCCA,1
l7_ATTGGACCAGATAATG,0
l7_ATTGGACCAGATGAGC,0
l7_ATTGGACCATCTACGA,2
l7_ATTGGACGTCCTCCAT,2
l7_ATTGGTGAGCGCTCCA,0
l7_ATTGGTGAGCTAAGAT,0
l7_ATTGGTGGTCCCTACT,1
l7_ATTGGTGGTCGCTTCT,0
l7_ATTGGTGGTGCAGGTA,0
l7_ATTGGTGTCAGAGACG,0
l7_ATTGGTGTCTGTGCAA,0
l7_ATTTCTGAGCCACTAT,2
l7_ATTTCTGAGGCTAGCA,6
l7_ATTTCTGCAGGTTTCA,1
l7_ATTTCTGCAGTCAGCC,5
l7_ATTTCTGGTGGTGTAG,0
l7_ATTTCTGGTTGTACAC,4
l7_ATTTCTGGTTTAGGAA,0
l7_ATTTCTGTCAAAGACA,0
l7_ATTTCTGTCTCTGCTG,2
l7_ATTTCTGTCTTAGCCC,2
l7_CAACCAAAGGACGAAA,0
l7_CAACCAAAGTGTGAAT,0
l7_CAACCAACATCACCCT,0
l7_CAACCAAGTCAGCTAT,1
l7_CAACCAATCAGCTCGG,3
l7_CAACCAATCATGTCCC,1
l7_CAACCAATCCTTGACC,5
l7_CAACCAATCGCATGAT,1
l7_CAACCTCAGACCTTTG,0
l7_CAACCTCAGCAACGGT,0
l7_CAACCTCAGGCCCGTT,6
l7_CAACCTCCAAAGGTGC,0
l7_CAACCTCGTCGCCATG,1
l7_CAACCTCTCCTTTACA,4
l7_CAACTAGAGATCCCAT,1
l7_CAACTAGAGTTTCCTT,1
l7_CAACTAGCAAGAAAGG,0
l7_CAACTAGCACGGTAAG,2
l7_CAACTAGTCACGACTA,0
l7_CAAGAAAAGAAACGCC,0
l7_CAAGAAAAGACCACGA,3
l7_CAAGAAAAGTGCGATG,6
l7_CAAGAAAGTTATCACG,0
l7_CAAGAAAGTTGTTTGG,4
l7_CAAGAAATCTGCTTGC,2
l7_CAAGATCGTGAAATCA,3
l7_CAAGATCTCACAGTAC,3
l7_CAAGATCTCCATGAGT,1
l7_CAAGATCTCCGTAGTA,0
l7_CAAGATCTCTGCCAGG,1
l7_CAAGATCTCTGCTGCT,0
l7_CAAGATCTCTGCTTGC,0
l7_CAAGGCCAGAATCTCC,5
l7_CAAGGCCAGCGTAGTG,2
l7_CAAGGCCAGTGTTTGC,6
l7_CAAGGCCCACCAGCAC,0
l7_CAAGGCCCATACGCCG,0
l7_CAAGGCCCATGCCTTC,0
l7_CAAGGCCGTGATGTGG,6
l7_CAAGGCCTCGTCCAGG,4
l7_CAAGGCCTCTTTCCTC,0
l7_CAAGTTGAGATATGCA,3
l7_CAAGTTGAGGGATCTG,0
l7_CAAGTTGCATTTCAGG,5
l7_CAAGTTGGTAGGCTGA,3
l7_CAAGTTGTCACAACGT,0
l7_CAAGTTGTCCCAAGTA,0
l7_CAAGTTGTCTCCTATA,0
l7_CACAAACAGAGGACGG,5
l7_CACAAACAGCTAACAA,3
l7_CACAAACCATGCCCGA,2
l7_CACAAACGTAAGAGAG,1
l7_CACAAACTCATGTGGT,0
l7_CACACAAGTACATCCA,0
l7_CACACAAGTAGCGCAA,0
l7_CACACAAGTAGTAGTA,0
l7_CACACAAGTGTCTGAT,4
l7_CACACAATCCAAGTAC,0
l7_CACACCTAGCGATCCC,0
l7_CACACCTAGGCCCTTG,5
l7_CACACCTCACCGAAAG,2
l7_CACACCTGTATCAGTC,0
l7_CACACCTTCCGAAGAG,0
l7_CACACCTTCCGCGCAA,3
l7_CACACTCAGAATAGGG,3
l7_CACACTCCACTTAACG,0
l7_CACACTCGTCAGAGGT,0
l7_CACACTCGTCATACTG,0
l7_CACACTCGTTGCGTTA,0
l7_CACACTCTCACCACCT,0
l7_CACACTCTCACGCGGT,0
l7_CACACTCTCTCCAACC,5
l7_CACAGGCAGAGAACAG,0
l7_CACAGGCGTGCGATAG,2
l7_CACAGGCTCCTATTCA,2
l7_CACAGGCTCGGTTCGG,0
l7_CACAGTAAGCTAGTGG,3
l7_CACAGTAAGTCTCGGC,0
l7_CACAGTACATCCTTGC,0
l7_CACAGTACATGTAGTC,6
l7_CACAGTACATTGGTAC,0
l7_CACAGTAGTCTGATTG,0
l7_CACAGTATCTCTAAGG,0
l7_CACATAGCACCAGTTA,0
l7_CACATAGGTCAAAGCG,0
l7_CACATAGGTGCGCTTG,1
l7_CACATAGGTGTTGAGG,0
l7_CACATAGGTTATGTGC,1
l7_CACATAGTCTAACCGA,0
l7_CACATTTAGAGAGCTC,0
l7_CACATTTCAGTATGCT,6
l7_CACATTTGTCCCTTGT,0
l7_CACATTTGTTATTCTC,0
l7_CACCACTAGCACCGCT,0
l7_CACCACTCAATAGCAA,0
l7_CACCACTCAATCCAAC,0
l7_CACCACTCATCAGTAC,6
l7_CACCACTCATGCTAGT,1
l7_CACCACTGTCAACATC,0
l7_CACCAGGAGTCTCGGC,3
l7_CACCAGGCATACAGCT,1
l7_CACCAGGGTACACCGC,0
l7_CACCAGGGTATTCGTG,1
l7_CACCAGGTCAGAAATG,0
l7_CACCTTGAGAAGGACA,0
l7_CACCTTGAGCGAGAAA,0
l7_CACCTTGCACCGTTGG,1
l7_CACCTTGGTATCAGTC,1
l7_CACCTTGGTTCGTTGA,2
l7_CACCTTGTCTGATACG,1
l7_CACTCCAAGAGGACGG,3
l7_CACTCCACACTACAGT,0
l7_CACTCCAGTCTCCCTA,3
l7_CAGAATCAGGCGACAT,0
l7_CAGAATCAGTACGTAA,0
l7_CAGAATCCAGGGTTAG,0
l7_CAGAATCCATCGGTTA,2
l7_CAGAATCGTACTTAGC,1
l7_CAGAATCGTCGCGTGT,2
l7_CAGAATCTCCTCATTA,0
l7_CAGAATCTCGCGTTTC,2
l7_CAGAGAGAGACCCACC,0
l7_CAGAGAGAGGAGCGTT,0
l7_CAGAGAGCAGGCGATA,0
l7_CAGAGAGGTAGAAGGA,1
l7_CAGAGAGTCCTTGACC,2
l7_CAGATCAAGATCTGAA,0
l7_CAGATCAAGCCTCGTG,4
l7_CAGATCAAGGATTCGG,0
l7_CAGATCACAAACCTAC,2
l7_CAGATCACATACCATG,3
l7_CAGATCACATACGCTA,2
l7_CAGATCATCCCTGACT,1
l7_CAGATCATCGCACTCT,1
l7_CAGATCATCGCCCTTA,0
l7_CAGCAGCAGCTAAGAT,0
l7_CAGCAGCAGGCTCAGA,2
l7_CAGCAGCCAGCCTATA,0
l7_CAGCAGCGTTCACGGC,6
l7_CAGCAGCGTTCAGTAC,3
l7_CAGCAGCTCGGATGGA,0
l7_CAGCATACAGCAGTTT,0
l7_CAGCATACATACTACG,3
l7_CAGCATAGTACTCAAC,0
l7_CAGCATAGTATTCGTG,0
l7_CAGCATAGTCTTCGTC,0
l7_CAGCATAGTGACTACT,0
l7_CAGCATATCACTGGGC,0
l7_CAGCCGAAGATGCCTT,4
l7_CAGCCGAAGCCGCCTA,2
l7_CAGCCGAAGCTTATCG,5
l7_CAGCCGACACATGACT,2
l7_CAGCCGACACCAGATT,0
l7_CAGCCGACAGCTGGCT,0
l7_CAGCCGATCCGTAGGC,0
l7_CAGCCGATCGGATGGA,0
l7_CAGCGACCATGTAGTC,1
l7_CAGCGACGTCTCAACA,0
l7_CAGCGACGTGTTCGAT,5
l7_CAGCGACGTTGGTGGA,0
l7_CAGCGACTCCTGCTTG,0
l7_CAGCTAACACTTCTGC,3
l7_CAGCTAAGTCAATGTC,0
l7_CAGCTAATCACTCCTG,2
l7_CAGCTAATCTCATTCA,3
l7_CAGCTGGAGGCTCATT,2
l7_CAGCTGGCAGTCGATT,0
l7_CAGCTGGCATGTCCTC,6
l7_CAGCTGGGTCTTGATG,2
l7_CAGCTGGGTGGCAAAC,0
l7_CAGCTGGGTTCCAACA,0
l7_CAGCTGGTCGATAGAA,5
l7_CAGCTGGTCTGGCGAC,0
l7_CAGGTGCAGACTGGGT,0
l7_CAGGTGCAGCAATCTC,2
l7_CAGGTGCAGCGACGTA,0
l7_CAGGTGCAGTCTTGCA,2
l7_CAGGTGCCAACACCTA,0
l7_CAGGTGCTCACCGTAA,3
l7_CAGTAACAGCCATCGC,0
l7_CAGTAACAGGCTCAGA,0
l7_CAGTAACAGTCCATAC,0
l7_CAGTAACAGTCGTACT,0
l7_CAGTAACCACACGCTG,0
l7_CAGTAACCATCGGTTA,3
l7_CAGTCCTAGCTGAAAT,1
l7_CAGTCCTGTGGTAACG,0
l7_CAGTCCTTCTCGATGA,0
l7_CATATGGAGCCTTGAT,0
l7_CATATGGCATGCCTTC,3
l7_CATATGGTCCTTTACA,4
l7_CATATTCCAGTCCTTC,0
l7_CATATTCTCGCTTGTC,0
l7_CATCAAGAGTATCGAA,1
l7_CATCAAGCAGAGTGTG,4
l7_CATCAAGGTCTGATCA,2
l7_CATCAAGGTCTGGTCG,0
l7_CATCAAGTCGACGGAA,0
l7_CATCAAGTCGCAAGCC,3
l7_CATCAGAAGATCCCAT,0
l7_CATCAGAAGCTGATAA,3
l7_CATCAGACAAAGTGCG,0
l7_CATCAGACAGCGATCC,3
l7_CATCAGAGTATCGCAT,3
l7_CATCAGAGTTTAGGAA,3
l7_CATCAGATCACCCTCA,3
l7_CATCAGATCATTGCCC,0
l7_CATCAGATCGTAGATC,4
l7_CATCCACAGGGATGGG,0
l7_CATCCACCATGACGGA,2
l7_CATCCACGTTTGTGTG,0
l7_CATCCACTCCCTAACC,3
l7_CATCCACTCGAGCCCA,4
l7_CATCCACTCTTGTCAT,6
l7_CATCGAAAGACGCTTT,0
l7_CATCGAACACCTCGTT,0
l7_CATCGAACAGGTCGTC,3
l7_CATCGAACATTTGCCC,2
l7_CATCGAAGTCACAAGG,4
l7_CATCGAAGTCTTGATG,4
l7_CATCGAAGTTAAAGAC,0
l7_CATCGAATCATGTCCC,0
l7_CATCGAATCGGTTCGG,1
l7_CATCGAATCTTCGAGA,0
l7_CATCGGGAGAAACCAT,0
l7_CATCGGGAGTCCGGTC,2
l7_CATCGGGCAAAGCAAT,0
l7_CATCGGGCACGAAATA,0
l7_CATCGGGCACTGTCGG,1
l7_CATCGGGCAGGGATTG,6
l7_CATCGGGGTGACCAAG,0
l7_CATGACAAGAGCTTCT,4
l7_CATGACACATCACGAT,0
l7_CATGACAGTAAATGTG,0
l7_CATGACAGTCCAAGTT,1
l7_CATGACAGTTTCGCTC,0
l7_CATGACATCAACCATG,1
l7_CATGACATCGAACGGA,3
l7_CATGCCTAGTAGTGCG,0
l7_CATGCCTCAGCGTCCA,0
l7_CATGCCTGTTTGTTTC,3
l7_CATGCCTTCATCGCTC,0
l7_CATGCCTTCATGCATG,0
l7_CATGCCTTCCACTGGG,0
l7_CATGCCTTCCTTGACC,0
l7_CATGCCTTCGGTCCGA,0
l7_CATGCCTTCTAACCGA,2
l7_CATGGCGAGACTAGGC,2
l7_CATGGCGAGATCCGAG,1
l7_CATGGCGGTCTAGCGC,0
l7_CATGGCGGTTGTACAC,1
l7_CATGGCGGTTTGTTGG,2
l7_CATGGCGTCACGAAGG,4
l7_CATGGCGTCGGCATCG,3
l7_CATGGCGTCGTCCAGG,0
l7_CATGGCGTCTGCAGTA,1
l7_CATGGCGTCTGGTATG,2
l7_CATTATCAGCCGATTT,0
l7_CATTATCAGGACCACA,2
l7_CATTATCCACGTCAGC,5
l7_CATTATCCAGCCAATT,0
l7_CATTATCCATTCTTAC,5
l7_CATTATCGTCTGATCA,0
l7_CATTATCGTGATAAAC,0
l7_CATTATCTCCAGTAGT,3
l7_CATTATCTCGGAGCAA,3
l7_CATTCGCAGACTAAGT,3
l7_CATTCGCCAAAGGTGC,4
l7_CATTCGCCAGGAACGT,0
l7_CATTCGCCATACTCTT,1
l7_CATTCGCCATCTACGA,4
l7_CATTCGCGTCTCTCTG,0
l7_CATTCGCGTGACGCCT,1
l7_CATTCGCTCAACACGT,3
l7_CATTCGCTCGTCGTTC,0
l7_CATTCGCTCTACGAGT,5
l7_CCAATCCAGGTACTCT,1
l7_CCAATCCAGTCGATAA,1
l7_CCAATCCAGTTACCCA,2
l7_CCAATCCCACACCGAC,2
l7_CCAATCCCATGGGAAC,0
l7_CCAATCCGTCGGATCC,4
l7_CCAATCCGTTGATTGC,0
l7_CCAATCCTCCCTTGCA,0
l7_CCACCTAAGATCTGAA,2
l7_CCACCTAAGTACTTGC,3
l7_CCACCTAAGTTGCAGG,3
l7_CCACCTACATCGACGC,2
l7_CCACCTAGTAAATGTG,0
l7_CCACCTAGTCTCTTTA,4
l7_CCACCTATCTATCCCG,0
l7_CCACGGAAGCTGTTCA,0
l7_CCACGGAAGTGGACGT,0
l7_CCACGGAAGTTCGCAT,3
l7_CCACGGACAGCTCGAC,3
l7_CCACGGACAGCTGTAT,0
l7_CCACGGAGTATTCGTG,0
l7_CCACGGAGTTCTGGTA,0
l7_CCACGGAGTTTCGCTC,5
l7_CCACGGATCCACTGGG,0
l7_CCACTACAGACAGAGA,3
l7_CCACTACAGCGACGTA,3
l7_CCACTACAGCGTAATA,2
l7_CCACTACAGCTCCTCT,0
l7_CCACTACGTTAAAGAC,0
l7_CCACTACTCAACACAC,2
l7_CCAGCGAAGAGTTGGC,0
l7_CCAGCGAAGATGCCAG,0
l7_CCAGCGACACCCATGG,0
l7_CCAGCGACACGGCCAT,0
l7_CCAGCGAGTAAGTAGT,2
l7_CCAGCGAGTAGCTAAA,4
l7_CCAGCGAGTGTTGGGA,0
l7_CCATGTCAGAATAGGG,3
l7_CCATGTCAGGCATGGT,0
l7_CCATGTCGTCAAAGCG,0
l7_CCATGTCGTTGAGTTC,0
l7_CCATGTCTCGCGGATC,0
l7_CCATTCGAGCCACCTG,0
l7_CCATTCGAGGTGATAT,0
l7_CCATTCGAGTACGTAA,0
l7_CCATTCGCAGCTCCGA,4
l7_CCATTCGCAGGCGATA,1
l7_CCATTCGCATTCACTT,0
l7_CCATTCGGTACTTAGC,1
l7_CCATTCGGTTAGATGA,0
l7_CCATTCGTCGAGAGCA,0
l7_CCATTCGTCTGTCAAG,3
l7_CCATTCGTCTTTACGT,0
l7_CCCAATCAGGACAGAA,3
l7_CCCAATCAGGCCGAAT,4
l7_CCCAATCGTCGAGATG,0
l7_CCCAATCGTGGCCCTA,0
l7_CCCAATCTCGGTGTTA,0
l7_CCCAGTTCAAGCGCTC,0
l7_CCCAGTTCATCTGGTA,4
l7_CCCAGTTTCGGCGGTT,5
l7_CCCATACGTGTTGGGA,3
l7_CCCTCCTGTGGCCCTA,0
l7_CCCTCCTTCATATCGG,0
l7_CCCTCCTTCGATAGAA,2
l7_CCGGGATAGCTAAGAT,4
l7_CCGGGATAGGATGGTC,6
l7_CCGGGATAGGGAGTAA,2
l7_CCGGGATCAGTTTACG,0
l7_CCGGGATGTAATCACC,1
l7_CCGGGATTCGGAATCT,3
l7_CCGGGATTCTAGAGTC,3
l7_CCGGTAGCACCGCTAG,0
l7_CCGGTAGCAGCTGTGC,2
l7_CCGGTAGCATACTCTT,0
l7_CCGGTAGGTCAATACC,0
l7_CCGGTAGTCTCATTCA,1
l7_CCGTACTAGTACATGA,0
l7_CCGTACTAGTATCTCG,2
l7_CCGTACTAGTCTTGCA,2
l7_CCGTACTGTGTCGCTG,0
l7_CCGTACTGTGTTCTTT,3
l7_CCGTACTTCGGAGGTA,2
l7_CCGTGGACATACGCCG,0
l7_CCGTGGACATTAGCCA,2
l7_CCGTGGAGTCCGAACC,0
l7_CCGTGGATCATTGCGA,1
l7_CCGTTCAAGCAGGCTA,4
l7_CCGTTCAAGTTAACGA,0
l7_CCGTTCACAAGAAGAG,1
l7_CCGTTCACAGTCTTCC,0
l7_CCGTTCAGTTGCCTCT,1
l7_CCGTTCAGTTTGTTGG,2
l7_CCGTTCATCATCATTC,6
l7_CCGTTCATCCGCGCAA,0
l7_CCTAAAGAGAGGTTAT,0
l7_CCTAAAGTCGCACTCT,4
l7_CCTAAAGTCTCGCATC,5
l7_CCTACACAGCTAACAA,0
l7_CCTACACCACACCGCA,1
l7_CCTACACCAGTACACT,0
l7_CCTACACCAGTATAAG,0
l7_CCTACACGTTCGGGCT,1
l7_CCTACCAAGATCACGG,1
l7_CCTACCAAGCACCGCT,6
l7_CCTACCAAGGCATTGG,0
l7_CCTACCACAAAGGAAG,0
l7_CCTACCACAATAACGA,0
l7_CCTACCAGTGACCAAG,0
l7_CCTACCATCACCATAG,0
l7_CCTACCATCCAGGGCT,3
l7_CCTACCATCCTTGGTC,1
l7_CCTAGCTCAACGATCT,0
l7_CCTAGCTGTACCGGCT,3
l7_CCTAGCTGTTAAAGTG,6
l7_CCTAGCTTCACAACGT,4
l7_CCTATTACACCCATTC,2
l7_CCTATTACAGTCCTTC,0
l7_CCTATTACATTAACCG,6
l7_CCTATTAGTCCTAGCG,1
l7_CCTATTAGTTCCACTC,1
l7_CCTATTAGTTTGTGTG,0
l7_CCTATTATCACGGTTA,2
l7_CCTATTATCCATGCTC,1
l7_CCTATTATCGCGGATC,0
l7_CCTATTATCTAACTCT,0
l7_CCTATTATCTCGCTTG,0
l7_CCTCAGTAGAAGGTTT,0
l7_CCTCAGTAGTTGTAGA,0
l7_CCTCAGTCACTTCGAA,2
l7_CCTCAGTGTCCGTCAG,3
l7_CCTCAGTGTCTCCCTA,0
l7_CCTCAGTTCGAACGGA,3
l7_CCTCAGTTCTTACCGC,2
l7_CCTCTGACAATGGAAT,0
l7_CCTCTGACACCTCGTT,0
l7_CCTCTGACACTCAGGC,2
l7_CCTCTGAGTACAAGTA,1
l7_CCTCTGATCGCAAACT,0
l7_CCTTACGAGTGGTAGC,0
l7_CCTTACGGTACTCTCC,0
l7_CCTTACGGTATGAAAC,0
l7_CCTTACGGTCTCAACA,0
l7_CCTTACGTCATTGCCC,2
l7_CCTTACGTCGAGAGCA,0
l7_CCTTACGTCGCTTGTC,3
l7_CCTTCCCAGCGCCTCA,1
l7_CCTTCCCAGGCGTACA,2
l7_CCTTCCCGTTACGTCA,0
l7_CCTTCGAAGCCCAATT,0
l7_CCTTCGAAGGATGGAA,0
l7_CCTTCGAAGGCAAAGA,1
l7_CCTTCGACACACCGAC,0
l7_CCTTCGAGTAAGGATT,1
l7_CCTTCGAGTACCAGTT,0
l7_CCTTCGATCATGTAGC,1
l7_CCTTTCTAGCGTTCCG,4
l7_CCTTTCTAGTATCGAA,0
l7_CCTTTCTAGTCAATAG,0
l7_CCTTTCTCAGCTGCTG,4
l7_CCTTTCTCAGGTTTCA,3
l7_CCTTTCTGTCATTAGC,4
l7_CCTTTCTGTGGTCCGT,1
l7_CCTTTCTTCGCACTCT,4
l7_CCTTTCTTCTGATACG,5
l7_CGAACATCATATACCG,0
l7_CGAACATGTCCGTGAC,4
l7_CGAACATTCTCAAGTG,0
l7_CGAATGTCACAGGTTT,0
l7_CGAATGTCATAGAAAC,1
l7_CGAATGTGTGGTCTCG,3
l7_CGAATGTGTTCCACTC,0
l7_CGAATGTGTTGCGTTA,1
l7_CGACCTTCAACTGCGC,1
l7_CGACCTTCAAGTCATC,0
l7_CGACCTTGTGCACTTA,0
l7_CGACTTCCAATCGGTT,1
l7_CGACTTCCAGAGCCAA,0
l7_CGACTTCTCATTGCGA,0
l7_CGAGAAGAGAAAGTGG,5
l7_CGAGAAGAGACAAAGG,1
l7_CGAGAAGAGCACGCCT,1
l7_CGAGAAGCAAGCCGCT,0
l7_CGAGAAGGTATTACCG,0
l7_CGAGAAGGTCTCTCGT,0
l7_CGAGAAGGTGACAAAT,0
l7_CGAGAAGGTGGTGTAG,0
l7_CGAGAAGTCGAGAGCA,2
l7_CGAGCACAGGGTTCCC,0
l7_CGAGCACAGTCGAGTG,1
l7_CGAGCACGTAGCGTAG,0
l7_CGAGCACGTCCGAGTC,0
l7_CGAGCACTCAGTTGAC,0
l7_CGAGCCAAGCGTTCCG,3
l7_CGAGCCAAGCTAAACA,1
l7_CGAGCCACAGTAAGAT,0
l7_CGAGCCACATCAGTCA,1
l7_CGAGCCACATCTATGG,0
l7_CGAGCCACATTTGCCC,3
l7_CGAGCCAGTAGCTTGT,1
l7_CGAGCCAGTTGGAGGT,0
l7_CGAGCCATCGCACTCT,3
l7_CGAGCCATCTGTCTCG,1
l7_CGATCGGAGACGCACA,0
l7_CGATCGGAGCCACGTC,0
l7_CGATCGGCAAAGGTGC,2
l7_CGATCGGGTAATAGCA,0
l7_CGATCGGGTACTCGCG,0
l7_CGATCGGTCACTTACT,1
l7_CGATGGCAGAGGGATA,0
l7_CGATGGCCACACAGAG,0
l7_CGATGGCGTGCAACGA,2
l7_CGATGGCGTTCAGACT,0
l7_CGATGGCTCATAGCAC,4
l7_CGATGTAAGATGTGGC,0
l7_CGATGTAAGGGAACGG,0
l7_CGATGTATCTCTGTCG,0
l7_CGATTGACAAGTCATC,4
l7_CGATTGACACCAGGCT,1
l7_CGATTGACACCGGAAA,5
l7_CGATTGACACGAAGCA,0
l7_CGATTGACAGTAAGAT,1
l7_CGATTGAGTCACCTAA,0
l7_CGATTGAGTCCATGAT,0
l7_CGATTGAGTGGCCCTA,6
l7_CGCCAAGAGACTGTAA,1
l7_CGCCAAGAGATGCCTT,2
l7_CGCCAAGAGCCAGTTT,0
l7_CGCCAAGAGTACGACG,0
l7_CGCCAAGCAATGGAAT,0
l7_CGCCAAGTCTGTCCGT,4
l7_CGCGGTAAGAGCCTAG,0
l7_CGCGGTAAGGTCATCT,1
l7_CGCGGTACAAGAAAGG,1
l7_CGCGGTAGTCAAAGAT,0
l7_CGCGGTAGTGACGCCT,5
l7_CGCGGTAGTTACGGAG,3
l7_CGCGGTAGTTCCTCCA,2
l7_CGCGGTATCGAGGTAG,0
l7_CGCGTTTAGCTAGCCC,3
l7_CGCGTTTAGTGAAGTT,4
l7_CGCGTTTAGTTAAGTG,0
l7_CGCGTTTCAAGCTGTT,4
l7_CGCGTTTCAATGGAGC,3
l7_CGCGTTTCACAGTCGC,3
l7_CGCGTTTGTTAAGATG,0
l7_CGCTATCAGCTGCGAA,0
l7_CGCTATCAGTTAAGTG,1
l7_CGCTATCCAATGTAAG,0
l7_CGCTATCTCGGCATCG,0
l7_CGCTATCTCTGCTGTC,0
l7_CGCTGGAAGAAACCAT,0
l7_CGCTGGACAATCTACG,4
l7_CGCTGGACACATGTGT,2
l7_CGCTGGACAGATGGCA,2
l7_CGCTGGAGTTACGGAG,4
l7_CGCTGGAGTTATCGGT,1
l7_CGCTGGAGTTCCAACA,0
l7_CGCTGGATCACAATGC,6
l7_CGCTGGATCCAGAAGG,4
l7_CGCTGGATCCGCATCT,0
l7_CGCTTCAAGAGACTTA,4
l7_CGCTTCAAGCAGATCG,0
l7_CGCTTCAAGGACACCA,1
l7_CGCTTCACAAATCCGT,0
l7_CGCTTCAGTACACCGC,4
l7_CGCTTCATCAGGTAAA,4
l7_CGGACACAGAGCTATA,0
l7_CGGACACAGGATGGTC,4
l7_CGGACACAGTTAGGTA,5
l7_CGGACACCACTATCTT,2
l7_CGGACACGTCACCCAG,0
l7_CGGACACTCCCACTTG,0
l7_CGGACGTCAAGCCGCT,0
l7_CGGACGTGTACCAGTT,0
l7_CGGACGTGTGGTCTCG,4
l7_CGGACGTTCCGTAGTA,0
l7_CGGACGTTCTGCCAGG,5
l7_CGGACTGAGGAGCGAG,5
l7_CGGACTGAGGTGCACA,0
l7_CGGACTGCACTATCTT,3
l7_CGGACTGGTCATCCCT,0
l7_CGGACTGGTTGTACAC,0
l7_CGGACTGTCCGCATCT,1
l7_CGGAGCTAGAATGTTG,1
l7_CGGAGCTAGAGTGACC,0
l7_CGGAGCTAGCTGCCCA,0
l7_CGGAGCTAGGATGGAA,3
l7_CGGAGCTAGGTGGGTT,0
l7_CGGAGCTCACATTTCT,3
l7_CGGAGCTCACCCAGTG,0
l7_CGGAGCTCATTCCTGC,2
l7_CGGAGCTTCAGCGATT,4
l7_CGGAGCTTCCAAATGC,1
l7_CGGAGCTTCGACGGAA,0
l7_CGGAGTCAGCCACGCT,4
l7_CGGAGTCAGTATCGAA,0
l7_CGGAGTCCACACTGCG,0
l7_CGGAGTCGTACATGTC,3
l7_CGGAGTCGTCAGATAA,3
l7_CGGAGTCTCACCAGGC,0
l7_CGGAGTCTCAGCAACT,0
l7_CGGCTAGAGCAAATCA,0
l7_CGGCTAGAGCGATTCT,0
l7_CGGCTAGAGCTACCTA,2
l7_CGGCTAGCAACTGCTA,4
l7_CGGCTAGCAATGGAAT,0
l7_CGGCTAGCAGACTCGC,0
l7_CGGCTAGCAGTGACAG,6
l7_CGGCTAGCATTGAGCT,0
l7_CGGCTAGGTAAATGAC,2
l7_CGGCTAGTCTAACTTC,2
l7_CGGCTAGTCTTGGGTA,2
l7_CGGGTCAAGCTGTTCA,0
l7_CGGGTCACAGGCGATA,5
l7_CGGGTCAGTACCATCA,0
l7_CGGGTCAGTGATGCCC,4
l7_CGGGTCAGTGTATGGG,0
l7_CGGGTCAGTTCAGACT,3
l7_CGGGTCATCCAGAGGA,5
l7_CGGTTAAAGAGGGCTT,0
l7_CGGTTAACAGGGCATA,1
l7_CGGTTAAGTACCGGCT,0
l7_CGGTTAATCAAGGTAA,3
l7_CGGTTAATCATCTGTT,0
l7_CGGTTAATCCGGCACA,2
l7_CGTAGCGCAATGCCAT,0
l7_CGTAGCGCACAGCGTC,4
l7_CGTAGCGCAGCTCGAC,4
l7_CGTAGCGGTCTCTCTG,1
l7_CGTAGCGTCCCAGGTG,1
l7_CGTAGGCAGAATGTTG,0
l7_CGTAGGCCACCAGTTA,0
l7_CGTAGGCCAGATCTGT,5
l7_CGTAGGCCAGGGAGAG,0
l7_CGTAGGCGTAGCGTAG,1
l7_CGTAGGCTCACCGGGT,3
l7_CGTAGGCTCAGCTCGG,0
l7_CGTAGGCTCCCTTGCA,3
l7_CGTAGGCTCCTTAATC,0
l7_CGTAGGCTCTGACCTC,2
l7_CGTAGGCTCTGAGGGA,0
l7_CGTCACTTCTCGATGA,5
l7_CGTCAGGCACGAAACG,2
l7_CGTCAGGCAGTCCTTC,0
l7_CGTCAGGCATATGAGA,0
l7_CGTCAGGGTAAACGCG,5
l7_CGTCAGGGTAAGCACG,3
l7_CGTCAGGGTACTCAAC,0
l7_CGTCAGGGTTGGTGGA,4
l7_CGTCAGGTCTGGTATG,0
l7_CGTCCATAGGTCATCT,4
l7_CGTCCATAGTAGATGT,0
l7_CGTCCATGTCAACATC,2
l7_CGTCCATGTCCTCTTG,1
l7_CGTCCATTCCGCAAGC,4
l7_CGTCCATTCTTGCCGT,0
l7_CGTCTACAGAAAGTGG,0
l7_CGTCTACAGAAGGCCT,3
l7_CGTCTACCAATTGCTG,5
l7_CGTCTACCATTCGACA,1
l7_CGTCTACGTAAACCTC,6
l7_CGTCTACGTTGAACTC,5
l7_CGTCTACTCCAAAGTC,1
l7_CGTGAGCAGCTCCTCT,0
l7_CGTGAGCAGGTACTCT,4
l7_CGTGAGCCACGCGAAA,2
l7_CGTGAGCCAGCCTGTG,5
l7_CGTGAGCCATCGATGT,4
l7_CGTGAGCGTAGAGCTG,0
l7_CGTGAGCGTGAGCGAT,0
l7_CGTGAGCGTGCGATAG,0
l7_CGTGAGCTCAAACCAC,1
l7_CGTGAGCTCAGCTTAG,0
l7_CGTGTAAAGCCAGGAT,3
l7_CGTGTAAAGGCTCAGA,0
l7_CGTGTAAGTGGCAAAC,0
l7_CGTGTAAGTGGTTTCA,5
l7_CGTGTCTAGTTAGCGG,4
l7_CGTGTCTCATACGCTA,0
l7_CGTGTCTGTCCGAATT,2
l7_CGTGTCTGTGCTTCTC,0
l7_CGTGTCTTCATGTAGC,0
l7_CGTTAGAAGATAGTCA,3
l7_CGTTAGAAGCTCCTCT,1
l7_CGTTAGAAGGCTCAGA,0
l7_CGTTAGAGTCCGAGTC,0
l7_CGTTAGAGTGGCAAAC,0
l7_CGTTAGAGTGGGTCAA,0
l7_CGTTAGATCTCACATT,1
l7_CGTTCTGAGTAGGTGC,0
l7_CGTTCTGCAGTAAGCG,3
l7_CGTTCTGCATTCCTGC,0
l7_CGTTCTGGTCGAATCT,0
l7_CGTTCTGGTTCCAACA,2
l7_CGTTCTGTCACCGTAA,3
l7_CGTTCTGTCGGCGCAT,0
l7_CGTTCTGTCTATCGCC,0
l7_CGTTGGGAGAGACGAA,0
l7_CGTTGGGGTCTCTCGT,0
l7_CGTTGGGTCTCGGACG,3
l7_CTAACTTAGAACTCGG,0
l7_CTAACTTAGCGACGTA,2
l7_CTAACTTGTTGGAGGT,0
l7_CTAAGACAGCAAATCA,6
l7_CTAAGACAGGCAATTA,0
l7_CTAAGACAGGTGACCA,0
l7_CTAAGACCAAGCGTAG,6
l7_CTAAGACCATTGGCGC,2
l7_CTAAGACGTAAAGGAG,1
l7_CTAAGACGTCATGCCG,4
l7_CTAAGACTCTTACCTA,0
l7_CTAATGGAGCCATCGC,0
l7_CTAATGGCAAGCTGTT,0
l7_CTAATGGCACAACGTT,6
l7_CTAATGGGTACAGACG,3
l7_CTAATGGTCAGTCCCT,0
l7_CTACACCAGGACGAAA,0
l7_CTACACCCAGGACCCT,0
l7_CTACACCCAGTCGTGC,0
l7_CTACACCCATGCCCGA,1
l7_CTACACCGTCATCGGC,0
l7_CTACACCTCATCACCC,1
l7_CTACACCTCATGCTCC,1
l7_CTACACCTCCCAAGTA,2
l7_CTACACCTCGGCCGAT,4
l7_CTACACCTCGTCCAGG,0
l7_CTACATTCACCCTATC,0
l7_CTACATTTCCAAATGC,3
l7_CTACCCAAGAGCTGGT,2
l7_CTACCCACACCCATTC,0
l7_CTACCCACAGTTCCCT,0
l7_CTACCCAGTCCGAACC,4
l7_CTACGTCAGCGATGAC,4
l7_CTACGTCCAGACTCGC,0
l7_CTACGTCGTTGCGCAC,0
l7_CTAGAGTCACGAAGCA,4
l7_CTAGAGTCATTCACTT,6
l7_CTAGAGTGTATAAACG,0
l7_CTAGAGTGTCCAGTGC,0
l7_CTAGAGTGTCGGCACT,0
l7_CTAGAGTTCATATCGG,3
l7_CTAGAGTTCGATCCCT,1
l7_CTAGCCTAGATGCCAG,3
l7_CTAGCCTCATGCCACG,0
l7_CTAGCCTTCGGCTTGG,0
l7_CTAGCCTTCTTGTCAT,0
l7_CTAGTGAAGACCACGA,3
l7_CTAGTGAGTACCGCTG,0
l7_CTAGTGATCACGACTA,0
l7_CTAGTGATCATGTCCC,3
l7_CTAGTGATCGTACGGC,0
l7_CTAGTGATCTCTAGGA,0
l7_CTCACACCAGCTCGCA,2
l7_CTCACACGTACCAGTT,0
l7_CTCACACGTCTGATTG,0
l7_CTCACACGTGTGCGTC,0
l7_CTCACACTCAGTCCCT,1
l7_CTCACACTCCGAATGT,0
l7_CTCACACTCGCTTAGA,3
l7_CTCAGAAAGGTGCACA,0
l7_CTCAGAAGTAAAGTCA,4
l7_CTCAGAAGTAACGACG,1
l7_CTCAGAAGTAAGTGGC,2
l7_CTCAGAAGTACTTCTT,0
l7_CTCAGAAGTGTGCGTC,2
l7_CTCATTAAGTCCGGTC,3
l7_CTCATTACAAATACAG,3
l7_CTCATTACACAGATTC,1
l7_CTCATTACATATGAGA,0
l7_CTCATTAGTTCCGGCA,3
l7_CTCCTAGAGAAAGTGG,1
l7_CTCCTAGCATTTCACT,2
l7_CTCCTAGGTCATGCAT,1
l7_CTCCTAGGTTTGTGTG,1
l7_CTCGAAAAGTGTGGCA,0
l7_CTCGAAACACTAGTAC,1
l7_CTCGAAACATGGTCAT,0
l7_CTCGAAAGTTACGTCA,0
l7_CTCGAAATCTAACTTC,0
l7_CTCGAGGCAGCCAGAA,0
l7_CTCGAGGCAGGCTGAA,0
l7_CTCGAGGCAGGGTTAG,3
l7_CTCGAGGCAGTCGATT,0
l7_CTCGAGGGTACTCTCC,4
l7_CTCGAGGGTCAGAATA,3
l7_CTCGAGGTCCAATGGT,1
l7_CTCGAGGTCCGAAGAG,3
l7_CTCGGAGAGGATATAC,0
l7_CTCGGAGAGGTCATCT,0
l7_CTCGGAGAGTAGGCCA,2
l7_CTCGGAGAGTCAATAG,0
l7_CTCGGAGCACAGCGTC,1
l7_CTCGGAGCATAGGATA,2
l7_CTCGGAGGTCCATGAT,0
l7_CTCGGAGGTCGCGTGT,2
l7_CTCGGAGGTTCACCTC,1
l7_CTCGGGAAGTCCTCCT,2
l7_CTCGGGAGTGTGAAAT,1
l7_CTCGGGATCAAGCCTA,0
l7_CTCGGGATCTGGTATG,2
l7_CTCGTACAGATGTGGC,3
l7_CTCGTACGTAAGTTCC,0
l7_CTCGTACGTATTCGTG,0
l7_CTCGTACGTCCAGTTA,3
l7_CTCGTACGTCCGCTGA,0
l7_CTCGTACGTGACCAAG,0
l7_CTCGTACGTTGTACAC,0
l7_CTCGTACTCACCTCGT,1
l7_CTCGTCAAGGGTCTCC,0
l7_CTCGTCATCATGCATG,0
l7_CTCGTCATCGCACTCT,0
l7_CTCTAATCACATGACT,1
l7_CTCTAATGTGAGGCTA,1
l7_CTCTACGAGACTAAGT,0
l7_CTCTACGAGCGTAATA,2
l7_CTCTACGAGGAACTGC,0
l7_CTCTACGAGGGATGGG,0
l7_CTCTACGCAATTGCTG,0
l7_CTCTACGGTTCAGACT,0
l7_CTCTACGGTTTGGCGC,0
l7_CTCTACGTCAATACCG,4
l7_CTCTACGTCCGCATAA,1
l7_CTCTACGTCTGCTGTC,2
l7_CTCTGGTAGCAGGCTA,0
l7_CTCTGGTAGCATCATC,1
l7_CTCTGGTCACTGTTAG,3
l7_CTCTGGTGTATCAGTC,2
l7_CTCTGGTGTATTACCG,2
l7_CTCTGGTTCACCATAG,1
l7_CTCTGGTTCTGAGGGA,1
l7_CTGAAACAGGGTGTTG,1
l7_CTGAAACAGTACACCT,3
l7_CTGAAACGTAGCCTCG,3
l7_CTGAAACGTGCAGTAG,4
l7_CTGAAACTCAAGAAGT,3
l7_CTGAAACTCATCACCC,3
l7_CTGAAGTCAGCATGAG,0
l7_CTGAAGTTCGGTGTTA,0
l7_CTGAAGTTCTGTGCAA,0
l7_CTGAAGTTCTTGTTTG,3
l7_CTGATAGAGTATGACA,3
l7_CTGATAGCACATGGGA,0
l7_CTGATAGGTAAGAGGA,2
l7_CTGATAGTCCACTGGG,6
l7_CTGATAGTCCGAGCCA,0
l7_CTGATCCAGACCTTTG,0
l7_CTGATCCAGATGTAAC,1
l7_CTGATCCAGCACAGGT,3
l7_CTGATCCAGCCTATGT,0
l7_CTGATCCAGGTGTTAA,0
l7_CTGATCCAGTCATGCT,5
l7_CTGATCCAGTGGGTTG,0
l7_CTGATCCCAAAGCGGT,2
l7_CTGATCCCACCAGGCT,0
l7_CTGATCCCAGACACTT,2
l7_CTGATCCCAGCGTTCG,4
l7_CTGATCCCATTAGCCA,0
l7_CTGATCCGTCAGATAA,0
l7_CTGATCCGTCTCACCT,2
l7_CTGATCCGTTCAGGCC,5
l7_CTGATCCTCAGCACAT,1
l7_CTGATCCTCTTTACGT,0
l7_CTGCCTAAGACGCACA,3
l7_CTGCCTAAGCACAGGT,3
l7_CTGCCTACAAACTGCT,0
l7_CTGCCTACATATGAGA,0
l7_CTGCCTACATCTATGG,2
l7_CTGCCTACATGTTGAC,0
l7_CTGCCTAGTCGCGTGT,3
l7_CTGCCTAGTGACTACT,0
l7_CTGCCTATCCTTCAAT,0
l7_CTGCCTATCGGACAAG,3
l7_CTGCGGAAGAATCTCC,2
l7_CTGCGGAAGTTGCAGG,5
l7_CTGCGGAGTGCCTGCA,2
l7_CTGCGGAGTGTGGTTT,0
l7_CTGCGGATCTGCAAGT,0
l7_CTGCTGTAGATGTCGG,1
l7_CTGCTGTAGTGTTGAA,2
l7_CTGCTGTAGTTCCACA,0
l7_CTGCTGTCAATGAAAC,4
l7_CTGCTGTCACAACGTT,3
l7_CTGCTGTCATCGGAAG,2
l7_CTGCTGTGTATGGTTC,2
l7_CTGCTGTGTGAAGGCT,0
l7_CTGCTGTTCGTTTATC,1
l7_CTGCTGTTCTCCAACC,1
l7_CTGCTGTTCTTCGAGA,0
l7_CTGGTCTAGCTGAACG,0
l7_CTGGTCTGTCATTAGC,0
l7_CTGGTCTGTTGCGCAC,0
l7_CTGGTCTGTTTAGCTG,0
l7_CTGGTCTTCCAGTAGT,6
l7_CTGTGCTAGAGCTTCT,0
l7_CTGTGCTGTAGAGGAA,0
l7_CTGTGCTTCTACTCAT,6
l7_CTGTTTATCCATTCTA,0
l7_CTTAACTAGCGTAATA,2
l7_CTTAACTAGGAGTTTA,0
l7_CTTAACTCAAGTCATC,1
l7_CTTAACTCACAACGTT,0
l7_CTTAACTGTACATCCA,6
l7_CTTAACTGTGGTCTCG,0
l7_CTTAACTGTTCAGTAC,0
l7_CTTAACTTCAGCTGGC,0
l7_CTTACCGAGACCTTTG,0
l7_CTTACCGCAGTCACTA,1
l7_CTTACCGGTAAGTAGT,1
l7_CTTACCGGTCACTTCC,4
l7_CTTACCGGTCCCGACA,4
l7_CTTACCGGTCGGCACT,0
l7_CTTACCGGTCTCTTAT,5
l7_CTTACCGGTGCACTTA,6
l7_CTTACCGGTTATGTGC,1
l7_CTTACCGTCCTTGCCA,3
l7_CTTAGGAAGACCACGA,0
l7_CTTAGGAAGCACCGTC,0
l7_CTTAGGAAGCTCTCGG,0
l7_CTTAGGAAGGAGTTTA,0
l7_CTTAGGAAGGCCCTCA,0
l7_CTTAGGACAGCTCGCA,0
l7_CTTAGGACATCACGTA,3
l7_CTTAGGAGTTATTCTC,0
l7_CTTAGGATCAGAGGTG,0
l7_CTTCTCTAGAAACGCC,0
l7_CTTCTCTAGACTTTCG,0
l7_CTTCTCTAGCGATCCC,1
l7_CTTCTCTGTCAACATC,3
l7_CTTCTCTGTCGCCATG,2
l7_CTTCTCTTCCATTCTA,2
l7_CTTGGCTAGCCACTAT,0
l7_CTTGGCTAGCTAACTC,1
l7_CTTGGCTAGTCCAGGA,0
l7_CTTGGCTCAAGCTGTT,0
l7_CTTGGCTGTGCATCTA,5
l7_CTTGGCTGTGCGAAAC,4
l7_CTTGGCTTCCCAACGG,0
l7_CTTGGCTTCTAACCGA,2
l7_CTTGGCTTCTGCTGCT,3
l7_CTTTGCGAGCTATGCT,5
l7_CTTTGCGAGGGTATCG,0
l7_CTTTGCGCACGAAGCA,0
l7_CTTTGCGGTAGCTCCG,0
l7_CTTTGCGGTCCTAGCG,0
l7_CTTTGCGTCAGGATCT,2
l7_GAAACTCAGGCAAAGA,0
l7_GAAACTCCAATGAATG,2
l7_GAAACTCCATGCAACT,1
l7_GAAATGAAGTCCATAC,2
l7_GAAATGACACATTCGA,2
l7_GAAATGACATTAGCCA,0
l7_GAAATGAGTTTGGCGC,0
l7_GAACATCCACAAGCCC,4
l7_GAACATCTCCGATATG,0
l7_GAACATCTCTCGCTTG,1
l7_GAACCTAAGACATAAC,4
l7_GAACCTAAGATATACG,0
l7_GAACCTAAGCGATCCC,0
l7_GAACCTAAGCGTCAAG,0
l7_GAACCTACACAGACAG,3
l7_GAACCTAGTAAACACA,0
l7_GAACCTAGTATAATGG,0
l7_GAACCTAGTTGGGACA,0
l7_GAACCTATCATCATTC,0
l7_GAACCTATCGGTTCGG,0
l7_GAACCTATCTGTACGA,0
l7_GAACGGAAGACAGACC,0
l7_GAACGGAAGATCGGGT,0
l7_GAACGGACAAAGTGCG,0
l7_GAACGGACACGTCAGC,3
l7_GAACGGACAGGACGTA,0
l7_GAACGGACATGTCGAT,1
l7_GAACGGAGTGAGTGAC,3
l7_GAACGGAGTTGGTTTG,1
l7_GAACGGAGTTTGTTTC,0
l7_GAACGGATCCTTTACA,5
l7_GAAGCAGCAAGCCGCT,5
l7_GAAGCAGCATGGGACA,0
l7_GAAGCAGGTCTTCGTC,0
l7_GAAGCAGTCCCTAACC,6
l7_GAAGCAGTCGTAGGAG,3
l7_GAAGCAGTCTATCCTA,0
l7_GAATAAGAGAAAGTGG,4
l7_GAATAAGCAATGGACG,0
l7_GAATGAAAGGACATTA,0
l7_GAATGAAAGGGATGGG,0
l7_GAATGAAAGTGTACGG,1
l7_GAATGAACAGCTCGCA,0
l7_GAATGAACAGGAATCG,1
l7_GAATGAACAGTGAGTG,0
l7_GAATGAAGTACATGTC,0
l7_GAATGAAGTCATACTG,4
l7_GAATGAAGTTTGTTTC,2
l7_GAATGAATCGCACTCT,0
l7_GAATGAATCGGACAAG,3
l7_GACACGCAGACGCAAC,0
l7_GACACGCCAGCCTTTC,0
l7_GACACGCCATCAGTCA,0
l7_GACACGCGTTATCACG,0
l7_GACAGAGAGAACAACT,1
l7_GACAGAGAGACACTAA,2
l7_GACAGAGAGATCACGG,4
l7_GACAGAGAGGCTATCT,6
l7_GACAGAGGTGTTAAGA,0
l7_GACAGAGTCCTTGCCA,0
l7_GACCAATGTCGCTTTC,3
l7_GACCAATTCTTGCAAG,0
l7_GACCTGGCATTCTTAC,5
l7_GACCTGGTCGTTTGCC,0
l7_GACGCGTCAAGGTGTG,2
l7_GACGCGTCAGATGGGT,6
l7_GACGCGTCATTATCTC,0
l7_GACGCGTTCAAACCAC,0
l7_GACGCGTTCAAGATCC,1
l7_GACGCGTTCCGCGGTA,4
l7_GACGCGTTCCTTTACA,0
l7_GACGGCTAGGCTAGGT,0
l7_GACGGCTCACGACGAA,4
l7_GACGGCTCATGAAGTA,2
l7_GACGGCTCATTTCACT,0
l7_GACGGCTGTGGGTATG,0
l7_GACGGCTTCACTTATC,0
l7_GACGGCTTCCTCAATT,0
l7_GACGGCTTCTTAGCCC,0
l7_GACGTGCAGCTATGCT,3
l7_GACGTGCAGGAGTCTG,3
l7_GACGTGCCATAGTAAG,2
l7_GACGTGCCATCGGTTA,2
l7_GACGTGCGTAACGCGA,3
l7_GACGTGCGTCGAAAGC,0
l7_GACGTGCGTTTAGGAA,0
l7_GACGTTAAGCTTTGGT,4
l7_GACGTTAAGTGAAGTT,2
l7_GACGTTACAACTTGAC,4
l7_GACGTTACATCTACGA,0
l7_GACGTTAGTACTCAAC,2
l7_GACGTTAGTCATCGGC,3
l7_GACTAACAGAGCTGCA,2
l7_GACTAACCAGCGAACA,0
l7_GACTAACGTACATGTC,3
l7_GACTAACGTCGAATCT,4
l7_GACTAACTCACAAACC,5
l7_GACTACACAACACCCG,4
l7_GACTACACAGAAGCAC,3
l7_GACTACACAGCGTTCG,2
l7_GACTACACATGGGACA,0
l7_GACTACAGTTGAGTTC,0
l7_GACTGCGAGATGCCAG,0
l7_GACTGCGAGGCCCGTT,0
l7_GACTGCGCAAGTAATG,0
l7_GACTGCGCATTCACTT,0
l7_GACTGCGGTCAAGCGA,2
l7_GAGCAGAAGACAGAGA,1
l7_GAGCAGAAGAGTACAT,0
l7_GAGCAGAAGCTCCCAG,2
l7_GAGCAGAAGGCAGTCA,0
l7_GAGCAGAAGTCTTGCA,1
l7_GAGCAGACAACTGCGC,5
l7_GAGCAGACAAGAAAGG,3
l7_GAGCAGACATTGGTAC,4
l7_GAGCAGATCTACCTGC,0
l7_GAGCAGATCTCAAGTG,0
l7_GAGCAGATCTCCGGTT,0
l7_GAGCAGATCTGGAGCC,6
l7_GAGGTGAAGAGTACAT,1
l7_GAGGTGAAGCGCCTCA,0
l7_GAGGTGAGTGAGTGAC,2
l7_GAGGTGAGTTCCGGCA,0
l7_GAGGTGATCCTCGCAT,3
l7_GAGTCCGAGCTCAACT,1
l7_GAGTCCGCAATCTGCA,1
l7_GAGTCCGGTGCAGTAG,1
l7_GAGTCCGGTTAGAACA,2
l7_GATCAGTAGCCCTAAT,2
l7_GATCAGTAGTGCCAGA,0
l7_GATCAGTGTAGCTTGT,0
l7_GATCAGTGTATATGAG,0
l7_GATCAGTTCCTATGTT,3
l7_GATCGATAGGCTAGAC,5
l7_GATCGATGTTATGCGT,3
l7_GATCGATGTTGCGCAC,0
l7_GATCGATTCTGATTCT,0
l7_GATCGCGAGTTGAGAT,0
l7_GATCGCGCAGCGAACA,0
l7_GATCGCGGTATTACCG,0
l7_GATCGCGTCTCAAGTG,5
l7_GATCGTAAGCTAGCCC,1
l7_GATCGTACAACTGCGC,4
l7_GATCGTACAAGAGTCG,2
l7_GATCGTACAATCCAAC,4
l7_GATCGTACAGATGGGT,0
l7_GATCGTACATTTGCTT,0
l7_GATCGTATCCTCCTAG,3
l7_GATCGTATCTTCGGTC,0
l7_GATCTAGAGCACCGCT,3
l7_GATCTAGAGCTAGTGG,2
l7_GATCTAGAGTCCGGTC,1
l7_GATGAAAAGTCCTCCT,0
l7_GATGAAACAAGGACTG,3
l7_GATGAAACACCAACCG,0
l7_GATGAAACACCACCAG,0
l7_GATGAGGCAAGGGTCA,5
l7_GATGAGGGTCTTGATG,0
l7_GATGAGGGTTACGTCA,0
l7_GATGAGGTCAATCTCT,3
l7_GATGAGGTCTAAGCCA,0
l7_GATGAGGTCTAGAGTC,0
l7_GATGCTAAGAATGTTG,6
l7_GATGCTAAGAGTAATC,3
l7_GATGCTAAGTACGACG,4
l7_GATGCTACACCAACCG,3
l7_GATGCTACACGCATCG,5
l7_GATGCTACAGGAACGT,3
l7_GATGCTACATGCCCGA,0
l7_GATGCTAGTAACGTTC,3
l7_GATGCTAGTTGTGGAG,1
l7_GATTCAGCAATCAGAA,0
l7_GATTCAGCAATGAATG,0
l7_GATTCAGCAGTGAGTG,4
l7_GATTCAGTCAACCAAC,0
l7_GATTCAGTCCACGCAG,0
l7_GATTCAGTCCTGTACC,0
l7_GCAAACTAGTAATCCC,0
l7_GCAAACTAGTTAGGTA,0
l7_GCAAACTCAGCGTCCA,1
l7_GCAAACTCAGCTCCGA,4
l7_GCAAACTGTACAGTTC,5
l7_GCAAACTGTTATCCGA,6
l7_GCAAACTTCAAACGGG,0
l7_GCAAACTTCAAAGACA,0
l7_GCAAACTTCTCGCATC,1
l7_GCAATCAAGCCCGAAA,3
l7_GCAATCAAGGTCGGAT,0
l7_GCAATCACACAGTCGC,2
l7_GCAATCACACATGGGA,2
l7_GCAATCAGTGCAACTT,0
l7_GCAATCATCTAACTCT,2
l7_GCACATAAGATGCGAC,0
l7_GCACATAAGGACGAAA,0
l7_GCACATACAACCGCCA,3
l7_GCACATACACAAGTAA,0
l7_GCACATACACTTAAGC,0
l7_GCACATAGTAAGTGGC,6
l7_GCACATAGTATATGGA,3
l7_GCACATAGTGTGGTTT,2
l7_GCACATATCAGTCCCT,1
l7_GCACATATCGTAGGAG,0
l7_GCACATATCTCTTGAT,4
l7_GCACTCTAGCGTAATA,6
l7_GCACTCTAGTGTTAGA,4
l7_GCACTCTCAAATACAG,0
l7_GCACTCTCACGAAATA,0
l7_GCACTCTGTTAGTGGG,2
l7_GCACTCTTCTGGGCCA,0
l7_GCAGCCAAGCTAACTC,0
l7_GCAGCCAAGCTATGCT,1
l7_GCAGCCACAGCAGTTT,0
l7_GCAGCCACAGCTGGCT,0
l7_GCAGCCAGTCACACGC,3
l7_GCAGCCAGTGAAGGCT,1
l7_GCAGCCAGTTGAGTTC,0
l7_GCAGCCAGTTGGACCC,0
l7_GCAGCCATCCAAATGC,0
l7_GCAGCCATCCGCGGTA,1
l7_GCAGTTAAGACTCGGA,3
l7_GCAGTTACACACTGCG,1
l7_GCAGTTACACGACTCG,2
l7_GCAGTTACATGGTTGT,0
l7_GCAGTTAGTTGGTGGA,2
l7_GCAGTTATCCATGCTC,0
l7_GCAGTTATCGCATGAT,5
l7_GCATACAAGGACAGAA,1
l7_GCATACACACTAAGTC,3
l7_GCATACAGTAATCGTC,0
l7_GCATACAGTCACTGGC,0
l7_GCATACATCTCGCTTG,0
l7_GCATGATCAATGAATG,0
l7_GCATGATCATTCACTT,3
l7_GCATGATGTCTCCATC,2
l7_GCATGATGTGCGAAAC,2
l7_GCATGATTCCTTTCTC,0
l7_GCATGCGAGCGTAGTG,6
l7_GCATGCGAGGTGTGGT,0
l7_GCATGCGTCAGGCGAA,1
l7_GCATGTAAGATCTGCT,3
l7_GCCAAATCACGAGGTA,2
l7_GCCAAATCACGGCCAT,3
l7_GCCAAATGTAATTGGA,0
l7_GCCTCTAAGAGGTACC,1
l7_GCCTCTACACGTCTCT,0
l7_GCGACCAAGAGGGATA,0
l7_GCGACCACACATAACC,2
l7_GCGACCAGTATAGTAG,4
l7_GCGACCATCAGATAAG,0
l7_GCGACCATCGGTCTAA,0
l7_GCGACCATCTCCCTGA,0
l7_GCGAGAAGTCCGACGT,0
l7_GCGAGAAGTGTTCGAT,0
l7_GCGAGAATCATGCATG,0
l7_GCGCAACAGGACAGAA,1
l7_GCGCAACAGGACGAAA,2
l7_GCGCAACCAGTTAACC,0
l7_GCGCAACCAGTTCCCT,5
l7_GCGCAACGTCTTTCAT,0
l7_GCGCAACTCTTATCTG,3
l7_GCGCAACTCTTCTGGC,0
l7_GCGCAGTAGATGCCTT,3
l7_GCGCAGTAGGAGTACC,2
l7_GCGCAGTCAAGCCATT,4
l7_GCGCAGTCAAGGCTCC,4
l7_GCGCAGTTCTGGAGCC,0
l7_GCGCCAAAGGCCCTCA,0
l7_GCGCCAAAGTAGATGT,0
l7_GCGCCAACACCCATGG,1
l7_GCGCCAAGTGATGTGG,0
l7_GCGCCAAGTGTTAAGA,1
l7_GCGCCAATCCCGACTT,2
l7_GCGCCAATCGGATGTT,1
l7_GCGCGATAGGTAAACT,0
l7_GCGCGATAGTCAAGCG,3
l7_GCGCGATCAAGTAGTA,1
l7_GCGCGATCACCTGGTG,2
l7_GCGCGATCAGCTTAAC,4
l7_GCGCGATGTCCGAATT,3
l7_GCGCGATGTCGTCTTC,4
l7_GCGCGATGTGTTTGTG,1
l7_GCGCGATTCAGCAACT,4
l7_GCGGGTTAGTGTACCT,0
l7_GCGGGTTCAGGGAGAG,0
l7_GCGGGTTGTTTGACAC,0
l7_GCGGGTTTCAACGGGA,4
l7_GCTCCTAAGACCGGAT,0
l7_GCTCCTAAGGCCCTTG,0
l7_GCTCCTAAGTACGTTC,0
l7_GCTCCTAAGTATCGAA,3
l7_GCTCCTACAAAGGTGC,2
l7_GCTCCTAGTAGGCTGA,3
l7_GCTCCTATCTGGCGTG,3
l7_GCTCTGTAGCAATATG,0
l7_GCTCTGTAGGAGCGAG,1
l7_GCTCTGTCATATACGC,2
l7_GCTCTGTTCACCGTAA,0
l7_GCTGCAGAGAAGGTGA,0
l7_GCTGCAGCATACTCTT,0
l7_GCTGCAGGTAAAGTCA,0
l7_GCTGCAGTCATGCAAC,1
l7_GCTGCAGTCGTCGTTC,6
l7_GCTGCGAAGACACGAC,0
l7_GCTGCGAAGCAGGCTA,3
l7_GCTGCGAAGCGATAGC,0
l7_GCTGCGAAGCGTGTCC,3
l7_GCTGCGAGTGTCGCTG,6
l7_GCTGCGATCGGCGCAT,0
l7_GCTGCGATCTAACTCT,5
l7_GCTGCTTAGTCAAGCG,1
l7_GCTGCTTCAGACGCTC,5
l7_GCTGCTTGTAATAGCA,0
l7_GCTGCTTGTCATGCCG,0
l7_GCTGCTTTCGAGGTAG,6
l7_GCTGCTTTCTTGCATT,4
l7_GCTGGGTAGTATCTCG,3
l7_GCTGGGTCACATTTCT,3
l7_GCTGGGTCATCCGCGA,3
l7_GCTGGGTGTATCAGTC,0
l7_GCTGGGTGTGAGTATA,0
l7_GCTGGGTTCTCGTATT,5
l7_GCTTGAAAGAGCCTAG,1
l7_GCTTGAACAAATTGCC,4
l7_GCTTGAACACACGCTG,3
l7_GGAAAGCAGATCGGGT,4
l7_GGAAAGCAGCACGCCT,0
l7_GGAAAGCAGTTGCAGG,0
l7_GGAAAGCCAAGGACAC,4
l7_GGAAAGCCAGCTGTAT,0
l7_GGAAAGCGTAAGTGTA,0
l7_GGAACTTAGACACGAC,3
l7_GGAACTTAGCGAAGGG,0
l7_GGAACTTCAAACCCAT,0
l7_GGAACTTCACCAGATT,0
l7_GGAACTTCAGTGAGTG,3
l7_GGAACTTCATGCGCAC,1
l7_GGAACTTGTACAAGTA,2
l7_GGAACTTGTCTTGTCC,0
l7_GGAACTTGTGGGTATG,1
l7_GGAACTTTCACCCGAG,0
l7_GGAACTTTCCTTCAAT,0
l7_GGAATAAAGCGACGTA,4
l7_GGAATAAAGCTCAACT,0
l7_GGAATAACAACAACCT,6
l7_GGAATAATCACAGTAC,1
l7_GGACAAGAGGAGTACC,6
l7_GGACAAGGTCCAGTGC,3
l7_GGACAAGGTCCCTTGT,0
l7_GGACAAGTCTCTAAGG,0
l7_GGACAAGTCTGGTTCC,2
l7_GGACAGAAGACATAAC,0
l7_GGACAGAAGCACAGGT,2
l7_GGACAGAGTTAGAACA,1
l7_GGACAGATCCTTAATC,3
l7_GGACATTAGAGACGAA,0
l7_GGACATTAGAGCCTAG,0
l7_GGACATTAGGGCTCTC,0
l7_GGACATTCACAGACAG,0
l7_GGACATTCAGTGGGAT,0
l7_GGACATTGTTCAGTAC,0
l7_GGACATTTCAACGCTA,0
l7_GGACATTTCAGGCCCA,3
l7_GGACATTTCGCGTAGC,6
l7_GGACATTTCGTTTATC,0
l7_GGACATTTCTGCGACG,0
l7_GGACGTCAGACTGTAA,3
l7_GGACGTCAGCCAGTAG,5
l7_GGACGTCAGCGCTCCA,1
l7_GGACGTCAGGTTCCTA,5
l7_GGACGTCCAGGCTCAC,0
l7_GGACGTCCATGCGCAC,1
l7_GGACGTCGTCTTGCGG,4
l7_GGACGTCGTTCGTGAT,4
l7_GGAGCAAAGCAGCCTC,2
l7_GGAGCAAAGCCCTAAT,3
l7_GGAGCAAAGCTAGTTC,0
l7_GGAGCAACAATGGACG,4
l7_GGAGCAAGTATTCGTG,0
l7_GGAGCAAGTCAGAATA,0
l7_GGAGCAAGTCTCTCGT,4
l7_GGAGCAATCAAACGGG,0
l7_GGAGCAATCCCTCTTT,4
l7_GGATGTTCAACACCCG,0
l7_GGATGTTCAGTCAGCC,1
l7_GGATGTTGTAAGTTCC,1
l7_GGATGTTGTAGGCTGA,0
l7_GGATGTTTCACTGGGC,0
l7_GGATGTTTCATCTGTT,0
l7_GGATGTTTCGTTACAG,6
l7_GGATGTTTCTCTAGGA,0
l7_GGATGTTTCTTCGAGA,2
l7_GGATTACAGCCCTAAT,0
l7_GGATTACTCAAGGCTT,0
l7_GGATTACTCCAAGCCG,0
l7_GGATTACTCGGAGCAA,6
l7_GGATTACTCTCTGTCG,4
l7_GGATTACTCTTCAACT,3
l7_GGCAATTCACATTAGC,0
l7_GGCAATTCACGCATCG,4
l7_GGCAATTGTCCTCTTG,0
l7_GGCAATTGTTATCACG,4
l7_GGCAATTTCTTCATGT,2
l7_GGCCGATAGGCCGAAT,0
l7_GGCCGATCAGCCTGTG,2
l7_GGCCGATGTAAAGGAG,2
l7_GGCGACTCAAACAACA,0
l7_GGCGACTGTGAGTATA,5
l7_GGCGACTGTGCCTTGG,0
l7_GGCGACTGTTGCGCAC,0
l7_GGCGACTTCCCTTGTG,2
l7_GGCGACTTCTGAGTGT,0
l7_GGCGTGTAGCCAGTTT,3
l7_GGCGTGTAGGGTATCG,0
l7_GGCGTGTCAAGCGCTC,0
l7_GGCGTGTTCACTTATC,0
l7_GGCGTGTTCCCTTGCA,0
l7_GGCTCGAAGTTACGGG,0
l7_GGCTCGACAAACGCGA,2
l7_GGCTCGACAAGGTTTC,2
l7_GGCTCGACATGTCCTC,2
l7_GGCTCGATCGCTAGCG,1
l7_GGCTGGTAGGCAGGTT,0
l7_GGCTGGTCAACACCCG,3
l7_GGCTGGTCAACGATCT,2
l7_GGCTGGTGTAAGTTCC,0
l7_GGCTGGTGTATTACCG,0
l7_GGCTGGTTCATATCGG,5
l7_GGCTGGTTCATGTGGT,0
l7_GGGAATGAGAGTCTGG,0
l7_GGGAATGCAGGTCGTC,3
l7_GGGAATGGTACTTCTT,2
l7_GGGAATGGTCATACTG,0
l7_GGGAATGGTCTCTCGT,6
l7_GGGAATGGTGGGTCAA,0
l7_GGGACCTAGAGCTTCT,0
l7_GGGACCTCAGATCTGT,1
l7_GGGACCTCAGGACGTA,2
l7_GGGACCTGTCTAGTCA,1
l7_GGGACCTGTGGGTATG,6
l7_GGGACCTTCCCTCAGT,1
l7_GGGACCTTCGTTTGCC,6
l7_GGGAGATCACCAGATT,0
l7_GGGAGATCACCTATCC,4
l7_GGGAGATCACGGTAGA,0
l7_GGGAGATCACTCTGTC,4
l7_GGGAGATTCATGCTCC,6
l7_GGGAGATTCGCTGATA,0
l7_GGGAGATTCTAAGCCA,0
l7_GGGAGATTCTGCGACG,0
l7_GGGATGAAGTGACTCT,1
l7_GGGATGACACATAACC,1
l7_GGGATGACAGGGAGAG,0
l7_GGGATGAGTGCTGTAT,6
l7_GGGATGATCAGCTGGC,0
l7_GGGATGATCATATCGG,0
l7_GGGCACTAGACTAAGT,0
l7_GGGCACTAGATGGGTC,0
l7_GGGCACTCATGCCTTC,0
l7_GGGCACTGTCAACATC,5
l7_GGGCACTTCATGTAGC,0
l7_GGGCACTTCTGCGACG,1
l7_GGGCATCAGGACTGGT,0
l7_GGGCATCAGTTGAGAT,0
l7_GGGCATCCACTGTGTA,0
l7_GGGCATCGTTGCGCAC,0
l7_GGGTCTGAGTGGGCTA,0
l7_GGGTCTGCAATTGCTG,0
l7_GGGTCTGGTGCACCAC,2
l7_GGGTCTGGTTGACGTT,3
l7_GGGTCTGTCCACGCAG,0
l7_GGGTCTGTCCTGCTTG,0
l7_GGGTTGCAGACGCAAC,0
l7_GGGTTGCAGCTGAACG,0
l7_GGGTTGCCACATGACT,3
l7_GGGTTGCGTCGACTGC,1
l7_GGGTTGCGTGTCCTCT,4
l7_GGGTTGCTCGTACCGG,0
l7_GGGTTGCTCTCGCTTG,6
l7_GGTATTGCAAGGACTG,0
l7_GGTATTGCAGTATGCT,0
l7_GGTATTGGTCTCTTAT,0
l7_GGTGAAGAGCTCCCAG,1
l7_GGTGAAGAGGGCACTA,1
l7_GGTGAAGAGTGACTCT,1
l7_GGTGAAGCAGTCCTTC,6
l7_GGTGAAGGTATATGAG,3
l7_GGTGAAGGTCTAGTCA,3
l7_GGTGAAGTCCAAATGC,4
l7_GGTGAAGTCGCTGATA,3
l7_GGTGAAGTCTCGATGA,2
l7_GGTGCGTAGAACAACT,0
l7_GGTGCGTAGTCATGCT,2
l7_GGTGCGTAGTGAAGAG,3
l7_GGTGCGTCATCCCACT,3
l7_GGTGCGTTCAACGGCC,3
l7_GGTGCGTTCGCGTAGC,3
l7_GGTGTTAAGGGAGTAA,0
l7_GGTGTTAAGTGAACAT,1
l7_GGTGTTACAGGGAGAG,4
l7_GGTGTTAGTCTGATTG,0
l7_GGTGTTAGTGGTAACG,0
l7_GGTGTTATCACTTCAT,0
l7_GGTGTTATCGCAGGCT,4
l7_GGTGTTATCTAAGCCA,0
l7_GTAACGTAGATGCGAC,0
l7_GTAACGTAGCCACGCT,0
l7_GTAACGTAGGTGATTA,0
l7_GTAACGTAGTGTCCAT,0
l7_GTAACGTAGTTAAGTG,4
l7_GTAACGTCATTCTTAC,1
l7_GTAACGTGTACCGTTA,3
l7_GTAACGTTCTATCCCG,4
l7_GTAACTGAGATTACCC,1
l7_GTAACTGAGCTGAAAT,0
l7_GTAACTGAGTGGTAGC,0
l7_GTAACTGCAAGGTTCT,2
l7_GTAACTGCATGTCCTC,1
l7_GTAACTGCATTCCTGC,2
l7_GTAACTGTCACAAACC,2
l7_GTAACTGTCGCTGATA,1
l7_GTACGTAAGACTACAA,5
l7_GTACGTAAGGCGACAT,3
l7_GTACGTAGTCCGACGT,3
l7_GTACTCCAGCTGCGAA,1
l7_GTACTCCAGGTGGGTT,3
l7_GTACTCCCAACTTGAC,1
l7_GTACTCCGTAGCCTAT,1
l7_GTACTCCTCATGGTCA,2
l7_GTACTCCTCGGCTTGG,1
l7_GTACTTTAGCTAGTTC,1
l7_GTACTTTCAAAGGAAG,0
l7_GTACTTTCATGGAATA,3
l7_GTACTTTGTAAACGCG,2
l7_GTACTTTGTAAGTAGT,0
l7_GTAGGCCAGTATGACA,0
l7_GTAGGCCCAGGAATCG,0
l7_GTAGGCCGTAAGGGAA,4
l7_GTAGGCCGTCGGCATC,0
l7_GTAGGCCGTCTTTCAT,5
l7_GTAGGCCTCAACCATG,3
l7_GTAGGCCTCTATCGCC,0
l7_GTAGGCCTCTCGCTTG,0
l7_GTAGTCAAGCTCTCGG,0
l7_GTAGTCAAGTCTCGGC,5
l7_GTAGTCAAGTGCGATG,4
l7_GTAGTCACAAAGGCGT,0
l7_GTAGTCACACGAAATA,0
l7_GTAGTCACACGACTCG,2
l7_GTAGTCACAGTAAGCG,0
l7_GTAGTCACATGACATC,0
l7_GTAGTCAGTAGCTCCG,1
l7_GTAGTCATCGTGGGAA,0
l7_GTATCTTAGCCAGTTT,1
l7_GTATCTTAGTACGTAA,5
l7_GTATCTTCATCGACGC,2
l7_GTATCTTCATGGTTGT,0
l7_GTATCTTCATGTCTCC,6
l7_GTATCTTCATTTGCTT,1
l7_GTATCTTGTCGCGAAA,3
l7_GTATCTTTCGGACAAG,2
l7_GTATTCTAGCCACGCT,4
l7_GTATTCTAGTGCGTGA,0
l7_GTATTCTCACTACAGT,0
l7_GTATTCTGTTATCCGA,0
l7_GTCAAGTCAAATCCGT,0
l7_GTCAAGTCAAGTCTGT,0
l7_GTCAAGTCATGTCGAT,1
l7_GTCAAGTGTCAGCTAT,0
l7_GTCAAGTTCGAGAACG,3
l7_GTCACAAAGGACGAAA,0
l7_GTCACAAAGTTAGCGG,0
l7_GTCACAACAATACGCT,0
l7_GTCACAACAATGGATA,0
l7_GTCACAAGTACGACCC,3
l7_GTCACAAGTACGCTGC,0
l7_GTCACAAGTCCGCTGA,2
l7_GTCACAAGTCGCATAT,0
l7_GTCACAAGTGCAGGTA,0
l7_GTCACGGAGAGCCTAG,0
l7_GTCACGGAGTGTCTCA,6
l7_GTCACGGCACCGCTAG,2
l7_GTCACGGCATGGATGG,0
l7_GTCACGGGTCCATCCT,0
l7_GTCACGGTCCTTTCTC,1
l7_GTCATTTAGTTAAGTG,1
l7_GTCATTTCACCTCGTT,0
l7_GTCATTTCAGTCTTCC,0
l7_GTCATTTGTACCGTTA,1
l7_GTCATTTGTTTCGCTC,1
l7_GTCCTCAAGAGTGACC,3
l7_GTCCTCAAGGAGTCTG,1
l7_GTCCTCAAGTGGTCCC,0
l7_GTCCTCACAAGCCTAT,3
l7_GTCCTCACACACCGAC,1
l7_GTCGGGTCACGTTGGC,6
l7_GTCGGGTCATGCTAGT,0
l7_GTCGGGTTCGGAGCAA,2
l7_GTCGGGTTCGTTTGCC,0
l7_GTCGGGTTCTGGCGTG,3
l7_GTCGTAAAGTACGCGA,0
l7_GTCGTAACAGTACACT,0
l7_GTCGTAACATTTCAGG,0
l7_GTCGTAAGTCTAAACC,0
l7_GTCGTAATCGAGGTAG,0
l7_GTCGTAATCGCGGATC,1
l7_GTCGTAATCTCGTTTA,3
l7_GTCTCGTCAATGAATG,0
l7_GTCTCGTCACCTCGTT,3
l7_GTCTCGTGTTCGCTAA,1
l7_GTCTCGTTCCAAACAC,3
l7_GTCTCGTTCGGAAACG,2
l7_GTCTTCGAGGAGCGAG,0
l7_GTCTTCGAGGCGTACA,1
l7_GTCTTCGAGTGTGAAT,2
l7_GTCTTCGCACGAAAGC,0
l7_GTCTTCGCATGGATGG,5
l7_GTCTTCGCATTGAGCT,0
l7_GTCTTCGGTATAGGGC,0
l7_GTCTTCGGTCCGCTGA,0
l7_GTCTTCGGTTCAGACT,0
l7_GTGAAGGCATGAGCGA,4
l7_GTGAAGGGTACAGACG,2
l7_GTGCAGCAGGTGATAT,3
l7_GTGCAGCCAAGGACAC,0
l7_GTGCAGCGTCAGAATA,0
l7_GTGCATAAGAAGATTC,4
l7_GTGCATAAGGATTCGG,1
l7_GTGCATAAGGGCTTGA,1
l7_GTGCATAAGTCTCGGC,0
l7_GTGCATAAGTTAACGA,0
l7_GTGCATACAAGTCATC,5
l7_GTGCATAGTACACCGC,0
l7_GTGCATAGTGTTGAGG,0
l7_GTGCATAGTTGGACCC,0
l7_GTGCATATCAGCACAT,3
l7_GTGCATATCTGCAAGT,0
l7_GTGCGGTAGAAGGTTT,0
l7_GTGCGGTAGCCCAACC,0
l7_GTGCGGTAGCCGATTT,0
l7_GTGCGGTGTCCGAACC,0
l7_GTGCTTCCACGACGAA,4
l7_GTGCTTCGTGTGACCC,5
l7_GTGCTTCTCTTTACGT,3
l7_GTGGGTCAGCCTCGTG,0
l7_GTGGGTCAGGATTCGG,0
l7_GTGGGTCGTCGGGTCT,0
l7_GTGTGCGAGGTGTTAA,0
l7_GTGTGCGAGTCCTCCT,2
l7_GTGTGCGTCACTCTTA,4
l7_GTGTGCGTCCGTAGTA,4
l7_GTGTTAGAGTAGGTGC,1
l7_GTGTTAGCATAGGATA,1
l7_GTGTTAGTCATCGCTC,1
l7_GTTAAGCAGAGTGACC,0
l7_GTTAAGCCACAACTGT,0
l7_GTTAAGCTCTGTTTGT,0
l7_GTTACAGAGACGCACA,0
l7_GTTACAGAGATAGGAG,3
l7_GTTACAGCAGTAAGAT,3
l7_GTTACAGGTGATGATA,0
l7_GTTACAGTCCATTCTA,6
l7_GTTACAGTCGGACAAG,0
l7_GTTCATTCAAAGCAAT,2
l7_GTTCATTCACCTCGGA,0
l7_GTTCATTCAGCCTTGG,0
l7_GTTCATTGTAGAGGAA,5
l7_GTTCATTTCAGTTAGC,0
l7_GTTCATTTCATATCGG,3
l7_GTTCATTTCCACGTGG,0
l7_GTTCATTTCCAGATCA,0
l7_GTTCGGGAGCCACGCT,3
l7_GTTCGGGAGGGATCTG,0
l7_GTTCGGGCAATAGCGG,0
l7_GTTCGGGGTACAGACG,5
l7_GTTCTCGAGGGATACC,1
l7_GTTCTCGCATACTACG,0
l7_GTTCTCGGTAAGTGGC,0
l7_GTTCTCGGTCGCATCG,5
l7_GTTCTCGGTCTCACCT,0
l7_GTTCTCGGTTCGGCAC,0
l7_GTTCTCGTCGCCGTGA,1
l7_GTTTCTAAGTAGTGCG,4
l7_GTTTCTACACCACCAG,2
l7_GTTTCTACACGCGAAA,0
l7_GTTTCTACAGGGTACA,0
l7_GTTTCTACATCGACGC,3
l7_GTTTCTAGTACAGCAG,0
l7_GTTTCTATCATCACCC,4
l7_GTTTCTATCCAACCAA,3
l7_GTTTCTATCGTCTGAA,3
l7_TAAACCGAGTCATGCT,3
l7_TAAACCGAGTGTACGG,4
l7_TAAACCGCAACTGCGC,0
l7_TAAACCGCAAGTTGTC,4
l7_TAAACCGGTCCAACTA,5
l7_TAAACCGTCCTCAATT,6
l7_TAAGAGAAGCTAACTC,3
l7_TAAGAGAAGGGTATCG,2
l7_TAAGAGACACAAGACG,3
l7_TAAGAGACAGGTCGTC,0
l7_TAAGAGACATGCTGGC,4
l7_TAAGAGAGTCCGAATT,2
l7_TAAGAGATCAAACCAC,0
l7_TAAGAGATCCCAGGTG,0
l7_TAAGCGTCAAAGTGCG,0
l7_TAAGTGCAGTGTACTC,0
l7_TAAGTGCGTACTCGCG,2
l7_TAAGTGCTCTTGCCGT,4
l7_TACACGACAAAGGTGC,6
l7_TACACGACAAGTTAAG,2
l7_TACACGACACACTGCG,1
l7_TACACGACACCTTGTC,0
l7_TACACGACAGCGAACA,2
l7_TACACGAGTGACAAAT,5
l7_TACACGAGTGATAAAC,0
l7_TACACGAGTTGATTGC,6
l7_TACACGATCAGCCTAA,0
l7_TACACGATCTAACCGA,1
l7_TACACGATCTCGAGTA,0
l7_TACAGTGAGCACAGGT,0
l7_TACAGTGAGTCAAGCG,6
l7_TACAGTGCACCAGGTC,0
l7_TACAGTGCACCGATAT,3
l7_TACAGTGGTAGCGTGA,1
l7_TACAGTGGTGGGTCAA,0
l7_TACAGTGTCAGTTAGC,2
l7_TACAGTGTCTCCAACC,1
l7_TACCTATAGAAAGTGG,0
l7_TACCTATAGATCCCGC,0
l7_TACCTATAGCCTATGT,1
l7_TACCTATAGCGATCCC,0
l7_TACCTATCAAACAACA,0
l7_TACCTATCACGAAACG,1
l7_TACCTATCAGTATAAG,2
l7_TACCTATGTGACGGTA,0
l7_TACCTTAAGCTGGAAC,1
l7_TACCTTAAGTGTCCAT,1
l7_TACCTTACACCGATAT,5
l7_TACCTTAGTAGGGTAC,0
l7_TACCTTAGTCATATCG,0
l7_TACCTTAGTCCAGTTA,0
l7_TACCTTAGTCTCCACT,2
l7_TACGGATAGAGTAAGG,0
l7_TACGGATAGAGTGAGA,1
l7_TACGGATAGCGCTCCA,0
l7_TACGGATCAAATCCGT,0
l7_TACGGATCAGCCTATA,2
l7_TACGGATGTATAGTAG,0
l7_TACGGATTCATCGCTC,0
l7_TACGGATTCCCATTTA,0
l7_TACGGGCAGTTCGATC,0
l7_TACGGGCGTATCAGTC,1
l7_TACGGGCGTGAAGGCT,2
l7_TACGGGCGTGACGGTA,3
l7_TACGGGCGTGATGTCT,0
l7_TACGGGCGTGGGTCAA,0
l7_TACGGGCGTTAAGTAG,2
l7_TACGGGCTCACGGTTA,0
l7_TACGGGCTCCAGTATG,0
l7_TACGGGCTCGTAGATC,1
l7_TACGGTAAGTACGCCC,4
l7_TACGGTACATCCGCGA,4
l7_TACGGTACATGCTAGT,0
l7_TACGGTAGTCCCGACA,1
l7_TACGGTAGTGTAACGG,0
l7_TACGGTAGTTAAGGGC,2
l7_TACGGTAGTTCTCATT,1
l7_TACGGTATCCGTACAA,0
l7_TACTCATAGCCAGTAG,0
l7_TACTCATCATCCCACT,5
l7_TACTCATGTCTAAAGA,3
l7_TACTCATGTTCCATGA,0
l7_TACTCATTCTCCCTGA,3
l7_TACTCGCAGCTAAGAT,2
l7_TACTCGCCAAGCCCAC,5
l7_TACTCGCGTACTCTCC,2
l7_TACTCGCGTATAATGG,6
l7_TACTCGCTCCACTGGG,4
l7_TACTCGCTCTGAGGGA,3
l7_TACTTACGTCTGCAAT,0
l7_TACTTACGTTTGTTGG,1
l7_TACTTACTCCAGTATG,3
l7_TACTTACTCGCCTGTT,0
l7_TACTTACTCTTGTATC,6
l7_TACTTGTAGAATGTTG,4
l7_TACTTGTCACCAGGTC,1
l7_TACTTGTGTGCAGACA,1
l7_TACTTGTGTTCCCTTG,0
l7_TACTTGTGTTGATTCG,0
l7_TACTTGTTCAACCATG,0
l7_TAGACCAGTCCGAGTC,0
l7_TAGACCATCACAAACC,0
l7_TAGACCATCGATAGAA,1
l7_TAGAGCTCAACGATCT,0
l7_TAGAGCTCAGCCTTTC,0
l7_TAGAGCTTCATGTCCC,0
l7_TAGAGCTTCTGCAAGT,0
l7_TAGCCGGAGTGGGCTA,3
l7_TAGCCGGCACTATCTT,0
l7_TAGCCGGCATCACGAT,0
l7_TAGCCGGCATCCAACA,2
l7_TAGGCATAGCAGGCTA,3
l7_TAGGCATAGGAACTGC,0
l7_TAGGCATCACTGCCAG,1
l7_TAGGCATGTCGAATCT,2
l7_TAGGCATTCAAAGACA,1
l7_TAGGCATTCAGGATCT,0
l7_TAGGCATTCGGATGGA,1
l7_TAGGCATTCTTGTCAT,2
l7_TAGGCATTCTTGTTTG,0
l7_TAGTGGTAGCTATGCT,4
l7_TAGTGGTCAGTAACGG,0
l7_TAGTGGTGTAAGTAGT,4
l7_TAGTGGTGTGATGTCT,0
l7_TAGTTGGAGACAAAGG,2
l7_TAGTTGGCAATGGAAT,2
l7_TAGTTGGCACATGACT,3
l7_TAGTTGGGTCGGCATC,4
l7_TAGTTGGGTCTCAACA,1
l7_TAGTTGGGTCTCTTAT,0
l7_TAGTTGGGTTCACGGC,0
l7_TATCAGGAGGTGGGTT,0
l7_TATCAGGAGTGGGCTA,6
l7_TATCAGGCAGTACACT,3
l7_TATCAGGCAGTCCTTC,0
l7_TATCAGGGTCATATGC,3
l7_TATCAGGTCAGATAAG,1
l7_TATCAGGTCTTGTACT,1
l7_TATCTCAAGACTTTCG,1
l7_TATCTCAAGAGGACGG,0
l7_TATCTCAAGCGATAGC,0
l7_TATCTCACAAGACACG,3
l7_TATCTCACATCACCCT,3
l7_TATCTCAGTCGGATCC,6
l7_TATCTCAGTGTGACCC,1
l7_TATCTCATCATGTGGT,0
l7_TATGCCCGTAAGTGTA,1
l7_TATGCCCGTCACCCAG,0
l7_TATTACCCAATGGAGC,0
l7_TATTACCGTCGAATCT,0
l7_TATTACCTCTCTAGGA,0
l7_TCAACGAAGAGGACGG,0
l7_TCAACGACACTTGGAT,0
l7_TCAACGAGTACCAGTT,4
l7_TCAACGAGTGCAACTT,0
l7_TCAACGAGTGTTAAGA,0
l7_TCAACGATCCGTACAA,1
l7_TCAACGATCGAATGCT,4
l7_TCAATCTAGCAGACTG,4
l7_TCAATCTAGCGTCTAT,1
l7_TCAATCTAGTAACCCT,2
l7_TCAATCTCAGTGGAGT,2
l7_TCAATCTGTCCGAACC,0
l7_TCAATCTGTTAAGATG,2
l7_TCAATCTTCAGTGCAT,1
l7_TCAATCTTCCAGGGCT,1
l7_TCACAAGCAAGAAGAG,3
l7_TCACAAGCACATTTCT,0
l7_TCACAAGCAGCTTAAC,5
l7_TCACAAGGTCAAAGCG,0
l7_TCACAAGGTCTCATCC,0
l7_TCACAAGTCTGGAGCC,4
l7_TCACGAAAGATATGGT,0
l7_TCACGAAAGCCAGTAG,4
l7_TCACGAAGTACCAGTT,2
l7_TCACGAAGTCTCACCT,2
l7_TCACGAAGTCTTGATG,5
l7_TCAGATGAGACCTAGG,1
l7_TCAGATGAGCGTGAGT,1
l7_TCAGATGAGTGGAGAA,4
l7_TCAGATGCACTATCTT,0
l7_TCAGATGCAGTCAGCC,3
l7_TCAGATGCATTATCTC,1
l7_TCAGATGGTCCCTACT,0
l7_TCAGATGGTGATAAGT,2
l7_TCAGATGGTTCCACTC,3
l7_TCAGATGTCACTTACT,0
l7_TCAGATGTCCGATATG,0
l7_TCAGCAAAGCGTGAAC,2
l7_TCAGCAAAGCTGCCCA,4
l7_TCAGCAAAGTTCGATC,0
l7_TCAGCAACATACAGCT,4
l7_TCAGCAATCTGGTATG,2
l7_TCAGCTCAGCTGGAAC,2
l7_TCAGCTCAGGCCCGTT,3
l7_TCAGCTCAGTACCGGA,0
l7_TCAGCTCAGTATGACA,0
l7_TCAGCTCCAAGAGTCG,0
l7_TCAGCTCCAATGGATA,0
l7_TCAGCTCGTTGAGGTG,1
l7_TCAGCTCTCAGCGATT,1
l7_TCAGGATAGCGTGAAC,0
l7_TCAGGATCAGCGTCCA,1
l7_TCAGGATCAGCTTAAC,0
l7_TCAGGATGTTGGGACA,0
l7_TCAGGATTCACTCTTA,0
l7_TCAGGATTCAGCGATT,5
l7_TCAGGTAAGGATGTAT,0
l7_TCAGGTAGTATAAACG,0
l7_TCAGGTAGTCAGATAA,1
l7_TCAGGTAGTGAAATCA,0
l7_TCAGGTATCATTGCCC,1
l7_TCAGGTATCGTAGGAG,1
l7_TCAGGTATCGTGTAGT,0
l7_TCATTACAGCTCCCAG,0
l7_TCATTACCATGGATGG,0
l7_TCATTACCATTGGGCC,0
l7_TCATTACGTAAACACA,1
l7_TCATTACTCAATAAGG,2
l7_TCATTACTCTGGCGAC,0
l7_TCATTTGAGACGACGT,0
l7_TCATTTGAGTCCTCCT,4
l7_TCATTTGCAGATCCAT,0
l7_TCATTTGCAGGGAGAG,5
l7_TCATTTGCATGTAAGA,0
l7_TCATTTGCATGTCTCC,0
l7_TCATTTGGTAACGCGA,0
l7_TCATTTGGTGCAGGTA,2
l7_TCATTTGGTTAAGACA,1
l7_TCATTTGTCAGGTTCA,0
l7_TCATTTGTCTGTACGA,3
l7_TCCACACAGACTTGAA,2
l7_TCCACACAGGTAGCCA,2
l7_TCCACACAGTAATCCC,3
l7_TCCACACAGTCAAGCG,0
l7_TCCACACCACATCCAA,5
l7_TCCACACCACGCGAAA,0
l7_TCCACACTCTGTCCGT,6
l7_TCCCGATAGCCAGGAT,2
l7_TCCCGATGTCTCCACT,2
l7_TCCCGATTCCAAACTG,0
l7_TCCCGATTCCAGAGGA,6
l7_TCCCGATTCTAACTTC,3
l7_TCGAGGCCAAGGTTCT,4
l7_TCGAGGCCAATTCCTT,0
l7_TCGAGGCCACCTCGTT,0
l7_TCGAGGCGTACTCGCG,3
l7_TCGAGGCTCACCTTAT,5
l7_TCGAGGCTCGATGAGG,2
l7_TCGCGAGAGCCCAACC,1
l7_TCGCGAGAGCGTAATA,0
l7_TCGCGAGAGGATGGAA,3
l7_TCGCGAGAGTGTACGG,4
l7_TCGCGAGTCCTTTCTC,1
l7_TCGCGAGTCGTCCGTT,0
l7_TCGCGTTAGGGTCGAT,1
l7_TCGCGTTAGTCAAGGC,4
l7_TCGCGTTCATAGAAAC,0
l7_TCGCGTTGTAGAAAGG,0
l7_TCGCGTTGTATATCCG,4
l7_TCGCGTTGTCGCCATG,0
l7_TCGCGTTGTCTCCACT,0
l7_TCGCGTTGTTAGTGGG,1
l7_TCGCGTTGTTATCACG,2
l7_TCGCGTTTCAATAAGG,6
l7_TCGCGTTTCAGCGACC,5
l7_TCGCGTTTCAGCTCGG,0
l7_TCGCGTTTCATGGTCA,3
l7_TCGCGTTTCGCAAACT,1
l7_TCGCGTTTCTGAGTGT,2
l7_TCGGGACAGCAGACTG,0
l7_TCGGGACCAAGAGTCG,3
l7_TCGGGACCAGCCACCA,0
l7_TCGGGACTCAACGGGA,4
l7_TCGGGACTCGTAGATC,1
l7_TCGGGACTCTCGGACG,0
l7_TCGGTAAAGAAACGAG,5
l7_TCGGTAACAGCCACCA,0
l7_TCGGTAAGTCCAGTAT,5
l7_TCGGTAATCGTTGCCT,4
l7_TCGTACCAGAATGTGT,0
l7_TCGTACCAGCTACCGC,4
l7_TCGTACCGTCGCTTCT,0
l7_TCGTAGAAGACGCAAC,0
l7_TCGTAGAAGTTCGCAT,0
l7_TCGTAGACATGGTCTA,1
l7_TCGTAGAGTATTCTCT,0
l7_TCGTAGATCGATGAGG,4
l7_TCTATTGAGCCAGAAC,2
l7_TCTATTGAGCCAGTAG,0
l7_TCTATTGAGTCCGGTC,3
l7_TCTATTGCAAGCCGCT,1
l7_TCTATTGCACAGCGTC,3
l7_TCTATTGCACCACCAG,0
l7_TCTATTGCACCGGAAA,5
l7_TCTATTGGTTAAGTAG,3
l7_TCTCATACAGCAGTTT,5
l7_TCTCATACATCGATGT,0
l7_TCTCATAGTAAGGGAA,1
l7_TCTCATAGTAGCCTCG,0
l7_TCTCATATCGCGTTTC,0
l7_TCTCTAAAGAAACCAT,0
l7_TCTCTAACATGCCACG,0
l7_TCTCTAAGTCCGAGTC,0
l7_TCTCTAAGTCTGATTG,1
l7_TCTCTAAGTGGGTCAA,0
l7_TCTCTAATCAGCTCTC,1
l7_TCTGAGAAGGGTCGAT,0
l7_TCTGAGACACTTAAGC,3
l7_TCTGAGACAGCGTAAG,2
l7_TCTGAGATCGTTTGCC,0
l7_TCTGAGATCTGCGTAA,0
l7_TCTGGAAAGCGAAGGG,0
l7_TCTGGAAGTGCACCAC,0
l7_TCTGGAAGTTAAGGGC,1
l7_TCTGGAAGTTCAGGCC,1
l7_TCTGGAATCAATCTCT,1
l7_TCTTCGGCACGTTGGC,4
l7_TCTTCGGCAGAAGCAC,0
l7_TCTTCGGGTAGCTGCC,3
l7_TCTTCGGTCTACCAGA,0
l7_TCTTCGGTCTACCTGC,2
l7_TCTTCGGTCTCCAACC,3
l7_TCTTTCCAGATATGCA,0
l7_TCTTTCCAGCGATATA,0
l7_TGAAAGAAGCCCAATT,0
l7_TGAAAGAAGCTGTTCA,3
l7_TGAAAGACATCGGTTA,2
l7_TGAAAGAGTTGTCGCG,2
l7_TGAAAGAGTTTGTTTC,3
l7_TGAAAGATCACTGGGC,0
l7_TGAAAGATCTTGTATC,0
l7_TGACAACAGGTCATCT,3
l7_TGACAACCAATGGATA,5
l7_TGACAACCAGGCGATA,3
l7_TGACAACGTGGTTTCA,0
l7_TGACAACTCCCTCTTT,2
l7_TGACAACTCCTTGGTC,0
l7_TGACGGCAGAGATGAG,0
l7_TGACGGCAGTACGTAA,0
l7_TGACGGCAGTTATCGC,0
l7_TGACGGCCAAACCTAC,1
l7_TGACGGCCAACTGCGC,0
l7_TGACGGCGTAAGCACG,3
l7_TGACGGCGTCGGATCC,0
l7_TGACGGCGTGCTTCTC,0
l7_TGACGGCTCAAGGCTT,2
l7_TGACGGCTCAAGGTAA,0
l7_TGACGGCTCGTTACAG,4
l7_TGACGGCTCTGCTGCT,3
l7_TGACTAGAGCTAGTTC,0
l7_TGACTAGCACCACGTG,0
l7_TGACTAGTCTCCCTGA,4
l7_TGACTTTAGAGGACGG,0
l7_TGACTTTAGAGTACAT,0
l7_TGACTTTAGTACGTAA,2
l7_TGACTTTAGTCCGTAT,0
l7_TGACTTTAGTCTCAAC,0
l7_TGACTTTGTGGCCCTA,0
l7_TGACTTTGTTAAGTAG,0
l7_TGACTTTTCAAGAAGT,0
l7_TGAGAGGAGACACTAA,4
l7_TGAGAGGAGACATAAC,0
l7_TGAGCATAGCGAGAAA,0
l7_TGAGCATGTACCGCTG,1
l7_TGAGCATGTACCGTTA,2
l7_TGAGCATGTGACTACT,1
l7_TGAGCCGAGATCTGAA,0
l7_TGAGCCGAGTTAACGA,0
l7_TGAGCCGGTCTAGCCG,3
l7_TGAGGGAAGTGTACTC,4
l7_TGAGGGAGTTGATTGC,0
l7_TGAGGGATCCACGCAG,0
l7_TGATTTCGTTGGACCC,0
l7_TGATTTCTCAAGAAGT,0
l7_TGATTTCTCCGCATAA,6
l7_TGATTTCTCGAATGCT,0
l7_TGCACCTAGAATTCCC,0
l7_TGCACCTAGTCATGCT,1
l7_TGCACCTAGTGTACGG,0
l7_TGCACCTCAACAACCT,2
l7_TGCACCTCAATCCAAC,3
l7_TGCACCTCACAGACAG,0
l7_TGCACCTCAGTCCTTC,3
l7_TGCACCTCAGTCGATT,1
l7_TGCACCTTCACGAAGG,0
l7_TGCCAAAAGCTAGTGG,2
l7_TGCCAAAAGGACACCA,0
l7_TGCCAAACACCAGGCT,0
l7_TGCCAAACACTAAGTC,0
l7_TGCCAAATCAGCTTAG,0
l7_TGCCAAATCCTGTAGA,1
l7_TGCCAAATCCTTGACC,3
l7_TGCCAAATCTCGATGA,0
l7_TGCCCATAGACTTTCG,0
l7_TGCCCATCAACACCCG,3
l7_TGCCCATCACGAGAGT,2
l7_TGCCCATGTCAAACTC,4
l7_TGCCCATGTCATGCAT,3
l7_TGCCCTAAGAAGCCCA,6
l7_TGCCCTAAGGGTTTCT,0
l7_TGCCCTAAGTAATCCC,4
l7_TGCCCTACAATCCGAT,3
l7_TGCCCTACAGGGTATG,3
l7_TGCCCTACAGTCAGAG,0
l7_TGCCCTATCGGCGCAT,0
l7_TGCGCAGAGAGAACAG,3
l7_TGCGCAGAGTGCCAGA,0
l7_TGCGCAGAGTGGCACA,2
l7_TGCGCAGAGTGTCCAT,0
l7_TGCGCAGCACAACTGT,0
l7_TGCGCAGGTCATATGC,3
l7_TGCGCAGGTCTCCACT,0
l7_TGCGCAGGTGGTCCGT,5
l7_TGCGCAGGTTCACCTC,2
l7_TGCGCAGGTTCCAACA,0
l7_TGCGCAGTCCAGTAGT,0
l7_TGCGCAGTCCCTTGTG,0
l7_TGCGCAGTCTTTAGGG,0
l7_TGCGGGTAGCATCATC,3
l7_TGCGGGTAGTGTGAAT,0
l7_TGCGGGTCAAGTTGTC,0
l7_TGCGGGTCAATCGGTT,1
l7_TGCGGGTGTCATACTG,2
l7_TGCGGGTGTTACTGAC,0
l7_TGCGGGTTCTGCTGTC,2
l7_TGCGTGGAGACCACGA,0
l7_TGCGTGGAGACTGTAA,0
l7_TGCGTGGAGGAATGGA,4
l7_TGCGTGGAGGCCATAG,4
l7_TGCGTGGGTGTTGAGG,2
l7_TGCGTGGTCCACGAAT,2
l7_TGCGTGGTCTAAGCCA,0
l7_TGCGTGGTCTTCATGT,0
l7_TGCGTGGTCTTCCTTC,0
l7_TGCTACCAGAGGACGG,0
l7_TGCTACCCAAAGGCGT,0
l7_TGCTACCCACGGCCAT,0
l7_TGCTACCCATTAACCG,2
l7_TGCTACCGTAAAGGAG,3
l7_TGCTACCGTATTCTCT,0
l7_TGCTACCGTCCAGTTA,0
l7_TGCTACCTCAGTTTGG,0
l7_TGCTACCTCGAATGGG,0
l7_TGCTGCTAGAATGTGT,0
l7_TGCTGCTAGCTGTTCA,1
l7_TGCTGCTAGTACGCCC,4
l7_TGCTGCTCACGGTAGA,0
l7_TGCTGCTCATACGCCG,2
l7_TGCTGCTCATAGGATA,1
l7_TGCTGCTGTGGTGTAG,0
l7_TGCTGCTGTTGAGGTG,0
l7_TGCTGCTTCTGGAGCC,0
l7_TGCTGCTTCTTGCCGT,0
l7_TGCTGCTTCTTTACGT,2
l7_TGGACGCAGAGGTAGA,0
l7_TGGACGCAGATATGGT,5
l7_TGGACGCAGGGTGTGT,0
l7_TGGACGCGTAACGCGA,1
l7_TGGACGCGTCTAAAGA,0
l7_TGGACGCGTCTCCATC,0
l7_TGGACGCTCACTTACT,0
l7_TGGACGCTCTGCCAGG,1
l7_TGGCCAGAGCCACCTG,0
l7_TGGCCAGCAGCCTATA,1
l7_TGGCCAGCAGGAATGC,1
l7_TGGCCAGGTATAAACG,0
l7_TGGCCAGGTGAGCGAT,2
l7_TGGCCAGTCATAGCAC,4
l7_TGGCCAGTCCTATTCA,0
l7_TGGCCAGTCGTCCAGG,3
l7_TGGCGCAAGAAGAAGC,0
l7_TGGCGCACATGCCTTC,0
l7_TGGCGCACATTTGCCC,1
l7_TGGCGCAGTCGCGAAA,0
l7_TGGCGCAGTCTGCGGT,0
l7_TGGCGCATCCGGCACA,4
l7_TGGCTGGAGTCACGCC,0
l7_TGGCTGGAGTTCGATC,0
l7_TGGCTGGCACGAAGCA,0
l7_TGGCTGGGTGTAATGA,4
l7_TGGCTGGGTTGCTCCT,4
l7_TGGCTGGTCAATCACG,1
l7_TGGCTGGTCTCGTTTA,1
l7_TGGGAAGAGAATTCCC,3
l7_TGGGAAGAGGAATCGC,0
l7_TGGGAAGGTCAACATC,0
l7_TGGGAAGGTCATGCAT,0
l7_TGGGAAGTCCTGTAGA,4
l7_TGGGCGTAGAACTGTA,2
l7_TGGGCGTTCTCATTCA,1
l7_TGGTTAGAGCAATATG,0
l7_TGGTTAGAGGTGCAAC,0
l7_TGGTTAGGTAATCGTC,0
l7_TGGTTAGGTACCCAAT,3
l7_TGGTTAGGTGTTGGGA,5
l7_TGGTTAGGTTACGTCA,0
l7_TGGTTCCCAAAGGCGT,0
l7_TGGTTCCCACATCCGG,0
l7_TGGTTCCGTCTCTTTA,2
l7_TGGTTCCGTGTGGTTT,5
l7_TGGTTCCTCCTCTAGC,4
l7_TGGTTCCTCGCCATAA,0
l7_TGTATTCCACCTATCC,1
l7_TGTATTCTCCCAAGAT,5
l7_TGTATTCTCTGTACGA,2
l7_TGTCCCAGTAAGTTCC,0
l7_TGTCCCAGTCCTCTTG,0
l7_TGTCCCAGTCGACTGC,0
l7_TGTCCCAGTCTAGGTT,0
l7_TGTCCCAGTCTCCCTA,2
l7_TGTGGTAAGATCCCAT,2
l7_TGTGGTAAGCCACGCT,2
l7_TGTGGTAGTAACGTTC,1
l7_TGTGGTAGTAAGTGTA,0
l7_TGTGGTAGTACCATCA,1
l7_TGTGGTAGTACCTACA,0
l7_TGTGGTAGTATAGTAG,4
l7_TGTGGTAGTTACGTCA,0
l7_TGTGGTAGTTCGTGAT,0
l7_TGTGGTATCTTGTATC,1
l7_TGTGTTTGTCGCATCG,1
l7_TGTGTTTTCACCATAG,6
l7_TGTGTTTTCAGGTTCA,0
l7_TGTGTTTTCCAAGTAC,0
l7_TGTGTTTTCCGCGTTT,0
l7_TGTTCCGCATGCCTTC,4
l7_TGTTCCGGTCCCTACT,3
l7_TGTTCCGGTGCGGTAA,0
l7_TGTTCCGTCTACTATC,3
l7_TGTTCCGTCTTCATGT,3
l7_TGTTCCGTCTTTAGGG,1
l7_TTAACTCAGCTAAGAT,4
l7_TTAACTCGTCTAAACC,0
l7_TTAACTCGTGCAGGTA,0
l7_TTAACTCGTTCGTGAT,0
l7_TTAACTCTCAACTCTT,4
l7_TTAACTCTCACAGTAC,2
l7_TTAGGACAGAAGCCCA,1
l7_TTAGGACAGGATGGAA,3
l7_TTAGGACCAGCTCGAC,3
l7_TTAGGACGTACATCCA,0
l7_TTAGGACGTTAAAGTG,1
l7_TTAGGACGTTCAGCGC,0
l7_TTAGGCAAGACGCACA,0
l7_TTAGGCAAGATATGGT,4
l7_TTAGGCAAGCAATCTC,0
l7_TTAGGCACAGTCTTCC,4
l7_TTAGGCACATCGGACC,3
l7_TTAGGCAGTACAAGTA,0
l7_TTAGGCATCCGCAGTG,5
l7_TTAGTTCAGAGCTGCA,0
l7_TTAGTTCAGGTAGCTG,6
l7_TTAGTTCAGTTAACGA,0
l7_TTAGTTCCACGGATAG,5
l7_TTAGTTCCATGTTGAC,4
l7_TTAGTTCGTCCCTTGT,0
l7_TTAGTTCTCCCACTTG,1
l7_TTAGTTCTCCCTGACT,0
l7_TTATGCTCAAGCGAGT,0
l7_TTATGCTCAATGGATA,5
l7_TTATGCTCATGACGGA,0
l7_TTATGCTGTAGTAGTA,6
l7_TTATGCTGTTTCGCTC,2
l7_TTATGCTTCCAAGCCG,0
l7_TTATGCTTCGGAATCT,0
l7_TTCCCAGAGAGATGAG,4
l7_TTCCCAGAGGATCGCA,0
l7_TTCCCAGAGTGAACGC,4
l7_TTCCCAGCACTCAGGC,2
l7_TTCCCAGCAGCTTAAC,0
l7_TTCCCAGGTCAGAGGT,0
l7_TTCCCAGGTCGCGTGT,0
l7_TTCCCAGGTTCGCTAA,3
l7_TTCCCAGTCAGTCAGT,0
l7_TTCCCAGTCTTGTACT,2
l7_TTCGAAGAGAGTAATC,0
l7_TTCGAAGCAAGCGCTC,2
l7_TTCGAAGGTCATTAGC,0
l7_TTCGAAGTCGTCGTTC,5
l7_TTCGAAGTCTCGTATT,4
l7_TTCGGTCAGTGTTGAA,5
l7_TTCGGTCCAAAGAATC,0
l7_TTCGGTCGTCTAAAGA,6
l7_TTCGGTCTCTAAGCCA,0
l7_TTCGGTCTCTCCTATA,0
l7_TTCTACAGTAAGTGTA,0
l7_TTCTACAGTGACGGTA,1
l7_TTCTACAGTTACGCGC,4
l7_TTCTCAAAGACCCACC,5
l7_TTCTCAAAGTTAGCGG,6
l7_TTCTCAACAATCGAAA,0
l7_TTCTCAACACGCCAGT,0
l7_TTCTCAACATGGATGG,0
l7_TTCTCAAGTCGCGTGT,0
l7_TTCTCAAGTTCATGGT,0
l7_TTCTCAATCGAATGGG,2
l7_TTCTCAATCGCCATAA,0
l7_TTCTCCTAGATCTGCT,0
l7_TTCTCCTAGCTAGTTC,0
l7_TTCTCCTCACTGTTAG,2
l7_TTCTCCTCAGATGGGT,1
l7_TTCTCCTCAGGGTACA,3
l7_TTCTCCTGTATGAAAC,2
l7_TTCTCCTTCACAACGT,3
l7_TTCTCCTTCAGTTAGC,5
l7_TTCTCCTTCTTGTTTG,0
l7_TTCTTAGAGGTGATAT,3
l7_TTCTTAGAGTGGGATC,0
l7_TTCTTAGCACATTAGC,0
l7_TTCTTAGGTATATGAG,0
l7_TTCTTAGTCGTGGACC,3
l7_TTGAACGAGAAGGTTT,3
l7_TTGAACGAGTGTACGG,2
l7_TTGAACGCAAGCGAGT,4
l7_TTGAACGCAGATGAGC,2
l7_TTGAACGTCGGTGTCG,0
l7_TTGACTTAGAACTCGG,0
l7_TTGACTTAGCGGCTTC,6
l7_TTGACTTAGGAGCGTT,3
l7_TTGACTTAGGGAACGG,0
l7_TTGACTTAGTATCTCG,0
l7_TTGACTTCACACTGCG,2
l7_TTGACTTGTTGTCTTT,5
l7_TTGACTTTCAGTTAGC,4
l7_TTGACTTTCTTCCTTC,1
l7_TTGCCGTCAAACCCAT,0
l7_TTGCGTCAGCAATATG,0
l7_TTGCGTCCAAAGGTGC,2
l7_TTGCGTCCACCCAGTG,2
l7_TTGCGTCGTCATCCCT,4
l7_TTGCGTCGTTATCCGA,3
l7_TTGGAACTCCCAGGTG,0
l7_TTGGAACTCGTAGGTT,0
l7_TTGGCAAAGAGTAAGG,0
l7_TTGGCAAAGGCGACAT,0
l7_TTGGCAAAGTCTCGGC,0
l7_TTGGCAACAGATGGGT,0
l7_TTGGCAAGTACCGCTG,0
l7_TTGGCAAGTCCGAACC,0
l7_TTGGCAATCGTTTAGG,1
l7_TTGTAGGAGAGCTTCT,0
l7_TTGTAGGAGCAGCGTA,0
l7_TTGTAGGGTCAGAAGC,4
l7_TTGTAGGGTCAGGACA,0
l7_TTGTAGGGTTACTGAC,5
l7_TTTACTGCAAGGTTCT,4
l7_TTTACTGCAGTATGCT,1
l7_TTTACTGCATCGGACC,0
l7_TTTACTGGTAGATTAG,0
l7_TTTATGCAGAGGGATA,0
l7_TTTATGCGTACAGACG,0
l7_TTTATGCGTCTAAACC,0
l7_TTTATGCGTTGGTTTG,6
l7_TTTATGCTCAGGTTCA,3
l7_TTTATGCTCTCGAGTA,0
l7_TTTATGCTCTCTAAGG,1
l7_TTTCCTCAGCTAGCCC,0
l7_TTTCCTCAGGCACATG,0
l7_TTTCCTCCAAGCGCTC,2
l7_TTTCCTCCAGCTTCGG,6
l7_TTTCCTCGTAAAGTCA,3
l7_TTTCCTCGTGCCTTGG,0
l7_TTTCCTCTCAGCACAT,3
l7_TTTGCGCAGAAGATTC,3
l7_TTTGCGCAGAGTACAT,0
l7_TTTGCGCCATCTGGTA,4
l7_TTTGCGCCATTCCTGC,3
l7_TTTGCGCGTACCAGTT,4
l7_TTTGCGCGTCGAAAGC,0
l7_TTTGCGCGTTATTCTC,1
l7_TTTGCGCTCAGGTAAA,0
l7_TTTGCGCTCTTCATGT,0
l7_TTTGGTTCAGATCCAT,3
l7_TTTGGTTCATCGACGC,4
l7_TTTGGTTTCGACAGCC,0
l7_TTTGGTTTCTAACTTC,4
l7_TTTGTCAAGAAGCCCA,1
l7_TTTGTCAAGTCCCACG,0
l7_TTTGTCAAGTGGGTTG,0
l7_TTTGTCAGTAAACCTC,2
l7_TTTGTCATCTGTCCGT,6
l8_AAACCTGAGCTAGTTC,1
l8_AAACCTGAGGAGTCTG,0
l8_AAACCTGAGGGTTTCT,3
l8_AAACCTGAGTAATCCC,1
l8_AAACCTGAGTGTGGCA,0
l8_AAACCTGCATACTCTT,0
l8_AAACCTGGTAGCACGA,5
l8_AAACCTGGTCATATCG,4
l8_AAACCTGGTGTTTGTG,0
l8_AAACCTGGTTAAGAAC,2
l8_AAACCTGGTTACAGAA,5
l8_AAACCTGGTTAGATGA,2
l8_AAACCTGGTTGGGACA,3
l8_AAACGGGAGAGATGAG,0
l8_AAACGGGAGCGATCCC,0
l8_AAACGGGAGGCCCTCA,0
l8_AAACGGGCACACCGCA,0
l8_AAACGGGCAGACGTAG,0
l8_AAACGGGGTAGGACAC,3
l8_AAACGGGGTCAAAGAT,2
l8_AAACGGGTCACTTACT,2
l8_AAAGATGAGAGCCTAG,4
l8_AAAGATGGTGGAAAGA,4
l8_AAAGATGGTGTAACGG,4
l8_AAAGATGGTTATCACG,2
l8_AAAGATGGTTTAAGCC,3
l8_AAAGATGTCCAAACTG,0
l8_AAAGATGTCGTACCGG,4
l8_AAAGATGTCTAAGCCA,6
l8_AAAGATGTCTGTTTGT,0
l8_AAAGCAAAGGTGGGTT,2
l8_AAAGCAAAGTGTACGG,4
l8_AAAGCAACAGTCACTA,0
l8_AAAGTAGAGGCTCATT,0
l8_AAAGTAGGTTCATGGT,0
l8_AAAGTAGTCCCATTTA,3
l8_AAAGTAGTCCGAATGT,1
l8_AAAGTAGTCTTGAGAC,0
l8_AAATGCCAGCAATCTC,4
l8_AAATGCCAGCCATCGC,2
l8_AAATGCCAGGCTAGGT,3
l8_AAATGCCCAGTGAGTG,0
l8_AAATGCCGTATGAATG,0
l8_AAATGCCGTCTGCAAT,2
l8_AAATGCCTCCAAAGTC,0
l8_AAATGCCTCTCGGACG,6
l8_AACACGTAGCCTTGAT,0
l8_AACACGTAGGAGCGTT,0
l8_AACACGTAGTGGAGAA,3
l8_AACACGTAGTGTGGCA,0
l8_AACACGTCAAAGCAAT,4
l8_AACACGTCAACAACCT,1
l8_AACACGTCAAGTTAAG,0
l8_AACACGTGTAAGCACG,5
l8_AACACGTGTACGACCC,0
l8_AACACGTGTATAGGTA,0
l8_AACACGTTCAAACGGG,3
l8_AACACGTTCCGCAGTG,5
l8_AACACGTTCGACAGCC,4
l8_AACCATGAGAGCTGCA,4
l8_AACCATGAGGGTGTGT,0
l8_AACCATGCAAGCCATT,2
l8_AACCATGCAATGGAAT,5
l8_AACCATGCACATCCAA,0
l8_AACCATGGTCAGCTAT,2
l8_AACCATGGTGTAATGA,0
l8_AACCATGTCAGCGATT,1
l8_AACCATGTCATGCAAC,6
l8_AACCATGTCTAAGCCA,0
l8_AACCATGTCTCAAGTG,0
l8_AACCATGTCTGCAGTA,6
l8_AACCGCGCATCGATGT,6
l8_AACCGCGTCCGAAGAG,1
l8_AACGTTGAGGGCTTGA,0
l8_AACGTTGCAATGCCAT,0
l8_AACGTTGCACCAGGTC,4
l8_AACGTTGGTAAGGGCT,3
l8_AACGTTGGTCCGAATT,4
l8_AACTCAGAGATCCGAG,2
l8_AACTCAGAGGCCCGTT,3
l8_AACTCAGAGGTGATAT,0
l8_AACTCAGCAATAGAGT,4
l8_AACTCAGGTCCCGACA,3
l8_AACTCCCAGCCAGTAG,0
l8_AACTCCCAGGAATTAC,0
l8_AACTCCCAGGGTCTCC,0
l8_AACTCCCCAACTGCTA,0
l8_AACTCCCCAGCGTTCG,6
l8_AACTCCCGTCCGAACC,3
l8_AACTCCCGTTCCTCCA,0
l8_AACTCCCGTTCTCATT,0
l8_AACTCCCTCCAACCAA,3
l8_AACTCCCTCGGTCTAA,4
l8_AACTCCCTCTAACCGA,0
l8_AACTCTTAGATAGCAT,0
l8_AACTCTTAGGAATCGC,0
l8_AACTCTTAGTCTCCTC,0
l8_AACTCTTCATGGGACA,1
l8_AACTCTTTCAATAAGG,0
l8_AACTGGTAGGACCACA,2
l8_AACTGGTCAAGCCTAT,0
l8_AACTGGTCATGGTCAT,0
l8_AACTGGTTCCAACCAA,0
l8_AACTGGTTCCTATTCA,1
l8_AACTGGTTCTCTGTCG,0
l8_AACTTTCAGATGGGTC,1
l8_AACTTTCAGCTGCCCA,6
l8_AACTTTCAGGCAGTCA,1
l8_AACTTTCCAATTGCTG,0
l8_AACTTTCCAGGTGCCT,1
l8_AACTTTCGTCATTAGC,2
l8_AACTTTCTCACAAACC,1
l8_AACTTTCTCGAGGTAG,2
l8_AACTTTCTCTGGGCCA,6
l8_AACTTTCTCTTGCAAG,0
l8_AAGACCTAGATGGCGT,4
l8_AAGACCTGTTAAAGAC,0
l8_AAGCCGCAGAGGGATA,6
l8_AAGCCGCAGGTTACCT,2
l8_AAGCCGCCAGGGCATA,3
l8_AAGCCGCGTATATGAG,0
l8_AAGCCGCGTCTAACGT,0
l8_AAGCCGCTCACTCCTG,3
l8_AAGGAGCAGAAGCCCA,1
l8_AAGGAGCAGAGCCTAG,0
l8_AAGGAGCCAAGGTTTC,0
l8_AAGGAGCCAATGGACG,0
l8_AAGGAGCGTACATGTC,5
l8_AAGGAGCGTCAAAGAT,0
l8_AAGGAGCGTTCGCTAA,1
l8_AAGGAGCTCTCCAGGG,1
l8_AAGGCAGAGCTCAACT,0
l8_AAGGCAGCAAGTACCT,2
l8_AAGGCAGCAGGCTCAC,0
l8_AAGGCAGGTCACCTAA,2
l8_AAGGTTCAGTGGGCTA,2
l8_AAGGTTCCATTATCTC,0
l8_AAGGTTCGTAATCACC,4
l8_AAGGTTCGTCAACTGT,1
l8_AAGGTTCGTTCGCGAC,4
l8_AAGGTTCTCGGAATCT,0
l8_AAGTCTGCACACATGT,0
l8_AAGTCTGGTACCCAAT,0
l8_AAGTCTGGTCGAGTTT,3
l8_AAGTCTGGTGTGCGTC,0
l8_AAGTCTGTCCGTCAAA,0
l8_AAGTCTGTCTTATCTG,0
l8_AATCCAGCAGGTGCCT,0
l8_AATCCAGGTGTAAGTA,6
l8_AATCGGTAGGACTGGT,0
l8_AATCGGTAGGGTATCG,5
l8_AATCGGTAGTAGGTGC,5
l8_AATCGGTCAGACACTT,0
l8_AATCGGTGTACTCTCC,0
l8_AATCGGTTCAGAAATG,0
l8_AATCGGTTCCAGGGCT,0
l8_AATCGGTTCCAGTATG,0
l8_AATCGGTTCGGTTCGG,0
l8_ACACCAAAGACTAGAT,0
l8_ACACCAAAGCGCTCCA,2
l8_ACACCAAAGCTTATCG,0
l8_ACACCAAAGGGCTTGA,0
l8_ACACCAACACTTACGA,5
l8_ACACCAACAGCAGTTT,4
l8_ACACCAACAGGCTCAC,5
l8_ACACCAAGTAAGTGGC,1
l8_ACACCAAGTACATGTC,3
l8_ACACCAAGTGACCAAG,0
l8_ACACCAAGTTCCACTC,0
l8_ACACCAATCAGCGATT,2
l8_ACACCAATCATGTCCC,0
l8_ACACCAATCGGCGGTT,0
l8_ACACCCTCATTGGCGC,1
l8_ACACCCTGTCAGATAA,1
l8_ACACCCTGTCGATTGT,0
l8_ACACCCTTCTTTACGT,0
l8_ACACCGGAGGATGGTC,0
l8_ACACCGGCAATAACGA,2
l8_ACACCGGCACAGAGGT,1
l8_ACACCGGCAGGTTTCA,3
l8_ACACCGGGTATAAACG,2
l8_ACACCGGGTCTCCATC,2
l8_ACACCGGTCAGGTAAA,0
l8_ACACCGGTCATCGGAT,6
l8_ACACTGAAGTGGAGTC,0
l8_ACACTGACAAGCCGCT,0
l8_ACACTGACAGGAATCG,1
l8_ACACTGAGTCTTGTCC,6
l8_ACACTGATCTCGATGA,1
l8_ACAGCCGAGACAGAGA,0
l8_ACAGCCGAGTTGAGAT,2
l8_ACAGCCGCAAGTACCT,0
l8_ACAGCCGGTTTGTTTC,2
l8_ACAGCCGTCTCGGACG,4
l8_ACAGCTAAGAAACCGC,0
l8_ACAGCTACAGTGACAG,0
l8_ACAGCTACATAACCTG,0
l8_ACAGCTACATGACATC,0
l8_ACAGCTAGTTGTGGCC,0
l8_ACATACGAGACGCAAC,0
l8_ACATACGAGGACATTA,3
l8_ACATACGCAAGACGTG,1
l8_ACATACGGTAACGACG,0
l8_ACATACGTCGAATGGG,0
l8_ACATCAGAGACAGACC,0
l8_ACATCAGAGAGACTTA,6
l8_ACATCAGAGCATGGCA,0
l8_ACATCAGAGGTGACCA,0
l8_ACATCAGGTAGGACAC,0
l8_ACATCAGGTGGACGAT,1
l8_ACATCAGGTTGGTTTG,2
l8_ACATGGTAGCCTATGT,0
l8_ACATGGTAGGAATTAC,0
l8_ACATGGTAGGTGCACA,0
l8_ACATGGTAGTGGAGTC,4
l8_ACATGGTCAGATTGCT,0
l8_ACATGGTCATCCCACT,0
l8_ACATGGTTCCAAGTAC,1
l8_ACATGGTTCCACGTGG,0
l8_ACCAGTACATCACGAT,1
l8_ACCAGTAGTAGCAAAT,2
l8_ACCAGTAGTATGGTTC,0
l8_ACCAGTAGTTTGCATG,0
l8_ACCCACTAGACGCAAC,0
l8_ACCCACTAGATCCCAT,2
l8_ACCCACTAGCAGCCTC,3
l8_ACCCACTAGTTCCACA,0
l8_ACCCACTCACACATGT,0
l8_ACCCACTCACCAGATT,0
l8_ACCCACTCATTCACTT,0
l8_ACCCACTGTCCTCTTG,0
l8_ACCCACTGTGTGACCC,0
l8_ACCCACTGTTCCACTC,5
l8_ACCCACTGTTGTGGCC,0
l8_ACCGTAAAGTACCGGA,0
l8_ACCGTAAAGTGCCATT,4
l8_ACCGTAACAAGTTCTG,0
l8_ACCGTAACAGACGCTC,0
l8_ACCGTAACATCTGGTA,2
l8_ACCGTAACATGTCTCC,0
l8_ACCGTAAGTAAACGCG,4
l8_ACCGTAAGTAAATGTG,0
l8_ACCGTAAGTGACGCCT,2
l8_ACCGTAATCAACACCA,2
l8_ACCGTAATCAACGGCC,1
l8_ACCGTAATCTAACCGA,3
l8_ACCTTTAAGATGCCTT,4
l8_ACCTTTAAGGGTTCCC,0
l8_ACCTTTAAGTGCCAGA,2
l8_ACCTTTAGTTCTCATT,0
l8_ACCTTTATCGGCTTGG,0
l8_ACCTTTATCTCTAGGA,2
l8_ACGAGCCAGATCTGAA,0
l8_ACGAGCCAGCTGTCTA,0
l8_ACGAGCCAGGCATTGG,4
l8_ACGAGCCAGTATTGGA,2
l8_ACGAGCCCACTACAGT,1
l8_ACGAGCCGTGATGATA,0
l8_ACGAGCCGTTACGCGC,0
l8_ACGAGCCGTTCAGACT,2
l8_ACGAGGAAGGGAAACA,4
l8_ACGAGGAAGGTGATTA,5
l8_ACGAGGAGTTGCGTTA,0
l8_ACGAGGATCCTGCCAT,1
l8_ACGAGGATCGTGGACC,0
l8_ACGAGGATCTGAAAGA,1
l8_ACGATACAGCTTCGCG,2
l8_ACGATACAGGCTACGA,0
l8_ACGATACAGTGTACTC,0
l8_ACGATACCAAGTTCTG,1
l8_ACGATACCAGTAACGG,3
l8_ACGATACCATGTTGAC,6
l8_ACGATACGTCAACTGT,1
l8_ACGATACTCACCACCT,0
l8_ACGATACTCCTCTAGC,0
l8_ACGATACTCTATCCCG,0
l8_ACGATGTAGTCGAGTG,0
l8_ACGATGTCAGGATCGA,0
l8_ACGATGTTCCTATGTT,0
l8_ACGATGTTCGCATGAT,6
l8_ACGCAGCGTAATTGGA,0
l8_ACGCAGCGTTACGGAG,1
l8_ACGCCAGAGAGTTGGC,0
l8_ACGCCAGAGGGCTTGA,0
l8_ACGCCAGCAATGGAAT,0
l8_ACGCCAGCACCAACCG,5
l8_ACGCCAGCATTAACCG,0
l8_ACGCCAGTCAAACGGG,0
l8_ACGCCAGTCAGCGACC,5
l8_ACGCCGACACTTCTGC,3
l8_ACGCCGACATGGGACA,2
l8_ACGCCGAGTCATATCG,1
l8_ACGCCGAGTCCTCCAT,4
l8_ACGCCGAGTCTGCAAT,0
l8_ACGGAGAAGTTCCACA,0
l8_ACGGAGACACACCGCA,3
l8_ACGGAGACACTTAACG,3
l8_ACGGAGACAGTCGTGC,0
l8_ACGGAGACATCCCATC,0
l8_ACGGAGATCAACGGGA,0
l8_ACGGAGATCCTCCTAG,1
l8_ACGGAGATCGCATGAT,4
l8_ACGGAGATCTCAAACG,0
l8_ACGGAGATCTCCCTGA,3
l8_ACGGAGATCTCGGACG,0
l8_ACGGAGATCTGGCGAC,2
l8_ACGGCCAAGAGACTAT,1
l8_ACGGCCACATCTCGCT,0
l8_ACGGCCAGTATGGTTC,0
l8_ACGGCCAGTGGTTTCA,3
l8_ACGGCCATCAAACCAC,0
l8_ACGGCCATCCATGAGT,0
l8_ACGGCCATCTGAGTGT,2
l8_ACGGGCTAGGCTACGA,0
l8_ACGGGCTAGTGAAGTT,0
l8_ACGGGTCAGACTAGGC,0
l8_ACGGGTCCACCGAATT,0
l8_ACGGGTCCACCGATAT,0
l8_ACGGGTCTCCGTAGTA,0
l8_ACGTCAACAAGTCATC,0
l8_ACGTCAACAGGGTACA,0
l8_ACGTCAACATCACGTA,1
l8_ACGTCAATCCTAGAAC,2
l8_ACGTCAATCGTTTAGG,0
l8_ACTATCTAGGATTCGG,0
l8_ACTATCTGTGTAATGA,0
l8_ACTATCTTCAACGAAA,3
l8_ACTATCTTCACTCCTG,0
l8_ACTATCTTCCAAAGTC,4
l8_ACTATCTTCGTTTATC,0
l8_ACTGAACAGGCGATAC,0
l8_ACTGAACCACAAGTAA,0
l8_ACTGAACCATCTATGG,3
l8_ACTGAACGTCTCCACT,0
l8_ACTGAACGTTACGTCA,3
l8_ACTGAACTCGCCAGCA,0
l8_ACTGAACTCGGAAATA,5
l8_ACTGAACTCGTTACAG,3
l8_ACTGAACTCTGCGACG,5
l8_ACTGAGTCAATGGATA,3
l8_ACTGAGTCAGTTTACG,0
l8_ACTGAGTTCGCAAACT,2
l8_ACTGAGTTCTCTGAGA,6
l8_ACTGAGTTCTGCGGCA,0
l8_ACTGATGAGTGTACCT,3
l8_ACTGATGCAATTGCTG,6
l8_ACTGATGCACGTCAGC,0
l8_ACTGATGGTCGTTGTA,3
l8_ACTGATGGTCTGGAGA,4
l8_ACTGATGGTTTACTCT,5
l8_ACTGATGGTTTGACTG,0
l8_ACTGATGGTTTGTTGG,0
l8_ACTGATGTCCAGTATG,0
l8_ACTGCTCAGTGCGTGA,0
l8_ACTGCTCCACGACTCG,0
l8_ACTGCTCCAGCTCGAC,0
l8_ACTGCTCCAGCTTAAC,0
l8_ACTGCTCCAGGTCGTC,2
l8_ACTGCTCGTCCGACGT,0
l8_ACTGCTCTCACGAAGG,0
l8_ACTGCTCTCCACGAAT,2
l8_ACTGCTCTCTCAACTT,0
l8_ACTGTCCGTGCTCTTC,5
l8_ACTGTCCGTTCCGGCA,0
l8_ACTGTCCTCAATACCG,0
l8_ACTGTCCTCCGAAGAG,2
l8_ACTGTCCTCCTAGAAC,0
l8_ACTGTCCTCTGGAGCC,2
l8_ACTGTCCTCTTGACGA,0
l8_ACTTACTAGATGGCGT,2
l8_ACTTACTAGCAGGTCA,2
l8_ACTTACTAGCCGTCGT,2
l8_ACTTACTAGGGTATCG,0
l8_ACTTACTCAAACAACA,3
l8_ACTTACTCAGCCACCA,0
l8_ACTTACTCATGGTTGT,0
l8_ACTTACTGTAAGGGCT,1
l8_ACTTACTGTTCCACAA,0
l8_ACTTGTTAGGGTTTCT,3
l8_ACTTGTTAGTGTTAGA,2
l8_ACTTGTTGTACAGACG,3
l8_ACTTGTTGTGTCGCTG,0
l8_ACTTTCAGTGACTACT,0
l8_ACTTTCATCGTGGGAA,4
l8_AGAATAGAGGAGTACC,0
l8_AGAATAGAGTGCCATT,4
l8_AGAATAGCAAGGTTCT,0
l8_AGAATAGTCAGCAACT,0
l8_AGAATAGTCATCTGTT,4
l8_AGACGTTAGGACAGAA,0
l8_AGACGTTCAAGGGTCA,2
l8_AGACGTTTCCAGTATG,4
l8_AGACGTTTCTGCCAGG,3
l8_AGAGCGACACCTTGTC,3
l8_AGAGCGACATGTTGAC,2
l8_AGAGCGACATTGTGCA,0
l8_AGAGCGAGTCCAGTAT,6
l8_AGAGCGAGTCGAATCT,0
l8_AGAGCGAGTTGAACTC,0
l8_AGAGCGAGTTGACGTT,0
l8_AGAGCTTCAATGACCT,0
l8_AGAGCTTGTGTTCGAT,6
l8_AGAGCTTTCCAAACTG,2
l8_AGAGCTTTCCGATATG,0
l8_AGAGCTTTCCTGCTTG,3
l8_AGAGCTTTCTAAGCCA,3
l8_AGAGCTTTCTGGCGTG,5
l8_AGAGTGGAGAAACGAG,3
l8_AGAGTGGAGAGCTATA,5
l8_AGAGTGGCAGGCTGAA,1
l8_AGAGTGGGTAAATGTG,0
l8_AGAGTGGGTCGACTGC,4
l8_AGAGTGGGTTGGGACA,0
l8_AGAGTGGTCACCCGAG,0
l8_AGAGTGGTCAGCGACC,0
l8_AGAGTGGTCTTGTCAT,1
l8_AGATCTGAGGCCCTTG,0
l8_AGATCTGCAGGGTTAG,2
l8_AGATCTGCAGTCCTTC,0
l8_AGATCTGGTCACACGC,2
l8_AGATCTGTCACTCTTA,1
l8_AGATTGCAGTAGGTGC,0
l8_AGATTGCCAATGTAAG,1
l8_AGATTGCCACTTAACG,0
l8_AGATTGCGTAAACCTC,0
l8_AGATTGCTCACAAACC,5
l8_AGATTGCTCATTATCC,0
l8_AGATTGCTCCACGCAG,0
l8_AGCAGCCAGAAACGCC,0
l8_AGCAGCCAGCTCCTCT,0
l8_AGCAGCCCAGACGCAA,3
l8_AGCAGCCCAGCTGCAC,3
l8_AGCATACCAATGACCT,1
l8_AGCATACCACAAGACG,0
l8_AGCATACCACAGACAG,3
l8_AGCATACCATCGACGC,0
l8_AGCATACGTAGGGTAC,0
l8_AGCATACGTCTTGTCC,0
l8_AGCATACGTTCCACAA,3
l8_AGCATACGTTTGGCGC,0
l8_AGCATACTCACGACTA,0
l8_AGCCTAAAGCTGTCTA,3
l8_AGCCTAAAGTCCGTAT,4
l8_AGCCTAACACTCAGGC,3
l8_AGCCTAACACTCGACG,0
l8_AGCCTAAGTAGTGAAT,0
l8_AGCCTAATCCACGACG,0
l8_AGCGGTCAGGTGGGTT,0
l8_AGCGGTCAGTTGTCGT,0
l8_AGCGGTCCACTGAAGG,2
l8_AGCGGTCGTACCAGTT,3
l8_AGCGGTCGTTATGCGT,3
l8_AGCGGTCGTTTAGGAA,1
l8_AGCGGTCTCGTCGTTC,0
l8_AGCGTATAGACTAGGC,0
l8_AGCGTATCAGCTGTAT,2
l8_AGCGTATCAGGCTCAC,2
l8_AGCGTCGCAACGATGG,0
l8_AGCGTCGCAAGCCTAT,2
l8_AGCGTCGCAAGGTTTC,5
l8_AGCGTCGGTCCGAATT,6
l8_AGCTCCTAGTGGTAGC,0
l8_AGCTCCTCATCTCCCA,0
l8_AGCTCCTGTATCACCA,5
l8_AGCTCCTGTCTGGTCG,2
l8_AGCTCCTGTGACGGTA,0
l8_AGCTCTCAGACAAGCC,0
l8_AGCTCTCAGACCGGAT,0
l8_AGCTCTCCAGCGTTCG,1
l8_AGCTCTCCATAGAAAC,0
l8_AGCTCTCGTCTCCACT,0
l8_AGCTCTCGTGTGGCTC,0
l8_AGCTCTCTCCTTTCGG,0
l8_AGCTCTCTCGCCATAA,3
l8_AGCTCTCTCGGCTACG,2
l8_AGCTTGAAGTGGGTTG,0
l8_AGCTTGACAAGAAGAG,1
l8_AGCTTGACAAGTCTAC,0
l8_AGCTTGACACATGTGT,0
l8_AGCTTGACATATGAGA,2
l8_AGCTTGAGTAGCTTGT,1
l8_AGCTTGAGTAGGGTAC,0
l8_AGCTTGATCATTCACT,0
l8_AGCTTGATCTCTAGGA,2
l8_AGGCCACCACGAGGTA,0
l8_AGGCCACGTATAAACG,0
l8_AGGCCACTCGTACGGC,1
l8_AGGCCGTAGTTAACGA,0
l8_AGGCCGTCAAGTCTAC,0
l8_AGGCCGTGTCTGGAGA,1
l8_AGGCCGTGTGAGGGTT,6
l8_AGGCCGTTCCAGAGGA,4
l8_AGGCCGTTCCAGTAGT,0
l8_AGGCCGTTCTGCTTGC,0
l8_AGGGAGTAGACACGAC,3
l8_AGGGAGTAGACATAAC,6
l8_AGGGAGTAGATGTTAG,2
l8_AGGGAGTGTAAGTGGC,4
l8_AGGGAGTGTAATCGTC,0
l8_AGGGAGTGTGGGTATG,2
l8_AGGGAGTTCACTATTC,4
l8_AGGGATGAGAATGTTG,4
l8_AGGGATGAGGCTCATT,3
l8_AGGGATGAGTGTTGAA,6
l8_AGGGATGCACGACTCG,4
l8_AGGGATGGTCCATGAT,4
l8_AGGGATGGTGCCTGCA,1
l8_AGGGATGGTGTGCGTC,0
l8_AGGGATGTCCCAAGAT,6
l8_AGGGTGACAAATACAG,0
l8_AGGGTGACACCGAAAG,4
l8_AGGGTGACATTAGGCT,4
l8_AGGGTGAGTACGAAAT,5
l8_AGGGTGATCATCATTC,1
l8_AGGTCATAGCCTTGAT,0
l8_AGGTCATAGCTGCGAA,0
l8_AGGTCATAGGTTCCTA,0
l8_AGGTCATAGTCATGCT,0
l8_AGGTCATAGTTACCCA,0
l8_AGGTCATCATATGGTC,0
l8_AGGTCATGTCCAGTGC,3
l8_AGGTCATTCAGGCGAA,0
l8_AGGTCCGAGTCGCCGT,0
l8_AGGTCCGCAATGTAAG,4
l8_AGGTCCGCAGATCGGA,0
l8_AGGTCCGGTCCAACTA,0
l8_AGGTCCGGTCGAATCT,2
l8_AGGTCCGGTCGGCTCA,2
l8_AGGTCCGGTGAGGGTT,3
l8_AGGTCCGTCAAGATCC,2
l8_AGTAGTCAGCAGATCG,0
l8_AGTAGTCCACTGAAGG,0
l8_AGTAGTCGTCGTCTTC,0
l8_AGTAGTCTCTTAGCCC,0
l8_AGTCTTTAGTACACCT,2
l8_AGTCTTTGTACGCTGC,1
l8_AGTCTTTGTCAACATC,6
l8_AGTCTTTGTGATAAGT,0
l8_AGTCTTTTCCCTAATT,5
l8_AGTCTTTTCTGCTGTC,1
l8_AGTCTTTTCTTTACGT,1
l8_AGTGAGGAGCGGATCA,2
l8_AGTGAGGGTTAGAACA,0
l8_AGTGAGGTCGGCGCTA,0
l8_AGTGGGAAGCTCAACT,4
l8_AGTGGGACAAGTACCT,0
l8_AGTGGGACATACTACG,0
l8_AGTGGGACATGTTCCC,0
l8_AGTGGGAGTACATCCA,2
l8_AGTGGGAGTAGAAAGG,0
l8_AGTGGGAGTCAAACTC,0
l8_AGTGGGAGTGCGAAAC,0
l8_AGTGGGAGTGTTAAGA,2
l8_AGTGGGAGTTCGAATC,0
l8_AGTGTCAAGCGATGAC,0
l8_AGTGTCACAAGTCTAC,1
l8_AGTGTCACACTTGGAT,0
l8_AGTGTCACAGATGGCA,3
l8_AGTGTCAGTACGACCC,6
l8_AGTTGGTCAAGCTGAG,0
l8_AGTTGGTCAGCAGTTT,5
l8_AGTTGGTCAGCTGCAC,0
l8_AGTTGGTCATGCCCGA,0
l8_AGTTGGTGTCAAACTC,0
l8_AGTTGGTGTTGTACAC,4
l8_ATAACGCAGATTACCC,5
l8_ATAACGCAGCTGTTCA,4
l8_ATAACGCAGGCGATAC,5
l8_ATAACGCAGTGCTGCC,4
l8_ATAACGCCAAACGTGG,3
l8_ATAACGCCAAGTAGTA,0
l8_ATAACGCGTAGCGTCC,0
l8_ATAACGCTCCTGTACC,0
l8_ATAACGCTCTCACATT,0
l8_ATAACGCTCTCTGTCG,6
l8_ATAAGAGAGAAGGTGA,0
l8_ATAAGAGAGCCACGCT,0
l8_ATAAGAGAGGCAGGTT,1
l8_ATAAGAGCAAGCCTAT,0
l8_ATAAGAGCAGTAAGAT,2
l8_ATAAGAGCATATGCTG,0
l8_ATAAGAGCATTACGAC,0
l8_ATAAGAGCATTGTGCA,0
l8_ATAAGAGGTCATCCCT,0
l8_ATAAGAGTCGCAGGCT,0
l8_ATAGACCAGGTCGGAT,2
l8_ATAGACCCACAGGCCT,3
l8_ATAGACCCACCAGTTA,2
l8_ATAGACCCATGGAATA,1
l8_ATAGACCCATGGTTGT,2
l8_ATAGACCGTCCCTACT,1
l8_ATAGACCGTCTGGTCG,0
l8_ATAGACCGTTTGGCGC,6
l8_ATCACGAAGCACCGTC,0
l8_ATCACGAAGCTAGCCC,4
l8_ATCACGACAGTAAGCG,0
l8_ATCACGACATAAAGGT,4
l8_ATCACGAGTAGCTCCG,0
l8_ATCACGAGTGAAATCA,0
l8_ATCATCTAGAGAACAG,0
l8_ATCATCTAGCTTTGGT,0
l8_ATCATCTCAAGTCATC,0
l8_ATCATCTCAAGTTCTG,2
l8_ATCATCTGTAGGACAC,0
l8_ATCATCTGTTAAGATG,3
l8_ATCATCTTCGTAGATC,0
l8_ATCATGGAGAATTGTG,4
l8_ATCATGGAGCCCAATT,1
l8_ATCATGGAGCGGCTTC,0
l8_ATCATGGCACTGTTAG,0
l8_ATCATGGCATTATCTC,2
l8_ATCATGGTCTGCCAGG,0
l8_ATCCACCAGTGTACTC,0
l8_ATCCACCGTCAATGTC,6
l8_ATCCACCTCCGCTGTT,6
l8_ATCCGAAAGGGTATCG,5
l8_ATCCGAAAGGTGGGTT,2
l8_ATCCGAAAGTCGCCGT,0
l8_ATCCGAAGTGTTGGGA,0
l8_ATCGAGTAGCAGCCTC,1
l8_ATCGAGTAGCCCAACC,0
l8_ATCGAGTAGCTGAACG,3
l8_ATCGAGTAGGGTCTCC,0
l8_ATCGAGTAGTTGAGAT,1
l8_ATCGAGTCAGATAATG,1
l8_ATCGAGTGTAATTGGA,2
l8_ATCGAGTTCAACGAAA,4
l8_ATCGAGTTCGATGAGG,1
l8_ATCTACTAGTGTACTC,1
l8_ATCTACTGTACAGCAG,0
l8_ATCTACTGTTCTGAAC,0
l8_ATCTACTGTTTAGCTG,1
l8_ATCTACTTCCTTAATC,3
l8_ATCTACTTCGGTGTCG,0
l8_ATCTGCCAGGCCCGTT,1
l8_ATCTGCCCACGAAACG,0
l8_ATCTGCCCAGTGAGTG,1
l8_ATCTGCCCATTAGCCA,0
l8_ATCTGCCCATTTCACT,3
l8_ATCTGCCGTATATGAG,0
l8_ATCTGCCGTCAGGACA,5
l8_ATCTGCCTCCACGTGG,0
l8_ATCTGCCTCGTTACAG,1
l8_ATCTGCCTCTTATCTG,2
l8_ATGAGGGAGGAGCGAG,2
l8_ATGAGGGTCTCCGGTT,2
l8_ATGCGATAGAGGGATA,0
l8_ATGCGATCAGCTGTTA,2
l8_ATGCGATGTAGGCTGA,1
l8_ATGCGATGTCTCCCTA,0
l8_ATGCGATGTGCACTTA,0
l8_ATGCGATTCGCTGATA,0
l8_ATGCGATTCTGGTTCC,4
l8_ATGCGATTCTTCAACT,0
l8_ATGGGAGAGTGTTAGA,0
l8_ATGGGAGCAAACTGCT,2
l8_ATGGGAGCAAGCCTAT,0
l8_ATGGGAGCAATGGAAT,2
l8_ATGGGAGCAATGTAAG,0
l8_ATGGGAGCAGGCGATA,0
l8_ATGGGAGCAGGGATTG,0
l8_ATGGGAGTCGTGGACC,0
l8_ATGGGAGTCTGCCAGG,0
l8_ATGTGTGAGACACGAC,0
l8_ATGTGTGAGAGCTGCA,5
l8_ATGTGTGAGATCCCGC,0
l8_ATGTGTGCAAAGTGCG,0
l8_ATGTGTGCACATCCAA,0
l8_ATGTGTGCACTTAACG,0
l8_ATGTGTGCAGCTCCGA,4
l8_ATGTGTGCAGTCAGAG,2
l8_ATGTGTGGTAGGCATG,4
l8_ATGTGTGGTCATCGGC,0
l8_ATGTGTGGTTAAGTAG,0
l8_ATGTGTGTCACCGGGT,4
l8_ATTACTCAGAGTTGGC,0
l8_ATTACTCCAATGGAAT,1
l8_ATTACTCGTCCGCTGA,0
l8_ATTACTCGTTGTGGAG,6
l8_ATTACTCTCGGATGTT,0
l8_ATTATCCAGCTACCTA,2
l8_ATTATCCAGGGTTCCC,0
l8_ATTATCCAGTCCGTAT,4
l8_ATTATCCCACATAACC,1
l8_ATTATCCCATGGGAAC,0
l8_ATTATCCGTACAAGTA,0
l8_ATTATCCGTCTTTCAT,2
l8_ATTATCCGTTAGTGGG,0
l8_ATTATCCTCAGGATCT,2
l8_ATTATCCTCGAACGGA,0
l8_ATTATCCTCTACTTAC,5
l8_ATTCTACAGGCCGAAT,0
l8_ATTCTACAGTGTCCCG,0
l8_ATTCTACCACGTTGGC,0
l8_ATTCTACCAGCTGGCT,3
l8_ATTCTACTCCGCAGTG,3
l8_ATTCTACTCTCTTATG,1
l8_ATTGGACAGAATTGTG,0
l8_ATTGGACAGGGATCTG,0
l8_ATTGGACCACAGCCCA,2
l8_ATTGGACGTACCGAGA,0
l8_ATTGGACTCTTGAGGT,3
l8_ATTGGTGAGGAGTTTA,3
l8_ATTGGTGCAAGAGTCG,3
l8_ATTGGTGCACATGACT,4
l8_ATTGGTGGTACCAGTT,3
l8_ATTGGTGGTTCTGGTA,2
l8_ATTTCTGGTACGCTGC,0
l8_ATTTCTGTCAATACCG,0
l8_ATTTCTGTCTACGAGT,0
l8_CAACCAAAGATCTGCT,6
l8_CAACCAACAAAGCAAT,0
l8_CAACCAACAGCGTAAG,5
l8_CAACCAACATGAACCT,5
l8_CAACCAAGTACGACCC,0
l8_CAACCAAGTCTAAAGA,0
l8_CAACCAAGTGATGTCT,1
l8_CAACCAATCACTTATC,2
l8_CAACCAATCATGCAAC,0
l8_CAACCTCAGCGTAATA,3
l8_CAACCTCAGGACACCA,1
l8_CAACCTCAGGATGCGT,1
l8_CAACCTCAGGATGGAA,0
l8_CAACCTCAGGGCACTA,0
l8_CAACCTCGTCAACTGT,6
l8_CAACCTCTCCTGTAGA,3
l8_CAACCTCTCTGGGCCA,0
l8_CAACTAGAGATATGGT,4
l8_CAACTAGAGGACCACA,0
l8_CAACTAGAGTACGTTC,0
l8_CAACTAGCAGGAATGC,3
l8_CAACTAGTCTGCGTAA,0
l8_CAAGAAAAGGGTGTTG,3
l8_CAAGAAAAGGTACTCT,0
l8_CAAGAAACACGAAGCA,5
l8_CAAGAAAGTGGTAACG,1
l8_CAAGATCCAACTGCTA,0
l8_CAAGATCGTTACTGAC,2
l8_CAAGATCTCAAGAAGT,0
l8_CAAGATCTCTGCTGCT,1
l8_CAAGGCCAGCTAACAA,0
l8_CAAGGCCAGTAGGCCA,0
l8_CAAGGCCCATCACGTA,0
l8_CAAGGCCTCCACGACG,0
l8_CAAGGCCTCGGTGTCG,6
l8_CAAGTTGAGCTCCTTC,0
l8_CAAGTTGCAGTAACGG,0
l8_CAAGTTGGTTCGGCAC,0
l8_CACAAACCAAGTTAAG,3
l8_CACAAACCATTATCTC,0
l8_CACAAACGTACCGTTA,4
l8_CACAAACGTCCGAGTC,0
l8_CACAAACTCCCTCTTT,0
l8_CACACAACAGCTGGCT,2
l8_CACACAAGTCGGCTCA,0
l8_CACACAAGTTCTGAAC,0
l8_CACACAATCCTCATTA,2
l8_CACACAATCTGCTGCT,0
l8_CACACCTAGAGTAATC,3
l8_CACACCTCAGTGGAGT,0
l8_CACACCTGTATGGTTC,0
l8_CACACCTGTTAAGGGC,0
l8_CACACCTTCCGTACAA,2
l8_CACACTCAGGATGTAT,1
l8_CACACTCGTACCGTAT,0
l8_CACACTCGTGTAATGA,0
l8_CACACTCGTTCCGTCT,2
l8_CACACTCGTTCTGTTT,0
l8_CACACTCGTTGAGGTG,1
l8_CACACTCTCGCAAACT,0
l8_CACAGGCCAAACCCAT,3
l8_CACAGGCGTCGCTTCT,3
l8_CACAGGCGTGCCTTGG,0
l8_CACAGGCTCAAACGGG,0
l8_CACAGGCTCACCGTAA,3
l8_CACAGGCTCTGCGTAA,0
l8_CACAGTAAGGCTAGCA,0
l8_CACAGTACAACACCCG,0
l8_CACAGTAGTCCGAATT,2
l8_CACAGTAGTTTGGCGC,0
l8_CACAGTATCAACACCA,3
l8_CACAGTATCATGTCCC,2
l8_CACAGTATCTTACCGC,0
l8_CACATAGAGACTTTCG,0
l8_CACATAGAGCGCCTCA,0
l8_CACATAGAGGAGTTGC,1
l8_CACATAGAGTGGAGTC,3
l8_CACATAGCAAGCTGAG,0
l8_CACATAGCAAGTCTGT,0
l8_CACATAGGTACCCAAT,2
l8_CACATAGGTTGAGGTG,0
l8_CACATAGTCAATAAGG,2
l8_CACATAGTCCGCAGTG,0
l8_CACATAGTCCTTGGTC,2
l8_CACATAGTCGTGGTCG,1
l8_CACATTTAGTTCGATC,0
l8_CACATTTCAAACCTAC,0
l8_CACATTTCAATGAATG,1
l8_CACATTTCACTGTGTA,2
l8_CACATTTGTCCATCCT,2
l8_CACATTTGTCTGATCA,4
l8_CACATTTTCAAACCAC,0
l8_CACATTTTCAGCAACT,0
l8_CACATTTTCTTCATGT,0
l8_CACCACTAGTCTCAAC,1
l8_CACCACTGTAGCGTAG,0
l8_CACCACTGTCGAACAG,3
l8_CACCACTTCACCACCT,0
l8_CACCAGGAGATGCGAC,0
l8_CACCAGGAGTTGAGAT,0
l8_CACCAGGCAGCTTAAC,2
l8_CACCAGGCATCGGTTA,1
l8_CACCAGGGTAAGGGAA,0
l8_CACCAGGGTGGCAAAC,4
l8_CACCTTGAGCTGCCCA,2
l8_CACCTTGAGGCCATAG,2
l8_CACCTTGGTTCAGTAC,6
l8_CACCTTGTCTCAAGTG,0
l8_CACCTTGTCTCTAGGA,2
l8_CACTCCAAGAGGTTAT,2
l8_CACTCCAAGCTCCTCT,0
l8_CACTCCAGTAAGGATT,1
l8_CACTCCAGTAGAGTGC,0
l8_CACTCCAGTTACGGAG,0
l8_CACTCCAGTTTGCATG,5
l8_CACTCCATCCCTTGCA,0
l8_CAGAATCAGATGAGAG,0
l8_CAGAATCCAATGTAAG,0
l8_CAGAATCGTACCGCTG,2
l8_CAGAATCGTCAATACC,2
l8_CAGAATCTCGGCGCTA,0
l8_CAGAATCTCGTTGCCT,1
l8_CAGAGAGAGATCCCGC,0
l8_CAGAGAGCACCGCTAG,0
l8_CAGAGAGCACTTCTGC,2
l8_CAGAGAGCAGAGCCAA,2
l8_CAGAGAGTCTTCAACT,0
l8_CAGATCAAGCAGCCTC,0
l8_CAGATCACAAGTTCTG,0
l8_CAGATCAGTACTCGCG,4
l8_CAGATCAGTCCATCCT,1
l8_CAGATCAGTGCCTGCA,1
l8_CAGATCAGTTGGTAAA,2
l8_CAGATCATCGTTTAGG,0
l8_CAGATCATCTCAAGTG,0
l8_CAGCAGCAGGAGTCTG,3
l8_CAGCAGCCATATGCTG,4
l8_CAGCAGCGTAGGAGTC,0
l8_CAGCAGCGTCCAGTTA,3
l8_CAGCAGCGTGAGCGAT,1
l8_CAGCAGCGTTTGACAC,0
l8_CAGCATAAGCTGCGAA,4
l8_CAGCATAAGGATCGCA,6
l8_CAGCATAAGGCGTACA,0
l8_CAGCATACACAAGCCC,0
l8_CAGCATAGTGGTCCGT,6
l8_CAGCATAGTTCCGGCA,0
l8_CAGCATATCGCCATAA,0
l8_CAGCATATCGCGTAGC,0
l8_CAGCCGAAGACGACGT,0
l8_CAGCCGAAGCGCTTAT,0
l8_CAGCCGACAAACCTAC,0
l8_CAGCCGAGTAAGAGGA,0
l8_CAGCCGAGTCTCCCTA,0
l8_CAGCCGAGTGCTAGCC,0
l8_CAGCCGATCACGGTTA,0
l8_CAGCCGATCCTGCAGG,0
l8_CAGCGACAGTCGCCGT,0
l8_CAGCGACCACCAGGCT,0
l8_CAGCGACGTAGCGCAA,0
l8_CAGCGACGTGCGGTAA,6
l8_CAGCGACTCAACGCTA,0
l8_CAGCGACTCGTACGGC,6
l8_CAGCTAAAGATCCTGT,3
l8_CAGCTAAGTGCTAGCC,2
l8_CAGCTAATCTATCCTA,0
l8_CAGCTGGAGACCGGAT,0
l8_CAGCTGGAGACCTAGG,4
l8_CAGCTGGGTCTCACCT,0
l8_CAGCTGGTCGGAAACG,0
l8_CAGCTGGTCTTCAACT,3
l8_CAGGTGCAGACCACGA,0
l8_CAGGTGCAGCGCCTCA,1
l8_CAGGTGCAGGGAAACA,4
l8_CAGGTGCAGGTGTGGT,0
l8_CAGGTGCAGTGGGCTA,6
l8_CAGGTGCCAAGACGTG,4
l8_CAGGTGCCAGCCTGTG,3
l8_CAGGTGCGTCACTGGC,1
l8_CAGGTGCGTGCACGAA,0
l8_CAGGTGCTCCATGAGT,0
l8_CAGGTGCTCGAACGGA,2
l8_CAGGTGCTCTCACATT,5
l8_CAGTAACGTCTCCACT,0
l8_CAGTCCTAGAATGTGT,0
l8_CAGTCCTAGAATTGTG,0
l8_CAGTCCTAGCGATATA,1
l8_CAGTCCTAGTCGTACT,2
l8_CAGTCCTGTTCGAATC,0
l8_CAGTCCTGTTTAGCTG,4
l8_CAGTCCTTCAGTTTGG,0
l8_CAGTCCTTCTCTGTCG,3
l8_CAGTCCTTCTTCATGT,0
l8_CATATGGAGACAGGCT,2
l8_CATATGGCACAGTCGC,2
l8_CATATGGTCGGTGTCG,2
l8_CATATTCCAAACAACA,1
l8_CATATTCCACGTTGGC,0
l8_CATATTCGTCCATGAT,0
l8_CATATTCGTGAGGCTA,1
l8_CATATTCGTTAGATGA,0
l8_CATCAAGAGGTGACCA,0
l8_CATCAAGTCATAACCG,0
l8_CATCAGACACTACAGT,2
l8_CATCAGACAGCGTTCG,0
l8_CATCAGAGTAATTGGA,2
l8_CATCAGAGTCTAGCGC,6
l8_CATCAGATCCTTTCTC,0
l8_CATCAGATCGCCTGAG,0
l8_CATCAGATCGTGGACC,3
l8_CATCCACAGAATCTCC,6
l8_CATCCACCACAGCCCA,1
l8_CATCCACCATACCATG,4
l8_CATCCACGTCTGGAGA,2
l8_CATCGAAAGAAACCAT,0
l8_CATCGAAAGCCTATGT,0
l8_CATCGAAAGGCAGTCA,0
l8_CATCGAACAATCAGAA,0
l8_CATCGAAGTACGCACC,2
l8_CATCGAAGTCATCCCT,4
l8_CATCGAAGTTCCGGCA,2
l8_CATCGAAGTTCTCATT,0
l8_CATCGAATCTAACCGA,0
l8_CATCGAATCTTCAACT,3
l8_CATCGGGCAGACGTAG,6
l8_CATCGGGCAGCCTGTG,0
l8_CATCGGGGTCATCCCT,0
l8_CATCGGGTCCAAAGTC,5
l8_CATGACAAGGACTGGT,3
l8_CATGACATCGTGGACC,2
l8_CATGCCTAGACAGACC,1
l8_CATGCCTGTCCGTCAG,0
l8_CATGCCTTCGAGAACG,3
l8_CATGCCTTCTCCCTGA,1
l8_CATGGCGCACAAGCCC,0
l8_CATGGCGCACCGAATT,0
l8_CATGGCGCAGGGCATA,2
l8_CATGGCGCATCTGGTA,1
l8_CATGGCGTCACCGTAA,0
l8_CATGGCGTCAGCGATT,0
l8_CATGGCGTCCCTAATT,3
l8_CATTATCAGGGCTTCC,0
l8_CATTATCCACTAAGTC,5
l8_CATTATCGTGCTAGCC,0
l8_CATTATCTCGTAGGAG,4
l8_CATTCGCAGCTGAACG,1
l8_CATTCGCCAGCTGTTA,0
l8_CATTCGCTCACCTCGT,1
l8_CATTCGCTCTCATTCA,0
l8_CCAATCCAGACCTTTG,0
l8_CCAATCCCACCAGATT,4
l8_CCAATCCCATGGTCAT,0
l8_CCAATCCGTTATCCGA,0
l8_CCAATCCTCACGACTA,0
l8_CCAATCCTCACGATGT,0
l8_CCAATCCTCACTTACT,2
l8_CCAATCCTCTTCGAGA,5
l8_CCACCTAAGCGAAGGG,0
l8_CCACCTACAAGTCTGT,0
l8_CCACCTAGTTCTGAAC,2
l8_CCACCTAGTTGGACCC,0
l8_CCACCTATCCGAAGAG,1
l8_CCACCTATCGAGCCCA,3
l8_CCACCTATCGCAGGCT,0
l8_CCACCTATCTCACATT,0
l8_CCACGGAAGAAGCCCA,0
l8_CCACGGAAGAATGTTG,0
l8_CCACGGAAGCTAACTC,0
l8_CCACGGAAGGTCGGAT,0
l8_CCACGGAAGTATTGGA,4
l8_CCACGGAAGTTCGCGC,6
l8_CCACGGACAAAGCGGT,4
l8_CCACGGACATTAGCCA,0
l8_CCACGGATCCGCGGTA,1
l8_CCACTACAGAGCAATT,2
l8_CCACTACAGATAGTCA,4
l8_CCACTACAGCGGCTTC,1
l8_CCACTACAGCGTCAAG,1
l8_CCACTACAGTGTTGAA,1
l8_CCACTACCACCGAAAG,0
l8_CCACTACGTGTCTGAT,0
l8_CCACTACTCTGCAAGT,3
l8_CCAGCGAAGAGTACCG,1
l8_CCAGCGAAGTCCGTAT,0
l8_CCAGCGAGTCACTGGC,0
l8_CCAGCGAGTCTAGTGT,2
l8_CCAGCGAGTTCGCGAC,3
l8_CCAGCGAGTTGCCTCT,0
l8_CCAGCGATCATTTGGG,0
l8_CCAGCGATCGGTGTCG,0
l8_CCAGCGATCGTCTGCT,0
l8_CCAGCGATCTCTTATG,0
l8_CCAGCGATCTTCGAGA,0
l8_CCATGTCAGAGCCTAG,0
l8_CCATGTCAGTCTTGCA,3
l8_CCATGTCCAAGGACAC,0
l8_CCATGTCCATGCTAGT,0
l8_CCATGTCCATGGTTGT,1
l8_CCATGTCGTAAAGGAG,2
l8_CCATGTCGTCATGCCG,0
l8_CCATGTCGTGAGGGAG,3
l8_CCATGTCTCAGCACAT,0
l8_CCATGTCTCATGCTCC,0
l8_CCATGTCTCCGTCATC,0
l8_CCATTCGAGCGATCCC,0
l8_CCATTCGCACATTCGA,6
l8_CCATTCGCACTACAGT,2
l8_CCATTCGGTTAAGATG,0
l8_CCATTCGGTTCCAACA,2
l8_CCCAATCAGATGTTAG,3
l8_CCCAATCAGTACCGGA,2
l8_CCCAATCCACAAGACG,4
l8_CCCAATCCATACTCTT,1
l8_CCCAATCGTCCGTCAG,0
l8_CCCAATCGTCTAGCCG,2
l8_CCCAATCGTCTCCATC,6
l8_CCCAATCGTTTGGCGC,2
l8_CCCAATCTCGGCGCTA,0
l8_CCCAGTTAGATAGGAG,0
l8_CCCAGTTGTCAAAGCG,4
l8_CCCAGTTTCCTGCTTG,0
l8_CCCTCCTAGAATAGGG,0
l8_CCCTCCTCACTCTGTC,4
l8_CCCTCCTCAGGCGATA,1
l8_CCCTCCTGTAACGACG,0
l8_CCCTCCTGTGCAGTAG,0
l8_CCCTCCTGTGTTTGTG,0
l8_CCCTCCTGTTGTTTGG,2
l8_CCCTCCTTCTGGTTCC,3
l8_CCCTCCTTCTGTCTAT,0
l8_CCCTCCTTCTTTACGT,2
l8_CCGGGATAGAACAATC,0
l8_CCGGGATTCGAGCCCA,0
l8_CCGGGATTCTTATCTG,6
l8_CCGGTAGAGCTAGCCC,0
l8_CCGGTAGTCTGCAGTA,0
l8_CCGGTAGTCTTGTATC,3
l8_CCGTACTAGGCATGTG,2
l8_CCGTACTCAAGTCATC,4
l8_CCGTACTCACGAAAGC,0
l8_CCGTACTTCATCACCC,2
l8_CCGTACTTCCAATGGT,0
l8_CCGTACTTCTTCATGT,0
l8_CCGTGGACAACTTGAC,0
l8_CCGTGGACACAGAGGT,0
l8_CCGTGGAGTCAGAGGT,0
l8_CCGTGGATCAACACGT,0
l8_CCGTTCAAGATGCGAC,6
l8_CCGTTCAAGCACACAG,1
l8_CCGTTCAGTGGGTCAA,4
l8_CCGTTCAGTGTCGCTG,6
l8_CCGTTCAGTTAGATGA,4
l8_CCTAAAGAGTGGCACA,3
l8_CCTAAAGCAGTCAGCC,2
l8_CCTAAAGCATCTCGCT,0
l8_CCTAAAGGTAACGTTC,0
l8_CCTAAAGTCCCATTTA,0
l8_CCTACACAGAAGCCCA,0
l8_CCTACACAGAGCTTCT,0
l8_CCTACACAGTCCAGGA,2
l8_CCTACACCAGGAATCG,0
l8_CCTACACGTCTTGATG,0
l8_CCTACACTCAGCTTAG,0
l8_CCTACACTCCGAACGC,2
l8_CCTACACTCCGCAAGC,2
l8_CCTACACTCCTTAATC,3
l8_CCTACCAAGGCGTACA,0
l8_CCTACCACAATGCCAT,0
l8_CCTACCACAGCCTATA,0
l8_CCTACCAGTTAAGATG,4
l8_CCTACCAGTTATCGGT,0
l8_CCTACCATCTGGCGAC,1
l8_CCTAGCTAGAATTCCC,3
l8_CCTAGCTAGATGTGGC,0
l8_CCTAGCTAGGTGCTTT,0
l8_CCTAGCTCAAAGCAAT,0
l8_CCTAGCTCAATGACCT,4
l8_CCTAGCTCACGCTTTC,0
l8_CCTAGCTGTCTGATTG,2
l8_CCTAGCTGTGTTAAGA,3
l8_CCTAGCTGTTATGTGC,0
l8_CCTAGCTTCAAGGCTT,4
l8_CCTAGCTTCTTCAACT,2
l8_CCTAGCTTCTTTAGGG,6
l8_CCTATTAGTGGGTATG,0
l8_CCTATTAGTTACGGAG,1
l8_CCTATTAGTTCAGACT,5
l8_CCTATTATCCCAACGG,1
l8_CCTCAGTTCAATACCG,2
l8_CCTCAGTTCAGGTTCA,6
l8_CCTCAGTTCGTGGTCG,0
l8_CCTCTGAAGTACGCCC,0
l8_CCTCTGAGTAAGTTCC,0
l8_CCTCTGAGTACATCCA,4
l8_CCTCTGATCGTATCAG,2
l8_CCTTACGGTGTTCGAT,2
l8_CCTTACGTCATGTCCC,0
l8_CCTTACGTCGGTGTTA,0
l8_CCTTCCCAGAGGACGG,2
l8_CCTTCCCGTAGATTAG,3
l8_CCTTCCCGTCTCTTTA,0
l8_CCTTCCCTCCATGAGT,0
l8_CCTTCGAAGCAGACTG,4
l8_CCTTCGAAGTGGAGAA,1
l8_CCTTCGACATACAGCT,0
l8_CCTTCGAGTCTTGTCC,4
l8_CCTTCGATCAGTCAGT,0
l8_CCTTCGATCGAGCCCA,1
l8_CCTTTCTAGAGACGAA,0
l8_CCTTTCTTCCAAGTAC,0
l8_CCTTTCTTCTCACATT,0
l8_CGAACATAGTGCAAGC,0
l8_CGAACATCAATCCGAT,3
l8_CGAACATCACCAACCG,3
l8_CGAACATCATGCCTTC,0
l8_CGAACATGTCACTTCC,1
l8_CGAACATGTGCAACTT,0
l8_CGAACATTCACGGTTA,1
l8_CGAACATTCATTATCC,2
l8_CGAACATTCATTGCGA,3
l8_CGAATGTAGATCACGG,0
l8_CGAATGTCATGACATC,0
l8_CGAATGTGTTGAGTTC,2
l8_CGAATGTGTTGTGGCC,0
l8_CGAATGTTCACCACCT,3
l8_CGAATGTTCGCAAACT,3
l8_CGAATGTTCTGCTTGC,0
l8_CGACCTTAGGTGATAT,0
l8_CGACCTTCATTATCTC,3
l8_CGACCTTGTATGAAAC,0
l8_CGACCTTTCCCAACGG,4
l8_CGACCTTTCTCGGACG,0
l8_CGACTTCAGCTAGTGG,4
l8_CGACTTCAGTCACGCC,1
l8_CGACTTCCACATCCGG,3
l8_CGACTTCCAGGGCATA,1
l8_CGACTTCCATTAGCCA,0
l8_CGACTTCGTGGTTTCA,0
l8_CGACTTCGTTTACTCT,0
l8_CGACTTCTCCACGTTC,0
l8_CGACTTCTCTCGGACG,0
l8_CGAGAAGAGGTAGCCA,5
l8_CGAGAAGGTAAATACG,0
l8_CGAGAAGGTCCGAATT,0
l8_CGAGAAGGTCTCGTTC,0
l8_CGAGCACAGGTAGCCA,2
l8_CGAGCACGTCCGACGT,3
l8_CGAGCACTCTGGAGCC,0
l8_CGAGCCAAGAAGCCCA,5
l8_CGAGCCAAGAATGTTG,0
l8_CGAGCCAAGAATTCCC,0
l8_CGAGCCAAGGTGTGGT,2
l8_CGAGCCACAAGCCTAT,3
l8_CGAGCCACAGCTGCAC,5
l8_CGAGCCAGTACTTGAC,5
l8_CGAGCCAGTGGGTATG,3
l8_CGAGCCAGTTAAGATG,5
l8_CGAGCCATCTGCCCTA,0
l8_CGATCGGAGACAAGCC,0
l8_CGATCGGAGACTACAA,3
l8_CGATCGGAGCCTCGTG,6
l8_CGATCGGGTAAATACG,0
l8_CGATCGGGTAAGTAGT,0
l8_CGATCGGGTCTAGAGG,0
l8_CGATCGGTCGCCAAAT,2
l8_CGATGGCCACTGTTAG,0
l8_CGATGGCGTACGAAAT,0
l8_CGATGGCGTTACGACT,0
l8_CGATGGCTCCGCGTTT,0
l8_CGATGTAAGGTAGCCA,0
l8_CGATGTACACTAGTAC,0
l8_CGATGTACAGCTTCGG,0
l8_CGATGTAGTAGAGCTG,0
l8_CGATGTAGTCGGATCC,0
l8_CGATTGAAGCCGTCGT,6
l8_CGATTGAAGTACCGGA,1
l8_CGATTGACATCCCATC,0
l8_CGATTGACATGGTTGT,6
l8_CGATTGATCACTATTC,0
l8_CGATTGATCCGTCATC,0
l8_CGATTGATCTCTTGAT,0
l8_CGCCAAGAGCCAGGAT,1
l8_CGCCAAGAGCTAGTGG,2
l8_CGCCAAGAGTGACATA,0
l8_CGCCAAGAGTGGCACA,1
l8_CGCCAAGAGTGTACTC,6
l8_CGCCAAGAGTTGAGAT,0
l8_CGCCAAGGTCTCACCT,0
l8_CGCCAAGGTCTGCCAG,0
l8_CGCCAAGGTGTTCGAT,1
l8_CGCCAAGTCGGCGCAT,0
l8_CGCGGTAAGATCCGAG,3
l8_CGCGGTACACGTCTCT,0
l8_CGCGGTACAGCATGAG,0
l8_CGCGTTTAGTCTCAAC,0
l8_CGCGTTTTCCAAAGTC,0
l8_CGCGTTTTCGCCTGAG,3
l8_CGCTATCAGCTTTGGT,1
l8_CGCTATCCAGATCCAT,0
l8_CGCTATCGTCCGAATT,0
l8_CGCTATCGTGCAGGTA,0
l8_CGCTATCGTTCCACAA,5
l8_CGCTATCTCTGCAAGT,0
l8_CGCTGGAAGAAACCGC,4
l8_CGCTGGAAGGAATGGA,2
l8_CGCTGGAAGTATTGGA,1
l8_CGCTGGACAAAGGCGT,0
l8_CGCTGGACAAAGTGCG,0
l8_CGCTGGACACGCTTTC,4
l8_CGCTGGACAGGTGGAT,0
l8_CGCTGGAGTAATTGGA,0
l8_CGCTGGAGTAGGGACT,4
l8_CGCTGGAGTCTAGGTT,2
l8_CGCTGGATCGAACTGT,1
l8_CGCTGGATCTGGCGTG,4
l8_CGCTTCACAGAGTGTG,0
l8_CGCTTCACATACTCTT,3
l8_CGGACACGTCTACCTC,4
l8_CGGACACGTTGCTCCT,4
l8_CGGACACTCTGAAAGA,4
l8_CGGACGTAGATCCCAT,0
l8_CGGACGTAGGTCATCT,1
l8_CGGACGTAGTCTCAAC,3
l8_CGGACGTCATCGGAAG,0
l8_CGGACGTCATTGGTAC,0
l8_CGGACGTTCCTGCCAT,0
l8_CGGACGTTCTTGGGTA,0
l8_CGGACTGAGTACGTTC,0
l8_CGGACTGCACGAAACG,0
l8_CGGACTGCACTGTCGG,0
l8_CGGACTGCATCTACGA,0
l8_CGGACTGGTCTCAACA,0
l8_CGGACTGGTGGTCTCG,3
l8_CGGACTGTCACCTTAT,0
l8_CGGACTGTCTCTGCTG,0
l8_CGGAGCTCAAGCCATT,3
l8_CGGAGCTCAGCTCGCA,0
l8_CGGAGCTGTGCGATAG,0
l8_CGGAGCTGTTATGTGC,1
l8_CGGAGCTTCCGCAGTG,0
l8_CGGAGCTTCTCTAAGG,5
l8_CGGAGTCGTAGCGTGA,0
l8_CGGAGTCGTATATGAG,0
l8_CGGAGTCGTGACGGTA,0
l8_CGGAGTCGTTCAGTAC,1
l8_CGGAGTCGTTTCGCTC,4
l8_CGGAGTCTCATCGATG,0
l8_CGGAGTCTCGTCGTTC,3
l8_CGGCTAGAGAAGGACA,2
l8_CGGCTAGAGAGCTGGT,4
l8_CGGCTAGAGAGGGCTT,3
l8_CGGCTAGAGGCACATG,0
l8_CGGCTAGAGTGGAGTC,0
l8_CGGCTAGAGTTACCCA,0
l8_CGGCTAGAGTTCGCAT,0
l8_CGGCTAGCACATTCGA,4
l8_CGGCTAGCATGCCACG,1
l8_CGGCTAGTCTGGTTCC,2
l8_CGGGTCAAGAAGGGTA,4
l8_CGGGTCAAGGAGTTTA,0
l8_CGGGTCAAGTGAACGC,4
l8_CGGGTCAAGTGTTGAA,2
l8_CGGGTCACAAGACGTG,0
l8_CGGGTCAGTCATATCG,3
l8_CGGGTCAGTGAGGGTT,4
l8_CGGGTCAGTTTACTCT,1
l8_CGGGTCATCCGTACAA,0
l8_CGGGTCATCGGAAATA,0
l8_CGGGTCATCTACCAGA,2
l8_CGGGTCATCTCGTTTA,2
l8_CGGTTAAAGAAGGACA,0
l8_CGGTTAAAGACCCACC,5
l8_CGGTTAAAGATCTGAA,0
l8_CGGTTAAAGCCACGCT,3
l8_CGGTTAAGTATCAGTC,6
l8_CGGTTAAGTGAAAGAG,4
l8_CGGTTAATCCCAAGTA,1
l8_CGGTTAATCTGCCCTA,0
l8_CGTAGCGAGCGTAATA,0
l8_CGTAGCGCACAACTGT,0
l8_CGTAGCGCACTTAACG,0
l8_CGTAGCGGTGTTTGGT,0
l8_CGTAGCGTCCAGTAGT,0
l8_CGTAGCGTCCTTGGTC,0
l8_CGTAGCGTCGACCAGC,0
l8_CGTAGCGTCTGCAAGT,6
l8_CGTAGGCAGGATGTAT,0
l8_CGTAGGCGTCATGCAT,0
l8_CGTAGGCTCATATCGG,0
l8_CGTAGGCTCCCTCTTT,0
l8_CGTAGGCTCTAGCACA,3
l8_CGTCACTAGACTTTCG,0
l8_CGTCACTAGATCCCGC,6
l8_CGTCACTCAAGAAAGG,5
l8_CGTCACTCATACCATG,0
l8_CGTCACTGTAAGTTCC,2
l8_CGTCACTGTCAAGCGA,0
l8_CGTCACTGTGAAAGAG,0
l8_CGTCACTTCAAACCGT,0
l8_CGTCACTTCTGGCGTG,0
l8_CGTCAGGAGTCCGTAT,0
l8_CGTCAGGCAGGGAGAG,3
l8_CGTCAGGGTAAATACG,0
l8_CGTCAGGGTAAATGTG,6
l8_CGTCAGGGTGGTCTCG,0
l8_CGTCAGGTCCGGCACA,0
l8_CGTCCATAGATCCCGC,3
l8_CGTCCATAGTTGAGAT,0
l8_CGTCCATCAGCCTATA,3
l8_CGTCCATGTCAGATAA,0
l8_CGTCCATTCTGAGTGT,2
l8_CGTCCATTCTTAGCCC,3
l8_CGTCTACAGACAGACC,0
l8_CGTCTACGTTCTGGTA,4
l8_CGTCTACGTTGCGTTA,0
l8_CGTGAGCAGACATAAC,2
l8_CGTGAGCAGAGGTTAT,0
l8_CGTGAGCAGTCAAGCG,2
l8_CGTGAGCAGTTCGCAT,3
l8_CGTGAGCCATTGCGGC,3
l8_CGTGAGCGTGCTGTAT,0
l8_CGTGAGCTCGGAAATA,2
l8_CGTGTAAAGCTGATAA,0
l8_CGTGTAAAGGCGTACA,0
l8_CGTGTAACATGGGACA,0
l8_CGTGTAATCACTTACT,4
l8_CGTGTAATCCCTTGTG,0
l8_CGTGTCTAGCCAGTTT,0
l8_CGTGTCTAGCGATAGC,3
l8_CGTGTCTAGTACGCGA,2
l8_CGTGTCTAGTGTTAGA,0
l8_CGTGTCTAGTTATCGC,0
l8_CGTGTCTCACTACAGT,3
l8_CGTGTCTGTTCTGGTA,0
l8_CGTGTCTGTTTAAGCC,0
l8_CGTGTCTTCACCCGAG,2
l8_CGTGTCTTCCGCGGTA,0
l8_CGTTAGAAGCTAAGAT,0
l8_CGTTAGAAGTCGTTTG,2
l8_CGTTAGACAATCCAAC,0
l8_CGTTAGAGTGTTCTTT,0
l8_CGTTAGAGTTTGTGTG,1
l8_CGTTAGATCAGTTAGC,1
l8_CGTTCTGAGACACGAC,0
l8_CGTTCTGAGCCAGGAT,0
l8_CGTTCTGAGCTGGAAC,0
l8_CGTTCTGAGGACTGGT,0
l8_CGTTCTGCAAGAAGAG,0
l8_CGTTCTGGTCCAGTAT,0
l8_CGTTCTGGTCGACTGC,0
l8_CGTTGGGAGTCGTACT,3
l8_CGTTGGGCAAGAGGCT,0
l8_CGTTGGGGTCGCTTCT,2
l8_CGTTGGGGTCTCCCTA,0
l8_CGTTGGGTCACGCATA,2
l8_CTAACTTAGCGTGTCC,6
l8_CTAACTTCACAGACTT,0
l8_CTAACTTCACGTCAGC,0
l8_CTAACTTCATTGGCGC,4
l8_CTAACTTGTTAAAGAC,2
l8_CTAACTTTCGATGAGG,3
l8_CTAACTTTCTTACCTA,1
l8_CTAAGACAGAGTCGGT,0
l8_CTAAGACAGCTAGCCC,3
l8_CTAAGACCAAGGGTCA,2
l8_CTAAGACCAATCCAAC,0
l8_CTAAGACCACCTTGTC,0
l8_CTAAGACCACTTCTGC,1
l8_CTAAGACGTAATTGGA,4
l8_CTAAGACGTACCCAAT,0
l8_CTAAGACGTTCAGCGC,0
l8_CTAAGACTCATGTAGC,0
l8_CTAATGGAGAGACGAA,0
l8_CTAATGGAGCAAATCA,6
l8_CTAATGGAGCCCAACC,3
l8_CTAATGGAGGAGTACC,0
l8_CTAATGGCAACTGCGC,1
l8_CTAATGGTCACGACTA,0
l8_CTACACCAGAGACTAT,0
l8_CTACACCAGAGCAATT,2
l8_CTACACCAGCTGCAAG,0
l8_CTACACCCATAGGATA,1
l8_CTACACCCATCTCCCA,0
l8_CTACACCGTTTCCACC,1
l8_CTACACCTCAACGGCC,0
l8_CTACATTAGAATGTGT,4
l8_CTACATTGTAAGAGAG,0
l8_CTACATTGTCCCTTGT,0
l8_CTACATTGTTAAGAAC,0
l8_CTACATTGTTATCGGT,0
l8_CTACATTTCAAGGCTT,0
l8_CTACATTTCCAGTAGT,0
l8_CTACCCAAGAAGGCCT,4
l8_CTACCCACATGGGACA,0
l8_CTACCCATCGTGGTCG,0
l8_CTACGTCTCAGTGTTG,0
l8_CTACGTCTCCAAACTG,3
l8_CTAGAGTAGAATGTGT,2
l8_CTAGAGTAGCCACCTG,0
l8_CTAGAGTAGCGTTCCG,0
l8_CTAGAGTAGGCTATCT,0
l8_CTAGAGTCAGGCTGAA,0
l8_CTAGAGTCAGTGGGAT,4
l8_CTAGAGTCAGTTCCCT,2
l8_CTAGAGTGTATTCGTG,0
l8_CTAGCCTGTGCTCTTC,0
l8_CTAGCCTTCGTAGATC,0
l8_CTAGCCTTCTGGTTCC,5
l8_CTAGCCTTCTGTCAAG,2
l8_CTAGTGAAGTTCCACA,4
l8_CTAGTGACAAGGTTTC,3
l8_CTAGTGACACCTCGTT,4
l8_CTAGTGACAGCCAATT,5
l8_CTAGTGACAGTGGGAT,3
l8_CTAGTGAGTCGAGTTT,3
l8_CTAGTGAGTTCCACAA,0
l8_CTAGTGATCCTTTCGG,0
l8_CTCACACAGAGTGAGA,5
l8_CTCACACAGCGGATCA,3
l8_CTCACACCATATACGC,4
l8_CTCACACTCGATGAGG,0
l8_CTCACACTCGGCGCAT,3
l8_CTCACACTCTTGGGTA,5
l8_CTCAGAAAGGCAGTCA,2
l8_CTCAGAAAGTTAGGTA,5
l8_CTCAGAACATACAGCT,2
l8_CTCAGAAGTAGCACGA,4
l8_CTCAGAAGTCATTAGC,0
l8_CTCAGAATCCGTACAA,1
l8_CTCATTAGTCATACTG,1
l8_CTCATTATCCTGTACC,6
l8_CTCCTAGCAATCAGAA,4
l8_CTCCTAGCACTTACGA,0
l8_CTCCTAGCAGTTCATG,0
l8_CTCCTAGGTTCCAACA,5
l8_CTCCTAGGTTGGACCC,2
l8_CTCCTAGTCATCGATG,1
l8_CTCCTAGTCGCATGGC,0
l8_CTCCTAGTCTACTCAT,0
l8_CTCGAAAAGGTACTCT,1
l8_CTCGAAAAGTACACCT,0
l8_CTCGAAACAGCTTAAC,5
l8_CTCGAAACATCTCGCT,0
l8_CTCGAAAGTATGAAAC,1
l8_CTCGAAATCAACACCA,2
l8_CTCGAGGCAAACCTAC,0
l8_CTCGAGGCACACAGAG,1
l8_CTCGAGGCAGTCTTCC,1
l8_CTCGAGGGTCATGCCG,1
l8_CTCGAGGGTCCAAGTT,3
l8_CTCGAGGTCCGATATG,3
l8_CTCGAGGTCGTTTATC,0
l8_CTCGGAGAGTGGCACA,0
l8_CTCGGAGAGTGTACGG,0
l8_CTCGGAGCAACACCTA,0
l8_CTCGGAGGTAATCGTC,0
l8_CTCGGAGGTCGCATAT,2
l8_CTCGGAGTCAGAGACG,0
l8_CTCGGGAAGAACTGTA,3
l8_CTCGGGAGTCCGAACC,6
l8_CTCGGGAGTCGAGATG,0
l8_CTCGGGAGTCGATTGT,0
l8_CTCGGGATCCATTCTA,0
l8_CTCGGGATCGAGAACG,2
l8_CTCGTACAGTAGTGCG,0
l8_CTCGTACCAAACAACA,1
l8_CTCGTACGTCACTTCC,0
l8_CTCGTACGTCGAACAG,3
l8_CTCGTACGTCGTCTTC,0
l8_CTCGTACGTTACGGAG,4
l8_CTCGTACTCCATGAAC,0
l8_CTCGTACTCCGGGTGT,1
l8_CTCGTCAAGAGAGCTC,5
l8_CTCGTCAAGATAGGAG,2
l8_CTCGTCAAGCTCTCGG,1
l8_CTCGTCAAGGGATCTG,6
l8_CTCGTCAAGTGTTGAA,0
l8_CTCGTCACATGCAATC,2
l8_CTCGTCAGTAGTACCT,0
l8_CTCTAATCACGAAATA,1
l8_CTCTAATCAGTTAACC,2
l8_CTCTACGAGCAGCGTA,2
l8_CTCTACGAGCGATCCC,0
l8_CTCTACGAGCTCCCAG,0
l8_CTCTACGAGGACAGAA,4
l8_CTCTACGAGGCTAGGT,2
l8_CTCTACGCAGCGAACA,3
l8_CTCTACGGTAGGCTGA,0
l8_CTCTACGGTTAAGATG,3
l8_CTCTACGTCTCCAGGG,2
l8_CTCTGGTAGGCTCAGA,0
l8_CTCTGGTTCTGCGTAA,2
l8_CTGAAACAGCCTATGT,0
l8_CTGAAACAGGTAAACT,6
l8_CTGAAACAGTTACCCA,1
l8_CTGAAACCACAGGCCT,0
l8_CTGAAACGTAGCGTCC,2
l8_CTGAAACGTGGGTCAA,0
l8_CTGAAACTCCCAAGAT,0
l8_CTGAAGTAGAGACGAA,3
l8_CTGAAGTAGCTTTGGT,5
l8_CTGAAGTAGTGCGATG,0
l8_CTGAAGTTCGAGAGCA,0
l8_CTGATAGAGCACACAG,2
l8_CTGATAGCATAAGACA,0
l8_CTGATAGGTGATAAGT,2
l8_CTGATAGTCTAAGCCA,6
l8_CTGATAGTCTTCTGGC,0
l8_CTGATCCCAACTGCTA,5
l8_CTGATCCCACGCATCG,3
l8_CTGATCCCACGCCAGT,6
l8_CTGATCCGTCCGAATT,2
l8_CTGATCCGTCTGATTG,0
l8_CTGATCCGTTTGGCGC,0
l8_CTGATCCTCGTTGACA,0
l8_CTGCCTAAGGCTAGGT,0
l8_CTGCCTACAGGCTCAC,6
l8_CTGCCTAGTAATTGGA,0
l8_CTGCCTAGTAGGAGTC,0
l8_CTGCCTATCCGAATGT,0
l8_CTGCGGAAGAAGAAGC,3
l8_CTGCGGACAACTGCTA,0
l8_CTGCGGAGTGGTACAG,2
l8_CTGCGGAGTGTGAAAT,0
l8_CTGCGGATCCACGTGG,3
l8_CTGCTGTGTCAAGCGA,0
l8_CTGCTGTTCATCTGCC,0
l8_CTGCTGTTCTGTTGAG,0
l8_CTGGTCTAGTGTCCAT,4
l8_CTGGTCTCATGGTCAT,3
l8_CTGGTCTGTCAGGACA,3
l8_CTGGTCTGTCCTAGCG,2
l8_CTGGTCTGTGTTTGGT,0
l8_CTGGTCTGTTCCATGA,6
l8_CTGTGCTAGAGTAATC,2
l8_CTGTGCTAGTGGAGAA,1
l8_CTGTGCTGTCATGCAT,0
l8_CTGTGCTTCAACACTG,0
l8_CTGTGCTTCAGAAATG,0
l8_CTGTGCTTCGCGTAGC,0
l8_CTGTTTAAGACCCACC,1
l8_CTGTTTAAGATGTGTA,0
l8_CTGTTTATCCGCGGTA,1
l8_CTGTTTATCGGAATCT,0
l8_CTTAACTAGACAGGCT,2
l8_CTTAACTCAAACCTAC,0
l8_CTTAACTTCCTGTAGA,4
l8_CTTAACTTCTTTACGT,6
l8_CTTACCGAGAGCTTCT,0
l8_CTTACCGAGGACCACA,0
l8_CTTACCGCAACACCTA,0
l8_CTTACCGCATGCATGT,0
l8_CTTACCGGTTCTGGTA,4
l8_CTTACCGTCCCAAGAT,4
l8_CTTACCGTCGGAAATA,0
l8_CTTAGGAAGTTGCAGG,0
l8_CTTAGGACATCCTTGC,0
l8_CTTAGGAGTGTTTGTG,1
l8_CTTAGGATCCGGCACA,0
l8_CTTAGGATCTGCAGTA,0
l8_CTTCTCTAGAAACGCC,2
l8_CTTCTCTAGCTAGTCT,1
l8_CTTCTCTAGGGCATGT,0
l8_CTTCTCTCACGCCAGT,2
l8_CTTCTCTCAGTGGGAT,0
l8_CTTCTCTCATCATCCC,0
l8_CTTCTCTGTACGACCC,3
l8_CTTCTCTGTCGGGTCT,0
l8_CTTCTCTGTTAAGACA,4
l8_CTTCTCTGTTCAGTAC,0
l8_CTTCTCTTCACCCTCA,2
l8_CTTCTCTTCGAGCCCA,0
l8_CTTGGCTAGATATGCA,4
l8_CTTGGCTAGTCCTCCT,2
l8_CTTGGCTCACAAGCCC,1
l8_CTTGGCTCACGAAAGC,0
l8_CTTGGCTGTGCGCTTG,1
l8_CTTGGCTTCATGTAGC,0
l8_CTTGGCTTCCACTCCA,0
l8_CTTGGCTTCCATGAGT,3
l8_CTTGGCTTCTGAGGGA,2
l8_CTTTGCGAGAAGGACA,2
l8_CTTTGCGAGATGCGAC,4
l8_CTTTGCGAGCTGAAAT,0
l8_CTTTGCGCATGGATGG,4
l8_CTTTGCGGTAAGTTCC,3
l8_CTTTGCGGTAGCGCAA,0
l8_CTTTGCGGTGCCTTGG,0
l8_CTTTGCGTCCTGCAGG,4
l8_CTTTGCGTCTCTTGAT,4
l8_GAAACTCAGCATGGCA,0
l8_GAAACTCAGGATGGAA,0
l8_GAAACTCCAAGTCTAC,0
l8_GAAACTCCATCGATGT,2
l8_GAAACTCCATTAACCG,0
l8_GAAACTCCATTAGCCA,4
l8_GAAACTCGTCGAACAG,3
l8_GAAACTCGTCTCCATC,0
l8_GAAACTCGTGCGAAAC,0
l8_GAAACTCGTTACGACT,3
l8_GAAACTCGTTCAGCGC,0
l8_GAAATGAAGAATCTCC,2
l8_GAAATGAAGACTCGGA,0
l8_GAAATGAAGAGTCGGT,0
l8_GAAATGAAGCCAGAAC,0
l8_GAAATGAAGTATTGGA,1
l8_GAAATGACAAGCCGTC,3
l8_GAAATGACACGCTTTC,0
l8_GAAATGACAGGGTACA,0
l8_GAAATGACAGTGGAGT,0
l8_GAAATGAGTAAGTGTA,1
l8_GAAATGAGTCCTGCTT,6
l8_GAACATCAGTCATGCT,1
l8_GAACATCAGTTTCCTT,6
l8_GAACATCCACGTAAGG,1
l8_GAACATCCAGGACGTA,4
l8_GAACATCGTACTTGAC,0
l8_GAACCTAAGAAGGGTA,0
l8_GAACCTAAGGCACATG,1
l8_GAACCTACACATCCAA,0
l8_GAACCTACATCTCCCA,0
l8_GAACGGAAGGATTCGG,3
l8_GAACGGAAGTCTTGCA,0
l8_GAACGGACATGGATGG,0
l8_GAACGGATCTCTGAGA,3
l8_GAAGCAGAGAGTGAGA,0
l8_GAAGCAGAGGATTCGG,0
l8_GAAGCAGCAAAGTGCG,1
l8_GAAGCAGCAACTGCTA,1
l8_GAAGCAGCACTATCTT,0
l8_GAAGCAGTCATCGGAT,3
l8_GAAGCAGTCCACGTGG,0
l8_GAAGCAGTCCGTTGCT,0
l8_GAAGCAGTCTCGGACG,2
l8_GAATAAGCAAGGACTG,1
l8_GAATAAGCACAGTCGC,0
l8_GAATAAGGTAAATGAC,2
l8_GAATAAGGTATAGGTA,3
l8_GAATAAGGTATTACCG,0
l8_GAATAAGGTGACGGTA,0
l8_GAATAAGTCCTTCAAT,3
l8_GAATGAAAGAAGGCCT,0
l8_GAATGAAAGCCTCGTG,3
l8_GAATGAAGTACCAGTT,0
l8_GAATGAAGTGGGTATG,4
l8_GAATGAATCGGCTACG,1
l8_GACACGCAGGACATTA,4
l8_GACACGCCAATCGAAA,0
l8_GACACGCCATCGGACC,6
l8_GACACGCGTACCGAGA,5
l8_GACACGCGTCATTAGC,1
l8_GACACGCGTTATCCGA,0
l8_GACACGCTCACTCCTG,0
l8_GACACGCTCAGTCAGT,0
l8_GACACGCTCGTCCAGG,5
l8_GACACGCTCTTCCTTC,0
l8_GACAGAGCAATCCGAT,4
l8_GACAGAGCACAGGCCT,4
l8_GACAGAGGTGAAGGCT,1
l8_GACAGAGGTTACTGAC,0
l8_GACAGAGGTTCTGTTT,0
l8_GACAGAGTCACCCGAG,0
l8_GACAGAGTCATTGCCC,0
l8_GACAGAGTCGGAGGTA,0
l8_GACAGAGTCTATCCTA,0
l8_GACAGAGTCTCAAACG,0
l8_GACAGAGTCTTCATGT,0
l8_GACCAATAGAAGCCCA,0
l8_GACCAATAGTGGAGAA,0
l8_GACCAATTCCTTTACA,1
l8_GACCTGGAGCTGGAAC,0
l8_GACCTGGAGGCTCAGA,0
l8_GACCTGGCAAGAAGAG,0
l8_GACCTGGCAGGGATTG,4
l8_GACCTGGCAGTTTACG,2
l8_GACCTGGGTCTTGTCC,3
l8_GACCTGGTCACAATGC,4
l8_GACCTGGTCAGGATCT,0
l8_GACGCGTCATCACGTA,2
l8_GACGCGTTCGAATCCA,3
l8_GACGGCTAGGAATCGC,0
l8_GACGGCTAGGCTACGA,0
l8_GACGGCTCAGAGCCAA,0
l8_GACGGCTCATCGGTTA,0
l8_GACGGCTGTGATGCCC,0
l8_GACGGCTGTTTGACTG,0
l8_GACGGCTTCAACACCA,3
l8_GACGGCTTCAGGCAAG,0
l8_GACGGCTTCCATGAAC,1
l8_GACGTGCAGCGTTGCC,0
l8_GACGTGCCAGGGAGAG,0
l8_GACGTGCGTTATCACG,3
l8_GACGTTAAGGCATGGT,3
l8_GACGTTAAGGGAGTAA,6
l8_GACGTTAAGTGTTAGA,0
l8_GACGTTACAACTGCTA,2
l8_GACGTTACAGACGCAA,0
l8_GACGTTATCCTTTCGG,2
l8_GACGTTATCGGCCGAT,4
l8_GACTAACAGTAAGTAC,1
l8_GACTAACCACGACGAA,0
l8_GACTAACTCGAGAACG,0
l8_GACTAACTCGCCTGTT,3
l8_GACTAACTCGGAAATA,3
l8_GACTAACTCTAACTTC,1
l8_GACTACAAGGTCATCT,3
l8_GACTACAAGTAGATGT,4
l8_GACTACACAAGTAGTA,4
l8_GACTACACATGGAATA,0
l8_GACTACACATGGATGG,2
l8_GACTACAGTCGCATCG,0
l8_GACTACATCATAACCG,2
l8_GACTACATCCAGATCA,0
l8_GACTGCGAGTAGGTGC,3
l8_GACTGCGCACATTTCT,0
l8_GACTGCGCAGGGATTG,0
l8_GACTGCGCATGTCTCC,0
l8_GACTGCGGTACAGTGG,2
l8_GACTGCGTCAAGCCTA,0
l8_GACTGCGTCATACGGT,0
l8_GACTGCGTCGAACGGA,0
l8_GACTGCGTCGACGGAA,2
l8_GAGCAGAAGCAGGCTA,3
l8_GAGCAGATCTTCAACT,0
l8_GAGGTGAAGACTAGAT,0
l8_GAGGTGAAGCCTCGTG,0
l8_GAGGTGAAGGTGATAT,0
l8_GAGGTGAAGTCCATAC,3
l8_GAGGTGAAGTCTCGGC,6
l8_GAGGTGACAATAGCAA,0
l8_GAGGTGAGTAATCACC,1
l8_GAGGTGATCTGCGGCA,0
l8_GAGTCCGAGCGTTTAC,4
l8_GAGTCCGCATCCCATC,3
l8_GAGTCCGGTACCTACA,0
l8_GAGTCCGGTGTGACGA,0
l8_GAGTCCGTCACGATGT,0
l8_GAGTCCGTCCACGTTC,0
l8_GAGTCCGTCGGCTACG,2
l8_GATCAGTAGGGCTTGA,0
l8_GATCAGTAGTAGATGT,4
l8_GATCAGTGTCCTCCAT,2
l8_GATCAGTTCGGTGTCG,0
l8_GATCGATAGCTGATAA,0
l8_GATCGATAGTGTCTCA,4
l8_GATCGATCAGCCTGTG,1
l8_GATCGATGTCAAAGCG,0
l8_GATCGATGTGACGCCT,4
l8_GATCGATTCCGTACAA,0
l8_GATCGCGAGCCAGTTT,0
l8_GATCGCGCACAGACTT,0
l8_GATCGCGTCCATGAGT,0
l8_GATCGCGTCTATGTGG,1
l8_GATCGTAAGGACGAAA,1
l8_GATCGTAAGTCACGCC,0
l8_GATCGTAGTAATTGGA,1
l8_GATCGTAGTACTTAGC,0
l8_GATCGTAGTATAGGGC,0
l8_GATCTAGAGTAAGTAC,1
l8_GATCTAGCAAGAAAGG,0
l8_GATCTAGCACATGGGA,4
l8_GATCTAGTCCAACCAA,4
l8_GATCTAGTCGGTCTAA,4
l8_GATCTAGTCGGTGTCG,0
l8_GATGAAAAGGCTAGAC,1
l8_GATGAAAAGGGCATGT,0
l8_GATGAAAAGTGTTAGA,2
l8_GATGAAAGTCATCGGC,1
l8_GATGAAAGTTGGACCC,3
l8_GATGAGGAGAAGGCCT,0
l8_GATGAGGAGGGAACGG,0
l8_GATGAGGCAACGATCT,0
l8_GATGAGGCACCCATGG,0
l8_GATGAGGCAGTATGCT,4
l8_GATGAGGGTAGGGACT,4
l8_GATGAGGGTGTGGCTC,4
l8_GATGAGGGTTAAGGGC,0
l8_GATGAGGTCAGCCTAA,0
l8_GATGAGGTCCATTCTA,0
l8_GATGAGGTCCTCTAGC,0
l8_GATGAGGTCTCTGTCG,3
l8_GATGCTACACCTCGTT,3
l8_GATGCTATCCAAGTAC,4
l8_GATGCTATCGGATGGA,0
l8_GATGCTATCGGGAGTA,0
l8_GATTCAGAGCGATATA,0
l8_GATTCAGCAACACCCG,0
l8_GATTCAGGTTCGGCAC,0
l8_GATTCAGTCGAGAACG,0
l8_GCAAACTCACATGTGT,0
l8_GCAAACTCAGAAGCAC,1
l8_GCAAACTGTCGTCTTC,0
l8_GCAAACTGTGGCGAAT,5
l8_GCAATCAAGAACTGTA,0
l8_GCAATCACAGCTTCGG,2
l8_GCAATCAGTACGAAAT,5
l8_GCAATCAGTACGCTGC,1
l8_GCAATCATCCGCATAA,2
l8_GCACATAAGACTGGGT,1
l8_GCACATACATTAGCCA,0
l8_GCACATAGTAATCGTC,0
l8_GCACATAGTCCTGCTT,4
l8_GCACATATCCTATGTT,0
l8_GCACATATCTAACTCT,1
l8_GCACATATCTGTTTGT,0
l8_GCACTCTAGGACGAAA,2
l8_GCACTCTAGGTTACCT,1
l8_GCACTCTCAGGGTATG,4
l8_GCACTCTCATGAACCT,0
l8_GCACTCTGTAGCCTCG,4
l8_GCACTCTGTCAAGCGA,1
l8_GCACTCTGTTAAGATG,0
l8_GCACTCTGTTGTACAC,0
l8_GCAGCCAAGGGCTCTC,0
l8_GCAGCCACACCACGTG,4
l8_GCAGCCAGTCTGATTG,3
l8_GCAGCCATCTTTAGTC,0
l8_GCAGTTAAGGCCCTTG,6
l8_GCAGTTAGTAATCGTC,0
l8_GCAGTTATCACAATGC,2
l8_GCAGTTATCGGTCTAA,3
l8_GCATACAAGTGGGCTA,0
l8_GCATACATCCTTTCGG,0
l8_GCATACATCGGTTCGG,0
l8_GCATACATCTTGAGGT,0
l8_GCATGATCAACACCCG,0
l8_GCATGATCAAGCCGCT,2
l8_GCATGATCAAGCCTAT,0
l8_GCATGATCAAGCTGGA,4
l8_GCATGATCACGACGAA,0
l8_GCATGATGTTTCCACC,1
l8_GCATGATTCAGCATGT,0
l8_GCATGATTCATTGCCC,2
l8_GCATGCGAGGCGATAC,0
l8_GCATGCGAGGGATACC,0
l8_GCATGCGCACCACCAG,2
l8_GCATGCGCAGCTCGCA,1
l8_GCATGCGTCCCATTAT,2
l8_GCATGCGTCGGTCTAA,5
l8_GCATGTAAGGCAAAGA,2
l8_GCATGTAGTGCGCTTG,6
l8_GCATGTAGTGCTAGCC,0
l8_GCATGTATCAGTTGAC,0
l8_GCATGTATCCGTCAAA,2
l8_GCATGTATCCTGTACC,0
l8_GCCAAATAGAACAACT,2
l8_GCCAAATAGTGGTAAT,3
l8_GCCAAATCACTGTCGG,6
l8_GCCAAATGTAAGGGAA,0
l8_GCCAAATGTGATGCCC,3
l8_GCCAAATGTGTCCTCT,3
l8_GCCAAATGTTCTGGTA,2
l8_GCCTCTAAGACTAGAT,0
l8_GCCTCTAAGGGCACTA,1
l8_GCCTCTAAGTTGAGAT,0
l8_GCCTCTAGTGCACGAA,0
l8_GCCTCTAGTTCGGCAC,1
l8_GCCTCTATCTTTAGGG,5
l8_GCGACCAAGAACAATC,0
l8_GCGACCAAGAGGGATA,6
l8_GCGACCAAGAGTGACC,0
l8_GCGACCAAGCAGGTCA,1
l8_GCGACCAAGTTGTAGA,1
l8_GCGACCAGTCTTGCGG,1
l8_GCGACCAGTTACCGAT,0
l8_GCGACCATCTTGACGA,0
l8_GCGAGAACAATTGCTG,3
l8_GCGAGAACAGTTAACC,5
l8_GCGAGAACATCCTTGC,0
l8_GCGAGAATCAGCTCTC,0
l8_GCGAGAATCCTTTCTC,1
l8_GCGAGAATCGCTTAGA,0
l8_GCGCAACAGACGCAAC,3
l8_GCGCAACAGAGGGATA,2
l8_GCGCAACAGGCCCGTT,3
l8_GCGCAACAGGGAAACA,2
l8_GCGCAACCAATCCAAC,0
l8_GCGCAACTCCGCGTTT,0
l8_GCGCAACTCTGAGTGT,5
l8_GCGCAACTCTGTACGA,0
l8_GCGCAACTCTGTCTAT,2
l8_GCGCAGTAGAGGGATA,0
l8_GCGCAGTAGATCTGCT,0
l8_GCGCAGTAGATGTCGG,0
l8_GCGCAGTAGGCAATTA,3
l8_GCGCAGTAGGGTCGAT,2
l8_GCGCAGTAGTACGACG,0
l8_GCGCAGTCAATGAATG,6
l8_GCGCAGTCACATCCAA,1
l8_GCGCAGTCACTGAAGG,1
l8_GCGCAGTGTATGCTTG,1
l8_GCGCAGTGTCATTAGC,0
l8_GCGCAGTGTGACCAAG,0
l8_GCGCCAAAGTCCATAC,0
l8_GCGCCAAAGTGTGAAT,1
l8_GCGCCAACATCCTTGC,0
l8_GCGCCAAGTCAGCTAT,4
l8_GCGCGATAGAGTGACC,0
l8_GCGCGATAGTCGTTTG,1
l8_GCGCGATCACGCATCG,3
l8_GCGCGATCAGGCAGTA,4
l8_GCGCGATCATCACGTA,0
l8_GCGCGATCATCCAACA,1
l8_GCGCGATGTAACGTTC,0
l8_GCGCGATGTCTTTCAT,3
l8_GCGCGATGTGCCTGCA,0
l8_GCGCGATGTTTGACTG,4
l8_GCGCGATTCACTTATC,3
l8_GCGCGATTCAGATAAG,0
l8_GCGCGATTCAGCTTAG,0
l8_GCGCGATTCCGTCAAA,0
l8_GCGCGATTCGCCCTTA,0
l8_GCGGGTTAGAAGGGTA,1
l8_GCGGGTTAGGATATAC,2
l8_GCGGGTTGTGCAACTT,1
l8_GCGGGTTTCGAGCCCA,0
l8_GCTCCTACAAGCCGTC,1
l8_GCTCCTACACGAAACG,3
l8_GCTCCTACACGACTCG,0
l8_GCTCCTACAGATCTGT,1
l8_GCTCCTAGTCAAAGAT,0
l8_GCTCCTAGTGGCGAAT,0
l8_GCTCCTAGTTTCCACC,4
l8_GCTCCTATCCTTGGTC,4
l8_GCTCCTATCGACAGCC,0
l8_GCTCTGTGTACCGTTA,0
l8_GCTCTGTGTAGAAAGG,4
l8_GCTCTGTGTAGCCTCG,0
l8_GCTCTGTGTAGGGACT,0
l8_GCTCTGTGTCCCTTGT,2
l8_GCTCTGTGTTTAGCTG,3
l8_GCTCTGTTCTGCCAGG,2
l8_GCTGCAGAGTGAACGC,0
l8_GCTGCAGCAAGCGCTC,4
l8_GCTGCAGCATTGGTAC,0
l8_GCTGCAGGTAGTGAAT,0
l8_GCTGCAGGTCAAAGAT,0
l8_GCTGCAGGTGTCTGAT,0
l8_GCTGCAGTCAACACCA,6
l8_GCTGCAGTCCACGAAT,0
l8_GCTGCAGTCGCCTGTT,3
l8_GCTGCAGTCTGACCTC,0
l8_GCTGCAGTCTTATCTG,0
l8_GCTGCGACACAAGTAA,0
l8_GCTGCGAGTCATACTG,4
l8_GCTGCGAGTCGAATCT,0
l8_GCTGCGATCCTTAATC,4
l8_GCTGCTTAGTTCCACA,0
l8_GCTGCTTCAAGAAAGG,3
l8_GCTGCTTCAGCGAACA,0
l8_GCTGCTTCATCCCATC,0
l8_GCTGCTTGTCCCTTGT,6
l8_GCTGCTTTCTAACTGG,4
l8_GCTGGGTAGCCAGGAT,0
l8_GCTGGGTCAATGAAAC,0
l8_GCTGGGTGTCCGAATT,3
l8_GCTGGGTGTTCAGTAC,0
l8_GCTGGGTTCAACTCTT,0
l8_GCTGGGTTCAGCTCTC,2
l8_GCTGGGTTCGGTTCGG,2
l8_GCTGGGTTCTGAAAGA,2
l8_GCTGGGTTCTTGTCAT,0
l8_GCTTCCACACAGACAG,0
l8_GCTTCCACACCGGAAA,3
l8_GCTTCCAGTAGGGACT,5
l8_GCTTCCAGTCCAAGTT,0
l8_GCTTCCAGTGGTTTCA,0
l8_GCTTGAAAGGCTACGA,0
l8_GCTTGAAAGGTGACCA,0
l8_GCTTGAAAGTGAACAT,0
l8_GCTTGAACAGCATGAG,1
l8_GCTTGAACAGCGTCCA,3
l8_GCTTGAATCCTTGGTC,0
l8_GCTTGAATCGAATGCT,2
l8_GCTTGAATCGTTGACA,0
l8_GGAAAGCCAACAACCT,1
l8_GGAAAGCCAAGGTGTG,0
l8_GGAAAGCGTAGAGCTG,0
l8_GGAAAGCGTCATATGC,0
l8_GGAAAGCGTGTTTGGT,4
l8_GGAAAGCGTTGAGTTC,0
l8_GGAACTTAGAGCTTCT,3
l8_GGAACTTAGCAATATG,0
l8_GGAACTTAGTGTGGCA,4
l8_GGAACTTTCCCACTTG,1
l8_GGAACTTTCCTCATTA,0
l8_GGAACTTTCTTTAGTC,3
l8_GGAATAAAGAACTGTA,3
l8_GGAATAAAGCCACGCT,4
l8_GGAATAACACAGACTT,1
l8_GGAATAACATATGGTC,3
l8_GGAATAACATCCCATC,4
l8_GGAATAAGTAAGTAGT,2
l8_GGAATAAGTAGCGTAG,0
l8_GGAATAAGTATAAACG,1
l8_GGAATAATCAACTCTT,0
l8_GGAATAATCCGAGCCA,0
l8_GGACAAGAGAGTGAGA,0
l8_GGACAGAGTCCGAGTC,0
l8_GGACATTAGCCGCCTA,0
l8_GGACATTAGGCTAGCA,3
l8_GGACATTCAGCTCCGA,0
l8_GGACATTCATCGGGTC,0
l8_GGACATTCATCGGTTA,5
l8_GGACATTGTCATGCAT,0
l8_GGACATTTCAGCATGT,0
l8_GGACATTTCATAACCG,2
l8_GGACATTTCCATGCTC,0
l8_GGACATTTCGGCGCAT,1
l8_GGACGTCCATCTACGA,0
l8_GGACGTCGTGAAAGAG,0
l8_GGACGTCGTGGTAACG,3
l8_GGACGTCGTTGGTGGA,3
l8_GGACGTCTCGCGCCAA,0
l8_GGAGCAAAGACACGAC,2
l8_GGAGCAAAGACCGGAT,0
l8_GGAGCAAAGCCCAACC,0
l8_GGAGCAACACCGAATT,3
l8_GGAGCAACAGACACTT,0
l8_GGAGCAAGTTAAGTAG,0
l8_GGAGCAAGTTGCTCCT,0
l8_GGAGCAATCCTATTCA,1
l8_GGAGCAATCGGCTACG,4
l8_GGATGTTAGTACGCGA,0
l8_GGATGTTCACCTATCC,2
l8_GGATGTTGTTATCACG,0
l8_GGATGTTGTTGCCTCT,0
l8_GGATGTTTCCAGATCA,4
l8_GGATTACAGGGATCTG,1
l8_GGATTACGTGACTCAT,0
l8_GGATTACGTTCCTCCA,0
l8_GGCAATTAGGGTATCG,1
l8_GGCAATTAGTCTCCTC,0
l8_GGCAATTGTAGTGAAT,0
l8_GGCAATTGTCGTTGTA,0
l8_GGCAATTGTGTAACGG,2
l8_GGCAATTTCGCCAGCA,0
l8_GGCCGATCACACCGAC,0
l8_GGCCGATCACATCCAA,3
l8_GGCCGATCAGCAGTTT,0
l8_GGCCGATGTGACTCAT,3
l8_GGCGACTAGGATGGAA,4
l8_GGCGACTGTAATCGTC,2
l8_GGCGACTGTTAGGGTG,0
l8_GGCGACTGTTCAACCA,0
l8_GGCGACTGTTTAGCTG,4
l8_GGCGACTGTTTGTTGG,1
l8_GGCGTGTAGCCGTCGT,5
l8_GGCGTGTCACAGGTTT,0
l8_GGCGTGTCACCCATGG,0
l8_GGCGTGTGTATTACCG,0
l8_GGCGTGTGTGACCAAG,3
l8_GGCGTGTGTTATCACG,4
l8_GGCTCGAAGAATGTTG,0
l8_GGCTCGAAGACAAGCC,4
l8_GGCTCGAAGGCATGTG,2
l8_GGCTCGACAGGGTATG,0
l8_GGCTCGACAGTGGGAT,5
l8_GGCTCGACATATGAGA,0
l8_GGCTCGAGTTATCACG,3
l8_GGCTCGAGTTATCCGA,0
l8_GGCTCGATCACGATGT,3
l8_GGCTCGATCATCACCC,0
l8_GGCTCGATCCGTCAAA,0
l8_GGCTGGTAGATAGCAT,0
l8_GGCTGGTAGCGTGAGT,5
l8_GGCTGGTAGCTAGTTC,0
l8_GGCTGGTAGTGAACAT,2
l8_GGCTGGTCACCCAGTG,1
l8_GGCTGGTGTTCCACGG,1
l8_GGCTGGTTCAACGGCC,1
l8_GGCTGGTTCATAAAGG,0
l8_GGGAATGGTACACCGC,6
l8_GGGAATGGTACCATCA,3
l8_GGGAATGGTGTAAGTA,3
l8_GGGAATGTCAATCACG,0
l8_GGGACCTAGAAGATTC,0
l8_GGGACCTAGCCGATTT,4
l8_GGGACCTCAACTGCGC,4
l8_GGGACCTCACGTTGGC,0
l8_GGGACCTGTATAGTAG,0
l8_GGGACCTGTCAGAGGT,0
l8_GGGACCTTCATGTGGT,2
l8_GGGACCTTCTAACTCT,3
l8_GGGACCTTCTCCAACC,3
l8_GGGAGATAGACCTAGG,0
l8_GGGAGATAGTGGGCTA,1
l8_GGGAGATAGTGTTTGC,2
l8_GGGAGATCAGTCACTA,0
l8_GGGAGATGTTGTCGCG,0
l8_GGGAGATTCAGAGACG,0
l8_GGGAGATTCATTGCGA,0
l8_GGGATGAAGGCTAGCA,2
l8_GGGATGACACATCCAA,2
l8_GGGATGACATTAGCCA,0
l8_GGGATGAGTACAGTTC,2
l8_GGGATGAGTCACTTCC,2
l8_GGGATGAGTTCCACAA,2
l8_GGGATGATCCGTAGGC,3
l8_GGGCACTAGCTCCTCT,0
l8_GGGCACTAGTGGGTTG,1
l8_GGGCACTCAAGGTTCT,0
l8_GGGCACTCAATGACCT,1
l8_GGGCACTCAGCTGCAC,2
l8_GGGCACTGTCTCCATC,0
l8_GGGCACTTCACGGTTA,0
l8_GGGCACTTCGGCGCTA,0
l8_GGGCACTTCTGTCTAT,3
l8_GGGCATCAGTGACTCT,0
l8_GGGCATCAGTGTTTGC,3
l8_GGGCATCAGTTTCCTT,5
l8_GGGCATCCACAGACTT,0
l8_GGGCATCCACTGTCGG,0
l8_GGGCATCCAGGGTTAG,3
l8_GGGCATCGTAGGCTGA,2
l8_GGGCATCTCATTGCCC,2
l8_GGGCATCTCCACGTTC,5
l8_GGGTCTGAGTACGCGA,5
l8_GGGTCTGAGTTAGCGG,0
l8_GGGTCTGCAAGCGCTC,3
l8_GGGTCTGCATACGCTA,6
l8_GGGTCTGCATCACCCT,3
l8_GGGTCTGGTAAGCACG,6
l8_GGGTCTGGTGGTAACG,0
l8_GGGTTGCAGACACGAC,1
l8_GGGTTGCAGACAGAGA,2
l8_GGGTTGCCACCTCGTT,0
l8_GGGTTGCCATTACCTT,0
l8_GGGTTGCGTAAGGGAA,2
l8_GGGTTGCTCAAGATCC,3
l8_GGTATTGAGTACGCGA,6
l8_GGTATTGCAACTGGCC,2
l8_GGTATTGCACAGGAGT,0
l8_GGTATTGCATATGGTC,0
l8_GGTATTGGTCAGATAA,2
l8_GGTATTGGTGCGGTAA,1
l8_GGTATTGGTTCATGGT,0
l8_GGTATTGTCAAGCCTA,3
l8_GGTATTGTCCAGAAGG,0
l8_GGTATTGTCTCCGGTT,3
l8_GGTGAAGAGTATCGAA,3
l8_GGTGAAGAGTCGAGTG,0
l8_GGTGAAGCAACTGCGC,2
l8_GGTGAAGCACACGCTG,4
l8_GGTGAAGCAGTAAGCG,0
l8_GGTGAAGCAGTATCTG,0
l8_GGTGAAGGTCTCCACT,1
l8_GGTGAAGGTTAAGAAC,6
l8_GGTGCGTAGAGATGAG,5
l8_GGTGCGTAGGAGCGTT,2
l8_GGTGCGTAGTTGTCGT,0
l8_GGTGCGTCAGCTGTGC,4
l8_GGTGCGTCATAGACTC,0
l8_GGTGCGTGTATAGGGC,6
l8_GGTGCGTGTGACTCAT,0
l8_GGTGCGTTCGGAATCT,6
l8_GGTGTTACATCTCCCA,0
l8_GGTGTTATCAGGCGAA,0
l8_GGTGTTATCGGTTCGG,6
l8_GGTGTTATCTGACCTC,0
l8_GTAACGTAGGCCCGTT,6
l8_GTAACGTCAAAGTGCG,1
l8_GTAACGTCAAGGACTG,0
l8_GTAACGTGTACGCTGC,0
l8_GTAACGTGTTGCGCAC,0
l8_GTAACGTTCCTCCTAG,0
l8_GTAACGTTCTCTTATG,4
l8_GTAACTGAGAAGATTC,0
l8_GTAACTGAGAGTCTGG,2
l8_GTAACTGAGTACATGA,3
l8_GTAACTGCATCGACGC,2
l8_GTAACTGGTAACGTTC,0
l8_GTAACTGGTCACAAGG,1
l8_GTAACTGGTGTGGTTT,6
l8_GTAACTGTCGTCCGTT,0
l8_GTACGTAAGCCAACAG,2
l8_GTACGTACACAGCGTC,3
l8_GTACGTACAGCGTAAG,3
l8_GTACGTACATCCTAGA,0
l8_GTACGTAGTACAGACG,2
l8_GTACGTAGTGAAAGAG,2
l8_GTACGTATCAACTCTT,5
l8_GTACGTATCCACGACG,1
l8_GTACGTATCGAATGGG,0
l8_GTACTCCCAATTCCTT,0
l8_GTACTCCGTACGCTGC,0
l8_GTACTCCGTATAAACG,2
l8_GTACTCCGTGCATCTA,6
l8_GTACTCCTCTCGATGA,0
l8_GTACTTTAGCCACGCT,1
l8_GTACTTTAGTAGTGCG,0
l8_GTACTTTCAAGTCATC,2
l8_GTACTTTCAGATTGCT,3
l8_GTACTTTGTATTACCG,0
l8_GTACTTTTCCTGTACC,3
l8_GTAGGCCAGTACGCCC,0
l8_GTAGGCCCATGCCTAA,4
l8_GTAGGCCGTAGCACGA,2
l8_GTAGGCCGTGTCTGAT,2
l8_GTAGGCCGTTAAGGGC,0
l8_GTAGGCCTCCGAACGC,0
l8_GTAGGCCTCTCCGGTT,6
l8_GTAGGCCTCTGGCGTG,0
l8_GTAGTCAAGATATGGT,1
l8_GTAGTCAAGATGTTAG,0
l8_GTAGTCACAGTTTACG,1
l8_GTAGTCACATCACAAC,0
l8_GTAGTCATCCATGAGT,0
l8_GTAGTCATCCTGCTTG,0
l8_GTAGTCATCGACCAGC,3
l8_GTATCTTAGTTCGATC,4
l8_GTATCTTGTCCGACGT,3
l8_GTATCTTGTCTCACCT,2
l8_GTATCTTGTGACCAAG,0
l8_GTATCTTGTGTGTGCC,3
l8_GTATCTTGTTCAACCA,2
l8_GTATCTTGTTTACTCT,4
l8_GTATCTTTCAACACTG,0
l8_GTATCTTTCCAATGGT,0
l8_GTATCTTTCTCCGGTT,1
l8_GTATTCTAGCTGTCTA,3
l8_GTATTCTAGTCGATAA,4
l8_GTATTCTCAAGCCTAT,2
l8_GTATTCTCAATGGAAT,0
l8_GTATTCTCAATGGATA,0
l8_GTATTCTCACGAAAGC,0
l8_GTATTCTCAGGAACGT,0
l8_GTATTCTCATCAGTCA,0
l8_GTATTCTGTACCGTTA,0
l8_GTATTCTGTATCGCAT,0
l8_GTCAAGTAGTAGGTGC,1
l8_GTCAAGTAGTGGTAAT,1
l8_GTCAAGTGTGAGTGAC,0
l8_GTCACAAAGTTCGATC,0
l8_GTCACAAGTACAAGTA,0
l8_GTCACAAGTACGCTGC,1
l8_GTCACAAGTGATGTCT,0
l8_GTCACAATCAGCCTAA,0
l8_GTCACAATCATAACCG,0
l8_GTCACAATCTTACCGC,3
l8_GTCACGGCACATTTCT,2
l8_GTCACGGCATCACGAT,0
l8_GTCACGGGTACCATCA,2
l8_GTCACGGGTACCGCTG,1
l8_GTCACGGGTCGATTGT,2
l8_GTCACGGTCTCGCTTG,3
l8_GTCACGGTCTGCGGCA,0
l8_GTCACGGTCTTAGCCC,4
l8_GTCATTTAGAGATGAG,0
l8_GTCATTTCACCGATAT,3
l8_GTCATTTGTTCGCTAA,4
l8_GTCATTTTCACATGCA,0
l8_GTCATTTTCGCTTGTC,0
l8_GTCATTTTCGTAGGAG,6
l8_GTCATTTTCGTCGTTC,0
l8_GTCATTTTCTTAGCCC,2
l8_GTCCTCACAAGAGGCT,3
l8_GTCCTCACAGTGAGTG,2
l8_GTCCTCAGTAATCACC,4
l8_GTCCTCATCAGCGACC,2
l8_GTCCTCATCTAACCGA,5
l8_GTCGGGTGTAACGTTC,0
l8_GTCGGGTGTCCCGACA,2
l8_GTCGGGTGTTCCCGAG,0
l8_GTCGGGTTCCAAGCCG,0
l8_GTCGTAAAGCCCAATT,0
l8_GTCGTAAAGCTAACAA,0
l8_GTCGTAACACAGACTT,0
l8_GTCGTAACAGTGAGTG,3
l8_GTCGTAACATCACAAC,1
l8_GTCGTAATCTACTTAC,4
l8_GTCGTAATCTATCGCC,0
l8_GTCTCGTAGGACACCA,0
l8_GTCTCGTAGGACATTA,4
l8_GTCTCGTCACTTAAGC,0
l8_GTCTCGTGTCTAGTGT,0
l8_GTCTCGTTCTCGAGTA,3
l8_GTCTTCGAGTTTCCTT,0
l8_GTCTTCGGTTCAGGCC,0
l8_GTCTTCGTCAACTCTT,2
l8_GTGAAGGAGCGGATCA,4
l8_GTGAAGGAGGAGTTTA,1
l8_GTGAAGGCAACACCTA,0
l8_GTGAAGGCAAGGTGTG,0
l8_GTGAAGGCATTCCTGC,4
l8_GTGAAGGTCACTATTC,0
l8_GTGCAGCAGTGTACTC,0
l8_GTGCAGCCAAAGCAAT,0
l8_GTGCAGCGTCTCTTTA,0
l8_GTGCAGCTCCCAAGAT,0
l8_GTGCATAAGGGTGTTG,2
l8_GTGCATAAGTAGCCGA,6
l8_GTGCATACAACGATCT,0
l8_GTGCATAGTCTAGGTT,2
l8_GTGCATAGTCTGGTCG,0
l8_GTGCATATCAGTCAGT,0
l8_GTGCATATCCACGTGG,3
l8_GTGCATATCCTGCAGG,2
l8_GTGCATATCTACTTAC,5
l8_GTGCGGTAGGCCATAG,0
l8_GTGCGGTCAAGTCTGT,1
l8_GTGCGGTCACGAAAGC,3
l8_GTGCGGTCATCACGTA,0
l8_GTGCGGTCATGTCCTC,0
l8_GTGCGGTCATTTCAGG,3
l8_GTGCGGTTCAGGTAAA,0
l8_GTGCTTCAGAAGGACA,0
l8_GTGCTTCAGGGCTTCC,3
l8_GTGCTTCCACTGTGTA,2
l8_GTGCTTCCACTTCTGC,0
l8_GTGCTTCGTATAAACG,0
l8_GTGCTTCTCACCGGGT,0
l8_GTGCTTCTCCTCATTA,4
l8_GTGCTTCTCGGCGCAT,2
l8_GTGGGTCAGCAATATG,3
l8_GTGGGTCAGCACCGTC,0
l8_GTGGGTCCAACACCCG,1
l8_GTGGGTCCAAGACACG,0
l8_GTGGGTCGTAGCGTGA,0
l8_GTGGGTCTCCTCTAGC,0
l8_GTGGGTCTCGCATGAT,0
l8_GTGGGTCTCGCATGGC,0
l8_GTGTGCGAGCTCCCAG,0
l8_GTGTGCGCAGCGATCC,1
l8_GTGTGCGCATCACAAC,0
l8_GTGTGCGGTACCTACA,4
l8_GTGTGCGGTAGAAGGA,5
l8_GTGTGCGGTCTAAACC,4
l8_GTGTGCGGTCTAGTCA,4
l8_GTGTTAGAGGCTAGCA,3
l8_GTGTTAGCATGAACCT,0
l8_GTGTTAGGTCTAAAGA,0
l8_GTGTTAGTCATCGGAT,0
l8_GTGTTAGTCGTTTATC,0
l8_GTTAAGCAGTCGATAA,6
l8_GTTAAGCCATCTACGA,0
l8_GTTAAGCCATGCCTTC,0
l8_GTTAAGCGTACATCCA,6
l8_GTTAAGCTCAAACAAG,0
l8_GTTAAGCTCCGCGTTT,0
l8_GTTACAGAGGGAACGG,5
l8_GTTACAGCAAAGGCGT,0
l8_GTTACAGCATCCGCGA,1
l8_GTTACAGGTACATGTC,1
l8_GTTACAGTCAGTCAGT,0
l8_GTTACAGTCCAACCAA,2
l8_GTTACAGTCTTACCTA,0
l8_GTTCATTCAGCATACT,2
l8_GTTCATTGTAGCGCAA,0
l8_GTTCATTTCCTCAATT,4
l8_GTTCGGGAGGCCATAG,2
l8_GTTCGGGCACACTGCG,1
l8_GTTCGGGGTCACTGGC,0
l8_GTTCGGGTCCGCAAGC,2
l8_GTTCTCGAGCCAGAAC,1
l8_GTTCTCGAGCCTTGAT,0
l8_GTTCTCGAGTCCGGTC,0
l8_GTTCTCGCAAATCCGT,3
l8_GTTCTCGCAATAACGA,2
l8_GTTCTCGCATACCATG,5
l8_GTTCTCGGTACCCAAT,0
l8_GTTCTCGGTCCTGCTT,0
l8_GTTCTCGTCGGTTCGG,0
l8_GTTTCTAAGATCCCGC,6
l8_GTTTCTAAGGCTAGCA,1
l8_GTTTCTACACGAAATA,2
l8_GTTTCTACATTTGCCC,2
l8_TAAACCGAGACTAGGC,4
l8_TAAACCGAGATCCGAG,5
l8_TAAACCGAGCAACGGT,0
l8_TAAACCGAGGACGAAA,3
l8_TAAACCGAGGGTTCCC,0
l8_TAAACCGCATTAGGCT,3
l8_TAAACCGGTCGGGTCT,0
l8_TAAACCGTCATTCACT,3
l8_TAAACCGTCCAACCAA,0
l8_TAAACCGTCGCGGATC,0
l8_TAAGAGAAGGACTGGT,0
l8_TAAGAGAGTGCAGGTA,0
l8_TAAGAGATCCGGCACA,2
l8_TAAGAGATCGAATGCT,0
l8_TAAGAGATCTCTTGAT,0
l8_TAAGCGTAGAACTGTA,0
l8_TAAGCGTGTCTAAAGA,0
l8_TAAGCGTGTGTTCGAT,0
l8_TAAGCGTGTTGGTTTG,0
l8_TAAGCGTTCCCATTTA,1
l8_TAAGCGTTCCTATTCA,0
l8_TAAGCGTTCTGTTGAG,2
l8_TAAGCGTTCTTGCAAG,0
l8_TAAGTGCAGGAGTACC,0
l8_TAAGTGCCAAAGGTGC,2
l8_TAAGTGCCATCACGTA,0
l8_TAAGTGCTCGCCAGCA,0
l8_TACACGAAGATCACGG,3
l8_TACACGAAGCACGCCT,0
l8_TACACGAAGTCAAGCG,1
l8_TACACGACAATCCGAT,4
l8_TACACGAGTTAGTGGG,0
l8_TACACGATCCTGCAGG,2
l8_TACACGATCTGGGCCA,6
l8_TACAGTGAGCGATCCC,0
l8_TACAGTGAGTGAAGAG,2
l8_TACAGTGCACGCATCG,1
l8_TACAGTGCACTAGTAC,2
l8_TACAGTGGTGTGAAAT,0
l8_TACAGTGTCACAGTAC,2
l8_TACCTATAGAGACTAT,0
l8_TACCTATCACTTAACG,3
l8_TACCTATCAGTCACTA,1
l8_TACCTATGTATTCTCT,0
l8_TACCTATTCGGAGGTA,1
l8_TACCTTAAGGAATCGC,6
l8_TACCTTACAAGTACCT,0
l8_TACCTTATCACTATTC,3
l8_TACCTTATCCTACAGA,1
l8_TACCTTATCTACCTGC,0
l8_TACGGATAGCTTTGGT,0
l8_TACGGATAGTCTCGGC,3
l8_TACGGATCACATCTTT,3
l8_TACGGATGTCCAGTTA,0
l8_TACGGATTCATTCACT,5
l8_TACGGGCAGTTCGCAT,2
l8_TACGGGCGTAGCCTCG,0
l8_TACGGGCTCGTAGATC,2
l8_TACGGTAAGAAACGCC,0
l8_TACGGTACAAAGCAAT,1
l8_TACGGTACAATACGCT,6
l8_TACGGTAGTACAGTTC,0
l8_TACGGTAGTATCTGCA,0
l8_TACGGTATCAAGCCTA,0
l8_TACGGTATCCCGACTT,2
l8_TACTCATAGCAGCGTA,0
l8_TACTCATCATGCTAGT,0
l8_TACTCATTCATCTGCC,3
l8_TACTCGCAGACTAAGT,3
l8_TACTCGCCAGCCAATT,2
l8_TACTCGCCAGGCTCAC,1
l8_TACTCGCCATGCAACT,6
l8_TACTCGCGTCAAGCGA,0
l8_TACTCGCGTCAGGACA,0
l8_TACTCGCGTGTTGAGG,0
l8_TACTCGCTCTCGGACG,2
l8_TACTTACAGCCATCGC,0
l8_TACTTACAGGAATCGC,0
l8_TACTTACAGGTTACCT,1
l8_TACTTACTCACTCCTG,5
l8_TACTTGTAGCCGGTAA,3
l8_TACTTGTAGTACGCCC,0
l8_TACTTGTCACATAACC,0
l8_TACTTGTCATGCTAGT,0
l8_TACTTGTGTACCGCTG,0
l8_TACTTGTGTCAGTGGA,6
l8_TACTTGTGTGGTAACG,1
l8_TACTTGTGTTTAAGCC,0
l8_TACTTGTTCCTCAATT,3
l8_TAGACCAAGACCCACC,4
l8_TAGACCAAGAGGGCTT,0
l8_TAGACCACAAAGCGGT,2
l8_TAGACCAGTCAGAGGT,1
l8_TAGACCATCAAGAAGT,0
l8_TAGACCATCAAGATCC,0
l8_TAGACCATCTTACCGC,3
l8_TAGAGCTAGACCACGA,0
l8_TAGAGCTAGCCCAACC,0
l8_TAGAGCTAGGCGCTCT,0
l8_TAGAGCTGTCCAGTAT,0
l8_TAGAGCTGTGCTTCTC,1
l8_TAGCCGGAGCGGCTTC,0
l8_TAGCCGGAGCTAGTGG,0
l8_TAGCCGGAGTGAACAT,0
l8_TAGCCGGCAGCATACT,1
l8_TAGCCGGCATTTCACT,0
l8_TAGCCGGGTCTAAAGA,3
l8_TAGCCGGTCGCCTGAG,0
l8_TAGCCGGTCTAACTTC,0
l8_TAGGCATAGACCCACC,3
l8_TAGGCATAGGCAAAGA,1
l8_TAGGCATAGTACACCT,1
l8_TAGGCATCACTGCCAG,2
l8_TAGGCATCATCTGGTA,2
l8_TAGGCATGTACCTACA,1
l8_TAGGCATTCACAACGT,4
l8_TAGGCATTCAGTCAGT,0
l8_TAGGCATTCCAAGCCG,2
l8_TAGGCATTCTACGAGT,1
l8_TAGTGGTCAACTTGAC,2
l8_TAGTGGTCAATCAGAA,3
l8_TAGTGGTTCATCGGAT,1
l8_TAGTGGTTCTCGAGTA,0
l8_TAGTTGGAGACTAGGC,0
l8_TAGTTGGAGGGCACTA,1
l8_TAGTTGGCAGCTCGAC,4
l8_TAGTTGGCAGGTCCAC,2
l8_TAGTTGGCATGACATC,2
l8_TAGTTGGGTATAGGGC,2
l8_TAGTTGGTCCTGCAGG,0
l8_TATCAGGAGCCTTGAT,4
l8_TATCAGGAGCTAGCCC,0
l8_TATCAGGAGCTAGTCT,3
l8_TATCAGGAGTTCGCGC,3
l8_TATCAGGCAACACCTA,0
l8_TATCAGGCATTAACCG,0
l8_TATCAGGGTAGCTGCC,0
l8_TATCAGGGTCATGCAT,1
l8_TATCAGGGTCGCTTCT,0
l8_TATCAGGGTCTAAACC,1
l8_TATCAGGGTCTCAACA,0
l8_TATCAGGTCCTGCTTG,0
l8_TATCAGGTCTTGAGAC,0
l8_TATCAGGTCTTGCAAG,0
l8_TATCTCAAGACCTTTG,0
l8_TATCTCAAGGATGGAA,3
l8_TATCTCAGTTGACGTT,0
l8_TATCTCATCACTCTTA,0
l8_TATGCCCAGATATGGT,0
l8_TATGCCCAGGGATACC,4
l8_TATGCCCCATCGGTTA,3
l8_TATGCCCGTCGTGGCT,0
l8_TATTACCAGATCCCGC,2
l8_TATTACCAGCCAGTAG,2
l8_TATTACCAGTGGGATC,1
l8_TATTACCAGTTCGCAT,1
l8_TATTACCTCACGATGT,0
l8_TCAACGAAGCCGTCGT,0
l8_TCAACGACAATGGACG,6
l8_TCAACGACACATCCGG,0
l8_TCAACGATCATAACCG,0
l8_TCAACGATCTAAGCCA,0
l8_TCAACGATCTTTAGTC,1
l8_TCAATCTAGAACAATC,4
l8_TCAATCTAGGTGTTAA,0
l8_TCAATCTCACAAGTAA,4
l8_TCAATCTCACTGAAGG,0
l8_TCAATCTGTAAGAGAG,0
l8_TCAATCTGTCAGAGGT,2
l8_TCAATCTGTTGTCGCG,0
l8_TCAATCTTCACCGTAA,0
l8_TCACAAGAGATCCTGT,6
l8_TCACAAGAGTACGATA,4
l8_TCACAAGCATTATCTC,0
l8_TCACAAGGTAGGGACT,6
l8_TCACAAGGTCCCGACA,0
l8_TCACAAGGTGTCCTCT,3
l8_TCACAAGGTTGATTGC,3
l8_TCACAAGTCAGTGCAT,3
l8_TCACAAGTCCGAAGAG,4
l8_TCACGAAAGAGGTAGA,3
l8_TCACGAAAGGGTTCCC,2
l8_TCACGAAAGTCAATAG,1
l8_TCACGAAAGTTAGGTA,1
l8_TCACGAAAGTTTGCGT,0
l8_TCACGAACACCACGTG,0
l8_TCACGAACATACGCTA,4
l8_TCACGAAGTGCAGGTA,4
l8_TCACGAAGTGGGTATG,5
l8_TCACGAAGTGTAACGG,1
l8_TCACGAAGTGTTTGTG,0
l8_TCAGATGAGCTCTCGG,0
l8_TCAGATGAGGCTAGCA,0
l8_TCAGATGCACGGCGTT,0
l8_TCAGATGCAGGGCATA,0
l8_TCAGATGCATGCCACG,0
l8_TCAGATGGTACTTGAC,0
l8_TCAGATGTCGAACTGT,0
l8_TCAGCAAAGATAGGAG,0
l8_TCAGCAAAGCTTATCG,4
l8_TCAGCAACAAGAGGCT,0
l8_TCAGCAATCGAGCCCA,3
l8_TCAGCTCAGACGACGT,0
l8_TCAGCTCAGCTGGAAC,2
l8_TCAGCTCAGGTACTCT,3
l8_TCAGCTCGTGGAAAGA,3
l8_TCAGCTCTCAACACGT,2
l8_TCAGCTCTCCCAACGG,2
l8_TCAGCTCTCCGTTGCT,2
l8_TCAGCTCTCTTAACCT,0
l8_TCAGGATAGGCTCTTA,1
l8_TCAGGATAGTGCCAGA,0
l8_TCAGGATAGTTTCCTT,0
l8_TCAGGATCAAAGCAAT,3
l8_TCAGGATCAGCGAACA,2
l8_TCAGGATCATTTGCCC,0
l8_TCAGGATGTCTTCGTC,0
l8_TCAGGATGTTCAGACT,0
l8_TCAGGTACAAAGCGGT,2
l8_TCAGGTAGTGCCTGGT,0
l8_TCAGGTATCTTGCCGT,3
l8_TCATTACAGAAGGCCT,0
l8_TCATTACAGTCGCCGT,2
l8_TCATTACAGTGCCATT,1
l8_TCATTACAGTGTTTGC,0
l8_TCATTACGTAAGTTCC,5
l8_TCATTACGTCCTCTTG,0
l8_TCATTACTCAAAGACA,2
l8_TCATTACTCCTAAGTG,4
l8_TCATTACTCCTTTCTC,0
l8_TCATTACTCGTATCAG,0
l8_TCATTTGAGAATGTTG,0
l8_TCATTTGAGAGTAAGG,3
l8_TCATTTGAGGCGATAC,1
l8_TCATTTGCAAGCGAGT,3
l8_TCATTTGTCACATACG,2
l8_TCATTTGTCGGCGGTT,0
l8_TCCACACAGGGTGTTG,3
l8_TCCACACCACCTGGTG,0
l8_TCCACACTCACAACGT,0
l8_TCCACACTCACCACCT,0
l8_TCCCGATAGATGCCAG,0
l8_TCCCGATCACTGTTAG,0
l8_TCCCGATCAGGCTGAA,0
l8_TCCCGATTCATAAAGG,3
l8_TCGAGGCAGAGAACAG,0
l8_TCGAGGCAGATCCCAT,0
l8_TCGAGGCAGCTACCTA,0
l8_TCGAGGCCAGGACCCT,1
l8_TCGAGGCCATACGCCG,0
l8_TCGAGGCGTAGAGCTG,0
l8_TCGCGAGGTCTTCAAG,0
l8_TCGCGAGGTGCAACGA,2
l8_TCGCGAGGTGTTTGGT,1
l8_TCGCGAGTCACCATAG,5
l8_TCGCGAGTCCAACCAA,0
l8_TCGCGAGTCGGTTAAC,0
l8_TCGCGTTAGCGCTTAT,2
l8_TCGCGTTAGCTCCTTC,2
l8_TCGCGTTAGTACGCGA,0
l8_TCGCGTTCACAGGCCT,2
l8_TCGCGTTCACAGTCGC,1
l8_TCGCGTTCAGCTGTAT,0
l8_TCGCGTTCAGTCGATT,1
l8_TCGCGTTGTTCTGGTA,1
l8_TCGCGTTTCACCGTAA,0
l8_TCGCGTTTCCTCTAGC,4
l8_TCGGGACAGTATGACA,0
l8_TCGGGACCAAGCCGTC,0
l8_TCGGGACCAGCGTAAG,0
l8_TCGGGACGTATTAGCC,0
l8_TCGGGACTCCACGAAT,0
l8_TCGGGACTCCACGACG,0
l8_TCGGGACTCTTCCTTC,0
l8_TCGGTAAAGGCAGTCA,6
l8_TCGGTAAAGGGTTTCT,0
l8_TCGGTAACAAGGTGTG,3
l8_TCGGTAACATGTCTCC,1
l8_TCGGTAAGTCGAATCT,2
l8_TCGGTAAGTCTAGGTT,0
l8_TCGGTAATCAACGAAA,6
l8_TCGGTAATCAGGTTCA,0
l8_TCGTACCAGCTCCTCT,4
l8_TCGTACCAGGCTCTTA,2
l8_TCGTACCCAAGAGGCT,3
l8_TCGTACCCACGGTTTA,0
l8_TCGTACCGTACGACCC,0
l8_TCGTACCGTTGCCTCT,0
l8_TCGTACCTCTGCGGCA,2
l8_TCGTAGAAGTTGAGAT,0
l8_TCGTAGAGTCATTAGC,0
l8_TCGTAGATCACGAAGG,0
l8_TCGTAGATCGCATGAT,6
l8_TCTATTGAGCGTGAGT,0
l8_TCTATTGGTCACAAGG,3
l8_TCTATTGGTTGCGCAC,4
l8_TCTATTGTCAGAGACG,0
l8_TCTCATAAGATAGTCA,0
l8_TCTCATAAGATGTTAG,0
l8_TCTCATAAGGGTTCCC,0
l8_TCTCATACAGTCCTTC,0
l8_TCTCATAGTCTCATCC,0
l8_TCTCATATCTCCAGGG,4
l8_TCTCTAAGTAGTAGTA,0
l8_TCTCTAAGTCTCTTTA,2
l8_TCTCTAATCAAACCGT,4
l8_TCTCTAATCGCTGATA,1
l8_TCTCTAATCTATCGCC,0
l8_TCTCTAATCTTGGGTA,1
l8_TCTGAGAAGAAGGACA,0
l8_TCTGAGAGTGATAAAC,0
l8_TCTGAGAGTGATGATA,1
l8_TCTGAGAGTTCGCTAA,0
l8_TCTGAGATCCTGCTTG,0
l8_TCTGGAAAGCTACCTA,0
l8_TCTGGAAAGGCTAGAC,1
l8_TCTGGAACAATGACCT,0
l8_TCTGGAACACGGCTAC,2
l8_TCTGGAACAGCAGTTT,0
l8_TCTGGAACAGCTGGCT,3
l8_TCTGGAAGTAGGAGTC,4
l8_TCTGGAATCGCGATCG,0
l8_TCTTCGGAGCAGGTCA,0
l8_TCTTCGGCACGGTGTC,2
l8_TCTTCGGCACTGTTAG,0
l8_TCTTCGGCAGTTAACC,0
l8_TCTTCGGCATGGAATA,1
l8_TCTTCGGGTCATATGC,1
l8_TCTTTCCAGATCGATA,0
l8_TCTTTCCAGTAGCCGA,1
l8_TCTTTCCAGTGGAGTC,0
l8_TCTTTCCCAATAGCAA,0
l8_TCTTTCCTCACCGTAA,3
l8_TCTTTCCTCACGGTTA,0
l8_TGAAAGAAGTCCATAC,4
l8_TGAAAGACAAGCGTAG,0
l8_TGAAAGAGTGCAGTAG,2
l8_TGAAAGATCCTTCAAT,0
l8_TGACAACCAAATTGCC,1
l8_TGACAACCAGTTCCCT,0
l8_TGACAACGTCTTCAAG,0
l8_TGACAACTCGCCCTTA,1
l8_TGACGGCAGAACAACT,2
l8_TGACGGCAGTAAGTAC,0
l8_TGACGGCCAAGTCATC,1
l8_TGACGGCGTCATATGC,3
l8_TGACGGCGTGGGTCAA,3
l8_TGACGGCTCTTGCATT,0
l8_TGACTAGAGACGCACA,0
l8_TGACTAGAGTACGTTC,0
l8_TGACTAGAGTCCGGTC,4
l8_TGACTAGCAAAGCGGT,0
l8_TGACTAGCAACACCCG,6
l8_TGACTAGCAGAGTGTG,0
l8_TGACTAGCAGCATGAG,0
l8_TGACTAGGTAGCTTGT,0
l8_TGACTAGGTCTTCGTC,0
l8_TGACTTTAGGATATAC,0
l8_TGACTTTAGGCCATAG,0
l8_TGACTTTGTGGGTATG,1
l8_TGACTTTGTGTAACGG,3
l8_TGACTTTGTTAAGATG,4
l8_TGAGAGGAGATCCGAG,0
l8_TGAGAGGGTTCGGGCT,3
l8_TGAGAGGTCATAACCG,0
l8_TGAGAGGTCCTATTCA,0
l8_TGAGAGGTCTACTCAT,3
l8_TGAGCATAGCCACCTG,0
l8_TGAGCATAGGGATCTG,0
l8_TGAGCATCACATTTCT,0
l8_TGAGCATCAGACGCAA,0
l8_TGAGCATCATTGGCGC,0
l8_TGAGCATGTACTTGAC,6
l8_TGAGCATGTCTAACGT,1
l8_TGAGCATGTGCTAGCC,6
l8_TGAGCATGTTATCCGA,0
l8_TGAGCATTCAGTGCAT,1
l8_TGAGCCGAGAAGGCCT,4
l8_TGAGCCGAGATGTTAG,0
l8_TGAGCCGAGCACAGGT,6
l8_TGAGCCGCAAAGAATC,0
l8_TGAGCCGCAGTGAGTG,0
l8_TGAGCCGGTCCATCCT,6
l8_TGAGGGAAGAGACTTA,1
l8_TGAGGGAAGCCGTCGT,0
l8_TGAGGGAAGTGGAGTC,6
l8_TGAGGGACAAGAGGCT,1
l8_TGAGGGACATTATCTC,0
l8_TGAGGGAGTAGCGTCC,0
l8_TGAGGGATCGGGAGTA,0
l8_TGAGGGATCGGTGTCG,0
l8_TGAGGGATCGGTTAAC,3
l8_TGATTTCAGCGCTCCA,4
l8_TGATTTCAGCTAAGAT,0
l8_TGATTTCAGGAATGGA,0
l8_TGATTTCAGGGAGTAA,0
l8_TGATTTCGTCACCTAA,6
l8_TGATTTCGTTACCAGT,4
l8_TGATTTCGTTACCGAT,0
l8_TGATTTCTCCGAACGC,5
l8_TGATTTCTCTCGTATT,3
l8_TGCACCTAGAAGGTGA,2
l8_TGCACCTCACAGGCCT,2
l8_TGCACCTGTCCTCTTG,0
l8_TGCACCTGTTGAACTC,3
l8_TGCACCTTCGTCACGG,0
l8_TGCCAAAGTAAATACG,0
l8_TGCCAAAGTATTAGCC,0
l8_TGCCCATAGGTAGCCA,5
l8_TGCCCATCAAATCCGT,0
l8_TGCCCATCAGTCCTTC,2
l8_TGCCCATCATATACGC,0
l8_TGCCCATTCATGGTCA,0
l8_TGCCCATTCCTAGGGC,0
l8_TGCCCTAAGGCAATTA,0
l8_TGCCCTAAGGCATGGT,1
l8_TGCCCTAAGTACGCCC,3
l8_TGCCCTAAGTAGGTGC,1
l8_TGCCCTAAGTCGCCGT,0
l8_TGCCCTAAGTGTCCAT,1
l8_TGCCCTACAAGCGAGT,0
l8_TGCCCTACAGTTCATG,0
l8_TGCCCTAGTGGCGAAT,0
l8_TGCCCTAGTTCCGGCA,0
l8_TGCCCTATCCTGTACC,0
l8_TGCCCTATCTTGACGA,0
l8_TGCGCAGAGATATGGT,0
l8_TGCGCAGAGATGCCTT,0
l8_TGCGCAGAGGAACTGC,3
l8_TGCGCAGAGGGAAACA,0
l8_TGCGCAGAGGTGCACA,3
l8_TGCGCAGAGTATCGAA,4
l8_TGCGCAGCAAACTGCT,0
l8_TGCGCAGGTGAGGCTA,3
l8_TGCGCAGGTTATCACG,5
l8_TGCGCAGTCATTTGGG,0
l8_TGCGCAGTCGGATGGA,0
l8_TGCGGGTAGTGATCGG,4
l8_TGCGGGTAGTTTGCGT,0
l8_TGCGGGTCAACACCCG,2
l8_TGCGGGTCAATCGGTT,3
l8_TGCGGGTGTAGTACCT,1
l8_TGCGGGTGTATGGTTC,0
l8_TGCGGGTGTGTCTGAT,0
l8_TGCGGGTTCAGCTCTC,0
l8_TGCGGGTTCTGGTATG,1
l8_TGCGTGGCAATCCAAC,0
l8_TGCGTGGGTAGCTCCG,2
l8_TGCGTGGGTCATGCAT,0
l8_TGCGTGGGTTAAGGGC,0
l8_TGCGTGGTCTTGCAAG,0
l8_TGCTACCCAGCAGTTT,1
l8_TGCTACCTCATCATTC,4
l8_TGCTACCTCCCTAACC,0
l8_TGCTACCTCGTACGGC,0
l8_TGCTGCTAGCTTTGGT,0
l8_TGCTGCTCACGTCAGC,3
l8_TGCTGCTCAGCTTAAC,0
l8_TGCTGCTCATGAACCT,0
l8_TGCTGCTTCCTAGGGC,0
l8_TGGACGCAGCTAGTTC,0
l8_TGGACGCCAGGAATCG,3
l8_TGGACGCCAGGTCGTC,0
l8_TGGACGCTCATGCATG,0
l8_TGGACGCTCCATGAGT,0
l8_TGGACGCTCGGCTACG,6
l8_TGGCCAGAGCTTATCG,0
l8_TGGCCAGGTACAAGTA,0
l8_TGGCCAGGTCCTCTTG,1
l8_TGGCCAGGTTCTGGTA,0
l8_TGGCCAGTCACAAACC,0
l8_TGGCCAGTCATGTGGT,5
l8_TGGCCAGTCGGAGCAA,2
l8_TGGCGCAAGCTAACTC,3
l8_TGGCGCACACCGTTGG,6
l8_TGGCGCATCCTCATTA,1
l8_TGGCTGGAGTTTCCTT,5
l8_TGGCTGGCAGGGCATA,2
l8_TGGCTGGGTGAGGCTA,0
l8_TGGCTGGTCATCGATG,3
l8_TGGCTGGTCCAAGTAC,0
l8_TGGCTGGTCCTCATTA,2
l8_TGGCTGGTCGAATGCT,0
l8_TGGCTGGTCGGTGTTA,0
l8_TGGGAAGCAATGGAGC,3
l8_TGGGAAGCACGAAATA,1
l8_TGGGAAGCAGCCACCA,0
l8_TGGGAAGTCAACGGCC,1
l8_TGGGCGTAGAGGACGG,0
l8_TGGGCGTAGATCTGAA,6
l8_TGGGCGTAGGACCACA,0
l8_TGGGCGTCACCGGAAA,0
l8_TGGGCGTGTACATGTC,1
l8_TGGGCGTGTAGCTGCC,0
l8_TGGGCGTGTCAAAGCG,2
l8_TGGGCGTGTCGAAAGC,2
l8_TGGGCGTGTTGGACCC,1
l8_TGGGCGTTCGTTACAG,0
l8_TGGGCGTTCTTCCTTC,0
l8_TGGTTAGCAAGTAATG,0
l8_TGGTTAGCACAGGAGT,3
l8_TGGTTAGCACCCTATC,2
l8_TGGTTAGGTAGGAGTC,4
l8_TGGTTAGGTGTAATGA,3
l8_TGGTTAGTCCTGCTTG,1
l8_TGGTTAGTCTTCGGTC,6
l8_TGGTTCCAGACTGGGT,0
l8_TGGTTCCAGAGACTTA,4
l8_TGGTTCCAGGGATGGG,0
l8_TGGTTCCAGGGTGTTG,3
l8_TGGTTCCAGTGAAGAG,5
l8_TGGTTCCAGTTGAGAT,3
l8_TGGTTCCCATCGGGTC,0
l8_TGGTTCCGTATAATGG,4
l8_TGGTTCCTCCTTTACA,0
l8_TGGTTCCTCGTCTGAA,0
l8_TGGTTCCTCTCCTATA,0
l8_TGTATTCAGTTTGCGT,0
l8_TGTATTCCAATCCAAC,4
l8_TGTATTCCACGAGAGT,2
l8_TGTATTCGTTAAGACA,6
l8_TGTATTCTCCCTAACC,2
l8_TGTATTCTCCGCAGTG,0
l8_TGTATTCTCGTTGACA,1
l8_TGTATTCTCTGTCTCG,2
l8_TGTCCCACAAACAACA,1
l8_TGTCCCACAATGAATG,5
l8_TGTCCCACACTATCTT,1
l8_TGTCCCACAGCTTAAC,0
l8_TGTCCCACATCACCCT,0
l8_TGTCCCACATGTAGTC,0
l8_TGTCCCAGTTGACGTT,2
l8_TGTCCCATCCTTTCGG,1
l8_TGTGGTAAGCGATATA,1
l8_TGTGGTAAGTACACCT,3
l8_TGTGGTACAAAGGCGT,0
l8_TGTGGTACAATGACCT,0
l8_TGTGGTAGTCAACTGT,1
l8_TGTGGTAGTCCGAATT,3
l8_TGTGGTAGTGCTCTTC,1
l8_TGTGTTTAGAATTCCC,3
l8_TGTGTTTAGTGTGAAT,2
l8_TGTGTTTGTAATCACC,0
l8_TGTGTTTGTCTAACGT,5
l8_TGTGTTTTCCCAGGTG,0
l8_TGTGTTTTCGTGGGAA,6
l8_TGTTCCGAGTACGCGA,2
l8_TGTTCCGGTAAGTTCC,1
l8_TGTTCCGGTAGCTGCC,6
l8_TGTTCCGGTCGGGTCT,3
l8_TGTTCCGGTGCTCTTC,0
l8_TGTTCCGTCACAATGC,0
l8_TGTTCCGTCCATGAGT,0
l8_TTAACTCAGGCTCATT,0
l8_TTAACTCCACCTCGTT,6
l8_TTAACTCCACTATCTT,1
l8_TTAACTCGTTATCACG,0
l8_TTAACTCTCATAAAGG,4
l8_TTAGGACAGAAGGTGA,2
l8_TTAGGACAGCTGTCTA,4
l8_TTAGGACAGTGATCGG,2
l8_TTAGGACAGTGGGATC,0
l8_TTAGGACCACAACTGT,0
l8_TTAGGACGTTGCGCAC,5
l8_TTAGGACTCATTCACT,3
l8_TTAGGACTCGTTACGA,2
l8_TTAGGACTCTCGTATT,0
l8_TTAGGCAAGGACACCA,0
l8_TTAGGCAAGGTGTGGT,2
l8_TTAGGCACAGGTTTCA,5
l8_TTAGGCACAGTAACGG,2
l8_TTAGGCACATATGAGA,0
l8_TTAGGCATCAGCTCTC,4
l8_TTAGTTCAGAAACGCC,3
l8_TTAGTTCAGACTACAA,2
l8_TTAGTTCGTCGCGAAA,3
l8_TTAGTTCGTCGGCTCA,1
l8_TTAGTTCGTTATCGGT,1
l8_TTAGTTCTCTCGGACG,3
l8_TTATGCTAGTCCCACG,0
l8_TTATGCTCACGAAATA,5
l8_TTATGCTGTGCAGACA,5
l8_TTCCCAGAGACAGACC,0
l8_TTCCCAGAGGGAACGG,4
l8_TTCCCAGCAAAGCGGT,6
l8_TTCGAAGAGAGTTGGC,1
l8_TTCGAAGCAACGATGG,1
l8_TTCGAAGCACTACAGT,3
l8_TTCGAAGCAGTCAGCC,3
l8_TTCGAAGCATGTCTCC,0
l8_TTCGAAGTCACCGGGT,0
l8_TTCGAAGTCCCTAATT,0
l8_TTCGGTCAGAACAACT,0
l8_TTCGGTCAGCCAGTTT,2
l8_TTCGGTCAGGTGTTAA,0
l8_TTCGGTCAGTCCATAC,0
l8_TTCGGTCAGTCGATAA,3
l8_TTCGGTCGTAACGCGA,0
l8_TTCGGTCGTCGAATCT,3
l8_TTCTACAAGACAGAGA,5
l8_TTCTACAAGCAACGGT,3
l8_TTCTACAGTCTGCGGT,0
l8_TTCTACAGTGGTAACG,0
l8_TTCTACATCGTCGTTC,0
l8_TTCTCAAAGAGCTATA,1
l8_TTCTCAAAGATAGGAG,2
l8_TTCTCAACAGATCTGT,1
l8_TTCTCAACAGCTTAAC,0
l8_TTCTCAACATGGGAAC,5
l8_TTCTCAATCACCTTAT,0
l8_TTCTCAATCCGTTGTC,0
l8_TTCTCCTAGATCACGG,0
l8_TTCTCCTAGCAGATCG,0
l8_TTCTCCTAGTAGCCGA,0
l8_TTCTCCTCAAGAAAGG,4
l8_TTCTCCTGTCGAAAGC,3
l8_TTCTCCTGTCTTTCAT,1
l8_TTCTCCTTCATGTCCC,0
l8_TTCTTAGAGAACTCGG,0
l8_TTCTTAGAGCTGTTCA,0
l8_TTCTTAGAGTATCGAA,6
l8_TTCTTAGCACCACCAG,1
l8_TTCTTAGCATCGGGTC,3
l8_TTCTTAGCATGCTAGT,4
l8_TTCTTAGGTGGGTATG,3
l8_TTCTTAGTCCGAACGC,2
l8_TTCTTAGTCGAATCCA,0
l8_TTCTTAGTCGCAAACT,0
l8_TTCTTAGTCTAACCGA,0
l8_TTCTTAGTCTGGCGAC,0
l8_TTGAACGAGACTACAA,1
l8_TTGAACGAGCTAACAA,0
l8_TTGAACGAGGGCTCTC,0
l8_TTGAACGAGTTAGCGG,3
l8_TTGAACGGTCCAGTGC,4
l8_TTGAACGGTCCGTTAA,1
l8_TTGAACGGTCCTCTTG,1
l8_TTGAACGTCAAGCCTA,0
l8_TTGAACGTCAGAGGTG,0
l8_TTGAACGTCAGTACGT,6
l8_TTGAACGTCTCAAGTG,2
l8_TTGACTTAGAGATGAG,5
l8_TTGACTTAGCTACCTA,0
l8_TTGACTTAGGCTACGA,0
l8_TTGACTTCAATCCAAC,0
l8_TTGACTTCAGTTAACC,3
l8_TTGACTTGTTCAGGCC,0
l8_TTGACTTGTTGACGTT,3
l8_TTGCCGTCAAAGGTGC,0
l8_TTGCCGTCACGAGGTA,3
l8_TTGCCGTCACTAGTAC,0
l8_TTGCCGTGTAACGCGA,0
l8_TTGCCGTGTCATATCG,0
l8_TTGCCGTGTGTTTGGT,0
l8_TTGCCGTGTTGCGCAC,2
l8_TTGCCGTTCCTGTAGA,3
l8_TTGCCGTTCGGAGCAA,3
l8_TTGCGTCAGCGTCAAG,0
l8_TTGCGTCAGTAATCCC,0
l8_TTGCGTCCAGGTGGAT,5
l8_TTGCGTCGTAGATTAG,0
l8_TTGCGTCGTCATCGGC,5
l8_TTGCGTCTCAGAAATG,0
l8_TTGGAACAGGGAAACA,0
l8_TTGGAACCAGGAATCG,0
l8_TTGGAACGTCAAAGCG,1
l8_TTGGAACGTTACCGAT,0
l8_TTGGAACTCAGAGCTT,0
l8_TTGGAACTCATTGCCC,2
l8_TTGGAACTCCTTAATC,3
l8_TTGGAACTCTACGAGT,3
l8_TTGGCAAGTAAGGATT,4
l8_TTGGCAAGTAGAGTGC,3
l8_TTGGCAAGTCGAACAG,4
l8_TTGGCAAGTTCACGGC,0
l8_TTGGCAATCCGTAGTA,0
l8_TTGGCAATCGTCACGG,1
l8_TTGTAGGGTACCGCTG,4
l8_TTGTAGGGTCCGAATT,3
l8_TTGTAGGGTTCCTCCA,0
l8_TTGTAGGTCCCTTGTG,0
l8_TTTACTGAGAGATGAG,0
l8_TTTACTGAGGTGATAT,0
l8_TTTACTGAGTGGACGT,4
l8_TTTACTGTCCGCGGTA,2
l8_TTTATGCAGCCGTCGT,0
l8_TTTATGCAGCGTTCCG,4
l8_TTTATGCAGTGAATTG,0
l8_TTTATGCCAAGCCCAC,2
l8_TTTATGCGTATTACCG,5
l8_TTTATGCGTCATGCCG,4
l8_TTTATGCTCACGAAGG,3
l8_TTTATGCTCCCAACGG,0
l8_TTTATGCTCCCGGATG,0
l8_TTTATGCTCGGAGCAA,2
l8_TTTCCTCCAAGACACG,0
l8_TTTCCTCGTAAGGGCT,4
l8_TTTCCTCGTACGCACC,0
l8_TTTCCTCTCAGCAACT,0
l8_TTTCCTCTCGGTTAAC,6
l8_TTTCCTCTCTAAGCCA,4
l8_TTTGCGCAGACCCACC,1
l8_TTTGCGCAGAGCAATT,5
l8_TTTGCGCAGGAGCGTT,0
l8_TTTGCGCCAGTAAGAT,5
l8_TTTGCGCGTAGCGTGA,1
l8_TTTGCGCGTCACTGGC,0
l8_TTTGCGCTCTAACTCT,2
l8_TTTGGTTGTCTAAAGA,3
l8_TTTGGTTGTTCCTCCA,0
l8_TTTGGTTTCCGCATAA,0
l8_TTTGGTTTCGACCAGC,6
l8_TTTGTCAAGACTTGAA,0
l8_TTTGTCAAGCGATTCT,2
l8_TTTGTCAAGTTACGGG,0
l8_TTTGTCAGTAGGCATG,0
l8_TTTGTCAGTCACTTCC,0
l8_TTTGTCAGTGACGGTA,0
l8_TTTGTCAGTTCCACAA,0
l8_TTTGTCATCACGCATA,0
l8_TTTGTCATCTGTACGA,0
